,sent,gold,filename
0,Kenny G plays [MASK] .,saxophonist,synth_Musical Instrument/TREx/P1303.jsonl
47,Walter Parazaider plays [MASK] .,saxophonist,synth_Musical Instrument/TREx/P1303.jsonl
48,Scott Klopfenstein plays [MASK] .,trumpet,synth_Musical Instrument/TREx/P1303.jsonl
50,Stuart Duncan plays [MASK] .,fiddle,synth_Musical Instrument/TREx/P1303.jsonl
55,Frederick Grinke plays [MASK] .,Violin,synth_Musical Instrument/TREx/P1303.jsonl
58,Nigel Pulsford plays [MASK] .,guitar,synth_Musical Instrument/TREx/P1303.jsonl
59,Maurice Vieux plays [MASK] .,Viola,synth_Musical Instrument/TREx/P1303.jsonl
78,Antonio Rolla plays [MASK] .,violin,synth_Musical Instrument/TREx/P1303.jsonl
84,Britney Spears plays [MASK] .,vocals,synth_Musical Instrument/TREx/P1303.jsonl
85,Anthony Plog plays [MASK] .,trumpet,synth_Musical Instrument/TREx/P1303.jsonl
87,Hal Russell plays [MASK] .,trumpet,synth_Musical Instrument/TREx/P1303.jsonl
89,Don Grolnick plays [MASK] .,piano,synth_Musical Instrument/TREx/P1303.jsonl
91,Herbie Nichols plays [MASK] .,piano,synth_Musical Instrument/TREx/P1303.jsonl
92,Charlie Creath plays [MASK] .,saxophonist,synth_Musical Instrument/TREx/P1303.jsonl
93,Toots Thielemans plays [MASK] .,guitar,synth_Musical Instrument/TREx/P1303.jsonl
96,Snakefinger plays [MASK] .,violin,synth_Musical Instrument/TREx/P1303.jsonl
97,Adam Deibert plays [MASK] .,trumpet,synth_Musical Instrument/TREx/P1303.jsonl
104,Mike Burney plays [MASK] .,saxophonist,synth_Musical Instrument/TREx/P1303.jsonl
108,Carmell Jones plays [MASK] .,trumpet,synth_Musical Instrument/TREx/P1303.jsonl
110,Bill Anschell plays [MASK] .,piano,synth_Musical Instrument/TREx/P1303.jsonl
113,Nat King Cole plays [MASK] .,piano,synth_Musical Instrument/TREx/P1303.jsonl
115,Matthieu Chedid plays [MASK] .,guitar,synth_Musical Instrument/TREx/P1303.jsonl
117,Sammy Price plays [MASK] .,piano,synth_Musical Instrument/TREx/P1303.jsonl
119,Raimonds Pauls plays [MASK] .,piano,synth_Musical Instrument/TREx/P1303.jsonl
121,Victor Salvi plays [MASK] .,harp,synth_Musical Instrument/TREx/P1303.jsonl
129,Martin Gordon plays [MASK] .,piano,synth_Musical Instrument/TREx/P1303.jsonl
132,David Shifrin plays [MASK] .,clarinet,synth_Musical Instrument/TREx/P1303.jsonl
137,Matty Matlock plays [MASK] .,clarinet,synth_Musical Instrument/TREx/P1303.jsonl
138,Ruggiero Ricci plays [MASK] .,violin,synth_Musical Instrument/TREx/P1303.jsonl
140,Max Johnston plays [MASK] .,fiddle,synth_Musical Instrument/TREx/P1303.jsonl
146,Francis Wong plays [MASK] .,saxophonist,synth_Musical Instrument/TREx/P1303.jsonl
149,Lester Davenport plays [MASK] .,harmonica,synth_Musical Instrument/TREx/P1303.jsonl
150,Jean-Jacques Kantorow plays [MASK] .,violin,synth_Musical Instrument/TREx/P1303.jsonl
152,Rod Argent plays [MASK] .,piano,synth_Musical Instrument/TREx/P1303.jsonl
154,Denis Wick plays [MASK] .,trombone,synth_Musical Instrument/TREx/P1303.jsonl
159,Joe Pass plays [MASK] .,guitar,synth_Musical Instrument/TREx/P1303.jsonl
162,Carla Bley plays [MASK] .,piano,synth_Musical Instrument/TREx/P1303.jsonl
166,Thomas Dybdahl plays [MASK] .,guitar,synth_Musical Instrument/TREx/P1303.jsonl
174,Maud Powell plays [MASK] .,violin,synth_Musical Instrument/TREx/P1303.jsonl
175,Don Fagerquist plays [MASK] .,trumpet,synth_Musical Instrument/TREx/P1303.jsonl
177,Yfrah Neaman plays [MASK] .,violin,synth_Musical Instrument/TREx/P1303.jsonl
178,Howlin' Wolf plays [MASK] .,harmonica,synth_Musical Instrument/TREx/P1303.jsonl
188,Rob Barrett plays [MASK] .,guitar,synth_Musical Instrument/TREx/P1303.jsonl
189,Dan Lukacinsky plays [MASK] .,guitar,synth_Musical Instrument/TREx/P1303.jsonl
191,Anton Schwartz plays [MASK] .,saxophonist,synth_Musical Instrument/TREx/P1303.jsonl
195,Wild Bill Davis plays [MASK] .,piano,synth_Musical Instrument/TREx/P1303.jsonl
196,Boris Belkin plays [MASK] .,violin,synth_Musical Instrument/TREx/P1303.jsonl
198,Nita Strauss plays [MASK] .,guitar,synth_Musical Instrument/TREx/P1303.jsonl
199,Guttorm Guttormsen plays [MASK] .,clarinet,synth_Musical Instrument/TREx/P1303.jsonl
201,Amelia Fletcher plays [MASK] .,guitar,synth_Musical Instrument/TREx/P1303.jsonl
204,Seth Lakeman plays [MASK] .,violin,synth_Musical Instrument/TREx/P1303.jsonl
205,Marco Benevento plays [MASK] .,piano,synth_Musical Instrument/TREx/P1303.jsonl
206,Ethelbert Nevin plays [MASK] .,piano,synth_Musical Instrument/TREx/P1303.jsonl
207,David Gates plays [MASK] .,violin,synth_Musical Instrument/TREx/P1303.jsonl
208,Edward MacDowell plays [MASK] .,piano,synth_Musical Instrument/TREx/P1303.jsonl
216,Jane Scarpantoni plays [MASK] .,cello,synth_Musical Instrument/TREx/P1303.jsonl
231,Klaus Schulze plays [MASK] .,synthesizer,synth_Musical Instrument/TREx/P1303.jsonl
234,Fats Waller plays [MASK] .,vocals,synth_Musical Instrument/TREx/P1303.jsonl
236,Norman Petty plays [MASK] .,piano,synth_Musical Instrument/TREx/P1303.jsonl
237,Emanuel Ax plays [MASK] .,piano,synth_Musical Instrument/TREx/P1303.jsonl
243,Tommy Pederson plays [MASK] .,trombone,synth_Musical Instrument/TREx/P1303.jsonl
244,Cezar Florin Ouatu plays [MASK] .,piano,synth_Musical Instrument/TREx/P1303.jsonl
246,Charlie Banacos plays [MASK] .,piano,synth_Musical Instrument/TREx/P1303.jsonl
248,Floor Jansen plays [MASK] .,violin,synth_Musical Instrument/TREx/P1303.jsonl
249,Friedrich Gulda plays [MASK] .,piano,synth_Musical Instrument/TREx/P1303.jsonl
251,Anthony Burger plays [MASK] .,piano,synth_Musical Instrument/TREx/P1303.jsonl
252,Clifford Curzon plays [MASK] .,pianist,synth_Musical Instrument/TREx/P1303.jsonl
253,Bradley Joseph plays [MASK] .,piano,synth_Musical Instrument/TREx/P1303.jsonl
255,Nikki Iles plays [MASK] .,piano,synth_Musical Instrument/TREx/P1303.jsonl
264,Henning Kraggerud plays [MASK] .,violin,synth_Musical Instrument/TREx/P1303.jsonl
266,Compay Segundo plays [MASK] .,guitar,synth_Musical Instrument/TREx/P1303.jsonl
270,Philippe Gaubert plays [MASK] .,flute,synth_Musical Instrument/TREx/P1303.jsonl
278,Francisco Canaro plays [MASK] .,violin,synth_Musical Instrument/TREx/P1303.jsonl
279,Jimmy Page plays [MASK] .,violin,synth_Musical Instrument/TREx/P1303.jsonl
281,Tony Ashton plays [MASK] .,piano,synth_Musical Instrument/TREx/P1303.jsonl
282,Mark Whitecage plays [MASK] .,saxophonist,synth_Musical Instrument/TREx/P1303.jsonl
283,Francesco Bartolomeo Conti plays [MASK] .,mandolin,synth_Musical Instrument/TREx/P1303.jsonl
285,Ed O'Brien plays [MASK] .,guitar,synth_Musical Instrument/TREx/P1303.jsonl
286,Friedrich Wieck plays [MASK] .,piano,synth_Musical Instrument/TREx/P1303.jsonl
292,Lev Naumov plays [MASK] .,piano,synth_Musical Instrument/TREx/P1303.jsonl
312,Neil Young plays [MASK] .,harmonica,synth_Musical Instrument/TREx/P1303.jsonl
313,Bob Alcivar plays [MASK] .,piano,synth_Musical Instrument/TREx/P1303.jsonl
314,Manu Dibango plays [MASK] .,saxophonist,synth_Musical Instrument/TREx/P1303.jsonl
315,Darrell Leonard plays [MASK] .,trumpet,synth_Musical Instrument/TREx/P1303.jsonl
317,Eddie Palmieri plays [MASK] .,piano,synth_Musical Instrument/TREx/P1303.jsonl
319,Louis Moreau Gottschalk plays [MASK] .,piano,synth_Musical Instrument/TREx/P1303.jsonl
333,Rodrigo Prats plays [MASK] .,violin,synth_Musical Instrument/TREx/P1303.jsonl
336,Eddie Daniels plays [MASK] .,saxophonist,synth_Musical Instrument/TREx/P1303.jsonl
338,Manos Hatzidakis plays [MASK] .,piano,synth_Musical Instrument/TREx/P1303.jsonl
339,Earle Hagen plays [MASK] .,trombone,synth_Musical Instrument/TREx/P1303.jsonl
340,Charlie Mariano plays [MASK] .,saxophonist,synth_Musical Instrument/TREx/P1303.jsonl
342,Aretha Franklin plays [MASK] .,piano,synth_Musical Instrument/TREx/P1303.jsonl
344,Ed Calle plays [MASK] .,saxophonist,synth_Musical Instrument/TREx/P1303.jsonl
345,Christine Ohlman plays [MASK] .,guitar,synth_Musical Instrument/TREx/P1303.jsonl
347,Giuseppe Torelli plays [MASK] .,violin,synth_Musical Instrument/TREx/P1303.jsonl
348,Marius Neset plays [MASK] .,saxophonist,synth_Musical Instrument/TREx/P1303.jsonl
353,Charlie Ventura plays [MASK] .,saxophonist,synth_Musical Instrument/TREx/P1303.jsonl
358,Seldon Powell plays [MASK] .,saxophonist,synth_Musical Instrument/TREx/P1303.jsonl
359,Tommy Jarrell plays [MASK] .,banjo,synth_Musical Instrument/TREx/P1303.jsonl
366,Ivor McMahon plays [MASK] .,violin,synth_Musical Instrument/TREx/P1303.jsonl
367,Ellery Eskelin plays [MASK] .,saxophonist,synth_Musical Instrument/TREx/P1303.jsonl
368,Bernhard Sekles plays [MASK] .,piano,synth_Musical Instrument/TREx/P1303.jsonl
370,Gerry Beckley plays [MASK] .,piano,synth_Musical Instrument/TREx/P1303.jsonl
371,Wolfgang Dauner plays [MASK] .,piano,synth_Musical Instrument/TREx/P1303.jsonl
373,Leonard Bernstein plays [MASK] .,piano,synth_Musical Instrument/TREx/P1303.jsonl
380,Lou McGarity plays [MASK] .,trombone,synth_Musical Instrument/TREx/P1303.jsonl
385,Kaoru Abe plays [MASK] .,saxophonist,synth_Musical Instrument/TREx/P1303.jsonl
386,Josephine Wiggs plays [MASK] .,guitar,synth_Musical Instrument/TREx/P1303.jsonl
388,Hamilton Harty plays [MASK] .,piano,synth_Musical Instrument/TREx/P1303.jsonl
389,Jean-Joseph de Mondonville plays [MASK] .,violin,synth_Musical Instrument/TREx/P1303.jsonl
390,Kenny Kosek plays [MASK] .,fiddle,synth_Musical Instrument/TREx/P1303.jsonl
393,Lucio Dalla plays [MASK] .,clarinet,synth_Musical Instrument/TREx/P1303.jsonl
395,Harold Craxton plays [MASK] .,piano,synth_Musical Instrument/TREx/P1303.jsonl
398,Tim Vesely plays [MASK] .,guitar,synth_Musical Instrument/TREx/P1303.jsonl
402,Otis Spann plays [MASK] .,piano,synth_Musical Instrument/TREx/P1303.jsonl
411,Isaac Stern plays [MASK] .,violin,synth_Musical Instrument/TREx/P1303.jsonl
422,Eric Clapton plays [MASK] .,violin,synth_Musical Instrument/TREx/P1303.jsonl
423,Emmanuel Chabrier plays [MASK] .,piano,synth_Musical Instrument/TREx/P1303.jsonl
433,Ernesto Lecuona plays [MASK] .,piano,synth_Musical Instrument/TREx/P1303.jsonl
434,Peter Laughner plays [MASK] .,guitar,synth_Musical Instrument/TREx/P1303.jsonl
435,Felix Weingartner plays [MASK] .,piano,synth_Musical Instrument/TREx/P1303.jsonl
437,Roland White plays [MASK] .,mandolin,synth_Musical Instrument/TREx/P1303.jsonl
440,Steve Berlin plays [MASK] .,saxophonist,synth_Musical Instrument/TREx/P1303.jsonl
443,Don Reno plays [MASK] .,banjo,synth_Musical Instrument/TREx/P1303.jsonl
449,Cipriani Potter plays [MASK] .,piano,synth_Musical Instrument/TREx/P1303.jsonl
450,John D'earth plays [MASK] .,trumpet,synth_Musical Instrument/TREx/P1303.jsonl
452,Mark Feldman plays [MASK] .,violin,synth_Musical Instrument/TREx/P1303.jsonl
455,Lee Mavers plays [MASK] .,guitar,synth_Musical Instrument/TREx/P1303.jsonl
456,James Scott Skinner plays [MASK] .,fiddle,synth_Musical Instrument/TREx/P1303.jsonl
460,Tony Furtado plays [MASK] .,banjo,synth_Musical Instrument/TREx/P1303.jsonl
469,Nick Didkovsky plays [MASK] .,guitar,synth_Musical Instrument/TREx/P1303.jsonl
470,Sidney Bechet plays [MASK] .,saxophonist,synth_Musical Instrument/TREx/P1303.jsonl
478,Pete Lesperance plays [MASK] .,guitar,synth_Musical Instrument/TREx/P1303.jsonl
479,Tony Sales plays [MASK] .,guitar,synth_Musical Instrument/TREx/P1303.jsonl
485,Booker Ervin plays [MASK] .,saxophonist,synth_Musical Instrument/TREx/P1303.jsonl
499,Bobby Jaspar plays [MASK] .,saxophonist,synth_Musical Instrument/TREx/P1303.jsonl
509,Vlatko Stefanovski plays [MASK] .,guitar,synth_Musical Instrument/TREx/P1303.jsonl
511,Ian Carr plays [MASK] .,trumpet,synth_Musical Instrument/TREx/P1303.jsonl
517,Serge Gainsbourg plays [MASK] .,guitar,synth_Musical Instrument/TREx/P1303.jsonl
552,Artur Balsam plays [MASK] .,piano,synth_Musical Instrument/TREx/P1303.jsonl
554,Curtis Amy plays [MASK] .,flute,synth_Musical Instrument/TREx/P1303.jsonl
555,T. K. Blue plays [MASK] .,saxophonist,synth_Musical Instrument/TREx/P1303.jsonl
558,Ole Mathisen plays [MASK] .,clarinet,synth_Musical Instrument/TREx/P1303.jsonl
563,Romain-Octave Pelletier I plays [MASK] .,piano,synth_Musical Instrument/TREx/P1303.jsonl
564,Ray Reach plays [MASK] .,piano,synth_Musical Instrument/TREx/P1303.jsonl
568,Phil Beer plays [MASK] .,fiddle,synth_Musical Instrument/TREx/P1303.jsonl
570,Henri Gagnon plays [MASK] .,piano,synth_Musical Instrument/TREx/P1303.jsonl
576,Kris Allen plays [MASK] .,piano,synth_Musical Instrument/TREx/P1303.jsonl
577,Thad Jones plays [MASK] .,trumpet,synth_Musical Instrument/TREx/P1303.jsonl
578,Alexander Baillie plays [MASK] .,cello,synth_Musical Instrument/TREx/P1303.jsonl
581,Andrew Pendlebury plays [MASK] .,guitar,synth_Musical Instrument/TREx/P1303.jsonl
582,Hank Jones plays [MASK] .,piano,synth_Musical Instrument/TREx/P1303.jsonl
583,Woody Guthrie plays [MASK] .,mandolin,synth_Musical Instrument/TREx/P1303.jsonl
591,Juhani Aaltonen plays [MASK] .,saxophonist,synth_Musical Instrument/TREx/P1303.jsonl
594,Theo Travis plays [MASK] .,saxophonist,synth_Musical Instrument/TREx/P1303.jsonl
598,Edvard Grieg plays [MASK] .,piano,synth_Musical Instrument/TREx/P1303.jsonl
614,Roland Orzabal plays [MASK] .,guitar,synth_Musical Instrument/TREx/P1303.jsonl
622,Eddie Condon plays [MASK] .,banjo,synth_Musical Instrument/TREx/P1303.jsonl
623,Nicke Andersson plays [MASK] .,guitar,synth_Musical Instrument/TREx/P1303.jsonl
629,Johan De Farfalla plays [MASK] .,guitar,synth_Musical Instrument/TREx/P1303.jsonl
633,James Harman plays [MASK] .,harmonica,synth_Musical Instrument/TREx/P1303.jsonl
636,Al Schnier plays [MASK] .,guitar,synth_Musical Instrument/TREx/P1303.jsonl
638,John Mayall plays [MASK] .,guitar,synth_Musical Instrument/TREx/P1303.jsonl
639,Karol Szymanowski plays [MASK] .,piano,synth_Musical Instrument/TREx/P1303.jsonl
645,John Petrucci plays [MASK] .,guitar,synth_Musical Instrument/TREx/P1303.jsonl
650,Jeanne Lamon plays [MASK] .,violin,synth_Musical Instrument/TREx/P1303.jsonl
652,Lucky Thompson plays [MASK] .,saxophonist,synth_Musical Instrument/TREx/P1303.jsonl
657,Peter Head plays [MASK] .,piano,synth_Musical Instrument/TREx/P1303.jsonl
660,Rick Braun plays [MASK] .,trumpet,synth_Musical Instrument/TREx/P1303.jsonl
663,Jack Kilcoyne plays [MASK] .,guitar,synth_Musical Instrument/TREx/P1303.jsonl
665,Anton Nel plays [MASK] .,piano,synth_Musical Instrument/TREx/P1303.jsonl
667,Itzhak Perlman plays [MASK] .,violin,synth_Musical Instrument/TREx/P1303.jsonl
686,Steve Houben plays [MASK] .,saxophonist,synth_Musical Instrument/TREx/P1303.jsonl
694,Derek Paravicini plays [MASK] .,piano,synth_Musical Instrument/TREx/P1303.jsonl
695,Curley Weaver plays [MASK] .,guitar,synth_Musical Instrument/TREx/P1303.jsonl
697,Emilio Pujol plays [MASK] .,Guitar,synth_Musical Instrument/TREx/P1303.jsonl
698,Jimmy Rogers plays [MASK] .,harmonica,synth_Musical Instrument/TREx/P1303.jsonl
705,Noam Pikelny plays [MASK] .,banjo,synth_Musical Instrument/TREx/P1303.jsonl
706,George Martin plays [MASK] .,piano,synth_Musical Instrument/TREx/P1303.jsonl
709,Deborah Conway plays [MASK] .,guitar,synth_Musical Instrument/TREx/P1303.jsonl
710,Julia Clifford plays [MASK] .,fiddle,synth_Musical Instrument/TREx/P1303.jsonl
715,Eddie Harvey plays [MASK] .,piano,synth_Musical Instrument/TREx/P1303.jsonl
716,Duncan Druce plays [MASK] .,Violin,synth_Musical Instrument/TREx/P1303.jsonl
717,Donald Tovey plays [MASK] .,piano,synth_Musical Instrument/TREx/P1303.jsonl
718,Clancy Hayes plays [MASK] .,banjo,synth_Musical Instrument/TREx/P1303.jsonl
720,Mark Rivera plays [MASK] .,saxophonist,synth_Musical Instrument/TREx/P1303.jsonl
722,Kye Palmer plays [MASK] .,trumpet,synth_Musical Instrument/TREx/P1303.jsonl
724,Levon Helm plays [MASK] .,mandolin,synth_Musical Instrument/TREx/P1303.jsonl
728,Franz Anton Ries plays [MASK] .,violin,synth_Musical Instrument/TREx/P1303.jsonl
729,Jim Pepper plays [MASK] .,saxophonist,synth_Musical Instrument/TREx/P1303.jsonl
733,Mike Scaccia plays [MASK] .,guitar,synth_Musical Instrument/TREx/P1303.jsonl
740,Matthew Tuck plays [MASK] .,guitar,synth_Musical Instrument/TREx/P1303.jsonl
742,Julieta Venegas plays [MASK] .,accordion,synth_Musical Instrument/TREx/P1303.jsonl
743,Soweto Kinch plays [MASK] .,saxophonist,synth_Musical Instrument/TREx/P1303.jsonl
744,Erich Gruenberg plays [MASK] .,violin,synth_Musical Instrument/TREx/P1303.jsonl
747,John Mehegan plays [MASK] .,piano,synth_Musical Instrument/TREx/P1303.jsonl
760,Brittany Haas plays [MASK] .,fiddle,synth_Musical Instrument/TREx/P1303.jsonl
761,Herbert Fryer plays [MASK] .,piano,synth_Musical Instrument/TREx/P1303.jsonl
764,Owen Bradley plays [MASK] .,piano,synth_Musical Instrument/TREx/P1303.jsonl
765,Peter Rainer plays [MASK] .,violin,synth_Musical Instrument/TREx/P1303.jsonl
770,Skylar Grey plays [MASK] .,piano,synth_Musical Instrument/TREx/P1303.jsonl
771,Ruth Laredo plays [MASK] .,piano,synth_Musical Instrument/TREx/P1303.jsonl
778,Glen Ballard plays [MASK] .,guitar,synth_Musical Instrument/TREx/P1303.jsonl
780,Geirr Tveitt plays [MASK] .,piano,synth_Musical Instrument/TREx/P1303.jsonl
781,Dean Friedman plays [MASK] .,piano,synth_Musical Instrument/TREx/P1303.jsonl
784,Bella Davidovich plays [MASK] .,piano,synth_Musical Instrument/TREx/P1303.jsonl
785,Chris Thile plays [MASK] .,guitar,synth_Musical Instrument/TREx/P1303.jsonl
786,Ernani Bernardi plays [MASK] .,saxophonist,synth_Musical Instrument/TREx/P1303.jsonl
787,Lou Donaldson plays [MASK] .,saxophonist,synth_Musical Instrument/TREx/P1303.jsonl
837,John Tchicai plays [MASK] .,saxophonist,synth_Musical Instrument/TREx/P1303.jsonl
840,Abdullah Ibrahim plays [MASK] .,piano,synth_Musical Instrument/TREx/P1303.jsonl
843,Sonny Simmons plays [MASK] .,saxophonist,synth_Musical Instrument/TREx/P1303.jsonl
846,Mercer Ellington plays [MASK] .,trumpet,synth_Musical Instrument/TREx/P1303.jsonl
847,Freddie Webster plays [MASK] .,trumpet,synth_Musical Instrument/TREx/P1303.jsonl
854,Nigel Hitchcock plays [MASK] .,saxophonist,synth_Musical Instrument/TREx/P1303.jsonl
858,Terry McMillan plays [MASK] .,harmonica,synth_Musical Instrument/TREx/P1303.jsonl
863,Maynard Ferguson plays [MASK] .,trumpet,synth_Musical Instrument/TREx/P1303.jsonl
879,Keith Tippett plays [MASK] .,piano,synth_Musical Instrument/TREx/P1303.jsonl
885,Yehudi Menuhin plays [MASK] .,violin,synth_Musical Instrument/TREx/P1303.jsonl
919,Cow Cow Davenport plays [MASK] .,piano,synth_Musical Instrument/TREx/P1303.jsonl
922,Bi Ribeiro plays [MASK] .,guitar,synth_Musical Instrument/TREx/P1303.jsonl
923,Paul Dunmall plays [MASK] .,saxophonist,synth_Musical Instrument/TREx/P1303.jsonl
929,Allen Toussaint plays [MASK] .,piano,synth_Musical Instrument/TREx/P1303.jsonl
933,Narciso Yepes plays [MASK] .,guitar,synth_Musical Instrument/TREx/P1303.jsonl
935,Emil Mangelsdorff plays [MASK] .,saxophonist,synth_Musical Instrument/TREx/P1303.jsonl
936,James Honeyman-Scott plays [MASK] .,guitar,synth_Musical Instrument/TREx/P1303.jsonl
940,Noel Mewton-Wood plays [MASK] .,pianist,synth_Musical Instrument/TREx/P1303.jsonl
941,Bob Dylan plays [MASK] .,harmonica,synth_Musical Instrument/TREx/P1303.jsonl
966,Mike Shinoda plays [MASK] .,guitar,synth_Musical Instrument/TREx/P1303.jsonl
971,Tony Levin plays [MASK] .,guitar,synth_Musical Instrument/TREx/P1303.jsonl
974,Sergiu Luca plays [MASK] .,violin,synth_Musical Instrument/TREx/P1303.jsonl
975,Joe Harriott plays [MASK] .,saxophonist,synth_Musical Instrument/TREx/P1303.jsonl
988,Liam Gallagher plays [MASK] .,guitar,synth_Musical Instrument/TREx/P1303.jsonl
990,Bob Mintzer plays [MASK] .,saxophonist,synth_Musical Instrument/TREx/P1303.jsonl
993,Ottmar Liebert plays [MASK] .,Guitar,synth_Musical Instrument/TREx/P1303.jsonl
994,Bob Ralston plays [MASK] .,piano,synth_Musical Instrument/TREx/P1303.jsonl
1000,Ernie Watts plays [MASK] .,saxophonist,synth_Musical Instrument/TREx/P1303.jsonl
1004,Sonny Boy Williamson I plays [MASK] .,harmonica,synth_Musical Instrument/TREx/P1303.jsonl
1007,Billy Grammer plays [MASK] .,guitar,synth_Musical Instrument/TREx/P1303.jsonl
1008,Bad News Brown plays [MASK] .,harmonica,synth_Musical Instrument/TREx/P1303.jsonl
1009,Alvino Rey plays [MASK] .,guitar,synth_Musical Instrument/TREx/P1303.jsonl
1011,Bix Beiderbecke plays [MASK] .,trumpet,synth_Musical Instrument/TREx/P1303.jsonl
1018,Jan Ladislav Dussek plays [MASK] .,piano,synth_Musical Instrument/TREx/P1303.jsonl
1026,Mark Isham plays [MASK] .,trumpet,synth_Musical Instrument/TREx/P1303.jsonl
1030,Christopher Elton plays [MASK] .,piano,synth_Musical Instrument/TREx/P1303.jsonl
1031,Daniel Mongrain plays [MASK] .,guitar,synth_Musical Instrument/TREx/P1303.jsonl
1050,Norbert Brainin plays [MASK] .,violin,synth_Musical Instrument/TREx/P1303.jsonl
1051,Jared Leto plays [MASK] .,guitar,synth_Musical Instrument/TREx/P1303.jsonl
1053,Toshiko Akiyoshi plays [MASK] .,piano,synth_Musical Instrument/TREx/P1303.jsonl
1057,Sandy Evans plays [MASK] .,saxophonist,synth_Musical Instrument/TREx/P1303.jsonl
1066,Keith Emerson plays [MASK] .,piano,synth_Musical Instrument/TREx/P1303.jsonl
1068,Keb' Mo' plays [MASK] .,harmonica,synth_Musical Instrument/TREx/P1303.jsonl
1071,Gina Birch plays [MASK] .,guitar,synth_Musical Instrument/TREx/P1303.jsonl
1072,Ricky Skaggs plays [MASK] .,guitar,synth_Musical Instrument/TREx/P1303.jsonl
1073,Charles-Valentin Alkan plays [MASK] .,piano,synth_Musical Instrument/TREx/P1303.jsonl
1082,Wolfgang Amadeus Mozart plays [MASK] .,viola,synth_Musical Instrument/TREx/P1303.jsonl
1127,Steve Kuhn plays [MASK] .,piano,synth_Musical Instrument/TREx/P1303.jsonl
1128,Pete Johnson plays [MASK] .,piano,synth_Musical Instrument/TREx/P1303.jsonl
1136,Kid Thomas Valentine plays [MASK] .,trumpet,synth_Musical Instrument/TREx/P1303.jsonl
1140,Hugh Laurie plays [MASK] .,piano,synth_Musical Instrument/TREx/P1303.jsonl
1141,Pierre Monteux plays [MASK] .,viola,synth_Musical Instrument/TREx/P1303.jsonl
1143,Wynton Marsalis plays [MASK] .,trumpet,synth_Musical Instrument/TREx/P1303.jsonl
1150,Peter Tork plays [MASK] .,banjo,synth_Musical Instrument/TREx/P1303.jsonl
1153,Mark O'Connor plays [MASK] .,violin,synth_Musical Instrument/TREx/P1303.jsonl
1159,Philip Glass plays [MASK] .,piano,synth_Musical Instrument/TREx/P1303.jsonl
1163,Tommy Cogbill plays [MASK] .,guitar,synth_Musical Instrument/TREx/P1303.jsonl
1166,Jane Getz plays [MASK] .,piano,synth_Musical Instrument/TREx/P1303.jsonl
1168,Jamie Cook plays [MASK] .,guitar,synth_Musical Instrument/TREx/P1303.jsonl
1171,Nat Gonella plays [MASK] .,trumpet,synth_Musical Instrument/TREx/P1303.jsonl
1177,Lonnie Brooks plays [MASK] .,Violin,synth_Musical Instrument/TREx/P1303.jsonl
1187,David Hidalgo plays [MASK] .,accordion,synth_Musical Instrument/TREx/P1303.jsonl
1190,Billy Taylor plays [MASK] .,piano,synth_Musical Instrument/TREx/P1303.jsonl
1192,Victor Merzhanov plays [MASK] .,piano,synth_Musical Instrument/TREx/P1303.jsonl
1193,Sunnyland Slim plays [MASK] .,piano,synth_Musical Instrument/TREx/P1303.jsonl
1194,Johnny Cunningham plays [MASK] .,fiddle,synth_Musical Instrument/TREx/P1303.jsonl
1199,Corky Siegel plays [MASK] .,harmonica,synth_Musical Instrument/TREx/P1303.jsonl
1211,Doc Severinsen plays [MASK] .,trumpet,synth_Musical Instrument/TREx/P1303.jsonl
1216,Joseph Allard plays [MASK] .,clarinet,synth_Musical Instrument/TREx/P1303.jsonl
1219,William Bolcom plays [MASK] .,piano,synth_Musical Instrument/TREx/P1303.jsonl
1222,Chris Hillman plays [MASK] .,mandolin,synth_Musical Instrument/TREx/P1303.jsonl
1232,Melissa Etheridge plays [MASK] .,guitar,synth_Musical Instrument/TREx/P1303.jsonl
1233,Ryan Foltz plays [MASK] .,mandolin,synth_Musical Instrument/TREx/P1303.jsonl
1239,Bert Lown plays [MASK] .,violin,synth_Musical Instrument/TREx/P1303.jsonl
1240,Willem Breuker plays [MASK] .,saxophonist,synth_Musical Instrument/TREx/P1303.jsonl
1244,Giuseppe Tartini plays [MASK] .,violin,synth_Musical Instrument/TREx/P1303.jsonl
1262,Carolyn Franklin plays [MASK] .,piano,synth_Musical Instrument/TREx/P1303.jsonl
1263,Tyshawn Sorey plays [MASK] .,piano,synth_Musical Instrument/TREx/P1303.jsonl
1275,Frantz Jehin-Prume plays [MASK] .,Violin,synth_Musical Instrument/TREx/P1303.jsonl
1277,Jon Eardley plays [MASK] .,trumpet,synth_Musical Instrument/TREx/P1303.jsonl
1278,Francis Poulenc plays [MASK] .,piano,synth_Musical Instrument/TREx/P1303.jsonl
1304,Tony Coe plays [MASK] .,saxophonist,synth_Musical Instrument/TREx/P1303.jsonl
1305,Lewis Kaplan plays [MASK] .,violin,synth_Musical Instrument/TREx/P1303.jsonl
1309,Brad Delson plays [MASK] .,guitar,synth_Musical Instrument/TREx/P1303.jsonl
1313,Millard Powers plays [MASK] .,guitar,synth_Musical Instrument/TREx/P1303.jsonl
1315,Neil Hagerty plays [MASK] .,guitar,synth_Musical Instrument/TREx/P1303.jsonl
1318,Lady Gaga plays [MASK] .,piano,synth_Musical Instrument/TREx/P1303.jsonl
1319,Henri Verbrugghen plays [MASK] .,violin,synth_Musical Instrument/TREx/P1303.jsonl
1320,Marc Ribot plays [MASK] .,guitar,synth_Musical Instrument/TREx/P1303.jsonl
1321,Mark Knopfler plays [MASK] .,violin,synth_Musical Instrument/TREx/P1303.jsonl
1337,Jimmy Webb plays [MASK] .,piano,synth_Musical Instrument/TREx/P1303.jsonl
1339,Ivar Antonsen plays [MASK] .,piano,synth_Musical Instrument/TREx/P1303.jsonl
1340,Sylvie Courvoisier plays [MASK] .,piano,synth_Musical Instrument/TREx/P1303.jsonl
1341,Tom McIntosh plays [MASK] .,trombone,synth_Musical Instrument/TREx/P1303.jsonl
1342,George Duke plays [MASK] .,piano,synth_Musical Instrument/TREx/P1303.jsonl
1345,Elvis Presley plays [MASK] .,guitar,synth_Musical Instrument/TREx/P1303.jsonl
1347,Andrew Findon plays [MASK] .,flute,synth_Musical Instrument/TREx/P1303.jsonl
1349,Ingrid Jensen plays [MASK] .,trumpet,synth_Musical Instrument/TREx/P1303.jsonl
1352,Van Cliburn plays [MASK] .,piano,synth_Musical Instrument/TREx/P1303.jsonl
1360,Russell Gunn plays [MASK] .,trumpet,synth_Musical Instrument/TREx/P1303.jsonl
1362,Liz Phair plays [MASK] .,Guitar,synth_Musical Instrument/TREx/P1303.jsonl
1365,Dizzy Reed plays [MASK] .,piano,synth_Musical Instrument/TREx/P1303.jsonl
1367,Roy Shepherd plays [MASK] .,piano,synth_Musical Instrument/TREx/P1303.jsonl
1369,Pat Sansone plays [MASK] .,guitar,synth_Musical Instrument/TREx/P1303.jsonl
1370,Cary Hudson plays [MASK] .,guitar,synth_Musical Instrument/TREx/P1303.jsonl
1371,Elmer Snowden plays [MASK] .,banjo,synth_Musical Instrument/TREx/P1303.jsonl
1372,Jerry Eubanks plays [MASK] .,flute,synth_Musical Instrument/TREx/P1303.jsonl
1376,Harry Sacksioni plays [MASK] .,guitar,synth_Musical Instrument/TREx/P1303.jsonl
1378,Tim Garland plays [MASK] .,saxophonist,synth_Musical Instrument/TREx/P1303.jsonl
1380,Cat Power plays [MASK] .,piano,synth_Musical Instrument/TREx/P1303.jsonl
1381,Antonio Agri plays [MASK] .,violin,synth_Musical Instrument/TREx/P1303.jsonl
1386,West Nkosi plays [MASK] .,saxophonist,synth_Musical Instrument/TREx/P1303.jsonl
1389,Julian Lennon plays [MASK] .,Guitar,synth_Musical Instrument/TREx/P1303.jsonl
1390,Rob Zombie plays [MASK] .,guitar,synth_Musical Instrument/TREx/P1303.jsonl
1391,Meshell Ndegeocello plays [MASK] .,guitar,synth_Musical Instrument/TREx/P1303.jsonl
1392,Malcolm Goldstein plays [MASK] .,Violin,synth_Musical Instrument/TREx/P1303.jsonl
1395,Geoff Eales plays [MASK] .,piano,synth_Musical Instrument/TREx/P1303.jsonl
1396,Gus Bivona plays [MASK] .,flute,synth_Musical Instrument/TREx/P1303.jsonl
1398,Daniel Kobialka plays [MASK] .,violin,synth_Musical Instrument/TREx/P1303.jsonl
1403,Eugenio Colombo plays [MASK] .,saxophonist,synth_Musical Instrument/TREx/P1303.jsonl
1405,Leon Roppolo plays [MASK] .,clarinet,synth_Musical Instrument/TREx/P1303.jsonl
1406,Dan Sealey plays [MASK] .,guitar,synth_Musical Instrument/TREx/P1303.jsonl
1411,Mel Schacher plays [MASK] .,guitar,synth_Musical Instrument/TREx/P1303.jsonl
1412,Glen Gray plays [MASK] .,saxophonist,synth_Musical Instrument/TREx/P1303.jsonl
1414,Carla Kihlstedt plays [MASK] .,violin,synth_Musical Instrument/TREx/P1303.jsonl
1416,Jimmy Lyons plays [MASK] .,saxophonist,synth_Musical Instrument/TREx/P1303.jsonl
1420,Lonnie Youngblood plays [MASK] .,saxophonist,synth_Musical Instrument/TREx/P1303.jsonl
1424,Guy Picciotto plays [MASK] .,guitar,synth_Musical Instrument/TREx/P1303.jsonl
1427,Jonas Berggren plays [MASK] .,guitar,synth_Musical Instrument/TREx/P1303.jsonl
1428,Claude Delvincourt plays [MASK] .,piano,synth_Musical Instrument/TREx/P1303.jsonl
1438,Gamal Abdel-Rahim plays [MASK] .,piano,synth_Musical Instrument/TREx/P1303.jsonl
1440,Nelson Rangell plays [MASK] .,flute,synth_Musical Instrument/TREx/P1303.jsonl
1441,Peter Ostroushko plays [MASK] .,fiddle,synth_Musical Instrument/TREx/P1303.jsonl
1446,Lew Tabackin plays [MASK] .,saxophonist,synth_Musical Instrument/TREx/P1303.jsonl
1447,Teddy Hill plays [MASK] .,saxophonist,synth_Musical Instrument/TREx/P1303.jsonl
1448,Johann Strauss I plays [MASK] .,violin,synth_Musical Instrument/TREx/P1303.jsonl
1451,Michael Denner plays [MASK] .,guitar,synth_Musical Instrument/TREx/P1303.jsonl
1455,Chris McGregor plays [MASK] .,piano,synth_Musical Instrument/TREx/P1303.jsonl
1456,Sharon Gilchrist plays [MASK] .,mandolin,synth_Musical Instrument/TREx/P1303.jsonl
1459,Steve Wickham plays [MASK] .,fiddle,synth_Musical Instrument/TREx/P1303.jsonl
1462,Homero Francesch plays [MASK] .,piano,synth_Musical Instrument/TREx/P1303.jsonl
1463,Barney Wilen plays [MASK] .,saxophonist,synth_Musical Instrument/TREx/P1303.jsonl
1466,Karl Leister plays [MASK] .,clarinet,synth_Musical Instrument/TREx/P1303.jsonl
1468,Henryk Wieniawski plays [MASK] .,violin,synth_Musical Instrument/TREx/P1303.jsonl
1498,Sara Watkins plays [MASK] .,fiddle,synth_Musical Instrument/TREx/P1303.jsonl
1501,Sonny Brogan plays [MASK] .,accordion,synth_Musical Instrument/TREx/P1303.jsonl
1504,Curtis Fuller plays [MASK] .,trombone,synth_Musical Instrument/TREx/P1303.jsonl
1535,Nadia Reisenberg plays [MASK] .,piano,synth_Musical Instrument/TREx/P1303.jsonl
1538,Kenneth Leighton plays [MASK] .,piano,synth_Musical Instrument/TREx/P1303.jsonl
1542,Leonard Cohen plays [MASK] .,guitar,synth_Musical Instrument/TREx/P1303.jsonl
1545,George Gershwin plays [MASK] .,piano,synth_Musical Instrument/TREx/P1303.jsonl
1582,Speckled Red plays [MASK] .,piano,synth_Musical Instrument/TREx/P1303.jsonl
1594,Jimmy Zavala plays [MASK] .,saxophonist,synth_Musical Instrument/TREx/P1303.jsonl
1596,Greg Ham plays [MASK] .,flute,synth_Musical Instrument/TREx/P1303.jsonl
1598,Percy Grainger plays [MASK] .,piano,synth_Musical Instrument/TREx/P1303.jsonl
1601,Al Kooper plays [MASK] .,piano,synth_Musical Instrument/TREx/P1303.jsonl
1602,Teddy Wilson plays [MASK] .,piano,synth_Musical Instrument/TREx/P1303.jsonl
1611,Tadd Dameron plays [MASK] .,piano,synth_Musical Instrument/TREx/P1303.jsonl
1612,Bert Joris plays [MASK] .,trumpet,synth_Musical Instrument/TREx/P1303.jsonl
1616,Isadar plays [MASK] .,piano,synth_Musical Instrument/TREx/P1303.jsonl
1622,Ronnie Drew plays [MASK] .,guitar,synth_Musical Instrument/TREx/P1303.jsonl
1624,Jerry Donahue plays [MASK] .,Guitar,synth_Musical Instrument/TREx/P1303.jsonl
1629,Nikolai Kapustin plays [MASK] .,piano,synth_Musical Instrument/TREx/P1303.jsonl
1630,Karl Klindworth plays [MASK] .,piano,synth_Musical Instrument/TREx/P1303.jsonl
1631,Johann Stamitz plays [MASK] .,violin,synth_Musical Instrument/TREx/P1303.jsonl
1632,Jana Jae plays [MASK] .,fiddle,synth_Musical Instrument/TREx/P1303.jsonl
1635,Gabriel Fliflet plays [MASK] .,accordion,synth_Musical Instrument/TREx/P1303.jsonl
1639,Isham Jones plays [MASK] .,saxophonist,synth_Musical Instrument/TREx/P1303.jsonl
1640,Bennie Wallace plays [MASK] .,saxophonist,synth_Musical Instrument/TREx/P1303.jsonl
1641,Samuil Feinberg plays [MASK] .,piano,synth_Musical Instrument/TREx/P1303.jsonl
1644,Giovanni Battista Viotti plays [MASK] .,violin,synth_Musical Instrument/TREx/P1303.jsonl
1658,Blues Boy Willie plays [MASK] .,harmonica,synth_Musical Instrument/TREx/P1303.jsonl
1660,John Cipollina plays [MASK] .,guitar,synth_Musical Instrument/TREx/P1303.jsonl
1661,Steve Mackay plays [MASK] .,saxophonist,synth_Musical Instrument/TREx/P1303.jsonl
1675,Valery Sigalevitch plays [MASK] .,piano,synth_Musical Instrument/TREx/P1303.jsonl
1676,Harry Nilsson plays [MASK] .,piano,synth_Musical Instrument/TREx/P1303.jsonl
1679,Yves Nat plays [MASK] .,piano,synth_Musical Instrument/TREx/P1303.jsonl
1683,Cornelius Jakhelln plays [MASK] .,guitar,synth_Musical Instrument/TREx/P1303.jsonl
1688,Victor Goines plays [MASK] .,saxophonist,synth_Musical Instrument/TREx/P1303.jsonl
1692,Joshua Redman plays [MASK] .,saxophonist,synth_Musical Instrument/TREx/P1303.jsonl
1714,Marin Alsop plays [MASK] .,violin,synth_Musical Instrument/TREx/P1303.jsonl
1717,Tom Keenlyside plays [MASK] .,flute,synth_Musical Instrument/TREx/P1303.jsonl
1719,Archie Shepp plays [MASK] .,saxophonist,synth_Musical Instrument/TREx/P1303.jsonl
1756,Jack Sheldon plays [MASK] .,trumpet,synth_Musical Instrument/TREx/P1303.jsonl
1757,Geoffrey Gilbert plays [MASK] .,flute,synth_Musical Instrument/TREx/P1303.jsonl
1761,Tania Maria plays [MASK] .,piano,synth_Musical Instrument/TREx/P1303.jsonl
1763,Fanny Davies plays [MASK] .,piano,synth_Musical Instrument/TREx/P1303.jsonl
1766,Andranik Madadian plays [MASK] .,guitar,synth_Musical Instrument/TREx/P1303.jsonl
1776,Wolfgang Sawallisch plays [MASK] .,piano,synth_Musical Instrument/TREx/P1303.jsonl
1778,Franz Schmidt plays [MASK] .,piano,synth_Musical Instrument/TREx/P1303.jsonl
1779,Ernest Chausson plays [MASK] .,piano,synth_Musical Instrument/TREx/P1303.jsonl
1792,Randy Newman plays [MASK] .,piano,synth_Musical Instrument/TREx/P1303.jsonl
1796,Peter Mandrup Lem plays [MASK] .,violin,synth_Musical Instrument/TREx/P1303.jsonl
1798,Jason Rebello plays [MASK] .,piano,synth_Musical Instrument/TREx/P1303.jsonl
1799,John Lurie plays [MASK] .,saxophonist,synth_Musical Instrument/TREx/P1303.jsonl
1800,Gunnar Andreas Berg plays [MASK] .,guitar,synth_Musical Instrument/TREx/P1303.jsonl
1801,Micko Larkin plays [MASK] .,guitar,synth_Musical Instrument/TREx/P1303.jsonl
1802,Céline Dion plays [MASK] .,piano,synth_Musical Instrument/TREx/P1303.jsonl
1808,Bruce Springsteen plays [MASK] .,harmonica,synth_Musical Instrument/TREx/P1303.jsonl
1811,Kerry King plays [MASK] .,guitar,synth_Musical Instrument/TREx/P1303.jsonl
1812,Morten Harket plays [MASK] .,guitar,synth_Musical Instrument/TREx/P1303.jsonl
1813,Martin McCarrick plays [MASK] .,violin,synth_Musical Instrument/TREx/P1303.jsonl
1814,Raoul Pugno plays [MASK] .,piano,synth_Musical Instrument/TREx/P1303.jsonl
1817,Joe McPhee plays [MASK] .,saxophonist,synth_Musical Instrument/TREx/P1303.jsonl
1821,Alberto Nepomuceno plays [MASK] .,piano,synth_Musical Instrument/TREx/P1303.jsonl
1822,Bob Gaudio plays [MASK] .,piano,synth_Musical Instrument/TREx/P1303.jsonl
1823,Charlie Daniels plays [MASK] .,fiddle,synth_Musical Instrument/TREx/P1303.jsonl
1839,Horace Parlan plays [MASK] .,piano,synth_Musical Instrument/TREx/P1303.jsonl
1841,Richard Shaw Brown plays [MASK] .,harmonica,synth_Musical Instrument/TREx/P1303.jsonl
1844,Sarah Cahill plays [MASK] .,piano,synth_Musical Instrument/TREx/P1303.jsonl
1848,Louis-Pierre Norblin plays [MASK] .,cello,synth_Musical Instrument/TREx/P1303.jsonl
1849,Nappy Lamare plays [MASK] .,banjo,synth_Musical Instrument/TREx/P1303.jsonl
1851,Claus Schall plays [MASK] .,violin,synth_Musical Instrument/TREx/P1303.jsonl
1852,Michael Nyman plays [MASK] .,piano,synth_Musical Instrument/TREx/P1303.jsonl
1859,Keith Sterling plays [MASK] .,piano,synth_Musical Instrument/TREx/P1303.jsonl
1861,Dave Hernandez plays [MASK] .,guitar,synth_Musical Instrument/TREx/P1303.jsonl
1864,Tomoyasu Hotei plays [MASK] .,guitar,synth_Musical Instrument/TREx/P1303.jsonl
1869,Beppe Gambetta plays [MASK] .,guitar,synth_Musical Instrument/TREx/P1303.jsonl
1870,Anna Yesipova plays [MASK] .,piano,synth_Musical Instrument/TREx/P1303.jsonl
1872,Bruno Giuranna plays [MASK] .,viola,synth_Musical Instrument/TREx/P1303.jsonl
1879,Tim Gaines plays [MASK] .,guitar,synth_Musical Instrument/TREx/P1303.jsonl
1880,Courtney Pine plays [MASK] .,saxophonist,synth_Musical Instrument/TREx/P1303.jsonl
1885,Bud Scott plays [MASK] .,guitar,synth_Musical Instrument/TREx/P1303.jsonl
1886,Jonas Gwangwa plays [MASK] .,trombone,synth_Musical Instrument/TREx/P1303.jsonl
1887,Yvonne Hubert plays [MASK] .,piano,synth_Musical Instrument/TREx/P1303.jsonl
1888,Ralph Alessi plays [MASK] .,trumpet,synth_Musical Instrument/TREx/P1303.jsonl
1890,Eric Weissberg plays [MASK] .,banjo,synth_Musical Instrument/TREx/P1303.jsonl
1897,Marv Tarplin plays [MASK] .,guitar,synth_Musical Instrument/TREx/P1303.jsonl
1900,Klaus Doldinger plays [MASK] .,saxophonist,synth_Musical Instrument/TREx/P1303.jsonl
1903,Hans-Martin Linde plays [MASK] .,flute,synth_Musical Instrument/TREx/P1303.jsonl
1905,Alain Lanty plays [MASK] .,piano,synth_Musical Instrument/TREx/P1303.jsonl
1909,Houston Person plays [MASK] .,saxophonist,synth_Musical Instrument/TREx/P1303.jsonl
1927,Marion Brown plays [MASK] .,saxophonist,synth_Musical Instrument/TREx/P1303.jsonl
1932,Clara Haskil plays [MASK] .,piano,synth_Musical Instrument/TREx/P1303.jsonl
1935,Romero Lubambo plays [MASK] .,guitar,synth_Musical Instrument/TREx/P1303.jsonl
1951,Trev Thoms plays [MASK] .,guitar,synth_Musical Instrument/TREx/P1303.jsonl
1953,Toko Yasuda plays [MASK] .,guitar,synth_Musical Instrument/TREx/P1303.jsonl
1955,Gianluigi Trovesi plays [MASK] .,saxophonist,synth_Musical Instrument/TREx/P1303.jsonl
1957,Hughie Thomasson plays [MASK] .,guitar,synth_Musical Instrument/TREx/P1303.jsonl
1958,Ken Vandermark plays [MASK] .,saxophonist,synth_Musical Instrument/TREx/P1303.jsonl
1968,Sheryl Crow plays [MASK] .,guitar,synth_Musical Instrument/TREx/P1303.jsonl
1969,Buster Bennett plays [MASK] .,saxophonist,synth_Musical Instrument/TREx/P1303.jsonl
1975,Edmund Neupert plays [MASK] .,piano,synth_Musical Instrument/TREx/P1303.jsonl
1977,Graham Parker plays [MASK] .,guitar,synth_Musical Instrument/TREx/P1303.jsonl
1978,Bill Holman plays [MASK] .,saxophonist,synth_Musical Instrument/TREx/P1303.jsonl
1981,Larry Ochs plays [MASK] .,saxophonist,synth_Musical Instrument/TREx/P1303.jsonl
1984,Ziggy Elman plays [MASK] .,clarinet,synth_Musical Instrument/TREx/P1303.jsonl
1985,Georges Mathias plays [MASK] .,piano,synth_Musical Instrument/TREx/P1303.jsonl
1986,Roy Acuff plays [MASK] .,fiddle,synth_Musical Instrument/TREx/P1303.jsonl
1996,Lars Frederiksen plays [MASK] .,guitar,synth_Musical Instrument/TREx/P1303.jsonl
2001,The Edge plays [MASK] .,guitar,synth_Musical Instrument/TREx/P1303.jsonl
2002,Buster Harding plays [MASK] .,piano,synth_Musical Instrument/TREx/P1303.jsonl
2005,Danny Flores plays [MASK] .,saxophonist,synth_Musical Instrument/TREx/P1303.jsonl
2009,Andy Metcalfe plays [MASK] .,guitar,synth_Musical Instrument/TREx/P1303.jsonl
2011,Pyotr Stolyarsky plays [MASK] .,violin,synth_Musical Instrument/TREx/P1303.jsonl
2015,Sterling Morrison plays [MASK] .,guitar,synth_Musical Instrument/TREx/P1303.jsonl
2016,Benny Thomasson plays [MASK] .,fiddle,synth_Musical Instrument/TREx/P1303.jsonl
2017,Gideon Klein plays [MASK] .,piano,synth_Musical Instrument/TREx/P1303.jsonl
2018,Ralph Towner plays [MASK] .,Guitar,synth_Musical Instrument/TREx/P1303.jsonl
2019,Mickey Raphael plays [MASK] .,harmonica,synth_Musical Instrument/TREx/P1303.jsonl
2032,Bradford Cox plays [MASK] .,guitar,synth_Musical Instrument/TREx/P1303.jsonl
2045,Idrees Sulieman plays [MASK] .,trumpet,synth_Musical Instrument/TREx/P1303.jsonl
2046,Heather Trost plays [MASK] .,violin,synth_Musical Instrument/TREx/P1303.jsonl
2047,Tom Fletcher plays [MASK] .,guitar,synth_Musical Instrument/TREx/P1303.jsonl
2049,Henry Busse plays [MASK] .,trumpet,synth_Musical Instrument/TREx/P1303.jsonl
2051,Pietro Locatelli plays [MASK] .,violin,synth_Musical Instrument/TREx/P1303.jsonl
2059,Linda Brava plays [MASK] .,violin,synth_Musical Instrument/TREx/P1303.jsonl
2060,Hamish Milne plays [MASK] .,piano,synth_Musical Instrument/TREx/P1303.jsonl
2061,Robert Riefling plays [MASK] .,pianist,synth_Musical Instrument/TREx/P1303.jsonl
2063,Jimmy Forrest plays [MASK] .,saxophonist,synth_Musical Instrument/TREx/P1303.jsonl
2069,Tom Waits plays [MASK] .,piano,synth_Musical Instrument/TREx/P1303.jsonl
2070,Rex Stewart plays [MASK] .,trumpet,synth_Musical Instrument/TREx/P1303.jsonl
2073,Leopold Godowsky plays [MASK] .,piano,synth_Musical Instrument/TREx/P1303.jsonl
2086,Carl Czerny plays [MASK] .,piano,synth_Musical Instrument/TREx/P1303.jsonl
2094,Lee Jong-hyun plays [MASK] .,guitar,synth_Musical Instrument/TREx/P1303.jsonl
2096,Doug Raney plays [MASK] .,guitar,synth_Musical Instrument/TREx/P1303.jsonl
2109,Gwilym Simcock plays [MASK] .,piano,synth_Musical Instrument/TREx/P1303.jsonl
2111,Alan Rubin plays [MASK] .,trumpet,synth_Musical Instrument/TREx/P1303.jsonl
2112,Ray Bryant plays [MASK] .,piano,synth_Musical Instrument/TREx/P1303.jsonl
2129,Antonio Vivaldi plays [MASK] .,violin,synth_Musical Instrument/TREx/P1303.jsonl
2147,Junior Cook plays [MASK] .,saxophonist,synth_Musical Instrument/TREx/P1303.jsonl
2149,Casey Benjamin plays [MASK] .,saxophonist,synth_Musical Instrument/TREx/P1303.jsonl
2151,Kathryn Selby plays [MASK] .,piano,synth_Musical Instrument/TREx/P1303.jsonl
2154,Bobby Osborne plays [MASK] .,mandolin,synth_Musical Instrument/TREx/P1303.jsonl
2161,Drew Shirley plays [MASK] .,guitar,synth_Musical Instrument/TREx/P1303.jsonl
2164,Wade Ward plays [MASK] .,banjo,synth_Musical Instrument/TREx/P1303.jsonl
2168,Erik Truffaz plays [MASK] .,trumpet,synth_Musical Instrument/TREx/P1303.jsonl
2172,Amund Maarud plays [MASK] .,guitar,synth_Musical Instrument/TREx/P1303.jsonl
2178,Geoff Leigh plays [MASK] .,flute,synth_Musical Instrument/TREx/P1303.jsonl
2181,Scarlet Rivera plays [MASK] .,violin,synth_Musical Instrument/TREx/P1303.jsonl
2182,Jack Nitzsche plays [MASK] .,piano,synth_Musical Instrument/TREx/P1303.jsonl
2185,Jimi Hendrix plays [MASK] .,guitar,synth_Musical Instrument/TREx/P1303.jsonl
2189,Christopher O'Riley plays [MASK] .,piano,synth_Musical Instrument/TREx/P1303.jsonl
2190,Louis Plaidy plays [MASK] .,piano,synth_Musical Instrument/TREx/P1303.jsonl
2198,Dave Sinclair plays [MASK] .,piano,synth_Musical Instrument/TREx/P1303.jsonl
2200,Terry Trotter plays [MASK] .,piano,synth_Musical Instrument/TREx/P1303.jsonl
2201,Cor Fuhler plays [MASK] .,pianist,synth_Musical Instrument/TREx/P1303.jsonl
2202,Ryszard Bakst plays [MASK] .,piano,synth_Musical Instrument/TREx/P1303.jsonl
2208,Ted Dwane plays [MASK] .,Guitar,synth_Musical Instrument/TREx/P1303.jsonl
2209,Count Basie plays [MASK] .,piano,synth_Musical Instrument/TREx/P1303.jsonl
2220,Frank Mills plays [MASK] .,piano,synth_Musical Instrument/TREx/P1303.jsonl
2221,Paquito D'Rivera plays [MASK] .,saxophonist,synth_Musical Instrument/TREx/P1303.jsonl
2226,Randall Franks plays [MASK] .,fiddle,synth_Musical Instrument/TREx/P1303.jsonl
2229,Paul Hindemith plays [MASK] .,viola,synth_Musical Instrument/TREx/P1303.jsonl
2239,Michael Monroe plays [MASK] .,harmonica,synth_Musical Instrument/TREx/P1303.jsonl
2242,John Coltrane plays [MASK] .,clarinet,synth_Musical Instrument/TREx/P1303.jsonl
2248,Ry Cooder plays [MASK] .,guitar,synth_Musical Instrument/TREx/P1303.jsonl
2260,George Enescu plays [MASK] .,violin,synth_Musical Instrument/TREx/P1303.jsonl
2265,Stephin Merritt plays [MASK] .,guitar,synth_Musical Instrument/TREx/P1303.jsonl
2266,Michael Mantler plays [MASK] .,trumpet,synth_Musical Instrument/TREx/P1303.jsonl
2272,Charlie Musselwhite plays [MASK] .,harmonica,synth_Musical Instrument/TREx/P1303.jsonl
2280,Terry Gibbs plays [MASK] .,piano,synth_Musical Instrument/TREx/P1303.jsonl
2284,Benny Morton plays [MASK] .,trombone,synth_Musical Instrument/TREx/P1303.jsonl
2287,Tomaso Antonio Vitali plays [MASK] .,violin,synth_Musical Instrument/TREx/P1303.jsonl
2288,Makanda Ken McIntyre plays [MASK] .,saxophonist,synth_Musical Instrument/TREx/P1303.jsonl
2290,"John Serry, Sr. plays [MASK] .",accordion,synth_Musical Instrument/TREx/P1303.jsonl
2294,Paul McCartney plays [MASK] .,piano,synth_Musical Instrument/TREx/P1303.jsonl
2364,Mikhail Kopelman plays [MASK] .,violin,synth_Musical Instrument/TREx/P1303.jsonl
2368,Arthur Loesser plays [MASK] .,piano,synth_Musical Instrument/TREx/P1303.jsonl
2369,Dicky Wells plays [MASK] .,trombone,synth_Musical Instrument/TREx/P1303.jsonl
2385,Arve Henriksen plays [MASK] .,trumpet,synth_Musical Instrument/TREx/P1303.jsonl
2395,Bruce Turner plays [MASK] .,saxophonist,synth_Musical Instrument/TREx/P1303.jsonl
2397,Tomaso Albinoni plays [MASK] .,violin,synth_Musical Instrument/TREx/P1303.jsonl
2398,Marcel Ciampi plays [MASK] .,piano,synth_Musical Instrument/TREx/P1303.jsonl
2401,Aaron Lee Tasjan plays [MASK] .,guitar,synth_Musical Instrument/TREx/P1303.jsonl
2404,Lee Loughnane plays [MASK] .,trumpet,synth_Musical Instrument/TREx/P1303.jsonl
2408,Darol Anger plays [MASK] .,violin,synth_Musical Instrument/TREx/P1303.jsonl
2409,David Sanborn plays [MASK] .,saxophonist,synth_Musical Instrument/TREx/P1303.jsonl
2420,Lester Bowie plays [MASK] .,trumpet,synth_Musical Instrument/TREx/P1303.jsonl
2425,Dan Plonsey plays [MASK] .,saxophonist,synth_Musical Instrument/TREx/P1303.jsonl
2427,Walter Smith III plays [MASK] .,saxophonist,synth_Musical Instrument/TREx/P1303.jsonl
2429,Kunnakudi Vaidyanathan plays [MASK] .,violin,synth_Musical Instrument/TREx/P1303.jsonl
2430,Al Haig plays [MASK] .,piano,synth_Musical Instrument/TREx/P1303.jsonl
2431,Jaap Spaanderman plays [MASK] .,piano,synth_Musical Instrument/TREx/P1303.jsonl
2433,Ma Sicong plays [MASK] .,violin,synth_Musical Instrument/TREx/P1303.jsonl
2434,Luigi Dallapiccola plays [MASK] .,piano,synth_Musical Instrument/TREx/P1303.jsonl
2435,Henry Flynt plays [MASK] .,violin,synth_Musical Instrument/TREx/P1303.jsonl
2441,Louis Satterfield plays [MASK] .,trombone,synth_Musical Instrument/TREx/P1303.jsonl
2443,Jemeel Moondoc plays [MASK] .,saxophonist,synth_Musical Instrument/TREx/P1303.jsonl
2450,Wayne Escoffery plays [MASK] .,saxophonist,synth_Musical Instrument/TREx/P1303.jsonl
2455,Franz Benda plays [MASK] .,violin,synth_Musical Instrument/TREx/P1303.jsonl
2505,Albert Chamberland plays [MASK] .,violin,synth_Musical Instrument/TREx/P1303.jsonl
2506,Wilson Savoy plays [MASK] .,accordion,synth_Musical Instrument/TREx/P1303.jsonl
2508,Tony Bevilacqua plays [MASK] .,guitar,synth_Musical Instrument/TREx/P1303.jsonl
2514,Charlie Palmieri plays [MASK] .,piano,synth_Musical Instrument/TREx/P1303.jsonl
2522,Richie Rosenberg plays [MASK] .,trombone,synth_Musical Instrument/TREx/P1303.jsonl
2526,Ignaz Schuppanzigh plays [MASK] .,violin,synth_Musical Instrument/TREx/P1303.jsonl
2528,Robert Schumann plays [MASK] .,piano,synth_Musical Instrument/TREx/P1303.jsonl
2593,Karl Engel plays [MASK] .,piano,synth_Musical Instrument/TREx/P1303.jsonl
2598,Hubert Laws plays [MASK] .,flute,synth_Musical Instrument/TREx/P1303.jsonl
2623,Julien Lourau plays [MASK] .,saxophonist,synth_Musical Instrument/TREx/P1303.jsonl
2625,Frank London plays [MASK] .,trumpet,synth_Musical Instrument/TREx/P1303.jsonl
2626,Lubka Kolessa plays [MASK] .,piano,synth_Musical Instrument/TREx/P1303.jsonl
2638,Magic Dick plays [MASK] .,harmonica,synth_Musical Instrument/TREx/P1303.jsonl
2640,Meade Lux Lewis plays [MASK] .,piano,synth_Musical Instrument/TREx/P1303.jsonl
2643,Charles Gayle plays [MASK] .,saxophonist,synth_Musical Instrument/TREx/P1303.jsonl
2647,Adam Devlin plays [MASK] .,guitar,synth_Musical Instrument/TREx/P1303.jsonl
2648,LeRoi Moore plays [MASK] .,saxophonist,synth_Musical Instrument/TREx/P1303.jsonl
2659,Yuriy Oliynyk plays [MASK] .,piano,synth_Musical Instrument/TREx/P1303.jsonl
2660,Nigel Butterley plays [MASK] .,piano,synth_Musical Instrument/TREx/P1303.jsonl
2661,Lil Hardin Armstrong plays [MASK] .,piano,synth_Musical Instrument/TREx/P1303.jsonl
2676,Norihiko Hibino plays [MASK] .,saxophonist,synth_Musical Instrument/TREx/P1303.jsonl
2679,Don Redman plays [MASK] .,saxophonist,synth_Musical Instrument/TREx/P1303.jsonl
2680,Luigi Boccherini plays [MASK] .,cello,synth_Musical Instrument/TREx/P1303.jsonl
2686,Marvin Stamm plays [MASK] .,trumpet,synth_Musical Instrument/TREx/P1303.jsonl
2687,Pino Palladino plays [MASK] .,guitar,synth_Musical Instrument/TREx/P1303.jsonl
2688,Suna Kan plays [MASK] .,Violin,synth_Musical Instrument/TREx/P1303.jsonl
2699,Gerard Presencer plays [MASK] .,trumpet,synth_Musical Instrument/TREx/P1303.jsonl
2705,Soozie Tyrell plays [MASK] .,violin,synth_Musical Instrument/TREx/P1303.jsonl
2706,Pete Seeger plays [MASK] .,banjo,synth_Musical Instrument/TREx/P1303.jsonl
2717,Diblo Dibala plays [MASK] .,guitar,synth_Musical Instrument/TREx/P1303.jsonl
2720,Carter Brey plays [MASK] .,cello,synth_Musical Instrument/TREx/P1303.jsonl
2722,Winston Marshall plays [MASK] .,banjo,synth_Musical Instrument/TREx/P1303.jsonl
2723,Chris Speed plays [MASK] .,saxophonist,synth_Musical Instrument/TREx/P1303.jsonl
2727,Jane Bunnett plays [MASK] .,saxophonist,synth_Musical Instrument/TREx/P1303.jsonl
2731,Shmuel Ashkenasi plays [MASK] .,violin,synth_Musical Instrument/TREx/P1303.jsonl
2732,Myron Walden plays [MASK] .,saxophonist,synth_Musical Instrument/TREx/P1303.jsonl
2734,Arthur Rubinstein plays [MASK] .,piano,synth_Musical Instrument/TREx/P1303.jsonl
2741,Melvyn Gale plays [MASK] .,piano,synth_Musical Instrument/TREx/P1303.jsonl
2742,Baaba Maal plays [MASK] .,guitar,synth_Musical Instrument/TREx/P1303.jsonl
2743,Roy Nathanson plays [MASK] .,saxophonist,synth_Musical Instrument/TREx/P1303.jsonl
2747,Steve Marriott plays [MASK] .,guitar,synth_Musical Instrument/TREx/P1303.jsonl
2748,J. B. Hutto plays [MASK] .,guitar,synth_Musical Instrument/TREx/P1303.jsonl
2749,Jill Tracy plays [MASK] .,piano,synth_Musical Instrument/TREx/P1303.jsonl
2751,Pepeu Gomes plays [MASK] .,guitar,synth_Musical Instrument/TREx/P1303.jsonl
2754,John Fogerty plays [MASK] .,guitar,synth_Musical Instrument/TREx/P1303.jsonl
2755,Beck plays [MASK] .,guitar,synth_Musical Instrument/TREx/P1303.jsonl
2758,Gustavo Laureano plays [MASK] .,guitar,synth_Musical Instrument/TREx/P1303.jsonl
2759,Pete Jolly plays [MASK] .,piano,synth_Musical Instrument/TREx/P1303.jsonl
2760,Mary Youngblood plays [MASK] .,flute,synth_Musical Instrument/TREx/P1303.jsonl
2762,Mike Deasy plays [MASK] .,saxophonist,synth_Musical Instrument/TREx/P1303.jsonl
2764,Gene Pitney plays [MASK] .,piano,synth_Musical Instrument/TREx/P1303.jsonl
2765,Christof Lauer plays [MASK] .,saxophonist,synth_Musical Instrument/TREx/P1303.jsonl
2774,Thelonious Monk plays [MASK] .,piano,synth_Musical Instrument/TREx/P1303.jsonl
2796,John Hiatt plays [MASK] .,guitar,synth_Musical Instrument/TREx/P1303.jsonl
2800,Tom Barman plays [MASK] .,violin,synth_Musical Instrument/TREx/P1303.jsonl
2801,Eric Coates plays [MASK] .,viola,synth_Musical Instrument/TREx/P1303.jsonl
2805,Alexandre Lagoya plays [MASK] .,guitar,synth_Musical Instrument/TREx/P1303.jsonl
2806,Arthur Grumiaux plays [MASK] .,piano,synth_Musical Instrument/TREx/P1303.jsonl
2809,Dmitry Sitkovetsky plays [MASK] .,violin,synth_Musical Instrument/TREx/P1303.jsonl
2810,Captain Beefheart plays [MASK] .,harmonica,synth_Musical Instrument/TREx/P1303.jsonl
2811,Jan Garbarek plays [MASK] .,saxophonist,synth_Musical Instrument/TREx/P1303.jsonl
2858,Blind Willie McTell plays [MASK] .,guitar,synth_Musical Instrument/TREx/P1303.jsonl
2859,Freddie Hubbard plays [MASK] .,trumpet,synth_Musical Instrument/TREx/P1303.jsonl
2871,Kumbakonam Rajamanickam Pillai plays [MASK] .,violin,synth_Musical Instrument/TREx/P1303.jsonl
2877,Theodor Leschetizky plays [MASK] .,piano,synth_Musical Instrument/TREx/P1303.jsonl
2884,Jem Finer plays [MASK] .,banjo,synth_Musical Instrument/TREx/P1303.jsonl
2887,Frederick Thurston plays [MASK] .,clarinet,synth_Musical Instrument/TREx/P1303.jsonl
2893,Grant Kirkhope plays [MASK] .,trumpet,synth_Musical Instrument/TREx/P1303.jsonl
2894,John Zorn plays [MASK] .,saxophonist,synth_Musical Instrument/TREx/P1303.jsonl
2935,Tony Trischka plays [MASK] .,banjo,synth_Musical Instrument/TREx/P1303.jsonl
2945,Alberto Semprini plays [MASK] .,piano,synth_Musical Instrument/TREx/P1303.jsonl
2977,Anson Funderburgh plays [MASK] .,guitar,synth_Musical Instrument/TREx/P1303.jsonl
2981,Franz Liszt plays [MASK] .,piano,synth_Musical Instrument/TREx/P1303.jsonl
3094,Clare Fischer plays [MASK] .,piano,synth_Musical Instrument/TREx/P1303.jsonl
3097,Gidon Kremer plays [MASK] .,violin,synth_Musical Instrument/TREx/P1303.jsonl
3102,Red Nichols plays [MASK] .,trumpet,synth_Musical Instrument/TREx/P1303.jsonl
3104,Stevie Wonder plays [MASK] .,harmonica,synth_Musical Instrument/TREx/P1303.jsonl
3126,Paz Lenchantin plays [MASK] .,violin,synth_Musical Instrument/TREx/P1303.jsonl
3127,Jenny Conlee plays [MASK] .,accordion,synth_Musical Instrument/TREx/P1303.jsonl
3131,Paul McCandless plays [MASK] .,saxophonist,synth_Musical Instrument/TREx/P1303.jsonl
3134,Eileen Ivers plays [MASK] .,fiddle,synth_Musical Instrument/TREx/P1303.jsonl
3135,Johan de Meij plays [MASK] .,trombone,synth_Musical Instrument/TREx/P1303.jsonl
3136,Curtis Stigers plays [MASK] .,saxophonist,synth_Musical Instrument/TREx/P1303.jsonl
3140,Chris Daughtry plays [MASK] .,guitar,synth_Musical Instrument/TREx/P1303.jsonl
3141,Pinchas Zukerman plays [MASK] .,violin,synth_Musical Instrument/TREx/P1303.jsonl
3150,Wes Montgomery plays [MASK] .,guitar,synth_Musical Instrument/TREx/P1303.jsonl
3151,Paul Anka plays [MASK] .,piano,synth_Musical Instrument/TREx/P1303.jsonl
3152,Dennis Coffey plays [MASK] .,Guitar,synth_Musical Instrument/TREx/P1303.jsonl
3153,Eddie Jobson plays [MASK] .,violin,synth_Musical Instrument/TREx/P1303.jsonl
3156,Willie Dixon plays [MASK] .,guitar,synth_Musical Instrument/TREx/P1303.jsonl
3159,Carl Flesch plays [MASK] .,Violin,synth_Musical Instrument/TREx/P1303.jsonl
3180,Andor Toth plays [MASK] .,violin,synth_Musical Instrument/TREx/P1303.jsonl
3185,Terrace Martin plays [MASK] .,saxophonist,synth_Musical Instrument/TREx/P1303.jsonl
3186,Larry Knechtel plays [MASK] .,guitar,synth_Musical Instrument/TREx/P1303.jsonl
3194,Karen Tuttle plays [MASK] .,viola,synth_Musical Instrument/TREx/P1303.jsonl
3207,John Wesley plays [MASK] .,guitar,synth_Musical Instrument/TREx/P1303.jsonl
3214,Robert Fripp plays [MASK] .,guitar,synth_Musical Instrument/TREx/P1303.jsonl
3217,Henri Herz plays [MASK] .,piano,synth_Musical Instrument/TREx/P1303.jsonl
3219,Julian Koster plays [MASK] .,banjo,synth_Musical Instrument/TREx/P1303.jsonl
3221,Dwaram Venkataswamy Naidu plays [MASK] .,violin,synth_Musical Instrument/TREx/P1303.jsonl
3224,Rosie Ledet plays [MASK] .,accordion,synth_Musical Instrument/TREx/P1303.jsonl
3226,Johannes Brahms plays [MASK] .,piano,synth_Musical Instrument/TREx/P1303.jsonl
3292,John Haggerty plays [MASK] .,guitar,synth_Musical Instrument/TREx/P1303.jsonl
3294,Marcelo Camelo plays [MASK] .,guitar,synth_Musical Instrument/TREx/P1303.jsonl
3298,Aloys and Alfons Kontarsky plays [MASK] .,piano,synth_Musical Instrument/TREx/P1303.jsonl
3302,Little Walter plays [MASK] .,harp,synth_Musical Instrument/TREx/P1303.jsonl
3320,Dayna Stephens plays [MASK] .,saxophonist,synth_Musical Instrument/TREx/P1303.jsonl
3322,Narvin Kimball plays [MASK] .,banjo,synth_Musical Instrument/TREx/P1303.jsonl
3328,David Isberg plays [MASK] .,guitar,synth_Musical Instrument/TREx/P1303.jsonl
3330,Anthony Braxton plays [MASK] .,saxophonist,synth_Musical Instrument/TREx/P1303.jsonl
3365,Guy Barker plays [MASK] .,trumpet,synth_Musical Instrument/TREx/P1303.jsonl
3370,Jacques Schwarz-Bart plays [MASK] .,saxophonist,synth_Musical Instrument/TREx/P1303.jsonl
3373,Roy Paci plays [MASK] .,trumpet,synth_Musical Instrument/TREx/P1303.jsonl
3385,Marion Meadows plays [MASK] .,saxophonist,synth_Musical Instrument/TREx/P1303.jsonl
3387,Kaikhosru Shapurji Sorabji plays [MASK] .,piano,synth_Musical Instrument/TREx/P1303.jsonl
3392,Max Rostal plays [MASK] .,violin,synth_Musical Instrument/TREx/P1303.jsonl
3397,Sonny Rollins plays [MASK] .,saxophonist,synth_Musical Instrument/TREx/P1303.jsonl
3456,Anat Cohen plays [MASK] .,saxophonist,synth_Musical Instrument/TREx/P1303.jsonl
3458,Matt Riddle plays [MASK] .,guitar,synth_Musical Instrument/TREx/P1303.jsonl
3465,Ivo Perelman plays [MASK] .,saxophonist,synth_Musical Instrument/TREx/P1303.jsonl
3467,Novi Novog plays [MASK] .,viola,synth_Musical Instrument/TREx/P1303.jsonl
3470,Lawrence Power plays [MASK] .,viola,synth_Musical Instrument/TREx/P1303.jsonl
3474,Billy Tipton plays [MASK] .,saxophonist,synth_Musical Instrument/TREx/P1303.jsonl
3479,Sonny Criss plays [MASK] .,saxophonist,synth_Musical Instrument/TREx/P1303.jsonl
3487,Henry Schradieck plays [MASK] .,violin,synth_Musical Instrument/TREx/P1303.jsonl
3496,Alberto Guerrero plays [MASK] .,piano,synth_Musical Instrument/TREx/P1303.jsonl
3498,Rubin Goldmark plays [MASK] .,piano,synth_Musical Instrument/TREx/P1303.jsonl
3501,Yusef Lateef plays [MASK] .,Flute,synth_Musical Instrument/TREx/P1303.jsonl
3514,John Popper plays [MASK] .,harmonica,synth_Musical Instrument/TREx/P1303.jsonl
3523,Edin Karamazov plays [MASK] .,guitar,synth_Musical Instrument/TREx/P1303.jsonl
3525,Earl Klugh plays [MASK] .,guitar,synth_Musical Instrument/TREx/P1303.jsonl
3527,Brian May plays [MASK] .,guitar,synth_Musical Instrument/TREx/P1303.jsonl
3528,Alicia de Larrocha plays [MASK] .,piano,synth_Musical Instrument/TREx/P1303.jsonl
3532,Jonas Kullhammar plays [MASK] .,saxophonist,synth_Musical Instrument/TREx/P1303.jsonl
3542,Georgie Fame plays [MASK] .,piano,synth_Musical Instrument/TREx/P1303.jsonl
3545,Ashley Hutchings plays [MASK] .,violin,synth_Musical Instrument/TREx/P1303.jsonl
3546,Terence Blanchard plays [MASK] .,trumpet,synth_Musical Instrument/TREx/P1303.jsonl
3547,Leroy Jones plays [MASK] .,trumpet,synth_Musical Instrument/TREx/P1303.jsonl
3553,Sidney De Paris plays [MASK] .,trumpet,synth_Musical Instrument/TREx/P1303.jsonl
3556,Fred Mascherino plays [MASK] .,guitar,synth_Musical Instrument/TREx/P1303.jsonl
3557,Marian McPartland plays [MASK] .,piano,synth_Musical Instrument/TREx/P1303.jsonl
3560,Cheyenne Kimball plays [MASK] .,guitar,synth_Musical Instrument/TREx/P1303.jsonl
3561,Jean-Jacques Goldman plays [MASK] .,piano,synth_Musical Instrument/TREx/P1303.jsonl
3562,Roger Neumann plays [MASK] .,saxophonist,synth_Musical Instrument/TREx/P1303.jsonl
3564,Cat Stevens plays [MASK] .,guitar,synth_Musical Instrument/TREx/P1303.jsonl
3565,Charlie Poole plays [MASK] .,banjo,synth_Musical Instrument/TREx/P1303.jsonl
3569,Philip Fowke plays [MASK] .,piano,synth_Musical Instrument/TREx/P1303.jsonl
3570,Jimmy McCracklin plays [MASK] .,piano,synth_Musical Instrument/TREx/P1303.jsonl
3571,Henry Litolff plays [MASK] .,piano,synth_Musical Instrument/TREx/P1303.jsonl
3573,Steve Lacy plays [MASK] .,saxophonist,synth_Musical Instrument/TREx/P1303.jsonl
3593,Ken Lane plays [MASK] .,pianist,synth_Musical Instrument/TREx/P1303.jsonl
3594,Phranc plays [MASK] .,guitar,synth_Musical Instrument/TREx/P1303.jsonl
3600,Ola Kvernberg plays [MASK] .,violin,synth_Musical Instrument/TREx/P1303.jsonl
3603,Svend Asmussen plays [MASK] .,violin,synth_Musical Instrument/TREx/P1303.jsonl
3604,Lily May Ledford plays [MASK] .,banjo,synth_Musical Instrument/TREx/P1303.jsonl
3609,Clifford Jordan plays [MASK] .,saxophonist,synth_Musical Instrument/TREx/P1303.jsonl
3634,Joe Walsh plays [MASK] .,guitar,synth_Musical Instrument/TREx/P1303.jsonl
3638,Henry Halstead plays [MASK] .,violin,synth_Musical Instrument/TREx/P1303.jsonl
3640,Steve Marcus plays [MASK] .,saxophonist,synth_Musical Instrument/TREx/P1303.jsonl
3645,Arnett Cobb plays [MASK] .,saxophonist,synth_Musical Instrument/TREx/P1303.jsonl
3652,Sean O'Hagan plays [MASK] .,guitar,synth_Musical Instrument/TREx/P1303.jsonl
3653,Frode Fjellheim plays [MASK] .,piano,synth_Musical Instrument/TREx/P1303.jsonl
3655,Cyril Scott plays [MASK] .,piano,synth_Musical Instrument/TREx/P1303.jsonl
3658,Boris Berman plays [MASK] .,piano,synth_Musical Instrument/TREx/P1303.jsonl
3659,Curly Fox plays [MASK] .,fiddle,synth_Musical Instrument/TREx/P1303.jsonl
3660,Oscar Levant plays [MASK] .,piano,synth_Musical Instrument/TREx/P1303.jsonl
3661,Finbarr Clancy plays [MASK] .,guitar,synth_Musical Instrument/TREx/P1303.jsonl
3662,Sid Page plays [MASK] .,violin,synth_Musical Instrument/TREx/P1303.jsonl
3668,Zeena Parkins plays [MASK] .,harp,synth_Musical Instrument/TREx/P1303.jsonl
3682,Jean-Jacques Milteau plays [MASK] .,harmonica,synth_Musical Instrument/TREx/P1303.jsonl
3684,Bennie Moten plays [MASK] .,piano,synth_Musical Instrument/TREx/P1303.jsonl
3685,Les Claypool plays [MASK] .,guitar,synth_Musical Instrument/TREx/P1303.jsonl
3695,Friedrich Kalkbrenner plays [MASK] .,piano,synth_Musical Instrument/TREx/P1303.jsonl
3709,Guto Pryce plays [MASK] .,guitar,synth_Musical Instrument/TREx/P1303.jsonl
3724,Theodor Kullak plays [MASK] .,piano,synth_Musical Instrument/TREx/P1303.jsonl
3726,Frank Catalano plays [MASK] .,saxophonist,synth_Musical Instrument/TREx/P1303.jsonl
3727,Len Tuckey plays [MASK] .,guitar,synth_Musical Instrument/TREx/P1303.jsonl
3730,Vitaly Margulis plays [MASK] .,piano,synth_Musical Instrument/TREx/P1303.jsonl
3731,Cecil Aronowitz plays [MASK] .,viola,synth_Musical Instrument/TREx/P1303.jsonl
3736,Merl Saunders plays [MASK] .,piano,synth_Musical Instrument/TREx/P1303.jsonl
3738,Louis Prima plays [MASK] .,trumpet,synth_Musical Instrument/TREx/P1303.jsonl
3739,Fred Van Eps plays [MASK] .,banjo,synth_Musical Instrument/TREx/P1303.jsonl
3742,Fred Van Hove plays [MASK] .,piano,synth_Musical Instrument/TREx/P1303.jsonl
3743,Bob Fuller plays [MASK] .,saxophonist,synth_Musical Instrument/TREx/P1303.jsonl
3745,Brian Landrus plays [MASK] .,saxophonist,synth_Musical Instrument/TREx/P1303.jsonl
3752,Jim Weider plays [MASK] .,guitar,synth_Musical Instrument/TREx/P1303.jsonl
3756,Stephen Hough plays [MASK] .,piano,synth_Musical Instrument/TREx/P1303.jsonl
3757,Alice Coltrane plays [MASK] .,piano,synth_Musical Instrument/TREx/P1303.jsonl
3761,Ludovico Einaudi plays [MASK] .,piano,synth_Musical Instrument/TREx/P1303.jsonl
