,sent,gold,filename
0,Steve Jobs works for [MASK] .,Apple,synth_Organization/TREx/P108.jsonl
120,Steve Wozniak works for [MASK] .,Apple,synth_Organization/TREx/P108.jsonl
160,Paul Allen works for [MASK] .,Microsoft,synth_Organization/TREx/P108.jsonl
191,Satya Nadella works for [MASK] .,Microsoft,synth_Organization/TREx/P108.jsonl
193,Jeremy Paxman works for [MASK] .,BBC,synth_Organization/TREx/P108.jsonl
205,Andrew Marr works for [MASK] .,BBC,synth_Organization/TREx/P108.jsonl
218,David Dimbleby works for [MASK] .,BBC,synth_Organization/TREx/P108.jsonl
235,Grady Booch works for [MASK] .,IBM,synth_Organization/TREx/P108.jsonl
236,Horst Feistel works for [MASK] .,IBM,synth_Organization/TREx/P108.jsonl
242,Philip Don Estridge works for [MASK] .,IBM,synth_Organization/TREx/P108.jsonl
243,Bill Gates works for [MASK] .,Microsoft,synth_Organization/TREx/P108.jsonl
328,Steve Ballmer works for [MASK] .,Microsoft,synth_Organization/TREx/P108.jsonl
349,Abdul Karim works for [MASK] .,Victoria,synth_Organization/TREx/P108.jsonl
354,Jonathan King works for [MASK] .,BBC,synth_Organization/TREx/P108.jsonl
355,Marissa Mayer works for [MASK] .,Google,synth_Organization/TREx/P108.jsonl
363,Jeff Fager works for [MASK] .,CBS,synth_Organization/TREx/P108.jsonl
367,Stephen Elop works for [MASK] .,Microsoft,synth_Organization/TREx/P108.jsonl
389,Phil Schiller works for [MASK] .,Apple,synth_Organization/TREx/P108.jsonl
390,Gerd Binnig works for [MASK] .,IBM,synth_Organization/TREx/P108.jsonl
394,Heinrich Rohrer works for [MASK] .,IBM,synth_Organization/TREx/P108.jsonl
397,Brian Krzanich works for [MASK] .,Intel,synth_Organization/TREx/P108.jsonl
398,Satoru Iwata works for [MASK] .,Nintendo,synth_Organization/TREx/P108.jsonl
419,Spike Milligan works for [MASK] .,BBC,synth_Organization/TREx/P108.jsonl
427,Danny Baker works for [MASK] .,BBC,synth_Organization/TREx/P108.jsonl
431,Jeremy Clarkson works for [MASK] .,BBC,synth_Organization/TREx/P108.jsonl
443,Peter Barron works for [MASK] .,Google,synth_Organization/TREx/P108.jsonl
445,John Snagge works for [MASK] .,BBC,synth_Organization/TREx/P108.jsonl
449,Justin Webb works for [MASK] .,BBC,synth_Organization/TREx/P108.jsonl
450,Kenneth Wolstenholme works for [MASK] .,BBC,synth_Organization/TREx/P108.jsonl
454,Terry Wogan works for [MASK] .,BBC,synth_Organization/TREx/P108.jsonl
467,Victoria Derbyshire works for [MASK] .,BBC,synth_Organization/TREx/P108.jsonl
469,Leslie Megahey works for [MASK] .,BBC,synth_Organization/TREx/P108.jsonl
470,Alistair Cooke works for [MASK] .,BBC,synth_Organization/TREx/P108.jsonl
473,Dirk Maggs works for [MASK] .,BBC,synth_Organization/TREx/P108.jsonl
475,P. D. James works for [MASK] .,BBC,synth_Organization/TREx/P108.jsonl
476,Bridget Kendall works for [MASK] .,BBC,synth_Organization/TREx/P108.jsonl
480,Huw Edwards works for [MASK] .,BBC,synth_Organization/TREx/P108.jsonl
484,Adam Curtis works for [MASK] .,BBC,synth_Organization/TREx/P108.jsonl
491,Peter Alliss works for [MASK] .,BBC,synth_Organization/TREx/P108.jsonl
497,Ken Loach works for [MASK] .,BBC,synth_Organization/TREx/P108.jsonl
504,Simon McCoy works for [MASK] .,BBC,synth_Organization/TREx/P108.jsonl
506,Chris Hollins works for [MASK] .,BBC,synth_Organization/TREx/P108.jsonl
507,Charles Simonyi works for [MASK] .,Microsoft,synth_Organization/TREx/P108.jsonl
511,Roly Keating works for [MASK] .,BBC,synth_Organization/TREx/P108.jsonl
513,Glenda Jackson works for [MASK] .,BBC,synth_Organization/TREx/P108.jsonl
517,David Frost works for [MASK] .,BBC,synth_Organization/TREx/P108.jsonl
523,Gwen Ifill works for [MASK] .,PBS,synth_Organization/TREx/P108.jsonl
531,Ernie Wise works for [MASK] .,BBC,synth_Organization/TREx/P108.jsonl
532,Craig Mundie works for [MASK] .,Microsoft,synth_Organization/TREx/P108.jsonl
535,Willy Brandt works for [MASK] .,Berlin,synth_Organization/TREx/P108.jsonl
538,Arthur Oliver Wheeler works for [MASK] .,Canada,synth_Organization/TREx/P108.jsonl
541,Helen Boaden works for [MASK] .,BBC,synth_Organization/TREx/P108.jsonl
542,Alasdair Milne works for [MASK] .,BBC,synth_Organization/TREx/P108.jsonl
557,Krishna Bharat works for [MASK] .,Google,synth_Organization/TREx/P108.jsonl
562,Neil Nightingale works for [MASK] .,BBC,synth_Organization/TREx/P108.jsonl
565,Bernard Cribbins works for [MASK] .,BBC,synth_Organization/TREx/P108.jsonl
568,Jan Pieterszoon Sweelinck works for [MASK] .,Amsterdam,synth_Organization/TREx/P108.jsonl
575,Eric Maschwitz works for [MASK] .,BBC,synth_Organization/TREx/P108.jsonl
576,James Landale works for [MASK] .,BBC,synth_Organization/TREx/P108.jsonl
579,Greg Dyke works for [MASK] .,BBC,synth_Organization/TREx/P108.jsonl
582,Fran Unsworth works for [MASK] .,BBC,synth_Organization/TREx/P108.jsonl
583,Gene Amdahl works for [MASK] .,IBM,synth_Organization/TREx/P108.jsonl
588,Geert Hofstede works for [MASK] .,IBM,synth_Organization/TREx/P108.jsonl
591,William Rees-Mogg works for [MASK] .,BBC,synth_Organization/TREx/P108.jsonl
592,Terry Nation works for [MASK] .,BBC,synth_Organization/TREx/P108.jsonl
599,Sue Lawley works for [MASK] .,BBC,synth_Organization/TREx/P108.jsonl
601,Andrew Gilligan works for [MASK] .,BBC,synth_Organization/TREx/P108.jsonl
605,Keith Olbermann works for [MASK] .,ESPN,synth_Organization/TREx/P108.jsonl
617,Peter O'Sullevan works for [MASK] .,BBC,synth_Organization/TREx/P108.jsonl
620,Heather Cox works for [MASK] .,ESPN,synth_Organization/TREx/P108.jsonl
622,Graeme MacDonald works for [MASK] .,BBC,synth_Organization/TREx/P108.jsonl
629,Greta Van Susteren works for [MASK] .,CNN,synth_Organization/TREx/P108.jsonl
632,Steve Phillips works for [MASK] .,ESPN,synth_Organization/TREx/P108.jsonl
633,Rolf Harris works for [MASK] .,BBC,synth_Organization/TREx/P108.jsonl
638,Ginni Rometty works for [MASK] .,IBM,synth_Organization/TREx/P108.jsonl
639,Margarita Luti works for [MASK] .,Raphael,synth_Organization/TREx/P108.jsonl
644,Brad Silverberg works for [MASK] .,Microsoft,synth_Organization/TREx/P108.jsonl
650,Gordon Bell works for [MASK] .,Microsoft,synth_Organization/TREx/P108.jsonl
651,William S. Paley works for [MASK] .,CBS,synth_Organization/TREx/P108.jsonl
654,Sid Waddell works for [MASK] .,BBC,synth_Organization/TREx/P108.jsonl
655,Paul Walters works for [MASK] .,BBC,synth_Organization/TREx/P108.jsonl
657,Tim Paterson works for [MASK] .,Microsoft,synth_Organization/TREx/P108.jsonl
660,Adrian Newey works for [MASK] .,McLaren,synth_Organization/TREx/P108.jsonl
678,Laurence Tisch works for [MASK] .,CBS,synth_Organization/TREx/P108.jsonl
681,Mike Wallace works for [MASK] .,CBS,synth_Organization/TREx/P108.jsonl
688,Andrew Neil works for [MASK] .,BBC,synth_Organization/TREx/P108.jsonl
690,John Motson works for [MASK] .,BBC,synth_Organization/TREx/P108.jsonl
691,Chris Cuomo works for [MASK] .,CNN,synth_Organization/TREx/P108.jsonl
696,Shigeru Miyamoto works for [MASK] .,Nintendo,synth_Organization/TREx/P108.jsonl
716,Gavyn Davies works for [MASK] .,BBC,synth_Organization/TREx/P108.jsonl
751,Nathan Myhrvold works for [MASK] .,Microsoft,synth_Organization/TREx/P108.jsonl
753,Brandon Tartikoff works for [MASK] .,NBC,synth_Organization/TREx/P108.jsonl
762,Klaus Tschira works for [MASK] .,IBM,synth_Organization/TREx/P108.jsonl
763,Hasso Plattner works for [MASK] .,IBM,synth_Organization/TREx/P108.jsonl
768,Ted Lowe works for [MASK] .,BBC,synth_Organization/TREx/P108.jsonl
771,John Inverdale works for [MASK] .,BBC,synth_Organization/TREx/P108.jsonl
777,Paul Mayhew-Archer works for [MASK] .,BBC,synth_Organization/TREx/P108.jsonl
780,Ross Perot works for [MASK] .,IBM,synth_Organization/TREx/P108.jsonl
781,Tim Cook works for [MASK] .,Apple,synth_Organization/TREx/P108.jsonl
802,Robert Peston works for [MASK] .,BBC,synth_Organization/TREx/P108.jsonl
804,Bob Wallace works for [MASK] .,Microsoft,synth_Organization/TREx/P108.jsonl
807,Mal Young works for [MASK] .,BBC,synth_Organization/TREx/P108.jsonl
808,Armando Iannucci works for [MASK] .,BBC,synth_Organization/TREx/P108.jsonl
810,Spencer Kelly works for [MASK] .,BBC,synth_Organization/TREx/P108.jsonl
814,David Coleman works for [MASK] .,BBC,synth_Organization/TREx/P108.jsonl
815,Matthew Pinsent works for [MASK] .,BBC,synth_Organization/TREx/P108.jsonl
816,Alexey Pajitnov works for [MASK] .,Microsoft,synth_Organization/TREx/P108.jsonl
817,Jimmy Hill works for [MASK] .,BBC,synth_Organization/TREx/P108.jsonl
823,Ned Sherrin works for [MASK] .,BBC,synth_Organization/TREx/P108.jsonl
825,Leslie Grantham works for [MASK] .,BBC,synth_Organization/TREx/P108.jsonl
826,"Margaret Jay, Baroness Jay of Paddington works for [MASK] .",BBC,synth_Organization/TREx/P108.jsonl
828,Peter Simon Pallas works for [MASK] .,Russia,synth_Organization/TREx/P108.jsonl
831,Jonathan Pearce works for [MASK] .,BBC,synth_Organization/TREx/P108.jsonl
835,George Entwistle works for [MASK] .,BBC,synth_Organization/TREx/P108.jsonl
838,Hairy Bikers works for [MASK] .,BBC,synth_Organization/TREx/P108.jsonl
840,Samuel J. Palmisano works for [MASK] .,IBM,synth_Organization/TREx/P108.jsonl
841,Heinrich Daniel Ruhmkorff works for [MASK] .,Paris,synth_Organization/TREx/P108.jsonl
843,UNESCO Goodwill Ambassador works for [MASK] .,UNESCO,synth_Organization/TREx/P108.jsonl
846,Sarah Montague works for [MASK] .,BBC,synth_Organization/TREx/P108.jsonl
848,"Paul Wilson, Baron Wilson of High Wray works for [MASK] .",BBC,synth_Organization/TREx/P108.jsonl
850,Hugh Greene works for [MASK] .,BBC,synth_Organization/TREx/P108.jsonl
856,Sean Fletcher works for [MASK] .,BBC,synth_Organization/TREx/P108.jsonl
858,Phillip Schofield works for [MASK] .,BBC,synth_Organization/TREx/P108.jsonl
859,Stephen Fry works for [MASK] .,BBC,synth_Organization/TREx/P108.jsonl
875,Selina Scott works for [MASK] .,BBC,synth_Organization/TREx/P108.jsonl
877,Nick Ross works for [MASK] .,BBC,synth_Organization/TREx/P108.jsonl
879,"John Reith, 1st Baron Reith works for [MASK] .",BBC,synth_Organization/TREx/P108.jsonl
884,Griff Rhys Jones works for [MASK] .,BBC,synth_Organization/TREx/P108.jsonl
886,Gilbert Harding works for [MASK] .,BBC,synth_Organization/TREx/P108.jsonl
887,Keith Fordyce works for [MASK] .,BBC,synth_Organization/TREx/P108.jsonl
889,Gilles Peterson works for [MASK] .,BBC,synth_Organization/TREx/P108.jsonl
892,Peter M. Bowers works for [MASK] .,Boeing,synth_Organization/TREx/P108.jsonl
896,Rageh Omaar works for [MASK] .,BBC,synth_Organization/TREx/P108.jsonl
898,"John Birt, Baron Birt works for [MASK] .",BBC,synth_Organization/TREx/P108.jsonl
912,Thomas J. Watson works for [MASK] .,IBM,synth_Organization/TREx/P108.jsonl
914,Dan Le Batard works for [MASK] .,ESPN,synth_Organization/TREx/P108.jsonl
918,Simon Brotherton works for [MASK] .,BBC,synth_Organization/TREx/P108.jsonl
920,Carlos Ghosn works for [MASK] .,Renault,synth_Organization/TREx/P108.jsonl
938,Aled Jones works for [MASK] .,BBC,synth_Organization/TREx/P108.jsonl
941,Helen Fospero works for [MASK] .,BBC,synth_Organization/TREx/P108.jsonl
943,Jo Brand works for [MASK] .,BBC,synth_Organization/TREx/P108.jsonl
944,Ian Messiter works for [MASK] .,BBC,synth_Organization/TREx/P108.jsonl
946,Leonard Miall works for [MASK] .,BBC,synth_Organization/TREx/P108.jsonl
948,Scott Mills works for [MASK] .,BBC,synth_Organization/TREx/P108.jsonl
949,Sundar Pichai works for [MASK] .,Google,synth_Organization/TREx/P108.jsonl
954,Michael Checkland works for [MASK] .,BBC,synth_Organization/TREx/P108.jsonl
957,David M. Thompson works for [MASK] .,BBC,synth_Organization/TREx/P108.jsonl
959,Jane Tranter works for [MASK] .,BBC,synth_Organization/TREx/P108.jsonl
965,Ian Hickson works for [MASK] .,Google,synth_Organization/TREx/P108.jsonl
967,Mark Kermode works for [MASK] .,BBC,synth_Organization/TREx/P108.jsonl
970,Steve Claridge works for [MASK] .,BBC,synth_Organization/TREx/P108.jsonl
971,Ed Logg works for [MASK] .,Atari,synth_Organization/TREx/P108.jsonl
972,Douglas Adams works for [MASK] .,BBC,synth_Organization/TREx/P108.jsonl
978,Ray Ozzie works for [MASK] .,Microsoft,synth_Organization/TREx/P108.jsonl
981,Mike Harrington works for [MASK] .,Microsoft,synth_Organization/TREx/P108.jsonl
986,James Naughtie works for [MASK] .,BBC,synth_Organization/TREx/P108.jsonl
992,Wynford Vaughan-Thomas works for [MASK] .,BBC,synth_Organization/TREx/P108.jsonl
995,Jackie Fullerton works for [MASK] .,BBC,synth_Organization/TREx/P108.jsonl
1000,Paul Otellini works for [MASK] .,Intel,synth_Organization/TREx/P108.jsonl
1003,David Hatch works for [MASK] .,BBC,synth_Organization/TREx/P108.jsonl
1005,"Jack Pease, 1st Baron Gainford works for [MASK] .",BBC,synth_Organization/TREx/P108.jsonl
1007,Jim Blinn works for [MASK] .,Microsoft,synth_Organization/TREx/P108.jsonl
1014,Ian Jacob works for [MASK] .,BBC,synth_Organization/TREx/P108.jsonl
1017,Hubert Gregg works for [MASK] .,BBC,synth_Organization/TREx/P108.jsonl
1019,Emma Willis works for [MASK] .,BBC,synth_Organization/TREx/P108.jsonl
1023,Cedric Messina works for [MASK] .,BBC,synth_Organization/TREx/P108.jsonl
1025,Adam Parsons works for [MASK] .,BBC,synth_Organization/TREx/P108.jsonl
1027,Charles P. de Saint-Aignan works for [MASK] .,IBM,synth_Organization/TREx/P108.jsonl
1029,Gavin Esler works for [MASK] .,BBC,synth_Organization/TREx/P108.jsonl
1030,Andy Kershaw works for [MASK] .,BBC,synth_Organization/TREx/P108.jsonl
1034,Hans Peter Luhn works for [MASK] .,IBM,synth_Organization/TREx/P108.jsonl
1037,Michael Grade works for [MASK] .,BBC,synth_Organization/TREx/P108.jsonl
1044,Sue Barker works for [MASK] .,BBC,synth_Organization/TREx/P108.jsonl
1047,Guido van Rossum works for [MASK] .,Google,synth_Organization/TREx/P108.jsonl
1048,John Howard Davies works for [MASK] .,BBC,synth_Organization/TREx/P108.jsonl
1049,Esther Rantzen works for [MASK] .,BBC,synth_Organization/TREx/P108.jsonl
1052,Martin Sixsmith works for [MASK] .,BBC,synth_Organization/TREx/P108.jsonl
1055,Philip Jenkinson works for [MASK] .,BBC,synth_Organization/TREx/P108.jsonl
1059,Harry Carpenter works for [MASK] .,BBC,synth_Organization/TREx/P108.jsonl
1060,Ian Bartlett works for [MASK] .,BBC,synth_Organization/TREx/P108.jsonl
1063,Clare Balding works for [MASK] .,BBC,synth_Organization/TREx/P108.jsonl
1066,Mike Cowlishaw works for [MASK] .,IBM,synth_Organization/TREx/P108.jsonl
1068,Peter Bromley works for [MASK] .,BBC,synth_Organization/TREx/P108.jsonl
1074,John Craven works for [MASK] .,BBC,synth_Organization/TREx/P108.jsonl
1075,Paul Dickenson works for [MASK] .,BBC,synth_Organization/TREx/P108.jsonl
1076,Mark Lawrenson works for [MASK] .,BBC,synth_Organization/TREx/P108.jsonl
1081,John Fellows Akers works for [MASK] .,IBM,synth_Organization/TREx/P108.jsonl
1086,Laura Trevelyan works for [MASK] .,BBC,synth_Organization/TREx/P108.jsonl
1088,Pete Atkin works for [MASK] .,BBC,synth_Organization/TREx/P108.jsonl
1089,Louis V. Gerstner works for [MASK] .,IBM,synth_Organization/TREx/P108.jsonl
1095,Eddie Jordan works for [MASK] .,BBC,synth_Organization/TREx/P108.jsonl
1096,Holly Rowe works for [MASK] .,ESPN,synth_Organization/TREx/P108.jsonl
1099,Sue MacGregor works for [MASK] .,BBC,synth_Organization/TREx/P108.jsonl
1100,Adrian van Hooydonk works for [MASK] .,BMW,synth_Organization/TREx/P108.jsonl
1103,John Rabe works for [MASK] .,Siemens,synth_Organization/TREx/P108.jsonl
1109,Scott Forstall works for [MASK] .,Apple,synth_Organization/TREx/P108.jsonl
1111,Simon Brett works for [MASK] .,BBC,synth_Organization/TREx/P108.jsonl
1113,Michaela Pereira works for [MASK] .,CNN,synth_Organization/TREx/P108.jsonl
1115,Mathew Horne works for [MASK] .,BBC,synth_Organization/TREx/P108.jsonl
1116,Kate Adie works for [MASK] .,BBC,synth_Organization/TREx/P108.jsonl
1118,Des Lynam works for [MASK] .,BBC,synth_Organization/TREx/P108.jsonl
1121,Irina Bokova works for [MASK] .,UNESCO,synth_Organization/TREx/P108.jsonl
1127,Angela Rippon works for [MASK] .,BBC,synth_Organization/TREx/P108.jsonl
1128,Mihir Bose works for [MASK] .,BBC,synth_Organization/TREx/P108.jsonl
1130,John Zachman works for [MASK] .,IBM,synth_Organization/TREx/P108.jsonl
1131,Alan Sugar works for [MASK] .,BBC,synth_Organization/TREx/P108.jsonl
1133,Barbara Sleigh works for [MASK] .,BBC,synth_Organization/TREx/P108.jsonl
1134,Beth Phoenix works for [MASK] .,WWE,synth_Organization/TREx/P108.jsonl
1136,Frank Gillard works for [MASK] .,BBC,synth_Organization/TREx/P108.jsonl
1139,Larry Hryb works for [MASK] .,Microsoft,synth_Organization/TREx/P108.jsonl
1145,Denis Johnston works for [MASK] .,BBC,synth_Organization/TREx/P108.jsonl
1146,Adam Schefter works for [MASK] .,ESPN,synth_Organization/TREx/P108.jsonl
1147,Graham John Hills works for [MASK] .,BBC,synth_Organization/TREx/P108.jsonl
1149,Jon Ronson works for [MASK] .,BBC,synth_Organization/TREx/P108.jsonl
1150,Rob Pike works for [MASK] .,Google,synth_Organization/TREx/P108.jsonl
1152,Ed Fries works for [MASK] .,Microsoft,synth_Organization/TREx/P108.jsonl
1156,Alain de Cadenet works for [MASK] .,ESPN,synth_Organization/TREx/P108.jsonl
1159,Lyse Doucet works for [MASK] .,BBC,synth_Organization/TREx/P108.jsonl
1160,Jef Raskin works for [MASK] .,Apple,synth_Organization/TREx/P108.jsonl
1163,Dennis Taylor works for [MASK] .,BBC,synth_Organization/TREx/P108.jsonl
1166,Michael Portillo works for [MASK] .,BBC,synth_Organization/TREx/P108.jsonl
1167,Gary Lineker works for [MASK] .,BBC,synth_Organization/TREx/P108.jsonl
1168,Cokie Roberts works for [MASK] .,NPR,synth_Organization/TREx/P108.jsonl
1170,David Dickinson works for [MASK] .,BBC,synth_Organization/TREx/P108.jsonl
1171,Jim McGrath works for [MASK] .,BBC,synth_Organization/TREx/P108.jsonl
1173,Hugh Darwen works for [MASK] .,IBM,synth_Organization/TREx/P108.jsonl
1175,Huw Wheldon works for [MASK] .,BBC,synth_Organization/TREx/P108.jsonl
1177,Verity Lambert works for [MASK] .,BBC,synth_Organization/TREx/P108.jsonl
1186,Dennis Hwang works for [MASK] .,Google,synth_Organization/TREx/P108.jsonl
1187,Shinichiro Sakurai works for [MASK] .,Nissan,synth_Organization/TREx/P108.jsonl
1190,Noel Edmonds works for [MASK] .,BBC,synth_Organization/TREx/P108.jsonl
1192,Tony Fadell works for [MASK] .,Apple,synth_Organization/TREx/P108.jsonl
1195,Zai Bennett works for [MASK] .,BBC,synth_Organization/TREx/P108.jsonl
1197,Robert Scoble works for [MASK] .,Microsoft,synth_Organization/TREx/P108.jsonl
1200,Sydney Newman works for [MASK] .,BBC,synth_Organization/TREx/P108.jsonl
1204,Ian Trethowan works for [MASK] .,BBC,synth_Organization/TREx/P108.jsonl
1205,Mark Easton works for [MASK] .,BBC,synth_Organization/TREx/P108.jsonl
1206,Cliff Morgan works for [MASK] .,BBC,synth_Organization/TREx/P108.jsonl
1207,Christopher Martin-Jenkins works for [MASK] .,BBC,synth_Organization/TREx/P108.jsonl
1213,Nick Pollard works for [MASK] .,BBC,synth_Organization/TREx/P108.jsonl
1214,John Humphrys works for [MASK] .,BBC,synth_Organization/TREx/P108.jsonl
1216,Esko Aho works for [MASK] .,Nokia,synth_Organization/TREx/P108.jsonl
1217,Adrian Chiles works for [MASK] .,BBC,synth_Organization/TREx/P108.jsonl
1218,Christine Bleakley works for [MASK] .,BBC,synth_Organization/TREx/P108.jsonl
1220,Meirion Jones works for [MASK] .,BBC,synth_Organization/TREx/P108.jsonl
1223,Barry Davies works for [MASK] .,BBC,synth_Organization/TREx/P108.jsonl
1226,Tom Ashbrook works for [MASK] .,NPR,synth_Organization/TREx/P108.jsonl
1227,Nick Clarke works for [MASK] .,BBC,synth_Organization/TREx/P108.jsonl
1228,Zeinab Badawi works for [MASK] .,BBC,synth_Organization/TREx/P108.jsonl
1229,Magnus Magnusson works for [MASK] .,BBC,synth_Organization/TREx/P108.jsonl
1230,Mai Jones works for [MASK] .,BBC,synth_Organization/TREx/P108.jsonl
1231,Jeremy Vine works for [MASK] .,BBC,synth_Organization/TREx/P108.jsonl
1235,Suzanne Virdee works for [MASK] .,BBC,synth_Organization/TREx/P108.jsonl
1237,Janice Hadlow works for [MASK] .,BBC,synth_Organization/TREx/P108.jsonl
1238,Ben Stephenson works for [MASK] .,BBC,synth_Organization/TREx/P108.jsonl
1239,Vassos Alexander works for [MASK] .,BBC,synth_Organization/TREx/P108.jsonl
1241,James Moir works for [MASK] .,BBC,synth_Organization/TREx/P108.jsonl
1244,Merfyn Jones works for [MASK] .,BBC,synth_Organization/TREx/P108.jsonl
1246,Jana Bennett works for [MASK] .,BBC,synth_Organization/TREx/P108.jsonl
1250,Jonathan Agnew works for [MASK] .,BBC,synth_Organization/TREx/P108.jsonl
1251,Fred Silverman works for [MASK] .,CBS,synth_Organization/TREx/P108.jsonl
1252,Edward Curtis Wells works for [MASK] .,Boeing,synth_Organization/TREx/P108.jsonl
1254,Marilyn Imrie works for [MASK] .,BBC,synth_Organization/TREx/P108.jsonl
1256,Kai-Fu Lee works for [MASK] .,Microsoft,synth_Organization/TREx/P108.jsonl
1257,Joe Belfiore works for [MASK] .,Microsoft,synth_Organization/TREx/P108.jsonl
1261,"Pauline Neville-Jones, Baroness Neville-Jones works for [MASK] .",BBC,synth_Organization/TREx/P108.jsonl
1264,Wietse Venema works for [MASK] .,IBM,synth_Organization/TREx/P108.jsonl
1265,Mike Dibb works for [MASK] .,BBC,synth_Organization/TREx/P108.jsonl
1266,Michael Buerk works for [MASK] .,BBC,synth_Organization/TREx/P108.jsonl
1267,Freda Lingstrom works for [MASK] .,BBC,synth_Organization/TREx/P108.jsonl
1269,Craig Federighi works for [MASK] .,Apple,synth_Organization/TREx/P108.jsonl
1273,Ray Kurzweil works for [MASK] .,Google,synth_Organization/TREx/P108.jsonl
1283,Stephanie Flanders works for [MASK] .,BBC,synth_Organization/TREx/P108.jsonl
1284,Lorraine Newman works for [MASK] .,BBC,synth_Organization/TREx/P108.jsonl
1286,Adam Amin works for [MASK] .,ESPN,synth_Organization/TREx/P108.jsonl
1288,Jane Root works for [MASK] .,BBC,synth_Organization/TREx/P108.jsonl
1289,Eddy Cue works for [MASK] .,Apple,synth_Organization/TREx/P108.jsonl
1291,Julia Somerville works for [MASK] .,BBC,synth_Organization/TREx/P108.jsonl
1293,Jeff Zucker works for [MASK] .,CNN,synth_Organization/TREx/P108.jsonl
1295,Eleanor Oldroyd works for [MASK] .,BBC,synth_Organization/TREx/P108.jsonl
1296,Eddie Mair works for [MASK] .,BBC,synth_Organization/TREx/P108.jsonl
1298,Terry Myerson works for [MASK] .,Microsoft,synth_Organization/TREx/P108.jsonl
1302,Dermot O'Leary works for [MASK] .,BBC,synth_Organization/TREx/P108.jsonl
1304,Stephen Sackur works for [MASK] .,BBC,synth_Organization/TREx/P108.jsonl
1307,Tony Reali works for [MASK] .,ESPN,synth_Organization/TREx/P108.jsonl
1309,Mark Penn works for [MASK] .,Microsoft,synth_Organization/TREx/P108.jsonl
1310,Vint Cerf works for [MASK] .,Google,synth_Organization/TREx/P108.jsonl
1311,Moira Stuart works for [MASK] .,BBC,synth_Organization/TREx/P108.jsonl
1312,Ward Cunningham works for [MASK] .,Microsoft,synth_Organization/TREx/P108.jsonl
1313,Phil Harrison works for [MASK] .,Microsoft,synth_Organization/TREx/P108.jsonl
1316,Val Gielgud works for [MASK] .,BBC,synth_Organization/TREx/P108.jsonl
1317,Tatsumi Kimishima works for [MASK] .,Nintendo,synth_Organization/TREx/P108.jsonl
1319,Fred Brooks works for [MASK] .,IBM,synth_Organization/TREx/P108.jsonl
1320,Martin Esslin works for [MASK] .,BBC,synth_Organization/TREx/P108.jsonl
1322,Bryant Tuckerman works for [MASK] .,IBM,synth_Organization/TREx/P108.jsonl
1323,Charles Goldfarb works for [MASK] .,IBM,synth_Organization/TREx/P108.jsonl
1325,Martin M. Wattenberg works for [MASK] .,IBM,synth_Organization/TREx/P108.jsonl
1326,Ronnie Waldman works for [MASK] .,BBC,synth_Organization/TREx/P108.jsonl
1329,Tim Davie works for [MASK] .,BBC,synth_Organization/TREx/P108.jsonl
1331,"Tony Hall, Baron Hall of Birkenhead works for [MASK] .",BBC,synth_Organization/TREx/P108.jsonl
1333,Innes Lloyd works for [MASK] .,BBC,synth_Organization/TREx/P108.jsonl
1336,William Crawley works for [MASK] .,BBC,synth_Organization/TREx/P108.jsonl
1340,Carolyn Quinn works for [MASK] .,BBC,synth_Organization/TREx/P108.jsonl
1341,Samira Ahmed works for [MASK] .,BBC,synth_Organization/TREx/P108.jsonl
1342,Robert Dougall works for [MASK] .,BBC,synth_Organization/TREx/P108.jsonl
1343,Reynold B. Johnson works for [MASK] .,IBM,synth_Organization/TREx/P108.jsonl
1344,Arash Markazi works for [MASK] .,ESPN,synth_Organization/TREx/P108.jsonl
1346,Philip Mould works for [MASK] .,BBC,synth_Organization/TREx/P108.jsonl
1347,Chris Langham works for [MASK] .,BBC,synth_Organization/TREx/P108.jsonl
1348,Ray Stubbs works for [MASK] .,BBC,synth_Organization/TREx/P108.jsonl
1349,Robert J. Bach works for [MASK] .,Microsoft,synth_Organization/TREx/P108.jsonl
1351,"Marmaduke Hussey, Baron Hussey of North Bradley works for [MASK] .",BBC,synth_Organization/TREx/P108.jsonl
1352,Johnny Beerling works for [MASK] .,BBC,synth_Organization/TREx/P108.jsonl
1353,Allan Little works for [MASK] .,BBC,synth_Organization/TREx/P108.jsonl
1355,Kate Silverton works for [MASK] .,BBC,synth_Organization/TREx/P108.jsonl
1358,Emily Maitlis works for [MASK] .,BBC,synth_Organization/TREx/P108.jsonl
1360,Lorne Spicer works for [MASK] .,BBC,synth_Organization/TREx/P108.jsonl
1363,Will Wyatt works for [MASK] .,BBC,synth_Organization/TREx/P108.jsonl
1365,Peter Fincham works for [MASK] .,BBC,synth_Organization/TREx/P108.jsonl
1366,John Timpson works for [MASK] .,BBC,synth_Organization/TREx/P108.jsonl
1367,Jon Sopel works for [MASK] .,BBC,synth_Organization/TREx/P108.jsonl
1371,Peter Sissons works for [MASK] .,BBC,synth_Organization/TREx/P108.jsonl
1372,Peter Horrocks works for [MASK] .,BBC,synth_Organization/TREx/P108.jsonl
1374,Frank Bough works for [MASK] .,BBC,synth_Organization/TREx/P108.jsonl
1375,Mishal Husain works for [MASK] .,BBC,synth_Organization/TREx/P108.jsonl
1376,Rigsy works for [MASK] .,BBC,synth_Organization/TREx/P108.jsonl
1380,Ellen Hancock works for [MASK] .,IBM,synth_Organization/TREx/P108.jsonl
1381,Paddy O'Connell works for [MASK] .,BBC,synth_Organization/TREx/P108.jsonl
1383,Ed Zschau works for [MASK] .,IBM,synth_Organization/TREx/P108.jsonl
1386,Jan Leeming works for [MASK] .,BBC,synth_Organization/TREx/P108.jsonl
1388,Peter Haigh works for [MASK] .,BBC,synth_Organization/TREx/P108.jsonl
1389,Jean Metcalfe works for [MASK] .,BBC,synth_Organization/TREx/P108.jsonl
1390,Delia Derbyshire works for [MASK] .,BBC,synth_Organization/TREx/P108.jsonl
1391,Don Coppersmith works for [MASK] .,IBM,synth_Organization/TREx/P108.jsonl
1392,Steve Cram works for [MASK] .,BBC,synth_Organization/TREx/P108.jsonl
1395,Charles Chilton works for [MASK] .,BBC,synth_Organization/TREx/P108.jsonl
1398,Nicholas Witchell works for [MASK] .,BBC,synth_Organization/TREx/P108.jsonl
1399,Michael Bakewell works for [MASK] .,BBC,synth_Organization/TREx/P108.jsonl
1402,"Ian Fraser, Baron Fraser of Lonsdale works for [MASK] .",BBC,synth_Organization/TREx/P108.jsonl
1404,John R. Opel works for [MASK] .,IBM,synth_Organization/TREx/P108.jsonl
1405,Andy Wilman works for [MASK] .,BBC,synth_Organization/TREx/P108.jsonl
1406,Henry Swanzy works for [MASK] .,BBC,synth_Organization/TREx/P108.jsonl
