,sent,gold,filename
6,macOS is developed by [MASK] .,Apple,synth_Organization/TREx/P178.jsonl
230,iOS is developed by [MASK] .,Apple,synth_Organization/TREx/P178.jsonl
393,Safari is developed by [MASK] .,Apple,synth_Organization/TREx/P178.jsonl
400,iLife is developed by [MASK] .,Apple,synth_Organization/TREx/P178.jsonl
418,iWork is developed by [MASK] .,Apple,synth_Organization/TREx/P178.jsonl
437,PostScript is developed by [MASK] .,Adobe,synth_Organization/TREx/P178.jsonl
462,IBM AIX is developed by [MASK] .,IBM,synth_Organization/TREx/P178.jsonl
533,Applesoft BASIC is developed by [MASK] .,Microsoft,synth_Organization/TREx/P178.jsonl
540,Active Directory is developed by [MASK] .,Microsoft,synth_Organization/TREx/P178.jsonl
555,Windows Vista is developed by [MASK] .,Microsoft,synth_Organization/TREx/P178.jsonl
665,Internet Explorer is developed by [MASK] .,Microsoft,synth_Organization/TREx/P178.jsonl
803,Outlook Express is developed by [MASK] .,Microsoft,synth_Organization/TREx/P178.jsonl
809,Microsoft Outlook is developed by [MASK] .,Microsoft,synth_Organization/TREx/P178.jsonl
822,B-17 Flying Fortress is developed by [MASK] .,Boeing,synth_Organization/TREx/P178.jsonl
891,DirectX is developed by [MASK] .,Microsoft,synth_Organization/TREx/P178.jsonl
926,Microsoft Windows is developed by [MASK] .,Microsoft,synth_Organization/TREx/P178.jsonl
1568,Xbox 360 is developed by [MASK] .,Microsoft,synth_Organization/TREx/P178.jsonl
1663,Xbox One is developed by [MASK] .,Microsoft,synth_Organization/TREx/P178.jsonl
1708,Microsoft Internet Explorer 4 is developed by [MASK] .,Microsoft,synth_Organization/TREx/P178.jsonl
1715,Itanium is developed by [MASK] .,Intel,synth_Organization/TREx/P178.jsonl
1784,MS-DOS is developed by [MASK] .,Microsoft,synth_Organization/TREx/P178.jsonl
1856,Fortran is developed by [MASK] .,IBM,synth_Organization/TREx/P178.jsonl
1867,GW-BASIC is developed by [MASK] .,Microsoft,synth_Organization/TREx/P178.jsonl
1876,Windows 1.0 is developed by [MASK] .,Microsoft,synth_Organization/TREx/P178.jsonl
1893,ASIMO is developed by [MASK] .,Honda,synth_Organization/TREx/P178.jsonl
1907,Nintendo 2DS is developed by [MASK] .,Nintendo,synth_Organization/TREx/P178.jsonl
1917,Nintendo 3DS is developed by [MASK] .,Nintendo,synth_Organization/TREx/P178.jsonl
2047,IA-32 is developed by [MASK] .,Intel,synth_Organization/TREx/P178.jsonl
2061,Intel 8086 is developed by [MASK] .,Intel,synth_Organization/TREx/P178.jsonl
2079,Intel 80386 is developed by [MASK] .,Intel,synth_Organization/TREx/P178.jsonl
2102,Intel 80486SX is developed by [MASK] .,Intel,synth_Organization/TREx/P178.jsonl
2113,Intel 80486 is developed by [MASK] .,Intel,synth_Organization/TREx/P178.jsonl
2130,Windows 10 is developed by [MASK] .,Microsoft,synth_Organization/TREx/P178.jsonl
2173,IA-64 is developed by [MASK] .,Intel,synth_Organization/TREx/P178.jsonl
2189,Pentium II is developed by [MASK] .,Intel,synth_Organization/TREx/P178.jsonl
2217,Lotus 1-2-3 is developed by [MASK] .,IBM,synth_Organization/TREx/P178.jsonl
2223,Microsoft Excel is developed by [MASK] .,Microsoft,synth_Organization/TREx/P178.jsonl
2239,Microsoft Office is developed by [MASK] .,Microsoft,synth_Organization/TREx/P178.jsonl
2285,Microsoft Surface is developed by [MASK] .,Microsoft,synth_Organization/TREx/P178.jsonl
2293,MVS is developed by [MASK] .,IBM,synth_Organization/TREx/P178.jsonl
2316,Xenix is developed by [MASK] .,Microsoft,synth_Organization/TREx/P178.jsonl
2323,Microsoft Word is developed by [MASK] .,Microsoft,synth_Organization/TREx/P178.jsonl
2560,Mac OS 9 is developed by [MASK] .,Apple,synth_Organization/TREx/P178.jsonl
2573,macOS Server is developed by [MASK] .,Apple,synth_Organization/TREx/P178.jsonl
2621,MSX-DOS is developed by [MASK] .,Microsoft,synth_Organization/TREx/P178.jsonl
2625,Windows 95 is developed by [MASK] .,Microsoft,synth_Organization/TREx/P178.jsonl
2670,MiniDisc is developed by [MASK] .,Sony,synth_Organization/TREx/P178.jsonl
2682,Internet Information Services is developed by [MASK] .,Microsoft,synth_Organization/TREx/P178.jsonl
2707,Microsoft Visual Studio is developed by [MASK] .,Microsoft,synth_Organization/TREx/P178.jsonl
2783,Windows 98 is developed by [MASK] .,Microsoft,synth_Organization/TREx/P178.jsonl
2803,Windows NT 4.0 is developed by [MASK] .,Microsoft,synth_Organization/TREx/P178.jsonl
2813,Microsoft FrontPage is developed by [MASK] .,Microsoft,synth_Organization/TREx/P178.jsonl
2820,Mac OS X Panther is developed by [MASK] .,Apple,synth_Organization/TREx/P178.jsonl
2853,Pentium 4 is developed by [MASK] .,Intel,synth_Organization/TREx/P178.jsonl
2904,ISPF is developed by [MASK] .,IBM,synth_Organization/TREx/P178.jsonl
2910,XEDIT is developed by [MASK] .,IBM,synth_Organization/TREx/P178.jsonl
2911,Yahoo! Messenger is developed by [MASK] .,Yahoo,synth_Organization/TREx/P178.jsonl
2922,Pentium M is developed by [MASK] .,Intel,synth_Organization/TREx/P178.jsonl
2943,Microsoft BASIC is developed by [MASK] .,Microsoft,synth_Organization/TREx/P178.jsonl
3014,Adobe Dreamweaver is developed by [MASK] .,Adobe,synth_Organization/TREx/P178.jsonl
3036,MobileMe is developed by [MASK] .,Apple,synth_Organization/TREx/P178.jsonl
3077,Zaxxon is developed by [MASK] .,Sega,synth_Organization/TREx/P178.jsonl
3083,Windows NT is developed by [MASK] .,Microsoft,synth_Organization/TREx/P178.jsonl
3127,Visual Basic .NET is developed by [MASK] .,Microsoft,synth_Organization/TREx/P178.jsonl
3137,NetBurst is developed by [MASK] .,Intel,synth_Organization/TREx/P178.jsonl
3150,Core 2 is developed by [MASK] .,Intel,synth_Organization/TREx/P178.jsonl
3173,Microsoft Internet Explorer 6 is developed by [MASK] .,Microsoft,synth_Organization/TREx/P178.jsonl
3182,Adobe Flash is developed by [MASK] .,Adobe,synth_Organization/TREx/P178.jsonl
3232,Adobe Flash Builder is developed by [MASK] .,Adobe,synth_Organization/TREx/P178.jsonl
3236,Symbian is developed by [MASK] .,Nokia,synth_Organization/TREx/P178.jsonl
3308,Windows Phone is developed by [MASK] .,Microsoft,synth_Organization/TREx/P178.jsonl
3370,Mario franchise is developed by [MASK] .,Nintendo,synth_Organization/TREx/P178.jsonl
3377,Pentium is developed by [MASK] .,Intel,synth_Organization/TREx/P178.jsonl
3416,Adobe Photoshop Elements is developed by [MASK] .,Adobe,synth_Organization/TREx/P178.jsonl
3421,Adobe Photoshop Lightroom is developed by [MASK] .,Adobe,synth_Organization/TREx/P178.jsonl
3429,MacPaint is developed by [MASK] .,Apple,synth_Organization/TREx/P178.jsonl
3502,Mac OS X 10.2 is developed by [MASK] .,Apple,synth_Organization/TREx/P178.jsonl
3508,XScale is developed by [MASK] .,Intel,synth_Organization/TREx/P178.jsonl
3514,Wii U is developed by [MASK] .,Nintendo,synth_Organization/TREx/P178.jsonl
3600,Visual Basic Script is developed by [MASK] .,Microsoft,synth_Organization/TREx/P178.jsonl
3606,Microsoft Visio is developed by [MASK] .,Microsoft,synth_Organization/TREx/P178.jsonl
3609,Windows XP is developed by [MASK] .,Microsoft,synth_Organization/TREx/P178.jsonl
3672,Windows 2000 is developed by [MASK] .,Microsoft,synth_Organization/TREx/P178.jsonl
3699,Windows Media Audio is developed by [MASK] .,Microsoft,synth_Organization/TREx/P178.jsonl
3710,Intel 80186 is developed by [MASK] .,Intel,synth_Organization/TREx/P178.jsonl
3711,Intel 80286 is developed by [MASK] .,Intel,synth_Organization/TREx/P178.jsonl
3715,"Audio Video Interleave, version 1.0 is developed by [MASK] .",Microsoft,synth_Organization/TREx/P178.jsonl
3717,NTFS is developed by [MASK] .,Microsoft,synth_Organization/TREx/P178.jsonl
3726,IBM System i is developed by [MASK] .,IBM,synth_Organization/TREx/P178.jsonl
3781,IBM i is developed by [MASK] .,IBM,synth_Organization/TREx/P178.jsonl
3822,Alex Kidd is developed by [MASK] .,Sega,synth_Organization/TREx/P178.jsonl
3844,Windows 8 is developed by [MASK] .,Microsoft,synth_Organization/TREx/P178.jsonl
3902,ThinkPad is developed by [MASK] .,IBM,synth_Organization/TREx/P178.jsonl
3921,iPod is developed by [MASK] .,Apple,synth_Organization/TREx/P178.jsonl
4001,HyperTalk is developed by [MASK] .,Apple,synth_Organization/TREx/P178.jsonl
4004,HyperCard is developed by [MASK] .,Apple,synth_Organization/TREx/P178.jsonl
4025,The Legend of Zelda is developed by [MASK] .,Nintendo,synth_Organization/TREx/P178.jsonl
4077,Apple Remote Desktop is developed by [MASK] .,Apple,synth_Organization/TREx/P178.jsonl
4082,Gmail is developed by [MASK] .,Google,synth_Organization/TREx/P178.jsonl
4128,Xcode is developed by [MASK] .,Apple,synth_Organization/TREx/P178.jsonl
4142,Mac OS X Snow Leopard is developed by [MASK] .,Apple,synth_Organization/TREx/P178.jsonl
4160,Microsoft Office 2007 is developed by [MASK] .,Microsoft,synth_Organization/TREx/P178.jsonl
4181,EA-18G Growler is developed by [MASK] .,Boeing,synth_Organization/TREx/P178.jsonl
4183,High Level Shader Language is developed by [MASK] .,Microsoft,synth_Organization/TREx/P178.jsonl
4191,Microsoft PowerPoint is developed by [MASK] .,Microsoft,synth_Organization/TREx/P178.jsonl
4209,Xbox Live is developed by [MASK] .,Microsoft,synth_Organization/TREx/P178.jsonl
4254,Intel Core is developed by [MASK] .,Intel,synth_Organization/TREx/P178.jsonl
4264,Windows Embedded Compact is developed by [MASK] .,Microsoft,synth_Organization/TREx/P178.jsonl
4291,NTLDR is developed by [MASK] .,Microsoft,synth_Organization/TREx/P178.jsonl
4293,Windows Server 2003 is developed by [MASK] .,Microsoft,synth_Organization/TREx/P178.jsonl
4308,Windows Server 2008 is developed by [MASK] .,Microsoft,synth_Organization/TREx/P178.jsonl
4327,Google Maps is developed by [MASK] .,Google,synth_Organization/TREx/P178.jsonl
4365,G Suite is developed by [MASK] .,Google,synth_Organization/TREx/P178.jsonl
4387,Microsoft Picture It! is developed by [MASK] .,Microsoft,synth_Organization/TREx/P178.jsonl
4389,Nintendo DSi is developed by [MASK] .,Nintendo,synth_Organization/TREx/P178.jsonl
4442,REXX is developed by [MASK] .,IBM,synth_Organization/TREx/P178.jsonl
4451,Newsstand is developed by [MASK] .,Apple,synth_Organization/TREx/P178.jsonl
4457,Windows Live Messenger is developed by [MASK] .,Microsoft,synth_Organization/TREx/P178.jsonl
4477,CICS is developed by [MASK] .,IBM,synth_Organization/TREx/P178.jsonl
4492,Google Street View is developed by [MASK] .,Google,synth_Organization/TREx/P178.jsonl
4511,Soundtrack Pro is developed by [MASK] .,Apple,synth_Organization/TREx/P178.jsonl
4516,Super Monaco GP is developed by [MASK] .,Sega,synth_Organization/TREx/P178.jsonl
4521,Windows Media Player is developed by [MASK] .,Microsoft,synth_Organization/TREx/P178.jsonl
4540,Google Checkout is developed by [MASK] .,Google,synth_Organization/TREx/P178.jsonl
4542,Virtual Console is developed by [MASK] .,Nintendo,synth_Organization/TREx/P178.jsonl
4583,Google Pay Send is developed by [MASK] .,Google,synth_Organization/TREx/P178.jsonl
4588,.NET Framework is developed by [MASK] .,Microsoft,synth_Organization/TREx/P178.jsonl
4690,System 7 is developed by [MASK] .,Apple,synth_Organization/TREx/P178.jsonl
4725,Windows Malicious Software Removal Tool is developed by [MASK] .,Microsoft,synth_Organization/TREx/P178.jsonl
4732,Windows Update is developed by [MASK] .,Microsoft,synth_Organization/TREx/P178.jsonl
4758,B-52 Stratofortress is developed by [MASK] .,Boeing,synth_Organization/TREx/P178.jsonl
4795,Google Account is developed by [MASK] .,Google,synth_Organization/TREx/P178.jsonl
4806,Google Groups is developed by [MASK] .,Google,synth_Organization/TREx/P178.jsonl
4817,Google File System is developed by [MASK] .,Google,synth_Organization/TREx/P178.jsonl
4826,Zune is developed by [MASK] .,Microsoft,synth_Organization/TREx/P178.jsonl
4873,Windows Phone 8 is developed by [MASK] .,Microsoft,synth_Organization/TREx/P178.jsonl
4919,Windows Genuine Advantage is developed by [MASK] .,Microsoft,synth_Organization/TREx/P178.jsonl
4926,Windows 2.0 is developed by [MASK] .,Microsoft,synth_Organization/TREx/P178.jsonl
4928,FairPlay is developed by [MASK] .,Apple,synth_Organization/TREx/P178.jsonl
4949,Google Talk is developed by [MASK] .,Google,synth_Organization/TREx/P178.jsonl
4964,Windows Media Video is developed by [MASK] .,Microsoft,synth_Organization/TREx/P178.jsonl
4977,Windows Embedded is developed by [MASK] .,Microsoft,synth_Organization/TREx/P178.jsonl
4993,IBM Rational Unified Process is developed by [MASK] .,IBM,synth_Organization/TREx/P178.jsonl
4999,Zero configuration networking is developed by [MASK] .,Apple,synth_Organization/TREx/P178.jsonl
5004,Windows Internet Explorer 7 is developed by [MASK] .,Microsoft,synth_Organization/TREx/P178.jsonl
5047,Donkey Kong is developed by [MASK] .,Nintendo,synth_Organization/TREx/P178.jsonl
5093,Google AdSense is developed by [MASK] .,Google,synth_Organization/TREx/P178.jsonl
5111,Thunder Blade is developed by [MASK] .,Sega,synth_Organization/TREx/P178.jsonl
5112,Windows 7 is developed by [MASK] .,Microsoft,synth_Organization/TREx/P178.jsonl
5161,Windows 8.1 is developed by [MASK] .,Microsoft,synth_Organization/TREx/P178.jsonl
5177,Windows Server 2012 is developed by [MASK] .,Microsoft,synth_Organization/TREx/P178.jsonl
5181,Dynamic-link library is developed by [MASK] .,Microsoft,synth_Organization/TREx/P178.jsonl
5195,B-29 Superfortress is developed by [MASK] .,Boeing,synth_Organization/TREx/P178.jsonl
5236,Airbus A350 is developed by [MASK] .,Airbus,synth_Organization/TREx/P178.jsonl
5248,SonicStage is developed by [MASK] .,Sony,synth_Organization/TREx/P178.jsonl
5257,IBM Type-III Library is developed by [MASK] .,IBM,synth_Organization/TREx/P178.jsonl
5261,TSS/360 is developed by [MASK] .,IBM,synth_Organization/TREx/P178.jsonl
5264,Process Explorer is developed by [MASK] .,Microsoft,synth_Organization/TREx/P178.jsonl
5266,Apple DOS is developed by [MASK] .,Apple,synth_Organization/TREx/P178.jsonl
5272,Baku Baku Animal is developed by [MASK] .,Sega,synth_Organization/TREx/P178.jsonl
5276,Digital Negative is developed by [MASK] .,Adobe,synth_Organization/TREx/P178.jsonl
5292,Windows Live Writer is developed by [MASK] .,Microsoft,synth_Organization/TREx/P178.jsonl
5295,OS X Mountain Lion is developed by [MASK] .,Apple,synth_Organization/TREx/P178.jsonl
5313,OneDrive is developed by [MASK] .,Microsoft,synth_Organization/TREx/P178.jsonl
5320,Golden Axe is developed by [MASK] .,Sega,synth_Organization/TREx/P178.jsonl
5328,Altered Beast is developed by [MASK] .,Sega,synth_Organization/TREx/P178.jsonl
5331,Yakuza 2 is developed by [MASK] .,Sega,synth_Organization/TREx/P178.jsonl
5335,Yakuza is developed by [MASK] .,Sega,synth_Organization/TREx/P178.jsonl
5339,Microsoft Exchange Server is developed by [MASK] .,Microsoft,synth_Organization/TREx/P178.jsonl
5359,Time Sharing Option is developed by [MASK] .,IBM,synth_Organization/TREx/P178.jsonl
5362,Microsoft Office Mobile is developed by [MASK] .,Microsoft,synth_Organization/TREx/P178.jsonl
5364,iGoogle is developed by [MASK] .,Google,synth_Organization/TREx/P178.jsonl
5381,Google Desktop is developed by [MASK] .,Google,synth_Organization/TREx/P178.jsonl
5389,ASCI Red is developed by [MASK] .,Intel,synth_Organization/TREx/P178.jsonl
5393,Picasa is developed by [MASK] .,Google,synth_Organization/TREx/P178.jsonl
5404,IBM Db2 is developed by [MASK] .,IBM,synth_Organization/TREx/P178.jsonl
5418,Google Earth is developed by [MASK] .,Google,synth_Organization/TREx/P178.jsonl
5428,Windows Live OneCare is developed by [MASK] .,Microsoft,synth_Organization/TREx/P178.jsonl
5438,Google Ads is developed by [MASK] .,Google,synth_Organization/TREx/P178.jsonl
5457,QuickTime VR is developed by [MASK] .,Apple,synth_Organization/TREx/P178.jsonl
5470,Microsoft Silverlight is developed by [MASK] .,Microsoft,synth_Organization/TREx/P178.jsonl
5497,iPod Touch is developed by [MASK] .,Apple,synth_Organization/TREx/P178.jsonl
5546,Synchronized Accessible Media Interchange is developed by [MASK] .,Microsoft,synth_Organization/TREx/P178.jsonl
5548,Microsoft Compiled HTML Help is developed by [MASK] .,Microsoft,synth_Organization/TREx/P178.jsonl
5552,OpenAFS is developed by [MASK] .,IBM,synth_Organization/TREx/P178.jsonl
5554,Andrew File System is developed by [MASK] .,IBM,synth_Organization/TREx/P178.jsonl
5563,Sandy Bridge is developed by [MASK] .,Intel,synth_Organization/TREx/P178.jsonl
5596,Vector Markup Language is developed by [MASK] .,Microsoft,synth_Organization/TREx/P178.jsonl
5601,Amazon Fire TV is developed by [MASK] .,Amazon,synth_Organization/TREx/P178.jsonl
5608,IBM Tivoli Workload Scheduler is developed by [MASK] .,IBM,synth_Organization/TREx/P178.jsonl
5611,IBM Rational Rose XDE is developed by [MASK] .,IBM,synth_Organization/TREx/P178.jsonl
5627,IBM VisualAge is developed by [MASK] .,IBM,synth_Organization/TREx/P178.jsonl
5636,QuickDraw is developed by [MASK] .,Apple,synth_Organization/TREx/P178.jsonl
5642,ColorSync is developed by [MASK] .,Apple,synth_Organization/TREx/P178.jsonl
5651,AppleScript is developed by [MASK] .,Apple,synth_Organization/TREx/P178.jsonl
5667,OpenDoc is developed by [MASK] .,Apple,synth_Organization/TREx/P178.jsonl
5673,Meta Content Framework is developed by [MASK] .,Apple,synth_Organization/TREx/P178.jsonl
5679,Squeak is developed by [MASK] .,Apple,synth_Organization/TREx/P178.jsonl
5683,iPod shuffle is developed by [MASK] .,Apple,synth_Organization/TREx/P178.jsonl
5687,Windows Communication Foundation is developed by [MASK] .,Microsoft,synth_Organization/TREx/P178.jsonl
5705,Heavyweight Champ is developed by [MASK] .,Sega,synth_Organization/TREx/P178.jsonl
5710,Virtual Telecommunications Access Method is developed by [MASK] .,IBM,synth_Organization/TREx/P178.jsonl
5711,Resource Access Control Facility is developed by [MASK] .,IBM,synth_Organization/TREx/P178.jsonl
5730,IBM Network Control Program is developed by [MASK] .,IBM,synth_Organization/TREx/P178.jsonl
5748,Microsoft Plus! is developed by [MASK] .,Microsoft,synth_Organization/TREx/P178.jsonl
5755,Google Play is developed by [MASK] .,Google,synth_Organization/TREx/P178.jsonl
5837,iDisk is developed by [MASK] .,Apple,synth_Organization/TREx/P178.jsonl
5844,iCloud is developed by [MASK] .,Apple,synth_Organization/TREx/P178.jsonl
5882,OS X Yosemite is developed by [MASK] .,Apple,synth_Organization/TREx/P178.jsonl
5891,iOS 8 is developed by [MASK] .,Apple,synth_Organization/TREx/P178.jsonl
5898,iMovie is developed by [MASK] .,Apple,synth_Organization/TREx/P178.jsonl
5907,GarageBand is developed by [MASK] .,Apple,synth_Organization/TREx/P178.jsonl
5921,Mac OS X Tiger is developed by [MASK] .,Apple,synth_Organization/TREx/P178.jsonl
5937,Advanced Systems Format is developed by [MASK] .,Microsoft,synth_Organization/TREx/P178.jsonl
5940,Metroid is developed by [MASK] .,Nintendo,synth_Organization/TREx/P178.jsonl
5973,Siri is developed by [MASK] .,Apple,synth_Organization/TREx/P178.jsonl
6015,Super Audio CD is developed by [MASK] .,Sony,synth_Organization/TREx/P178.jsonl
6019,Microsoft Robotics Developer Studio is developed by [MASK] .,Microsoft,synth_Organization/TREx/P178.jsonl
6028,B-47 Stratojet is developed by [MASK] .,Boeing,synth_Organization/TREx/P178.jsonl
6052,Attached Support Processor is developed by [MASK] .,IBM,synth_Organization/TREx/P178.jsonl
6060,TypeScript is developed by [MASK] .,Microsoft,synth_Organization/TREx/P178.jsonl
6066,Pentium III is developed by [MASK] .,Intel,synth_Organization/TREx/P178.jsonl
6097,App Store is developed by [MASK] .,Apple,synth_Organization/TREx/P178.jsonl
6125,iPod Nano is developed by [MASK] .,Apple,synth_Organization/TREx/P178.jsonl
6136,Microsoft Access is developed by [MASK] .,Microsoft,synth_Organization/TREx/P178.jsonl
6138,Google Patents is developed by [MASK] .,Google,synth_Organization/TREx/P178.jsonl
6142,Sega Smash Pack is developed by [MASK] .,Sega,synth_Organization/TREx/P178.jsonl
6145,IBM Generalized Markup Language is developed by [MASK] .,IBM,synth_Organization/TREx/P178.jsonl
6152,IBM WebSphere MQ is developed by [MASK] .,IBM,synth_Organization/TREx/P178.jsonl
6172,IBM RPG II is developed by [MASK] .,IBM,synth_Organization/TREx/P178.jsonl
6173,iTunes Radio is developed by [MASK] .,Apple,synth_Organization/TREx/P178.jsonl
6181,Apple Watch is developed by [MASK] .,Apple,synth_Organization/TREx/P178.jsonl
6196,Bing Maps is developed by [MASK] .,Microsoft,synth_Organization/TREx/P178.jsonl
6201,iPod Classic is developed by [MASK] .,Apple,synth_Organization/TREx/P178.jsonl
6218,WinDbg is developed by [MASK] .,Microsoft,synth_Organization/TREx/P178.jsonl
6222,Journaled File System is developed by [MASK] .,IBM,synth_Organization/TREx/P178.jsonl
6227,IBM General Parallel File System is developed by [MASK] .,IBM,synth_Organization/TREx/P178.jsonl
6260,Microsoft Macro Assembler is developed by [MASK] .,Microsoft,synth_Organization/TREx/P178.jsonl
6265,Windows Installer is developed by [MASK] .,Microsoft,synth_Organization/TREx/P178.jsonl
6270,sRGB is developed by [MASK] .,Microsoft,synth_Organization/TREx/P178.jsonl
6277,Microsoft SQL Server is developed by [MASK] .,MS,synth_Organization/TREx/P178.jsonl
6285,Deckadance is developed by [MASK] .,Gibson,synth_Organization/TREx/P178.jsonl
6288,Intel Pentium Dual-Core is developed by [MASK] .,Intel,synth_Organization/TREx/P178.jsonl
6295,Books is developed by [MASK] .,Apple,synth_Organization/TREx/P178.jsonl
6321,Google Drive is developed by [MASK] .,Google,synth_Organization/TREx/P178.jsonl
6326,Google Hangouts is developed by [MASK] .,Google,synth_Organization/TREx/P178.jsonl
6338,Google Calendar is developed by [MASK] .,Google,synth_Organization/TREx/P178.jsonl
6344,Skype is developed by [MASK] .,Microsoft,synth_Organization/TREx/P178.jsonl
6370,Google Guice is developed by [MASK] .,Google,synth_Organization/TREx/P178.jsonl
6372,Mac OS X Leopard is developed by [MASK] .,Apple,synth_Organization/TREx/P178.jsonl
6387,Eternal Champions is developed by [MASK] .,Sega,synth_Organization/TREx/P178.jsonl
6393,Adobe InDesign is developed by [MASK] .,Adobe,synth_Organization/TREx/P178.jsonl
6405,Adobe Creative Cloud is developed by [MASK] .,Adobe,synth_Organization/TREx/P178.jsonl
6414,IntelliPoint is developed by [MASK] .,Microsoft,synth_Organization/TREx/P178.jsonl
6423,Google Health is developed by [MASK] .,Google,synth_Organization/TREx/P178.jsonl
6429,The Ocean Hunter is developed by [MASK] .,Sega,synth_Organization/TREx/P178.jsonl
6431,Open Packaging Conventions is developed by [MASK] .,Microsoft,synth_Organization/TREx/P178.jsonl
6433,Open XML Paper Specification is developed by [MASK] .,Microsoft,synth_Organization/TREx/P178.jsonl
6458,Final Cut Studio is developed by [MASK] .,Apple,synth_Organization/TREx/P178.jsonl
6466,XDCAM is developed by [MASK] .,Sony,synth_Organization/TREx/P178.jsonl
6495,Windows Internet Explorer 8 is developed by [MASK] .,Microsoft,synth_Organization/TREx/P178.jsonl
6503,ActiveSync is developed by [MASK] .,Microsoft,synth_Organization/TREx/P178.jsonl
6509,Microsoft OneNote is developed by [MASK] .,Microsoft,synth_Organization/TREx/P178.jsonl
6514,Transaction Processing Facility is developed by [MASK] .,IBM,synth_Organization/TREx/P178.jsonl
6520,IBM Connections is developed by [MASK] .,IBM,synth_Organization/TREx/P178.jsonl
6523,Office Open XML is developed by [MASK] .,Microsoft,synth_Organization/TREx/P178.jsonl
6536,Google Shopping is developed by [MASK] .,Google,synth_Organization/TREx/P178.jsonl
6547,Pilotwings 64 is developed by [MASK] .,Nintendo,synth_Organization/TREx/P178.jsonl
6554,Gears is developed by [MASK] .,Google,synth_Organization/TREx/P178.jsonl
6575,Yorkfield is developed by [MASK] .,Intel,synth_Organization/TREx/P178.jsonl
6587,Google Buzz is developed by [MASK] .,Google,synth_Organization/TREx/P178.jsonl
6592,Pentium Pro is developed by [MASK] .,Intel,synth_Organization/TREx/P178.jsonl
6609,Adobe Premiere Elements is developed by [MASK] .,Adobe,synth_Organization/TREx/P178.jsonl
6612,PostScript Printer Description is developed by [MASK] .,Adobe,synth_Organization/TREx/P178.jsonl
6614,Windows RT is developed by [MASK] .,Microsoft,synth_Organization/TREx/P178.jsonl
6639,Microsoft Office XP is developed by [MASK] .,Microsoft,synth_Organization/TREx/P178.jsonl
6653,Windows 2.1x is developed by [MASK] .,Microsoft,synth_Organization/TREx/P178.jsonl
6677,Mac OS X Lion is developed by [MASK] .,Apple,synth_Organization/TREx/P178.jsonl
6688,Logic Pro is developed by [MASK] .,Apple,synth_Organization/TREx/P178.jsonl
6710,Microsoft Office 2000 is developed by [MASK] .,Microsoft,synth_Organization/TREx/P178.jsonl
6713,MacsBug is developed by [MASK] .,Apple,synth_Organization/TREx/P178.jsonl
6715,Flicky is developed by [MASK] .,Sega,synth_Organization/TREx/P178.jsonl
6724,Apple Maps is developed by [MASK] .,Apple,synth_Organization/TREx/P178.jsonl
6730,iOS 5 is developed by [MASK] .,Apple,synth_Organization/TREx/P178.jsonl
6736,IBM Lotus Symphony is developed by [MASK] .,IBM,synth_Organization/TREx/P178.jsonl
6741,Windows Phone Store is developed by [MASK] .,Microsoft,synth_Organization/TREx/P178.jsonl
6761,Adobe Bridge is developed by [MASK] .,Adobe,synth_Organization/TREx/P178.jsonl
6765,Adobe Captivate is developed by [MASK] .,Adobe,synth_Organization/TREx/P178.jsonl
6767,Adobe FrameMaker is developed by [MASK] .,Adobe,synth_Organization/TREx/P178.jsonl
6771,Microsoft SharePoint is developed by [MASK] .,Microsoft,synth_Organization/TREx/P178.jsonl
6793,Microsoft HealthVault is developed by [MASK] .,Microsoft,synth_Organization/TREx/P178.jsonl
6797,IBM DeveloperWorks is developed by [MASK] .,IBM,synth_Organization/TREx/P178.jsonl
6807,Internet Explorer 5 is developed by [MASK] .,Microsoft,synth_Organization/TREx/P178.jsonl
6814,Microsoft Store is developed by [MASK] .,Microsoft,synth_Organization/TREx/P178.jsonl
6821,Tizen is developed by [MASK] .,Intel,synth_Organization/TREx/P178.jsonl
6825,IBM 4690 OS is developed by [MASK] .,IBM,synth_Organization/TREx/P178.jsonl
6843,BBC iPlayer is developed by [MASK] .,BBC,synth_Organization/TREx/P178.jsonl
6861,Project Ara is developed by [MASK] .,Google,synth_Organization/TREx/P178.jsonl
6862,Eclipse is developed by [MASK] .,IBM,synth_Organization/TREx/P178.jsonl
6864,IBM System R is developed by [MASK] .,IBM,synth_Organization/TREx/P178.jsonl
6866,Intel iAPX 432 is developed by [MASK] .,Intel,synth_Organization/TREx/P178.jsonl
6882,Intel i960 is developed by [MASK] .,Intel,synth_Organization/TREx/P178.jsonl
6890,Microsoft Mail is developed by [MASK] .,MS,synth_Organization/TREx/P178.jsonl
6894,PowerShell is developed by [MASK] .,Microsoft,synth_Organization/TREx/P178.jsonl
6899,AppleShare is developed by [MASK] .,Apple,synth_Organization/TREx/P178.jsonl
6924,Intel MCS-51 is developed by [MASK] .,Intel,synth_Organization/TREx/P178.jsonl
6943,Mac OS X 10.0 is developed by [MASK] .,Apple,synth_Organization/TREx/P178.jsonl
6948,Mac OS X 10.1 is developed by [MASK] .,Apple,synth_Organization/TREx/P178.jsonl
6976,IBM Airline Control Program is developed by [MASK] .,IBM,synth_Organization/TREx/P178.jsonl
6983,Programmed Airline Reservations System is developed by [MASK] .,IBM,synth_Organization/TREx/P178.jsonl
6990,Microsoft Bob is developed by [MASK] .,Microsoft,synth_Organization/TREx/P178.jsonl
7005,Interface Builder is developed by [MASK] .,Apple,synth_Organization/TREx/P178.jsonl
7010,IBM System Object Model is developed by [MASK] .,IBM,synth_Organization/TREx/P178.jsonl
7019,Blogger is developed by [MASK] .,Google,synth_Organization/TREx/P178.jsonl
7021,IBM Tivoli Storage Manager is developed by [MASK] .,IBM,synth_Organization/TREx/P178.jsonl
7022,Microsoft XNA is developed by [MASK] .,Microsoft,synth_Organization/TREx/P178.jsonl
7036,Windows Server 2008 R2 is developed by [MASK] .,Microsoft,synth_Organization/TREx/P178.jsonl
7043,Windows Virtual PC is developed by [MASK] .,Microsoft,synth_Organization/TREx/P178.jsonl
7047,Windows Internet Explorer 9 is developed by [MASK] .,Microsoft,synth_Organization/TREx/P178.jsonl
7060,Windows Easy Transfer is developed by [MASK] .,Microsoft,synth_Organization/TREx/P178.jsonl
7066,Chrome OS is developed by [MASK] .,Google,synth_Organization/TREx/P178.jsonl
7096,Google Web Toolkit is developed by [MASK] .,Google,synth_Organization/TREx/P178.jsonl
7111,Xgrid is developed by [MASK] .,Apple,synth_Organization/TREx/P178.jsonl
7121,IBM PC DOS is developed by [MASK] .,IBM,synth_Organization/TREx/P178.jsonl
7136,Mitsubishi G4M is developed by [MASK] .,Mitsubishi,synth_Organization/TREx/P178.jsonl
7142,Boeing X-37 is developed by [MASK] .,Boeing,synth_Organization/TREx/P178.jsonl
7143,UNIX System Services is developed by [MASK] .,IBM,synth_Organization/TREx/P178.jsonl
7147,HFS Plus is developed by [MASK] .,Apple,synth_Organization/TREx/P178.jsonl
7156,Google Map Maker is developed by [MASK] .,Google,synth_Organization/TREx/P178.jsonl
7163,IBM TopView is developed by [MASK] .,IBM,synth_Organization/TREx/P178.jsonl
7165,Mario Bros. is developed by [MASK] .,Nintendo,synth_Organization/TREx/P178.jsonl
7168,Report Program Generator is developed by [MASK] .,IBM,synth_Organization/TREx/P178.jsonl
7176,Google Toolbar is developed by [MASK] .,Google,synth_Organization/TREx/P178.jsonl
7180,IBM ViaVoice is developed by [MASK] .,IBM,synth_Organization/TREx/P178.jsonl
7186,Advanced Function Presentation is developed by [MASK] .,IBM,synth_Organization/TREx/P178.jsonl
7187,Google Chrome is developed by [MASK] .,Google,synth_Organization/TREx/P178.jsonl
7225,Chromecast is developed by [MASK] .,Google,synth_Organization/TREx/P178.jsonl
7235,Microsoft Entourage is developed by [MASK] .,Microsoft,synth_Organization/TREx/P178.jsonl
7241,Active Server Pages is developed by [MASK] .,Microsoft,synth_Organization/TREx/P178.jsonl
7254,Clang is developed by [MASK] .,Sony,synth_Organization/TREx/P178.jsonl
7255,Adobe Fireworks is developed by [MASK] .,Adobe,synth_Organization/TREx/P178.jsonl
7263,Microsoft Publisher is developed by [MASK] .,Microsoft,synth_Organization/TREx/P178.jsonl
7265,Small Web Format is developed by [MASK] .,Adobe,synth_Organization/TREx/P178.jsonl
7273,Microsoft Works is developed by [MASK] .,Microsoft,synth_Organization/TREx/P178.jsonl
7276,Intel Parallel Studio is developed by [MASK] .,Intel,synth_Organization/TREx/P178.jsonl
7295,SPSS Modeler is developed by [MASK] .,IBM,synth_Organization/TREx/P178.jsonl
7300,Statistical Package for the Social Sciences is developed by [MASK] .,IBM,synth_Organization/TREx/P178.jsonl
7305,Google Finance is developed by [MASK] .,Google,synth_Organization/TREx/P178.jsonl
7310,Fantasy Zone is developed by [MASK] .,Sega,synth_Organization/TREx/P178.jsonl
7321,KC-767 is developed by [MASK] .,Boeing,synth_Organization/TREx/P178.jsonl
7335,Google Translate is developed by [MASK] .,Google,synth_Organization/TREx/P178.jsonl
7340,Google Latitude is developed by [MASK] .,Google,synth_Organization/TREx/P178.jsonl
7346,Apple Filing Protocol is developed by [MASK] .,Apple,synth_Organization/TREx/P178.jsonl
7348,Time Machine (macOS) is developed by [MASK] .,Apple,synth_Organization/TREx/P178.jsonl
7356,V8 is developed by [MASK] .,Google,synth_Organization/TREx/P178.jsonl
7362,Boeing F-15SE Silent Eagle is developed by [MASK] .,Boeing,synth_Organization/TREx/P178.jsonl
7364,Virtual Hard Disk is developed by [MASK] .,Microsoft,synth_Organization/TREx/P178.jsonl
7365,BBeB is developed by [MASK] .,Sony,synth_Organization/TREx/P178.jsonl
7371,Fonz is developed by [MASK] .,Sega,synth_Organization/TREx/P178.jsonl
7373,Bing Maps Platform is developed by [MASK] .,Microsoft,synth_Organization/TREx/P178.jsonl
7379,Wii MotionPlus is developed by [MASK] .,Nintendo,synth_Organization/TREx/P178.jsonl
7381,IBM Systems Application Architecture is developed by [MASK] .,IBM,synth_Organization/TREx/P178.jsonl
7390,File Explorer is developed by [MASK] .,Microsoft,synth_Organization/TREx/P178.jsonl
7394,Clockwork Knight is developed by [MASK] .,Sega,synth_Organization/TREx/P178.jsonl
7398,Boeing 747 Large Cargo Freighter is developed by [MASK] .,Boeing,synth_Organization/TREx/P178.jsonl
7410,Windows NT 3.1 is developed by [MASK] .,Microsoft,synth_Organization/TREx/P178.jsonl
7418,Rational Team Concert is developed by [MASK] .,IBM,synth_Organization/TREx/P178.jsonl
7421,Airbus A320neo family is developed by [MASK] .,Airbus,synth_Organization/TREx/P178.jsonl
7432,Windows Live Mesh is developed by [MASK] .,Microsoft,synth_Organization/TREx/P178.jsonl
7459,SPDY is developed by [MASK] .,Google,synth_Organization/TREx/P178.jsonl
7472,IBM Lotus Word Pro is developed by [MASK] .,IBM,synth_Organization/TREx/P178.jsonl
7479,Google Glass is developed by [MASK] .,Google,synth_Organization/TREx/P178.jsonl
7495,DVD Studio Pro is developed by [MASK] .,Apple,synth_Organization/TREx/P178.jsonl
7498,Motion is developed by [MASK] .,Apple,synth_Organization/TREx/P178.jsonl
7501,Google Reader is developed by [MASK] .,Google,synth_Organization/TREx/P178.jsonl
7510,Microsoft Office 2003 is developed by [MASK] .,Microsoft,synth_Organization/TREx/P178.jsonl
7518,Microsoft Reader is developed by [MASK] .,Microsoft,synth_Organization/TREx/P178.jsonl
7533,Resource Interchange File Format is developed by [MASK] .,Microsoft,synth_Organization/TREx/P178.jsonl
7543,Windows Mobile is developed by [MASK] .,Microsoft,synth_Organization/TREx/P178.jsonl
7551,Windows Me is developed by [MASK] .,Microsoft,synth_Organization/TREx/P178.jsonl
7558,High Performance File System is developed by [MASK] .,IBM,synth_Organization/TREx/P178.jsonl
7566,IBM Business System 12 is developed by [MASK] .,IBM,synth_Organization/TREx/P178.jsonl
7568,General Transit Feed Specification is developed by [MASK] .,Google,synth_Organization/TREx/P178.jsonl
7571,Microsoft Dynamics NAV is developed by [MASK] .,Microsoft,synth_Organization/TREx/P178.jsonl
7576,Nintendo Video is developed by [MASK] .,Nintendo,synth_Organization/TREx/P178.jsonl
7578,IBM WebSphere Application Server is developed by [MASK] .,IBM,synth_Organization/TREx/P178.jsonl
7585,IBM System Management Facilities is developed by [MASK] .,IBM,synth_Organization/TREx/P178.jsonl
7587,Intel 80486DX2 is developed by [MASK] .,Intel,synth_Organization/TREx/P178.jsonl
7588,Windows NT 3.51 is developed by [MASK] .,Microsoft,synth_Organization/TREx/P178.jsonl
7593,Windows NT 3.5 is developed by [MASK] .,Microsoft,synth_Organization/TREx/P178.jsonl
7596,MacApp is developed by [MASK] .,Apple,synth_Organization/TREx/P178.jsonl
7600,IBM 4300 is developed by [MASK] .,IBM,synth_Organization/TREx/P178.jsonl
7602,Windows Embedded CE 6.0 is developed by [MASK] .,Microsoft,synth_Organization/TREx/P178.jsonl
7603,Minecraft is developed by [MASK] .,Microsoft,synth_Organization/TREx/P178.jsonl
7605,App Inventor for Android is developed by [MASK] .,Google,synth_Organization/TREx/P178.jsonl
7612,Google Contacts is developed by [MASK] .,Google,synth_Organization/TREx/P178.jsonl
7619,Airbus Beluga is developed by [MASK] .,Airbus,synth_Organization/TREx/P178.jsonl
7621,Congo Bongo is developed by [MASK] .,Sega,synth_Organization/TREx/P178.jsonl
7623,Mitsubishi A5M is developed by [MASK] .,Mitsubishi,synth_Organization/TREx/P178.jsonl
7625,Microsoft Project is developed by [MASK] .,Microsoft,synth_Organization/TREx/P178.jsonl
7634,WebP Lossless is developed by [MASK] .,Google,synth_Organization/TREx/P178.jsonl
7643,WebM is developed by [MASK] .,Google,synth_Organization/TREx/P178.jsonl
7646,Samsung Kies is developed by [MASK] .,Samsung,synth_Organization/TREx/P178.jsonl
7651,Shining Hearts is developed by [MASK] .,Sega,synth_Organization/TREx/P178.jsonl
7653,Universal Media Disc is developed by [MASK] .,Sony,synth_Organization/TREx/P178.jsonl
7658,IBM Workplace OS is developed by [MASK] .,IBM,synth_Organization/TREx/P178.jsonl
7672,Newton OS is developed by [MASK] .,Apple,synth_Organization/TREx/P178.jsonl
7675,Robocopy is developed by [MASK] .,Microsoft,synth_Organization/TREx/P178.jsonl
7687,iOS 7 is developed by [MASK] .,Apple,synth_Organization/TREx/P178.jsonl
7699,CarPlay is developed by [MASK] .,Apple,synth_Organization/TREx/P178.jsonl
7704,Internet Explorer 10 is developed by [MASK] .,Microsoft,synth_Organization/TREx/P178.jsonl
7709,Mitsubishi F1M is developed by [MASK] .,Mitsubishi,synth_Organization/TREx/P178.jsonl
7710,Schema.org is developed by [MASK] .,Google,synth_Organization/TREx/P178.jsonl
7714,Channel Definition Format is developed by [MASK] .,Microsoft,synth_Organization/TREx/P178.jsonl
7718,Windows Aero is developed by [MASK] .,Microsoft,synth_Organization/TREx/P178.jsonl
7721,Apple Thunderbolt Display is developed by [MASK] .,Apple,synth_Organization/TREx/P178.jsonl
7725,Amazon Silk is developed by [MASK] .,Amazon,synth_Organization/TREx/P178.jsonl
7728,Microsoft Expression Blend is developed by [MASK] .,Microsoft,synth_Organization/TREx/P178.jsonl
7732,Shining Blade is developed by [MASK] .,Sega,synth_Organization/TREx/P178.jsonl
7734,IBM Parallel Sysplex is developed by [MASK] .,IBM,synth_Organization/TREx/P178.jsonl
7736,Internet Explorer 11 is developed by [MASK] .,Microsoft,synth_Organization/TREx/P178.jsonl
7770,Google Now is developed by [MASK] .,Google,synth_Organization/TREx/P178.jsonl
7784,Windows Messaging is developed by [MASK] .,Microsoft,synth_Organization/TREx/P178.jsonl
7785,Sonic Drift 2 is developed by [MASK] .,Sega,synth_Organization/TREx/P178.jsonl
7787,Sonic Drift is developed by [MASK] .,Sega,synth_Organization/TREx/P178.jsonl
7788,Microsoft InfoPath is developed by [MASK] .,Microsoft,synth_Organization/TREx/P178.jsonl
7801,Microsoft Office 97 is developed by [MASK] .,MS,synth_Organization/TREx/P178.jsonl
7805,Binary Synchronous Communications is developed by [MASK] .,IBM,synth_Organization/TREx/P178.jsonl
7818,Android Jelly Bean is developed by [MASK] .,Google,synth_Organization/TREx/P178.jsonl
7821,Google Cloud Platform is developed by [MASK] .,Google,synth_Organization/TREx/P178.jsonl
7837,Cloud Spanner is developed by [MASK] .,Google,synth_Organization/TREx/P178.jsonl
7839,Wii U system software is developed by [MASK] .,Nintendo,synth_Organization/TREx/P178.jsonl
7841,Windows Phone 8.1 is developed by [MASK] .,Microsoft,synth_Organization/TREx/P178.jsonl
7854,Apple Pay is developed by [MASK] .,Apple,synth_Organization/TREx/P178.jsonl
7863,FS-1015 is developed by [MASK] .,NATO,synth_Organization/TREx/P178.jsonl
7866,The Revenge of Shinobi is developed by [MASK] .,Sega,synth_Organization/TREx/P178.jsonl
7869,Object REXX is developed by [MASK] .,IBM,synth_Organization/TREx/P178.jsonl
7878,Microsoft Windows SDK is developed by [MASK] .,Microsoft,synth_Organization/TREx/P178.jsonl
7883,IBM OfficeVision is developed by [MASK] .,IBM,synth_Organization/TREx/P178.jsonl
7899,VP9 is developed by [MASK] .,Google,synth_Organization/TREx/P178.jsonl
7902,Amiibo is developed by [MASK] .,Nintendo,synth_Organization/TREx/P178.jsonl
7909,IBM Rational ClearCase is developed by [MASK] .,IBM,synth_Organization/TREx/P178.jsonl
7910,Google Keep is developed by [MASK] .,Google,synth_Organization/TREx/P178.jsonl
7913,Microsoft Digital Video Recording is developed by [MASK] .,Microsoft,synth_Organization/TREx/P178.jsonl
7919,Windows XP Media Center Edition is developed by [MASK] .,Microsoft,synth_Organization/TREx/P178.jsonl
7923,Windows Movie Maker is developed by [MASK] .,Microsoft,synth_Organization/TREx/P178.jsonl
7926,Microsoft Money is developed by [MASK] .,Microsoft,synth_Organization/TREx/P178.jsonl
7930,Silvermont is developed by [MASK] .,Intel,synth_Organization/TREx/P178.jsonl
7942,Mother 3 is developed by [MASK] .,Nintendo,synth_Organization/TREx/P178.jsonl
7954,Apple A8 is developed by [MASK] .,Apple,synth_Organization/TREx/P178.jsonl
7959,Apple A8X is developed by [MASK] .,Apple,synth_Organization/TREx/P178.jsonl
7963,Intel Quark is developed by [MASK] .,Intel,synth_Organization/TREx/P178.jsonl
7966,iBeacon is developed by [MASK] .,Apple,synth_Organization/TREx/P178.jsonl
7970,Google Hummingbird is developed by [MASK] .,Google,synth_Organization/TREx/P178.jsonl
7972,Nokia Lumia 2520 is developed by [MASK] .,Nokia,synth_Organization/TREx/P178.jsonl
7977,Windows Mobile 6.5 is developed by [MASK] .,Microsoft,synth_Organization/TREx/P178.jsonl
7981,Wear OS is developed by [MASK] .,Google,synth_Organization/TREx/P178.jsonl
7987,Windows Mixed Reality is developed by [MASK] .,Microsoft,synth_Organization/TREx/P178.jsonl
7994,Event Viewer is developed by [MASK] .,Microsoft,synth_Organization/TREx/P178.jsonl
7998,Android TV is developed by [MASK] .,Google,synth_Organization/TREx/P178.jsonl
8004,Android Runtime is developed by [MASK] .,Google,synth_Organization/TREx/P178.jsonl
8006,Android Auto is developed by [MASK] .,Google,synth_Organization/TREx/P178.jsonl
8007,New Nintendo 3DS is developed by [MASK] .,Nintendo,synth_Organization/TREx/P178.jsonl
8010,Gear VR is developed by [MASK] .,Samsung,synth_Organization/TREx/P178.jsonl
8015,Glyph Bitmap Distribution Format is developed by [MASK] .,Adobe,synth_Organization/TREx/P178.jsonl
8018,Dynix is developed by [MASK] .,IBM,synth_Organization/TREx/P178.jsonl
8019,Yoshi's Universal Gravitation is developed by [MASK] .,Nintendo,synth_Organization/TREx/P178.jsonl
8024,TextEdit is developed by [MASK] .,Apple,synth_Organization/TREx/P178.jsonl
8025,Microsoft Security Essentials is developed by [MASK] .,Microsoft,synth_Organization/TREx/P178.jsonl
8030,Microsoft Internet Explorer 3 is developed by [MASK] .,Microsoft,synth_Organization/TREx/P178.jsonl
8032,application bundle is developed by [MASK] .,Apple,synth_Organization/TREx/P178.jsonl
8038,Internet Explorer Mobile is developed by [MASK] .,Microsoft,synth_Organization/TREx/P178.jsonl
8043,MSX BASIC is developed by [MASK] .,Microsoft,synth_Organization/TREx/P178.jsonl
8045,Adobe Connect is developed by [MASK] .,Adobe,synth_Organization/TREx/P178.jsonl
8050,Microsoft Forefront Threat Management Gateway is developed by [MASK] .,Microsoft,synth_Organization/TREx/P178.jsonl
8054,Atari DOS is developed by [MASK] .,Atari,synth_Organization/TREx/P178.jsonl
8055,Dashboard is developed by [MASK] .,Apple,synth_Organization/TREx/P178.jsonl
8056,Astron Belt is developed by [MASK] .,Sega,synth_Organization/TREx/P178.jsonl
8060,Windows Setup Information File is developed by [MASK] .,Microsoft,synth_Organization/TREx/P178.jsonl
8063,Fatal Labyrinth is developed by [MASK] .,Sega,synth_Organization/TREx/P178.jsonl
8065,Intel i860 is developed by [MASK] .,Intel,synth_Organization/TREx/P178.jsonl
8068,Microsoft Office Live is developed by [MASK] .,Microsoft,synth_Organization/TREx/P178.jsonl
8070,Alien Storm is developed by [MASK] .,Sega,synth_Organization/TREx/P178.jsonl
8075,IBM Rational Application Developer is developed by [MASK] .,IBM,synth_Organization/TREx/P178.jsonl
8077,IBM Information Management System is developed by [MASK] .,IBM,synth_Organization/TREx/P178.jsonl
8078,Windows Media Encoder is developed by [MASK] .,Microsoft,synth_Organization/TREx/P178.jsonl
8081,Gran Trak 10 is developed by [MASK] .,Atari,synth_Organization/TREx/P178.jsonl
8085,Google Pack is developed by [MASK] .,Google,synth_Organization/TREx/P178.jsonl
8089,Windows Driver Frameworks is developed by [MASK] .,Microsoft,synth_Organization/TREx/P178.jsonl
8092,Tetris DS is developed by [MASK] .,Nintendo,synth_Organization/TREx/P178.jsonl
8096,IBM Lotus SmartSuite is developed by [MASK] .,IBM,synth_Organization/TREx/P178.jsonl
8099,Microsoft Schedule Plus is developed by [MASK] .,Microsoft,synth_Organization/TREx/P178.jsonl
8102,Shadow Dancer is developed by [MASK] .,Sega,synth_Organization/TREx/P178.jsonl
8106,Microsoft Write is developed by [MASK] .,Microsoft,synth_Organization/TREx/P178.jsonl
8113,Gain Ground is developed by [MASK] .,Sega,synth_Organization/TREx/P178.jsonl
