sent,gold,filename
Albania is a member of [MASK] .,NATO,synth_P463.jsonl
United States of America is a member of [MASK] .,NATO,synth_P463.jsonl
Croatia is a member of [MASK] .,NATO,synth_P463.jsonl
Belgium is a member of [MASK] .,NATO,synth_P463.jsonl
Czech Republic is a member of [MASK] .,NATO,synth_P463.jsonl
Canada is a member of [MASK] .,NATO,synth_P463.jsonl
Captain Aayush is a member of [MASK] .,Avengers,synth_P463.jsonl
Denmark is a member of [MASK] .,NATO,synth_P463.jsonl
Mexico national football team is a member of [MASK] .,FIFA,synth_P463.jsonl
Estonia is a member of [MASK] .,NATO,synth_P463.jsonl
France is a member of [MASK] .,NATO,synth_P463.jsonl
Spain national football team is a member of [MASK] .,FIFA,synth_P463.jsonl
Germany is a member of [MASK] .,NATO,synth_P463.jsonl
Bulgaria is a member of [MASK] .,NATO,synth_P463.jsonl
Netherlands is a member of [MASK] .,NATO,synth_P463.jsonl
Luxembourg is a member of [MASK] .,NATO,synth_P463.jsonl
Hungary is a member of [MASK] .,NATO,synth_P463.jsonl
Ismail Haniyeh is a member of [MASK] .,Hamas,synth_P463.jsonl
Iceland is a member of [MASK] .,NATO,synth_P463.jsonl
Italy is a member of [MASK] .,NATO,synth_P463.jsonl
Italy national football team is a member of [MASK] .,FIFA,synth_P463.jsonl
Latvia is a member of [MASK] .,NATO,synth_P463.jsonl
Lithuania is a member of [MASK] .,NATO,synth_P463.jsonl
Greece is a member of [MASK] .,NATO,synth_P463.jsonl
Bono is a member of [MASK] .,U2,synth_P463.jsonl
The Edge is a member of [MASK] .,U2,synth_P463.jsonl
Brazil national football team is a member of [MASK] .,FIFA,synth_P463.jsonl
Romania is a member of [MASK] .,NATO,synth_P463.jsonl
Iron Man is a member of [MASK] .,Avengers,synth_P463.jsonl
Turkey is a member of [MASK] .,NATO,synth_P463.jsonl
Slovakia is a member of [MASK] .,NATO,synth_P463.jsonl
Sami Abu Zuhri is a member of [MASK] .,Hamas,synth_P463.jsonl
WGBH-TV is a member of [MASK] .,PBS,synth_P463.jsonl
United States men's national soccer team is a member of [MASK] .,FIFA,synth_P463.jsonl
Football Association of Indonesia is a member of [MASK] .,FIFA,synth_P463.jsonl
Noddy Holder is a member of [MASK] .,Slade,synth_P463.jsonl
Namor is a member of [MASK] .,Avengers,synth_P463.jsonl
Czech Republic national football team is a member of [MASK] .,FIFA,synth_P463.jsonl
Don Powell is a member of [MASK] .,Slade,synth_P463.jsonl
The Football Association is a member of [MASK] .,FIFA,synth_P463.jsonl
Argentine Football Association is a member of [MASK] .,FIFA,synth_P463.jsonl
Royal Dutch Football Association is a member of [MASK] .,FIFA,synth_P463.jsonl
Royal Belgian Football Association is a member of [MASK] .,FIFA,synth_P463.jsonl
Syrian Football Association is a member of [MASK] .,FIFA,synth_P463.jsonl
Latvian Football Federation is a member of [MASK] .,FIFA,synth_P463.jsonl
Canada men's national soccer team is a member of [MASK] .,FIFA,synth_P463.jsonl
Portuguese Football Federation is a member of [MASK] .,FIFA,synth_P463.jsonl
Tuvalu National Football Association is a member of [MASK] .,FIFA,synth_P463.jsonl
French Football Federation is a member of [MASK] .,FIFA,synth_P463.jsonl
Jeff Hanneman is a member of [MASK] .,Slayer,synth_P463.jsonl
Panamanian Football Federation is a member of [MASK] .,CONCACAF,synth_P463.jsonl
Puerto Rican Football Federation is a member of [MASK] .,FIFA,synth_P463.jsonl
Aruba Football Federation is a member of [MASK] .,CONCACAF,synth_P463.jsonl
Royal Spanish Football Federation is a member of [MASK] .,FIFA,synth_P463.jsonl
Norway is a member of [MASK] .,NATO,synth_P463.jsonl
Kerry King is a member of [MASK] .,Slayer,synth_P463.jsonl
Tom Araya is a member of [MASK] .,Slayer,synth_P463.jsonl
Brazilian Football Confederation is a member of [MASK] .,FIFA,synth_P463.jsonl
Gilli Smyth is a member of [MASK] .,Gong,synth_P463.jsonl
Henry Pym is a member of [MASK] .,Avengers,synth_P463.jsonl
Geoff Rickly is a member of [MASK] .,Thursday,synth_P463.jsonl
Dave Hill is a member of [MASK] .,Slade,synth_P463.jsonl
Irish Football Association is a member of [MASK] .,FIFA,synth_P463.jsonl
Mousa Mohammed Abu Marzook is a member of [MASK] .,Hamas,synth_P463.jsonl
Football Federation Islamic Republic of Iran is a member of [MASK] .,FIFA,synth_P463.jsonl
Phil Mogg is a member of [MASK] .,UFO,synth_P463.jsonl
Football Association of Brunei Darussalam is a member of [MASK] .,FIFA,synth_P463.jsonl
Paraguayan Football Association is a member of [MASK] .,FIFA,synth_P463.jsonl
Northern Mariana Islands Football Association is a member of [MASK] .,FIFA,synth_P463.jsonl
German Football Association is a member of [MASK] .,FIFA,synth_P463.jsonl
Swiss Football Association is a member of [MASK] .,FIFA,synth_P463.jsonl
Scottish Football Association is a member of [MASK] .,FIFA,synth_P463.jsonl
Canadian Soccer Association is a member of [MASK] .,CONCACAF,synth_P463.jsonl
Mexican Football Federation is a member of [MASK] .,CONCACAF,synth_P463.jsonl
Football Association of Thailand is a member of [MASK] .,FIFA,synth_P463.jsonl
Algerian Football Federation is a member of [MASK] .,FIFA,synth_P463.jsonl
Paul McCartney is a member of [MASK] .,Wings,synth_P463.jsonl
United States Soccer Federation is a member of [MASK] .,FIFA,synth_P463.jsonl
Fédération Tunisienne de Football is a member of [MASK] .,FIFA,synth_P463.jsonl
Warren Mears is a member of [MASK] .,Trio,synth_P463.jsonl
Andrew Wells is a member of [MASK] .,Trio,synth_P463.jsonl
Jonathan Levinson is a member of [MASK] .,Trio,synth_P463.jsonl
Luxembourg Football Federation is a member of [MASK] .,FIFA,synth_P463.jsonl
Bermuda Football Association is a member of [MASK] .,FIFA,synth_P463.jsonl
Gambia Football Association is a member of [MASK] .,FIFA,synth_P463.jsonl
Mauritius Football Association is a member of [MASK] .,FIFA,synth_P463.jsonl
Hellenic Football Federation is a member of [MASK] .,FIFA,synth_P463.jsonl
Adam Clayton is a member of [MASK] .,U2,synth_P463.jsonl
Slovenia is a member of [MASK] .,NATO,synth_P463.jsonl
Poland is a member of [MASK] .,NATO,synth_P463.jsonl
Football Association of Zambia is a member of [MASK] .,FIFA,synth_P463.jsonl
Royal Moroccan Football Federation is a member of [MASK] .,FIFA,synth_P463.jsonl
Jona Bechtolt is a member of [MASK] .,yacht,synth_P463.jsonl
Belize national football team is a member of [MASK] .,FIFA,synth_P463.jsonl
Albania national football team is a member of [MASK] .,FIFA,synth_P463.jsonl
Afghanistan Football Federation is a member of [MASK] .,FIFA,synth_P463.jsonl
Football Association of Ireland is a member of [MASK] .,FIFA,synth_P463.jsonl
Danish Football Association is a member of [MASK] .,FIFA,synth_P463.jsonl
Spain is a member of [MASK] .,NATO,synth_P463.jsonl
Ronnie Lane is a member of [MASK] .,Faces,synth_P463.jsonl
Italian Football Federation is a member of [MASK] .,FIFA,synth_P463.jsonl
All India Football Federation is a member of [MASK] .,FIFA,synth_P463.jsonl
Faroe Islands Football Association is a member of [MASK] .,FIFA,synth_P463.jsonl
Malta Football Association is a member of [MASK] .,FIFA,synth_P463.jsonl
Football Federation of Ukraine is a member of [MASK] .,FIFA,synth_P463.jsonl
Korea Football Association is a member of [MASK] .,FIFA,synth_P463.jsonl
Portugal is a member of [MASK] .,NATO,synth_P463.jsonl
Georgian Football Federation is a member of [MASK] .,FIFA,synth_P463.jsonl
Ron Mael is a member of [MASK] .,Sparks,synth_P463.jsonl
Russell Mael is a member of [MASK] .,Sparks,synth_P463.jsonl
Haiti national football team is a member of [MASK] .,FIFA,synth_P463.jsonl
Libyan Football Federation is a member of [MASK] .,FIFA,synth_P463.jsonl
Austrian Football Association is a member of [MASK] .,FIFA,synth_P463.jsonl
Salvadoran Football Federation is a member of [MASK] .,FIFA,synth_P463.jsonl
Bolivian Football Federation is a member of [MASK] .,FIFA,synth_P463.jsonl
Peruvian Football Federation is a member of [MASK] .,FIFA,synth_P463.jsonl
Colombian Football Federation is a member of [MASK] .,FIFA,synth_P463.jsonl
Uruguayan Football Association is a member of [MASK] .,FIFA,synth_P463.jsonl
Israel Football Association is a member of [MASK] .,FIFA,synth_P463.jsonl
Norwegian Football Federation is a member of [MASK] .,FIFA,synth_P463.jsonl
Russian Football Union is a member of [MASK] .,FIFA,synth_P463.jsonl
Ghana Football Association is a member of [MASK] .,FIFA,synth_P463.jsonl
Don Henley is a member of [MASK] .,Eagles,synth_P463.jsonl
Glenn Frey is a member of [MASK] .,Eagles,synth_P463.jsonl
Japan Football Association is a member of [MASK] .,FIFA,synth_P463.jsonl
Chilean Football Federation is a member of [MASK] .,FIFA,synth_P463.jsonl
South African Football Association is a member of [MASK] .,FIFA,synth_P463.jsonl
Nate Ruess is a member of [MASK] .,Fun,synth_P463.jsonl
Joe Walsh is a member of [MASK] .,Eagles,synth_P463.jsonl
Chinese Football Association is a member of [MASK] .,FIFA,synth_P463.jsonl
Solomon Islands Football Federation is a member of [MASK] .,FIFA,synth_P463.jsonl
Ian McLagan is a member of [MASK] .,Faces,synth_P463.jsonl
Andorran Football Federation is a member of [MASK] .,FIFA,synth_P463.jsonl
Bulgarian Football Union is a member of [MASK] .,FIFA,synth_P463.jsonl
National Football Federation of Guatemala is a member of [MASK] .,FIFA,synth_P463.jsonl
Nizar Rayan is a member of [MASK] .,Hamas,synth_P463.jsonl
Polish Football Association is a member of [MASK] .,FIFA,synth_P463.jsonl
United Kingdom is a member of [MASK] .,NATO,synth_P463.jsonl
Albanian Football Association is a member of [MASK] .,FIFA,synth_P463.jsonl
Said Seyam is a member of [MASK] .,Hamas,synth_P463.jsonl
Association of Football Federations of Azerbaijan is a member of [MASK] .,FIFA,synth_P463.jsonl
Fathi Hamad is a member of [MASK] .,Hamas,synth_P463.jsonl
Patsy Walker is a member of [MASK] .,Avengers,synth_P463.jsonl
Football Association of Finland is a member of [MASK] .,FIFA,synth_P463.jsonl
Croatian Football Federation is a member of [MASK] .,FIFA,synth_P463.jsonl
Papua New Guinea Football Association is a member of [MASK] .,FIFA,synth_P463.jsonl
Somali Football Federation is a member of [MASK] .,FIFA,synth_P463.jsonl
Jeff Hardy is a member of [MASK] .,WWE,synth_P463.jsonl
Iraq Football Association is a member of [MASK] .,FIFA,synth_P463.jsonl
Otto Piene is a member of [MASK] .,Zero,synth_P463.jsonl
Romanian Football Federation is a member of [MASK] .,FIFA,synth_P463.jsonl
Nigeria Football Federation is a member of [MASK] .,FIFA,synth_P463.jsonl
Hungarian Football Federation is a member of [MASK] .,FIFA,synth_P463.jsonl
Slovak Football Association is a member of [MASK] .,FIFA,synth_P463.jsonl
Ecuadorian Football Federation is a member of [MASK] .,FIFA,synth_P463.jsonl
Uzbekistan Football Association is a member of [MASK] .,FIFA,synth_P463.jsonl
Hassan Yousef is a member of [MASK] .,Hamas,synth_P463.jsonl
Patrick Monahan is a member of [MASK] .,Train,synth_P463.jsonl
Chris Squire is a member of [MASK] .,Yes,synth_P463.jsonl
New Zealand Football is a member of [MASK] .,FIFA,synth_P463.jsonl
Vietnam Football Funny is a member of [MASK] .,FIFA,synth_P463.jsonl
Chinese Taipei Football Association is a member of [MASK] .,FIFA,synth_P463.jsonl
Cyprus Football Association is a member of [MASK] .,FIFA,synth_P463.jsonl
Jamaica Football Federation is a member of [MASK] .,CONCACAF,synth_P463.jsonl
DPR Korea Football Association is a member of [MASK] .,FIFA,synth_P463.jsonl
Bahamas Football Association is a member of [MASK] .,FIFA,synth_P463.jsonl
Costa Rican Football Federation is a member of [MASK] .,FIFA,synth_P463.jsonl
Philippine Football Federation is a member of [MASK] .,FIFA,synth_P463.jsonl
Football Association of Singapore is a member of [MASK] .,FIFA,synth_P463.jsonl
Football Association of the Czech Republic is a member of [MASK] .,FIFA,synth_P463.jsonl
Football Federation of Belarus is a member of [MASK] .,FIFA,synth_P463.jsonl
Fiji Football Association is a member of [MASK] .,FIFA,synth_P463.jsonl
Vanuatu Football Federation is a member of [MASK] .,FIFA,synth_P463.jsonl
Tahitian Football Federation is a member of [MASK] .,FIFA,synth_P463.jsonl
Cook Islands Football Association is a member of [MASK] .,FIFA,synth_P463.jsonl
Tajikistan National Football Federation is a member of [MASK] .,FIFA,synth_P463.jsonl
Lithuanian Football Federation is a member of [MASK] .,FIFA,synth_P463.jsonl
Zimbabwe Football Association is a member of [MASK] .,FIFA,synth_P463.jsonl
San Marino Football Federation is a member of [MASK] .,FIFA,synth_P463.jsonl
Federação de Futebol de Timor-Leste is a member of [MASK] .,FIFA,synth_P463.jsonl
Lao Football Federation is a member of [MASK] .,FIFA,synth_P463.jsonl
Myanmar Football Federation is a member of [MASK] .,FIFA,synth_P463.jsonl
Saudi Arabia Football Federation is a member of [MASK] .,FIFA,synth_P463.jsonl
New Caledonian Football Federation is a member of [MASK] .,FIFA,synth_P463.jsonl
Grenada Football Association is a member of [MASK] .,CONCACAF,synth_P463.jsonl
Jon Anderson is a member of [MASK] .,Yes,synth_P463.jsonl
Estonian Football Association is a member of [MASK] .,FIFA,synth_P463.jsonl
Saint Lucia Football Association is a member of [MASK] .,CONCACAF,synth_P463.jsonl
Terry Balsamo is a member of [MASK] .,Cold,synth_P463.jsonl
Football Federation Samoa is a member of [MASK] .,FIFA,synth_P463.jsonl
Sint Maarten Soccer Association is a member of [MASK] .,CONCACAF,synth_P463.jsonl
Football Association of Cuba is a member of [MASK] .,FIFA,synth_P463.jsonl
Cayman Islands Football Association is a member of [MASK] .,CONCACAF,synth_P463.jsonl
Montserrat Football Association is a member of [MASK] .,FIFA,synth_P463.jsonl
Football Federation Australia is a member of [MASK] .,FIFA,synth_P463.jsonl
Haitian Football Federation is a member of [MASK] .,FIFA,synth_P463.jsonl
Mongolian Football Federation is a member of [MASK] .,FIFA,synth_P463.jsonl
Swedish Football Association is a member of [MASK] .,FIFA,synth_P463.jsonl
Thor is a member of [MASK] .,Avengers,synth_P463.jsonl
Gibraltar Football Association is a member of [MASK] .,FIFA,synth_P463.jsonl
Football Association of Malaysia is a member of [MASK] .,FIFA,synth_P463.jsonl
Marc Costanzo is a member of [MASK] .,Len,synth_P463.jsonl
Ant-Man is a member of [MASK] .,Avengers,synth_P463.jsonl
Jessica Jones is a member of [MASK] .,Avengers,synth_P463.jsonl
North Korea is a member of [MASK] .,UNESCO,synth_P463.jsonl
Gavin Rossdale is a member of [MASK] .,Bush,synth_P463.jsonl
Sudan Football Association is a member of [MASK] .,FIFA,synth_P463.jsonl
Barbados Football Association is a member of [MASK] .,FIFA,synth_P463.jsonl
WCMU-TV is a member of [MASK] .,PBS,synth_P463.jsonl
Al Jourgensen is a member of [MASK] .,Ministry,synth_P463.jsonl
Football Association of Wales is a member of [MASK] .,FIFA,synth_P463.jsonl
Chuck Schuldiner is a member of [MASK] .,Death,synth_P463.jsonl
