,sent,gold,filename
0,A605 road is located in [MASK] .,Northamptonshire,synth_City/TREx/P131.jsonl
5,Kupreanof Island is located in [MASK] .,Alaska,synth_City/TREx/P131.jsonl
11,Pershing County is located in [MASK] .,Nevada,synth_City/TREx/P131.jsonl
73,Porcupine Hills is located in [MASK] .,Manitoba,synth_City/TREx/P131.jsonl
74,Minnesota State Highway 36 is located in [MASK] .,Minnesota,synth_City/TREx/P131.jsonl
77,Knoxville metropolitan area is located in [MASK] .,Tennessee,synth_City/TREx/P131.jsonl
81,Helensvale railway station is located in [MASK] .,Queensland,synth_City/TREx/P131.jsonl
84,Lopburi is located in [MASK] .,Thailand,synth_City/TREx/P131.jsonl
119,Squantz Pond State Park is located in [MASK] .,Connecticut,synth_City/TREx/P131.jsonl
122,Ballyfermot is located in [MASK] .,Dublin,synth_City/TREx/P131.jsonl
133,York Mills Bus Terminal is located in [MASK] .,Ontario,synth_City/TREx/P131.jsonl
134,"Downtown East Village, Calgary is located in [MASK] .",Alberta,synth_City/TREx/P131.jsonl
136,Barnett Shale is located in [MASK] .,Texas,synth_City/TREx/P131.jsonl
137,California State Route 9 is located in [MASK] .,California,synth_City/TREx/P131.jsonl
138,Mark Twain National Forest is located in [MASK] .,Missouri,synth_City/TREx/P131.jsonl
147,Fort Humboldt State Historic Park is located in [MASK] .,California,synth_City/TREx/P131.jsonl
150,East Humboldt Range is located in [MASK] .,Nevada,synth_City/TREx/P131.jsonl
158,Illinois Route 21 is located in [MASK] .,Illinois,synth_City/TREx/P131.jsonl
195,Edmonton City Centre (Blatchford Field) Airport is located in [MASK] .,Alberta,synth_City/TREx/P131.jsonl
205,Saharsa district is located in [MASK] .,Bihar,synth_City/TREx/P131.jsonl
285,Sam Rayburn Reservoir is located in [MASK] .,Texas,synth_City/TREx/P131.jsonl
286,Lawrence Heights is located in [MASK] .,Ontario,synth_City/TREx/P131.jsonl
289,Berens River is located in [MASK] .,Manitoba,synth_City/TREx/P131.jsonl
301,Commerce Court is located in [MASK] .,Ontario,synth_City/TREx/P131.jsonl
305,Lone Pine Koala Sanctuary is located in [MASK] .,Queensland,synth_City/TREx/P131.jsonl
307,Interstate 64 in Virginia is located in [MASK] .,Virginia,synth_City/TREx/P131.jsonl
313,Grand Canyon National Park Airport is located in [MASK] .,Arizona,synth_City/TREx/P131.jsonl
314,Al-Aqsa Mosque is located in [MASK] .,Jerusalem,synth_City/TREx/P131.jsonl
342,Leech Lake is located in [MASK] .,Minnesota,synth_City/TREx/P131.jsonl
348,Black Pine Mountains is located in [MASK] .,Idaho,synth_City/TREx/P131.jsonl
352,Agriculture in Saskatchewan is located in [MASK] .,Saskatchewan,synth_City/TREx/P131.jsonl
354,Prestwood is located in [MASK] .,Buckinghamshire,synth_City/TREx/P131.jsonl
357,M-140 is located in [MASK] .,Michigan,synth_City/TREx/P131.jsonl
361,Andheri is located in [MASK] .,Mumbai,synth_City/TREx/P131.jsonl
436,Fifth Avenue is located in [MASK] .,Manhattan,synth_City/TREx/P131.jsonl
551,Gateway Motorsports Park is located in [MASK] .,Illinois,synth_City/TREx/P131.jsonl
555,Hitchin is located in [MASK] .,Hertfordshire,synth_City/TREx/P131.jsonl
679,North Hennepin Community College is located in [MASK] .,Minnesota,synth_City/TREx/P131.jsonl
681,Schofield Barracks is located in [MASK] .,Hawaii,synth_City/TREx/P131.jsonl
699,Franz Liszt Academy of Music is located in [MASK] .,Budapest,synth_City/TREx/P131.jsonl
763,Stuttgart-Bad Cannstatt station is located in [MASK] .,Stuttgart,synth_City/TREx/P131.jsonl
771,Massachusetts Route 3 is located in [MASK] .,Massachusetts,synth_City/TREx/P131.jsonl
773,Cornerhouse is located in [MASK] .,Manchester,synth_City/TREx/P131.jsonl
782,Uinta Basin is located in [MASK] .,Utah,synth_City/TREx/P131.jsonl
796,Jewish Museum is located in [MASK] .,Berlin,synth_City/TREx/P131.jsonl
798,Holyrood Secondary School is located in [MASK] .,Scotland,synth_City/TREx/P131.jsonl
800,Reinhardswald is located in [MASK] .,Hesse,synth_City/TREx/P131.jsonl
804,Edina High School is located in [MASK] .,Minnesota,synth_City/TREx/P131.jsonl
814,SkyDome Arena is located in [MASK] .,Coventry,synth_City/TREx/P131.jsonl
827,Blackpool Airport is located in [MASK] .,Lancashire,synth_City/TREx/P131.jsonl
831,Saladin Governorate is located in [MASK] .,Iraq,synth_City/TREx/P131.jsonl
876,Pfrimm is located in [MASK] .,Hesse,synth_City/TREx/P131.jsonl
878,Pomfret School is located in [MASK] .,Connecticut,synth_City/TREx/P131.jsonl
879,Norwegian Museum of Cultural History is located in [MASK] .,Oslo,synth_City/TREx/P131.jsonl
885,Alexandra Palace railway station is located in [MASK] .,London,synth_City/TREx/P131.jsonl
896,San Lorenzo Valley is located in [MASK] .,California,synth_City/TREx/P131.jsonl
897,Fraunces Tavern is located in [MASK] .,Manhattan,synth_City/TREx/P131.jsonl
898,Downtown Orlando is located in [MASK] .,Florida,synth_City/TREx/P131.jsonl
902,"Christ Church Cathedral, Indianapolis is located in [MASK] .",Indiana,synth_City/TREx/P131.jsonl
904,Pennsylvania Route 664 is located in [MASK] .,Pennsylvania,synth_City/TREx/P131.jsonl
908,Absheron District is located in [MASK] .,Azerbaijan,synth_City/TREx/P131.jsonl
956,Davao Region is located in [MASK] .,Philippines,synth_City/TREx/P131.jsonl
1004,Hotel Bristol is located in [MASK] .,Warsaw,synth_City/TREx/P131.jsonl
1006,Haas House is located in [MASK] .,Vienna,synth_City/TREx/P131.jsonl
1010,Ryerson University is located in [MASK] .,Ontario,synth_City/TREx/P131.jsonl
1040,Ohio gubernatorial elections is located in [MASK] .,Ohio,synth_City/TREx/P131.jsonl
1057,Hyattsville is located in [MASK] .,Maryland,synth_City/TREx/P131.jsonl
1080,San Gregorio Armeno is located in [MASK] .,Naples,synth_City/TREx/P131.jsonl
1089,Sestri Ponente is located in [MASK] .,Genoa,synth_City/TREx/P131.jsonl
1095,Kazan Conservatory is located in [MASK] .,Kazan,synth_City/TREx/P131.jsonl
1097,Nevada State Route 599 is located in [MASK] .,Nevada,synth_City/TREx/P131.jsonl
1101,Flin Flon is located in [MASK] .,Manitoba,synth_City/TREx/P131.jsonl
1187,Araria district is located in [MASK] .,Bihar,synth_City/TREx/P131.jsonl
1218,Lufkin is located in [MASK] .,Texas,synth_City/TREx/P131.jsonl
1238,Gympie North railway station is located in [MASK] .,Queensland,synth_City/TREx/P131.jsonl
1241,Gulf Coast of the United States is located in [MASK] .,Texas,synth_City/TREx/P131.jsonl
1356,National War Museum is located in [MASK] .,Edinburgh,synth_City/TREx/P131.jsonl
1383,"Redwood Meadows, Alberta is located in [MASK] .",Alberta,synth_City/TREx/P131.jsonl
1391,Walton Arts Center is located in [MASK] .,Arkansas,synth_City/TREx/P131.jsonl
1392,Pennsylvania Route 94 is located in [MASK] .,Pennsylvania,synth_City/TREx/P131.jsonl
1397,Hershey Country Club is located in [MASK] .,Pennsylvania,synth_City/TREx/P131.jsonl
1398,Ezhupunna is located in [MASK] .,Kerala,synth_City/TREx/P131.jsonl
1400,Ipswich is located in [MASK] .,Queensland,synth_City/TREx/P131.jsonl
1405,Bracondale Hill is located in [MASK] .,Toronto,synth_City/TREx/P131.jsonl
1411,Somali Region is located in [MASK] .,Ethiopia,synth_City/TREx/P131.jsonl
1582,Poplar River First Nation is located in [MASK] .,Manitoba,synth_City/TREx/P131.jsonl
1587,Josefstadt is located in [MASK] .,Vienna,synth_City/TREx/P131.jsonl
1617,Tom McCall Waterfront Park is located in [MASK] .,Oregon,synth_City/TREx/P131.jsonl
1618,North Holland is located in [MASK] .,Netherlands,synth_City/TREx/P131.jsonl
1915,Arundel Formation is located in [MASK] .,Maryland,synth_City/TREx/P131.jsonl
1921,Norfolk State University is located in [MASK] .,Virginia,synth_City/TREx/P131.jsonl
1927,Missouri Route 52 is located in [MASK] .,Missouri,synth_City/TREx/P131.jsonl
1928,Broughton in Furness is located in [MASK] .,England,synth_City/TREx/P131.jsonl
1943,Pennsylvania Route 443 is located in [MASK] .,PA,synth_City/TREx/P131.jsonl
1952,Connecticut Route 12 is located in [MASK] .,Connecticut,synth_City/TREx/P131.jsonl
1958,Alabama Splash Adventure is located in [MASK] .,Alabama,synth_City/TREx/P131.jsonl
1960,Southwest Philadelphia is located in [MASK] .,Philadelphia,synth_City/TREx/P131.jsonl
1978,Milbertshofen-Am Hart is located in [MASK] .,Munich,synth_City/TREx/P131.jsonl
1989,Prey Veng Province is located in [MASK] .,Cambodia,synth_City/TREx/P131.jsonl
2021,Schell Creek Range is located in [MASK] .,Nevada,synth_City/TREx/P131.jsonl
2027,Virginia State Route 33 is located in [MASK] .,Virginia,synth_City/TREx/P131.jsonl
2030,Khedoi is located in [MASK] .,Gujarat,synth_City/TREx/P131.jsonl
2033,Hope is located in [MASK] .,Arkansas,synth_City/TREx/P131.jsonl
2036,Gangseo District is located in [MASK] .,Seoul,synth_City/TREx/P131.jsonl
2060,Leech Lake Indian Reservation is located in [MASK] .,Minnesota,synth_City/TREx/P131.jsonl
2078,Liechtenstein Museum is located in [MASK] .,Vienna,synth_City/TREx/P131.jsonl
2086,Kalamazoo County is located in [MASK] .,Michigan,synth_City/TREx/P131.jsonl
2092,Idylwyld Drive is located in [MASK] .,Saskatchewan,synth_City/TREx/P131.jsonl
2095,Alabama State Route 20 is located in [MASK] .,Alabama,synth_City/TREx/P131.jsonl
2097,Kalani High School is located in [MASK] .,Honolulu,synth_City/TREx/P131.jsonl
2101,Lakhpat is located in [MASK] .,Gujarat,synth_City/TREx/P131.jsonl
2114,Hauser & Wirth is located in [MASK] .,Switzerland,synth_City/TREx/P131.jsonl
2118,Lwengo District is located in [MASK] .,Uganda,synth_City/TREx/P131.jsonl
2119,Tijuana River is located in [MASK] .,California,synth_City/TREx/P131.jsonl
2120,Oudegracht is located in [MASK] .,Utrecht,synth_City/TREx/P131.jsonl
2130,Via Ardeatina is located in [MASK] .,Rome,synth_City/TREx/P131.jsonl
2148,Fort Nashborough is located in [MASK] .,Tennessee,synth_City/TREx/P131.jsonl
2149,City of Hervey Bay is located in [MASK] .,Queensland,synth_City/TREx/P131.jsonl
2151,assassination of John F. Kennedy is located in [MASK] .,Dallas,synth_City/TREx/P131.jsonl
2159,Ma'an Governorate is located in [MASK] .,Jordan,synth_City/TREx/P131.jsonl
2165,Lunenfeld-Tanenbaum Research Institute is located in [MASK] .,Ontario,synth_City/TREx/P131.jsonl
2169,Kuppalli is located in [MASK] .,Karnataka,synth_City/TREx/P131.jsonl
2172,Interstate 69 is located in [MASK] .,Michigan,synth_City/TREx/P131.jsonl
2173,Cloutierville is located in [MASK] .,Louisiana,synth_City/TREx/P131.jsonl
2174,Drake Well is located in [MASK] .,Pennsylvania,synth_City/TREx/P131.jsonl
2180,Matabitchuan River is located in [MASK] .,Ontario,synth_City/TREx/P131.jsonl
2182,Cupar is located in [MASK] .,Fife,synth_City/TREx/P131.jsonl
2244,East River Greenway is located in [MASK] .,Manhattan,synth_City/TREx/P131.jsonl
2246,Pennsylvania Route 696 is located in [MASK] .,Pennsylvania,synth_City/TREx/P131.jsonl
2251,Paudash Lake is located in [MASK] .,Ontario,synth_City/TREx/P131.jsonl
2255,Antelope Canyon is located in [MASK] .,Arizona,synth_City/TREx/P131.jsonl
2256,Fife Coastal Path is located in [MASK] .,Fife,synth_City/TREx/P131.jsonl
2258,Oregon Route 8 is located in [MASK] .,Oregon,synth_City/TREx/P131.jsonl
2266,Austin College is located in [MASK] .,Texas,synth_City/TREx/P131.jsonl
2267,Castle Morpeth is located in [MASK] .,Northumberland,synth_City/TREx/P131.jsonl
2336,Mel Lastman Square is located in [MASK] .,Ontario,synth_City/TREx/P131.jsonl
2338,Cuba is located in [MASK] .,IL,synth_City/TREx/P131.jsonl
2342,Johns Hopkins University is located in [MASK] .,Maryland,synth_City/TREx/P131.jsonl
2377,Pulaski County Special School District is located in [MASK] .,Arkansas,synth_City/TREx/P131.jsonl
2383,Maravanthe is located in [MASK] .,Karnataka,synth_City/TREx/P131.jsonl
2385,Ohio State Route 315 is located in [MASK] .,Ohio,synth_City/TREx/P131.jsonl
2395,Astara District is located in [MASK] .,Azerbaijan,synth_City/TREx/P131.jsonl
2540,Manatawny Creek is located in [MASK] .,Pennsylvania,synth_City/TREx/P131.jsonl
2542,Museo Correr is located in [MASK] .,Venice,synth_City/TREx/P131.jsonl
2562,Massachusetts Route 103 is located in [MASK] .,Massachusetts,synth_City/TREx/P131.jsonl
2566,Panteion University is located in [MASK] .,Athens,synth_City/TREx/P131.jsonl
2582,Dhule Lok Sabha constituency is located in [MASK] .,Maharashtra,synth_City/TREx/P131.jsonl
2584,Llanegryn is located in [MASK] .,Wales,synth_City/TREx/P131.jsonl
2586,Bon Pastor is located in [MASK] .,Barcelona,synth_City/TREx/P131.jsonl
2590,U.S. Route 30 in Indiana is located in [MASK] .,Indiana,synth_City/TREx/P131.jsonl
2591,Northern Italy is located in [MASK] .,Italian,synth_City/TREx/P131.jsonl
2630,Windigo Lake is located in [MASK] .,Wisconsin,synth_City/TREx/P131.jsonl
2632,Wadhwan is located in [MASK] .,Gujarat,synth_City/TREx/P131.jsonl
2641,Mount San Antonio is located in [MASK] .,California,synth_City/TREx/P131.jsonl
2644,Vale of Glamorgan is located in [MASK] .,Wales,synth_City/TREx/P131.jsonl
2822,Maryland County is located in [MASK] .,Liberia,synth_City/TREx/P131.jsonl
2835,Acton Burnell Castle is located in [MASK] .,Shropshire,synth_City/TREx/P131.jsonl
2840,Big Thicket National Preserve is located in [MASK] .,Texas,synth_City/TREx/P131.jsonl
2847,War of Independence Victory Column is located in [MASK] .,Tallinn,synth_City/TREx/P131.jsonl
2848,Ohio State Route 125 is located in [MASK] .,Ohio,synth_City/TREx/P131.jsonl
2850,North Portal is located in [MASK] .,Saskatchewan,synth_City/TREx/P131.jsonl
2855,Galerie des Machines is located in [MASK] .,Paris,synth_City/TREx/P131.jsonl
2858,Maryland Route 22 is located in [MASK] .,MD,synth_City/TREx/P131.jsonl
2859,El Tarf Province is located in [MASK] .,Algeria,synth_City/TREx/P131.jsonl
2914,Sittingbourne F.C. is located in [MASK] .,Kent,synth_City/TREx/P131.jsonl
2917,Byzantine & Christian Museum is located in [MASK] .,Athens,synth_City/TREx/P131.jsonl
2922,Breaux Bridge is located in [MASK] .,Louisiana,synth_City/TREx/P131.jsonl
2924,Malha is located in [MASK] .,Jerusalem,synth_City/TREx/P131.jsonl
2943,Boston University Marsh Chapel is located in [MASK] .,Massachusetts,synth_City/TREx/P131.jsonl
2945,Dr. Babasaheb Ambedkar Marathwada University is located in [MASK] .,India,synth_City/TREx/P131.jsonl
2954,DuPage County is located in [MASK] .,Illinois,synth_City/TREx/P131.jsonl
2969,Siazan District is located in [MASK] .,Azerbaijan,synth_City/TREx/P131.jsonl
3029,Vermilion Pass is located in [MASK] .,Alberta,synth_City/TREx/P131.jsonl
3030,Thule people is located in [MASK] .,Greenland,synth_City/TREx/P131.jsonl
3037,Warszawa Wschodnia Osobowa railway station is located in [MASK] .,Warsaw,synth_City/TREx/P131.jsonl
3044,Bureau of Indian Standards is located in [MASK] .,India,synth_City/TREx/P131.jsonl
3051,Zaragoza Province is located in [MASK] .,Aragon,synth_City/TREx/P131.jsonl
3064,Huddlesford Junction is located in [MASK] .,Staffordshire,synth_City/TREx/P131.jsonl
3067,Des Moines International Airport is located in [MASK] .,Iowa,synth_City/TREx/P131.jsonl
3068,Dallas Public Library is located in [MASK] .,Dallas,synth_City/TREx/P131.jsonl
3077,Zoo Miami is located in [MASK] .,Florida,synth_City/TREx/P131.jsonl
3080,Kosciuszko Bridge is located in [MASK] .,Brooklyn,synth_City/TREx/P131.jsonl
3082,Phoenix Symphony Hall is located in [MASK] .,Arizona,synth_City/TREx/P131.jsonl
3085,Rickenbacker Air National Guard Base is located in [MASK] .,Ohio,synth_City/TREx/P131.jsonl
3098,Muchalls Castle is located in [MASK] .,Scotland,synth_City/TREx/P131.jsonl
3108,Alexander Hamilton Bridge is located in [MASK] .,Manhattan,synth_City/TREx/P131.jsonl
3113,SEC Armadillo is located in [MASK] .,Glasgow,synth_City/TREx/P131.jsonl
3117,Madhepura district is located in [MASK] .,Bihar,synth_City/TREx/P131.jsonl
3146,Raft River Mountains is located in [MASK] .,Utah,synth_City/TREx/P131.jsonl
3150,State Library of Victoria is located in [MASK] .,Melbourne,synth_City/TREx/P131.jsonl
3151,Randalls Island is located in [MASK] .,Manhattan,synth_City/TREx/P131.jsonl
3165,Oxshott is located in [MASK] .,Surrey,synth_City/TREx/P131.jsonl
3171,Burdur Province is located in [MASK] .,Turkey,synth_City/TREx/P131.jsonl
3232,El Oued Province is located in [MASK] .,Algeria,synth_City/TREx/P131.jsonl
3345,Parkland County is located in [MASK] .,Alberta,synth_City/TREx/P131.jsonl
3379,Utah County is located in [MASK] .,Utah,synth_City/TREx/P131.jsonl
3416,Istanbul Technical University is located in [MASK] .,Istanbul,synth_City/TREx/P131.jsonl
3439,Operation Teapot is located in [MASK] .,Nevada,synth_City/TREx/P131.jsonl
3440,Fall Creek Falls State Park is located in [MASK] .,Tennessee,synth_City/TREx/P131.jsonl
3444,Gasparilla Island is located in [MASK] .,Florida,synth_City/TREx/P131.jsonl
3449,Many Peaks is located in [MASK] .,Queensland,synth_City/TREx/P131.jsonl
3452,Vadnagar is located in [MASK] .,Gujarat,synth_City/TREx/P131.jsonl
3457,Farrington High School is located in [MASK] .,Hawaii,synth_City/TREx/P131.jsonl
3459,Interstate 75 is located in [MASK] .,Tennessee,synth_City/TREx/P131.jsonl
3463,Manipal University is located in [MASK] .,Karnataka,synth_City/TREx/P131.jsonl
3467,Central European University is located in [MASK] .,Budapest,synth_City/TREx/P131.jsonl
3501,Iowa is located in [MASK] .,Iowa,synth_City/TREx/P131.jsonl
3508,"Riverway, Townsville is located in [MASK] .",Queensland,synth_City/TREx/P131.jsonl
3509,Stratford Army Engine Plant is located in [MASK] .,Connecticut,synth_City/TREx/P131.jsonl
3513,Gainesville Municipal Airport is located in [MASK] .,Texas,synth_City/TREx/P131.jsonl
3514,Haizhu District is located in [MASK] .,Guangzhou,synth_City/TREx/P131.jsonl
3528,Nordstrand IF is located in [MASK] .,Oslo,synth_City/TREx/P131.jsonl
3564,Eurovision Song Contest 1989 is located in [MASK] .,Lausanne,synth_City/TREx/P131.jsonl
3581,Autauga County is located in [MASK] .,Alabama,synth_City/TREx/P131.jsonl
3590,Bryan Air Force Base is located in [MASK] .,Texas,synth_City/TREx/P131.jsonl
3594,Ilam Province is located in [MASK] .,Iran,synth_City/TREx/P131.jsonl
5080,Morecambe is located in [MASK] .,Lancaster,synth_City/TREx/P131.jsonl
5165,Kuthiyathodu grama panchayat is located in [MASK] .,Kerala,synth_City/TREx/P131.jsonl
5167,WMTX is located in [MASK] .,FL,synth_City/TREx/P131.jsonl
5168,Southeast Texas is located in [MASK] .,Texas,synth_City/TREx/P131.jsonl
5179,Klaskanine River is located in [MASK] .,Oregon,synth_City/TREx/P131.jsonl
5181,Andrews University is located in [MASK] .,Michigan,synth_City/TREx/P131.jsonl
5182,Anahuac National Wildlife Refuge is located in [MASK] .,Texas,synth_City/TREx/P131.jsonl
5188,Boroughmuir High School is located in [MASK] .,Edinburgh,synth_City/TREx/P131.jsonl
5191,McClain County is located in [MASK] .,Oklahoma,synth_City/TREx/P131.jsonl
5196,Barksdale Air Force Base is located in [MASK] .,Louisiana,synth_City/TREx/P131.jsonl
5217,"Crook, County Durham is located in [MASK] .",England,synth_City/TREx/P131.jsonl
5224,La Bayou is located in [MASK] .,Nevada,synth_City/TREx/P131.jsonl
5226,Coalport is located in [MASK] .,Shropshire,synth_City/TREx/P131.jsonl
5234,Galatasaray High School is located in [MASK] .,Istanbul,synth_City/TREx/P131.jsonl
5262,Hasland is located in [MASK] .,Derbyshire,synth_City/TREx/P131.jsonl
5268,Littoral is located in [MASK] .,Cameroon,synth_City/TREx/P131.jsonl
5283,"Mandarin Oriental, Bangkok is located in [MASK] .",Bangkok,synth_City/TREx/P131.jsonl
5285,Waynesville School District is located in [MASK] .,Missouri,synth_City/TREx/P131.jsonl
5289,Kingsley Field Air National Guard Base is located in [MASK] .,Oregon,synth_City/TREx/P131.jsonl
5290,Fingask Castle is located in [MASK] .,Scotland,synth_City/TREx/P131.jsonl
5292,Pea Ridge National Military Park is located in [MASK] .,Arkansas,synth_City/TREx/P131.jsonl
5294,Llandaff Cathedral is located in [MASK] .,Cardiff,synth_City/TREx/P131.jsonl
5302,Samuel Merritt University is located in [MASK] .,California,synth_City/TREx/P131.jsonl
5304,A227 road is located in [MASK] .,Kent,synth_City/TREx/P131.jsonl
5306,Downtown Houston is located in [MASK] .,Houston,synth_City/TREx/P131.jsonl
5337,Middletown Area School District is located in [MASK] .,Pennsylvania,synth_City/TREx/P131.jsonl
5339,Ohio State Route 4 is located in [MASK] .,Ohio,synth_City/TREx/P131.jsonl
5347,Six Rivers National Forest is located in [MASK] .,California,synth_City/TREx/P131.jsonl
5350,Massachusetts Route 28 is located in [MASK] .,Massachusetts,synth_City/TREx/P131.jsonl
5358,Rose Tower is located in [MASK] .,Dubai,synth_City/TREx/P131.jsonl
5363,Nevada Cancer Institute is located in [MASK] .,Nevada,synth_City/TREx/P131.jsonl
5372,Ohio State Route 2 is located in [MASK] .,Ohio,synth_City/TREx/P131.jsonl
5374,Piasa is located in [MASK] .,Illinois,synth_City/TREx/P131.jsonl
5375,Kingsborough Community College is located in [MASK] .,Brooklyn,synth_City/TREx/P131.jsonl
5382,Haaga is located in [MASK] .,Helsinki,synth_City/TREx/P131.jsonl
5385,Vienna International Centre is located in [MASK] .,Vienna,synth_City/TREx/P131.jsonl
5391,Camp Mabry is located in [MASK] .,Texas,synth_City/TREx/P131.jsonl
5393,Area codes 402 and 531 is located in [MASK] .,Nebraska,synth_City/TREx/P131.jsonl
5398,Wychavon is located in [MASK] .,Worcestershire,synth_City/TREx/P131.jsonl
5439,Masaya Department is located in [MASK] .,Nicaragua,synth_City/TREx/P131.jsonl
5441,Bedworth is located in [MASK] .,England,synth_City/TREx/P131.jsonl
5668,University of Massachusetts Boston is located in [MASK] .,Boston,synth_City/TREx/P131.jsonl
5711,Union University is located in [MASK] .,Tennessee,synth_City/TREx/P131.jsonl
5713,Ohio State Route 108 is located in [MASK] .,Ohio,synth_City/TREx/P131.jsonl
5714,Tixtla is located in [MASK] .,Guerrero,synth_City/TREx/P131.jsonl
5722,WinStar World Casino is located in [MASK] .,Oklahoma,synth_City/TREx/P131.jsonl
5724,Upper Canada District School Board is located in [MASK] .,Ontario,synth_City/TREx/P131.jsonl
5725,Bering Glacier is located in [MASK] .,Alaska,synth_City/TREx/P131.jsonl
5730,Tanga Region is located in [MASK] .,Tanzania,synth_City/TREx/P131.jsonl
5816,Torreys Peak is located in [MASK] .,Colorado,synth_City/TREx/P131.jsonl
5818,Pennsylvania Route 198 is located in [MASK] .,Pennsylvania,synth_City/TREx/P131.jsonl
5820,University of Music and Performing Arts Vienna is located in [MASK] .,Vienna,synth_City/TREx/P131.jsonl
5824,Sitkalidak Island is located in [MASK] .,Alaska,synth_City/TREx/P131.jsonl
5840,Uttaradit is located in [MASK] .,Thailand,synth_City/TREx/P131.jsonl
5956,Rhayader is located in [MASK] .,Wales,synth_City/TREx/P131.jsonl
5972,Marsden State High School is located in [MASK] .,Queensland,synth_City/TREx/P131.jsonl
5974,Southampton Castle is located in [MASK] .,Southampton,synth_City/TREx/P131.jsonl
5977,Kampong Thom Province is located in [MASK] .,Cambodia,synth_City/TREx/P131.jsonl
6009,Florence Charterhouse is located in [MASK] .,Florence,synth_City/TREx/P131.jsonl
6033,Asquith is located in [MASK] .,Saskatchewan,synth_City/TREx/P131.jsonl
6034,Olds College is located in [MASK] .,Alberta,synth_City/TREx/P131.jsonl
6036,Bowerhill is located in [MASK] .,Wiltshire,synth_City/TREx/P131.jsonl
6040,Redland Bay is located in [MASK] .,Queensland,synth_City/TREx/P131.jsonl
6042,Lake Constance is located in [MASK] .,Bavaria,synth_City/TREx/P131.jsonl
6048,Ottawa River is located in [MASK] .,Quebec,synth_City/TREx/P131.jsonl
6120,Otterbein University is located in [MASK] .,Ohio,synth_City/TREx/P131.jsonl
6125,Atna Peaks is located in [MASK] .,Alaska,synth_City/TREx/P131.jsonl
6130,Wiseton is located in [MASK] .,England,synth_City/TREx/P131.jsonl
6132,Babelsberg Palace is located in [MASK] .,Brandenburg,synth_City/TREx/P131.jsonl
6135,Owens Valley Radio Observatory is located in [MASK] .,California,synth_City/TREx/P131.jsonl
6136,Valencian Community is located in [MASK] .,Spain,synth_City/TREx/P131.jsonl
6893,"Braddock, Cornwall is located in [MASK] .",Cornwall,synth_City/TREx/P131.jsonl
6896,Wellington Phoenix FC is located in [MASK] .,Wellington,synth_City/TREx/P131.jsonl
6901,Cumberland University is located in [MASK] .,Tennessee,synth_City/TREx/P131.jsonl
6904,Patrick Henry College is located in [MASK] .,Virginia,synth_City/TREx/P131.jsonl
6985,Bethany University is located in [MASK] .,CA,synth_City/TREx/P131.jsonl
6986,Little Bear River is located in [MASK] .,Utah,synth_City/TREx/P131.jsonl
6989,University of Washington is located in [MASK] .,Seattle,synth_City/TREx/P131.jsonl
7576,Hanover Tavern is located in [MASK] .,Virginia,synth_City/TREx/P131.jsonl
7580,Rotunde (Vienna) is located in [MASK] .,Vienna,synth_City/TREx/P131.jsonl
7582,San Antonio River is located in [MASK] .,Texas,synth_City/TREx/P131.jsonl
7588,Wharton County is located in [MASK] .,TX,synth_City/TREx/P131.jsonl
7602,Lancaster Catholic High School is located in [MASK] .,Pennsylvania,synth_City/TREx/P131.jsonl
7603,Liwan District is located in [MASK] .,Guangzhou,synth_City/TREx/P131.jsonl
7606,Loschwitz is located in [MASK] .,Dresden,synth_City/TREx/P131.jsonl
7628,Vancouver Art Gallery is located in [MASK] .,Vancouver,synth_City/TREx/P131.jsonl
7630,Film Forum is located in [MASK] .,Manhattan,synth_City/TREx/P131.jsonl
7633,Drexel University College of Medicine is located in [MASK] .,Pennsylvania,synth_City/TREx/P131.jsonl
7635,Anschutz Medical Campus is located in [MASK] .,Colorado,synth_City/TREx/P131.jsonl
7642,Rowhedge is located in [MASK] .,Essex,synth_City/TREx/P131.jsonl
7645,Royal National Theatre is located in [MASK] .,London,synth_City/TREx/P131.jsonl
7694,Uttangi is located in [MASK] .,Karnataka,synth_City/TREx/P131.jsonl
7698,"Letham, Angus is located in [MASK] .",Angus,synth_City/TREx/P131.jsonl
7703,Servus Credit Union Place is located in [MASK] .,Alberta,synth_City/TREx/P131.jsonl
7704,Mount Carmel is located in [MASK] .,Illinois,synth_City/TREx/P131.jsonl
7706,Jablanica District is located in [MASK] .,Serbia,synth_City/TREx/P131.jsonl
7722,Oliver Ames High School is located in [MASK] .,Massachusetts,synth_City/TREx/P131.jsonl
7724,Nou Barris is located in [MASK] .,Barcelona,synth_City/TREx/P131.jsonl
7759,University of Lagos is located in [MASK] .,Lagos,synth_City/TREx/P131.jsonl
7763,Smart Museum of Art is located in [MASK] .,Chicago,synth_City/TREx/P131.jsonl
7785,Bighorn River is located in [MASK] .,Montana,synth_City/TREx/P131.jsonl
7795,National Waterfront Museum is located in [MASK] .,Swansea,synth_City/TREx/P131.jsonl
7800,Leinster is located in [MASK] .,Ireland,synth_City/TREx/P131.jsonl
7924,Devikulam is located in [MASK] .,Kerala,synth_City/TREx/P131.jsonl
7928,Covasna County is located in [MASK] .,Romania,synth_City/TREx/P131.jsonl
8005,Most Slovenského národného povstania is located in [MASK] .,Bratislava,synth_City/TREx/P131.jsonl
8016,Shanghai Ghetto is located in [MASK] .,Shanghai,synth_City/TREx/P131.jsonl
8023,Henbury is located in [MASK] .,England,synth_City/TREx/P131.jsonl
8047,"Holland, Manitoba is located in [MASK] .",Manitoba,synth_City/TREx/P131.jsonl
8049,"Portobello, Edinburgh is located in [MASK] .",Edinburgh,synth_City/TREx/P131.jsonl
8053,Manitoba Highway 1 is located in [MASK] .,Manitoba,synth_City/TREx/P131.jsonl
8065,Moyamensing is located in [MASK] .,Philadelphia,synth_City/TREx/P131.jsonl
8067,Baranya County is located in [MASK] .,Hungary,synth_City/TREx/P131.jsonl
8405,Griebnitz Canal is located in [MASK] .,Berlin,synth_City/TREx/P131.jsonl
8408,Point Douglas is located in [MASK] .,Manitoba,synth_City/TREx/P131.jsonl
8410,Botad is located in [MASK] .,Gujarat,synth_City/TREx/P131.jsonl
8415,Sheaf Square is located in [MASK] .,Sheffield,synth_City/TREx/P131.jsonl
8423,home counties is located in [MASK] .,England,synth_City/TREx/P131.jsonl
8428,Alte Oper is located in [MASK] .,Frankfurt,synth_City/TREx/P131.jsonl
8439,Leelanau Peninsula is located in [MASK] .,Michigan,synth_City/TREx/P131.jsonl
8444,Edirne Province is located in [MASK] .,Turkey,synth_City/TREx/P131.jsonl
8488,Middlesbrough F.C. is located in [MASK] .,Middlesbrough,synth_City/TREx/P131.jsonl
8493,Kishacoquillas Valley is located in [MASK] .,Pennsylvania,synth_City/TREx/P131.jsonl
8495,Whittier College is located in [MASK] .,California,synth_City/TREx/P131.jsonl
8505,Sikkim is located in [MASK] .,India,synth_City/TREx/P131.jsonl
9080,Saskatchewan Highway 11 is located in [MASK] .,Saskatchewan,synth_City/TREx/P131.jsonl
9093,Sears Point is located in [MASK] .,California,synth_City/TREx/P131.jsonl
9094,Al Muthanna Governorate is located in [MASK] .,Iraq,synth_City/TREx/P131.jsonl
9104,Libby Dam is located in [MASK] .,Montana,synth_City/TREx/P131.jsonl
9108,Pacific Union College is located in [MASK] .,California,synth_City/TREx/P131.jsonl
9112,Fenn Tower is located in [MASK] .,Ohio,synth_City/TREx/P131.jsonl
9113,German National Library is located in [MASK] .,Frankfurt,synth_City/TREx/P131.jsonl
9120,Lake Texana is located in [MASK] .,Texas,synth_City/TREx/P131.jsonl
9122,"Marian High School (Mishawaka, Indiana) is located in [MASK] .",Indiana,synth_City/TREx/P131.jsonl
9124,New Smyrna Speedway is located in [MASK] .,Florida,synth_City/TREx/P131.jsonl
9126,Raimund Theater is located in [MASK] .,Vienna,synth_City/TREx/P131.jsonl
9138,Hartley County is located in [MASK] .,Texas,synth_City/TREx/P131.jsonl
9141,Berlin State Opera is located in [MASK] .,Berlin,synth_City/TREx/P131.jsonl
9191,Politecnico di Milano is located in [MASK] .,Milan,synth_City/TREx/P131.jsonl
9210,Little Belt Mountains is located in [MASK] .,Montana,synth_City/TREx/P131.jsonl
9217,Southeast Fairbanks Census Area is located in [MASK] .,Alaska,synth_City/TREx/P131.jsonl
9220,Nakheel Tower is located in [MASK] .,Dubai,synth_City/TREx/P131.jsonl
9222,Huntingdon County is located in [MASK] .,Pennsylvania,synth_City/TREx/P131.jsonl
9229,Newstead House Board of Trustees is located in [MASK] .,Queensland,synth_City/TREx/P131.jsonl
9232,M'Sila Province is located in [MASK] .,Algeria,synth_City/TREx/P131.jsonl
9338,West Tennessee is located in [MASK] .,Tennessee,synth_City/TREx/P131.jsonl
9339,Galata is located in [MASK] .,Istanbul,synth_City/TREx/P131.jsonl
9431,Dungarpur district is located in [MASK] .,Rajasthan,synth_City/TREx/P131.jsonl
9442,A25 road is located in [MASK] .,Surrey,synth_City/TREx/P131.jsonl
9447,Massachusetts Route 53 is located in [MASK] .,Massachusetts,synth_City/TREx/P131.jsonl
9449,Amreli district is located in [MASK] .,Gujarat,synth_City/TREx/P131.jsonl
9493,Quebec is located in [MASK] .,Canadian,synth_City/TREx/P131.jsonl
16385,Dakor is located in [MASK] .,Gujarat,synth_City/TREx/P131.jsonl
16388,Monmouth Police Station is located in [MASK] .,Monmouth,synth_City/TREx/P131.jsonl
16391,University of Bologna is located in [MASK] .,Bologna,synth_City/TREx/P131.jsonl
16393,North Central Texas College is located in [MASK] .,Texas,synth_City/TREx/P131.jsonl
16394,Wavertree is located in [MASK] .,England,synth_City/TREx/P131.jsonl
16412,Kelly Field Annex is located in [MASK] .,Texas,synth_City/TREx/P131.jsonl
16454,Lemsford is located in [MASK] .,Hertfordshire,synth_City/TREx/P131.jsonl
16456,Ashridge is located in [MASK] .,Hertfordshire,synth_City/TREx/P131.jsonl
16467,Texas State Highway 170 is located in [MASK] .,Texas,synth_City/TREx/P131.jsonl
16472,Marshall Space Flight Center is located in [MASK] .,Alabama,synth_City/TREx/P131.jsonl
16474,Regla is located in [MASK] .,Havana,synth_City/TREx/P131.jsonl
16483,Zion Canyon is located in [MASK] .,Utah,synth_City/TREx/P131.jsonl
16492,Gorseinon is located in [MASK] .,Swansea,synth_City/TREx/P131.jsonl
16511,Tibesti Region is located in [MASK] .,Chad,synth_City/TREx/P131.jsonl
16521,Pigtown is located in [MASK] .,Baltimore,synth_City/TREx/P131.jsonl
16554,Crucible Theatre is located in [MASK] .,Sheffield,synth_City/TREx/P131.jsonl
16620,Rancho Los Encinos is located in [MASK] .,California,synth_City/TREx/P131.jsonl
16621,Framingham Railroad Station is located in [MASK] .,Massachusetts,synth_City/TREx/P131.jsonl
16640,Ternopil Oblast is located in [MASK] .,Ukraine,synth_City/TREx/P131.jsonl
16806,Nez Perce County is located in [MASK] .,Idaho,synth_City/TREx/P131.jsonl
16811,Halls Stream is located in [MASK] .,Vermont,synth_City/TREx/P131.jsonl
16813,Perry Barr is located in [MASK] .,Birmingham,synth_City/TREx/P131.jsonl
16835,Noosa Heads is located in [MASK] .,Queensland,synth_City/TREx/P131.jsonl
16848,Maryland Route 224 is located in [MASK] .,MD,synth_City/TREx/P131.jsonl
16851,Tanglewood is located in [MASK] .,Massachusetts,synth_City/TREx/P131.jsonl
16860,Louisiana Highway 91 is located in [MASK] .,Louisiana,synth_City/TREx/P131.jsonl
16863,Santa Fe Trail is located in [MASK] .,Kansas,synth_City/TREx/P131.jsonl
16881,Nevada State Route 535 is located in [MASK] .,Nevada,synth_City/TREx/P131.jsonl
16884,Birmingham Repertory Theatre is located in [MASK] .,Birmingham,synth_City/TREx/P131.jsonl
16900,Derna District is located in [MASK] .,Libya,synth_City/TREx/P131.jsonl
16921,Willamette Valley AVA is located in [MASK] .,Oregon,synth_City/TREx/P131.jsonl
16937,Alebtong District is located in [MASK] .,Uganda,synth_City/TREx/P131.jsonl
16943,Koboko District is located in [MASK] .,Uganda,synth_City/TREx/P131.jsonl
16948,Cadgwith is located in [MASK] .,Cornwall,synth_City/TREx/P131.jsonl
16950,"Nanticoke, Ontario is located in [MASK] .",Ontario,synth_City/TREx/P131.jsonl
16952,A697 road is located in [MASK] .,Northumberland,synth_City/TREx/P131.jsonl
16954,Lexington Avenue is located in [MASK] .,Manhattan,synth_City/TREx/P131.jsonl
16990,Sparkassen-Arena is located in [MASK] .,Kiel,synth_City/TREx/P131.jsonl
16994,M5 motorway is located in [MASK] .,Devon,synth_City/TREx/P131.jsonl
16999,Stout Army Air Field is located in [MASK] .,Indiana,synth_City/TREx/P131.jsonl
17000,Chemnitz is located in [MASK] .,Saxony,synth_City/TREx/P131.jsonl
17091,UL Bend National Wildlife Refuge is located in [MASK] .,Montana,synth_City/TREx/P131.jsonl
17095,Fermilab is located in [MASK] .,Illinois,synth_City/TREx/P131.jsonl
17099,Piatt County is located in [MASK] .,Illinois,synth_City/TREx/P131.jsonl
17107,German Research Centre for Artificial Intelligence is located in [MASK] .,Bremen,synth_City/TREx/P131.jsonl
17110,Donskoy Monastery is located in [MASK] .,Moscow,synth_City/TREx/P131.jsonl
17124,Pinecreek is located in [MASK] .,Minnesota,synth_City/TREx/P131.jsonl
17127,San Giovanni degli Eremiti is located in [MASK] .,Palermo,synth_City/TREx/P131.jsonl
17128,Sam Hill Memorial Bridge is located in [MASK] .,Oregon,synth_City/TREx/P131.jsonl
17129,Brownhills is located in [MASK] .,England,synth_City/TREx/P131.jsonl
17138,Albian Sands is located in [MASK] .,Alberta,synth_City/TREx/P131.jsonl
17140,Great Whale River is located in [MASK] .,Quebec,synth_City/TREx/P131.jsonl
17150,Boscombe is located in [MASK] .,Dorset,synth_City/TREx/P131.jsonl
17153,Salzburg Cathedral is located in [MASK] .,Salzburg,synth_City/TREx/P131.jsonl
17154,Saratov Oblast is located in [MASK] .,Russia,synth_City/TREx/P131.jsonl
17265,Shunyi Olympic Rowing-Canoeing Park is located in [MASK] .,Beijing,synth_City/TREx/P131.jsonl
17272,Aneto is located in [MASK] .,Aragon,synth_City/TREx/P131.jsonl
17281,The New School for Jazz and Contemporary Music is located in [MASK] .,Manhattan,synth_City/TREx/P131.jsonl
17282,Holmbury St Mary is located in [MASK] .,Surrey,synth_City/TREx/P131.jsonl
17371,East Berbice-Corentyne is located in [MASK] .,Guyana,synth_City/TREx/P131.jsonl
17387,Castle is located in [MASK] .,Belfast,synth_City/TREx/P131.jsonl
17393,Augsburg Central Station is located in [MASK] .,Augsburg,synth_City/TREx/P131.jsonl
17396,Louisiana Highway 28 is located in [MASK] .,Louisiana,synth_City/TREx/P131.jsonl
17399,Minnesota State Highway 21 is located in [MASK] .,Minnesota,synth_City/TREx/P131.jsonl
17403,Cannock Chase is located in [MASK] .,Staffordshire,synth_City/TREx/P131.jsonl
17429,Prattville High School is located in [MASK] .,Alabama,synth_City/TREx/P131.jsonl
17431,Chuy Region is located in [MASK] .,Kyrgyzstan,synth_City/TREx/P131.jsonl
17594,Disney's Hollywood Studios is located in [MASK] .,Florida,synth_City/TREx/P131.jsonl
17600,Grand Union Canal is located in [MASK] .,Berkshire,synth_City/TREx/P131.jsonl
17602,Muskegon River is located in [MASK] .,Michigan,synth_City/TREx/P131.jsonl
17617,Plymouth Rock is located in [MASK] .,Massachusetts,synth_City/TREx/P131.jsonl
17618,Eldkvarn is located in [MASK] .,Stockholm,synth_City/TREx/P131.jsonl
17620,Texas State Highway 72 is located in [MASK] .,Texas,synth_City/TREx/P131.jsonl
17624,Shetland Islands is located in [MASK] .,Scotland,synth_City/TREx/P131.jsonl
17985,Place Bonaventure is located in [MASK] .,Quebec,synth_City/TREx/P131.jsonl
17988,Growler Valley is located in [MASK] .,Arizona,synth_City/TREx/P131.jsonl
17991,Church Hill Tunnel is located in [MASK] .,Virginia,synth_City/TREx/P131.jsonl
17992,Mount Herzl is located in [MASK] .,Jerusalem,synth_City/TREx/P131.jsonl
18000,Alathur is located in [MASK] .,Kerala,synth_City/TREx/P131.jsonl
18013,River Waveney is located in [MASK] .,Norfolk,synth_City/TREx/P131.jsonl
18037,Isle of Raasay is located in [MASK] .,Scotland,synth_City/TREx/P131.jsonl
18048,Delaware Byways is located in [MASK] .,Delaware,synth_City/TREx/P131.jsonl
18050,Zarqa Governorate is located in [MASK] .,Jordan,synth_City/TREx/P131.jsonl
18061,Iberia Parish is located in [MASK] .,Louisiana,synth_City/TREx/P131.jsonl
18069,Assiniboine Community College is located in [MASK] .,Manitoba,synth_City/TREx/P131.jsonl
18072,Bais Hatalmud is located in [MASK] .,Jerusalem,synth_City/TREx/P131.jsonl
18076,National Museum Cardiff is located in [MASK] .,Cardiff,synth_City/TREx/P131.jsonl
18088,Michigan meridian is located in [MASK] .,Michigan,synth_City/TREx/P131.jsonl
18096,Springburn is located in [MASK] .,Glasgow,synth_City/TREx/P131.jsonl
18141,Wythenshawe Hall is located in [MASK] .,Manchester,synth_City/TREx/P131.jsonl
18143,Rajshahi Division is located in [MASK] .,Bangladesh,synth_City/TREx/P131.jsonl
18199,Fort Collins Municipal Railway is located in [MASK] .,Colorado,synth_City/TREx/P131.jsonl
18206,Virginia State Route 156 is located in [MASK] .,Virginia,synth_City/TREx/P131.jsonl
18207,Hamden Hall Country Day School is located in [MASK] .,Connecticut,synth_City/TREx/P131.jsonl
18210,Northwest Branch Anacostia River is located in [MASK] .,Maryland,synth_City/TREx/P131.jsonl
18216,Myongji University is located in [MASK] .,Seoul,synth_City/TREx/P131.jsonl
18218,Tobin Lake is located in [MASK] .,Saskatchewan,synth_City/TREx/P131.jsonl
18222,KMVP-FM is located in [MASK] .,Arizona,synth_City/TREx/P131.jsonl
18224,Millbrae station is located in [MASK] .,California,synth_City/TREx/P131.jsonl
18225,Thirteen Colonies is located in [MASK] .,England,synth_City/TREx/P131.jsonl
18274,Maryland Route 304 is located in [MASK] .,MD,synth_City/TREx/P131.jsonl
18278,Terrebonne Parish is located in [MASK] .,Louisiana,synth_City/TREx/P131.jsonl
18295,Pinacoteca Nazionale di Bologna is located in [MASK] .,Bologna,synth_City/TREx/P131.jsonl
18308,Lefortovo District is located in [MASK] .,Moscow,synth_City/TREx/P131.jsonl
18313,Christie Pits is located in [MASK] .,Ontario,synth_City/TREx/P131.jsonl
18314,Swann Memorial Fountain is located in [MASK] .,Philadelphia,synth_City/TREx/P131.jsonl
18317,Chicago River is located in [MASK] .,Illinois,synth_City/TREx/P131.jsonl
18319,Martin Goodman Trail is located in [MASK] .,Ontario,synth_City/TREx/P131.jsonl
18321,Payyavoor is located in [MASK] .,Kerala,synth_City/TREx/P131.jsonl
18323,Pennsylvania Route 320 is located in [MASK] .,Pennsylvania,synth_City/TREx/P131.jsonl
18328,Maryland Route 392 is located in [MASK] .,Maryland,synth_City/TREx/P131.jsonl
18330,Minhang District is located in [MASK] .,Shanghai,synth_City/TREx/P131.jsonl
18380,Colchester railway station is located in [MASK] .,Colchester,synth_City/TREx/P131.jsonl
18383,Kosamba is located in [MASK] .,Gujarat,synth_City/TREx/P131.jsonl
18386,Lake Abitibi is located in [MASK] .,Quebec,synth_City/TREx/P131.jsonl
18393,Bone Valley is located in [MASK] .,Florida,synth_City/TREx/P131.jsonl
18395,Caradon Hill is located in [MASK] .,Cornwall,synth_City/TREx/P131.jsonl
18398,Lions' Gate is located in [MASK] .,Jerusalem,synth_City/TREx/P131.jsonl
18404,Fryderyk Chopin University of Music is located in [MASK] .,Warsaw,synth_City/TREx/P131.jsonl
18414,Mississippi State Penitentiary is located in [MASK] .,Mississippi,synth_City/TREx/P131.jsonl
18424,Wallow Fire is located in [MASK] .,Arizona,synth_City/TREx/P131.jsonl
18429,National Law School of India University is located in [MASK] .,Bangalore,synth_City/TREx/P131.jsonl
18442,Mizoram is located in [MASK] .,India,synth_City/TREx/P131.jsonl
18646,Whitacre Tower is located in [MASK] .,Texas,synth_City/TREx/P131.jsonl
18647,Mississauga Centre is located in [MASK] .,Ontario,synth_City/TREx/P131.jsonl
18649,Conneaut Creek is located in [MASK] .,Ohio,synth_City/TREx/P131.jsonl
18652,90.3 ABC Sunshine Coast is located in [MASK] .,Queensland,synth_City/TREx/P131.jsonl
18656,Hunter College is located in [MASK] .,Manhattan,synth_City/TREx/P131.jsonl
18665,"South Indian Lake, Manitoba is located in [MASK] .",Manitoba,synth_City/TREx/P131.jsonl
18670,Hickory Run State Park is located in [MASK] .,Pennsylvania,synth_City/TREx/P131.jsonl
18676,Liffey River is located in [MASK] .,Tasmania,synth_City/TREx/P131.jsonl
18680,Susquehanna River is located in [MASK] .,Maryland,synth_City/TREx/P131.jsonl
18698,University of Portsmouth is located in [MASK] .,Portsmouth,synth_City/TREx/P131.jsonl
18701,Poweshiek County is located in [MASK] .,Iowa,synth_City/TREx/P131.jsonl
18702,Lanyon Place railway station is located in [MASK] .,Belfast,synth_City/TREx/P131.jsonl
18707,Cookley is located in [MASK] .,England,synth_City/TREx/P131.jsonl
18713,Sydney Harbour Bridge is located in [MASK] .,Sydney,synth_City/TREx/P131.jsonl
18731,Sughd Province is located in [MASK] .,Tajikistan,synth_City/TREx/P131.jsonl
18845,Horton General Hospital is located in [MASK] .,Oxfordshire,synth_City/TREx/P131.jsonl
18846,Khentii Province is located in [MASK] .,Mongolia,synth_City/TREx/P131.jsonl
18903,Rosebud River is located in [MASK] .,Alberta,synth_City/TREx/P131.jsonl
18905,Mount Saint Elias is located in [MASK] .,Alaska,synth_City/TREx/P131.jsonl
18910,Samsun Province is located in [MASK] .,Turkey,synth_City/TREx/P131.jsonl
19075,Box Elder County is located in [MASK] .,Utah,synth_City/TREx/P131.jsonl
19096,Waltham High School is located in [MASK] .,Massachusetts,synth_City/TREx/P131.jsonl
19097,"Nayagaon, Rajasthan is located in [MASK] .",Rajasthan,synth_City/TREx/P131.jsonl
19103,Ma'rib Governorate is located in [MASK] .,Yemen,synth_City/TREx/P131.jsonl
19121,Karachi Cantonment is located in [MASK] .,Karachi,synth_City/TREx/P131.jsonl
19127,Kew Gardens Hills is located in [MASK] .,Queens,synth_City/TREx/P131.jsonl
19137,Industrial Design Centre is located in [MASK] .,Bombay,synth_City/TREx/P131.jsonl
19141,Illinois Route 394 is located in [MASK] .,Illinois,synth_City/TREx/P131.jsonl
19142,Stockholm County is located in [MASK] .,Sweden,synth_City/TREx/P131.jsonl
19769,Al Shindagha is located in [MASK] .,Dubai,synth_City/TREx/P131.jsonl
19780,Lycoming College is located in [MASK] .,Pennsylvania,synth_City/TREx/P131.jsonl
19785,Province of Olbia-Tempio is located in [MASK] .,Sardinia,synth_City/TREx/P131.jsonl
19825,Walter Reed National Military Medical Center is located in [MASK] .,Maryland,synth_City/TREx/P131.jsonl
19827,Canton Tower is located in [MASK] .,Guangzhou,synth_City/TREx/P131.jsonl
19847,West Ardsley is located in [MASK] .,Leeds,synth_City/TREx/P131.jsonl
19852,Diablo Canyon Power Plant is located in [MASK] .,California,synth_City/TREx/P131.jsonl
19857,Bidar Lok Sabha constituency is located in [MASK] .,Karnataka,synth_City/TREx/P131.jsonl
19858,Arthur is located in [MASK] .,Illinois,synth_City/TREx/P131.jsonl
19861,Wynn Macau is located in [MASK] .,Macau,synth_City/TREx/P131.jsonl
19864,Stefaneschi Triptych is located in [MASK] .,Rome,synth_City/TREx/P131.jsonl
19865,Long Beach Polytechnic High School is located in [MASK] .,California,synth_City/TREx/P131.jsonl
19868,Circle Ten Council is located in [MASK] .,Texas,synth_City/TREx/P131.jsonl
19870,Spessart is located in [MASK] .,Bavaria,synth_City/TREx/P131.jsonl
19896,Auchenharvie Castle is located in [MASK] .,Scotland,synth_City/TREx/P131.jsonl
19912,Poole Harbour is located in [MASK] .,Dorset,synth_City/TREx/P131.jsonl
19937,Texas State Highway Loop 1604 is located in [MASK] .,Texas,synth_City/TREx/P131.jsonl
19940,Champapur is located in [MASK] .,Bihar,synth_City/TREx/P131.jsonl
19942,Swindon Works is located in [MASK] .,Swindon,synth_City/TREx/P131.jsonl
19944,Wesley Hospital is located in [MASK] .,Queensland,synth_City/TREx/P131.jsonl
19957,Hamilton Parish is located in [MASK] .,Bermuda,synth_City/TREx/P131.jsonl
19963,Coal Exchange is located in [MASK] .,Cardiff,synth_City/TREx/P131.jsonl
19970,Connecticut Route 183 is located in [MASK] .,Connecticut,synth_City/TREx/P131.jsonl
19972,Dogpatch USA is located in [MASK] .,Arkansas,synth_City/TREx/P131.jsonl
19975,Pont du Carrousel is located in [MASK] .,Paris,synth_City/TREx/P131.jsonl
19977,McMichael Canadian Art Collection is located in [MASK] .,Ontario,synth_City/TREx/P131.jsonl
19984,Gilroy High School is located in [MASK] .,California,synth_City/TREx/P131.jsonl
19985,New Bedford Whaling Museum is located in [MASK] .,Massachusetts,synth_City/TREx/P131.jsonl
19993,Salk Institute for Biological Studies is located in [MASK] .,California,synth_City/TREx/P131.jsonl
20009,Lake Bluff is located in [MASK] .,Illinois,synth_City/TREx/P131.jsonl
20013,Antalya Province is located in [MASK] .,Turkey,synth_City/TREx/P131.jsonl
20837,Kiryat Moshe is located in [MASK] .,Jerusalem,synth_City/TREx/P131.jsonl
20845,University of Southampton is located in [MASK] .,Southampton,synth_City/TREx/P131.jsonl
20855,Upper East Region is located in [MASK] .,Ghana,synth_City/TREx/P131.jsonl
20972,Gunter Annex is located in [MASK] .,Alabama,synth_City/TREx/P131.jsonl
20974,Derby School is located in [MASK] .,Derby,synth_City/TREx/P131.jsonl
20983,"East Kildonan, Winnipeg is located in [MASK] .",Manitoba,synth_City/TREx/P131.jsonl
20985,Golden Gate National Recreation Area is located in [MASK] .,California,synth_City/TREx/P131.jsonl
20988,Liverpool Maritime Mercantile City is located in [MASK] .,Liverpool,synth_City/TREx/P131.jsonl
20990,Gnadenhutten massacre is located in [MASK] .,Ohio,synth_City/TREx/P131.jsonl
20991,Luray Caverns is located in [MASK] .,Virginia,synth_City/TREx/P131.jsonl
20994,Mount Rose (Nevada) is located in [MASK] .,Nevada,synth_City/TREx/P131.jsonl
20998,Stockholm metro is located in [MASK] .,Stockholm,synth_City/TREx/P131.jsonl
21045,M&T Bank Stadium is located in [MASK] .,Maryland,synth_City/TREx/P131.jsonl
21047,A229 road is located in [MASK] .,Kent,synth_City/TREx/P131.jsonl
21052,One Raffles Place is located in [MASK] .,Singapore,synth_City/TREx/P131.jsonl
21057,Martorana is located in [MASK] .,Palermo,synth_City/TREx/P131.jsonl
21063,Kurinjimala Sanctuary is located in [MASK] .,Kerala,synth_City/TREx/P131.jsonl
21068,Chennai Mathematical Institute is located in [MASK] .,Chennai,synth_City/TREx/P131.jsonl
21075,Rancho Castac is located in [MASK] .,California,synth_City/TREx/P131.jsonl
21077,California Citrus State Historic Park is located in [MASK] .,California,synth_City/TREx/P131.jsonl
21081,Wapekeka First Nation is located in [MASK] .,Ontario,synth_City/TREx/P131.jsonl
21085,HRL Laboratories is located in [MASK] .,California,synth_City/TREx/P131.jsonl
21086,U.S. Route 129 in Florida is located in [MASK] .,Florida,synth_City/TREx/P131.jsonl
21087,Covelli Centre is located in [MASK] .,Ohio,synth_City/TREx/P131.jsonl
21090,Penclawdd is located in [MASK] .,Swansea,synth_City/TREx/P131.jsonl
21097,Osmaniye Province is located in [MASK] .,Turkey,synth_City/TREx/P131.jsonl
21142,Zenshuji is located in [MASK] .,California,synth_City/TREx/P131.jsonl
21143,Carnegie Deli is located in [MASK] .,Manhattan,synth_City/TREx/P131.jsonl
21145,Coomera River is located in [MASK] .,Queensland,synth_City/TREx/P131.jsonl
21160,Coke County is located in [MASK] .,Texas,synth_City/TREx/P131.jsonl
21165,Luton Airport is located in [MASK] .,Luton,synth_City/TREx/P131.jsonl
21170,Royal Montreal Golf Club is located in [MASK] .,Montreal,synth_City/TREx/P131.jsonl
21171,Hama Governorate is located in [MASK] .,Syria,synth_City/TREx/P131.jsonl
21408,Porsche Museum is located in [MASK] .,Stuttgart,synth_City/TREx/P131.jsonl
21412,San Francisco Conservatory of Music is located in [MASK] .,California,synth_City/TREx/P131.jsonl
21419,Alabama State University is located in [MASK] .,Alabama,synth_City/TREx/P131.jsonl
21443,Alabama Theatre is located in [MASK] .,Alabama,synth_City/TREx/P131.jsonl
21444,Ouachita National Forest is located in [MASK] .,Arkansas,synth_City/TREx/P131.jsonl
21454,Pennsylvania Dutch Country is located in [MASK] .,Pennsylvania,synth_City/TREx/P131.jsonl
21463,Watson Island is located in [MASK] .,Miami,synth_City/TREx/P131.jsonl
21472,"New Club, Edinburgh is located in [MASK] .",Edinburgh,synth_City/TREx/P131.jsonl
21476,Yellowstone National Park is located in [MASK] .,Montana,synth_City/TREx/P131.jsonl
21517,County of London is located in [MASK] .,England,synth_City/TREx/P131.jsonl
21596,Honey War is located in [MASK] .,Missouri,synth_City/TREx/P131.jsonl
21601,Paynes Prairie is located in [MASK] .,Florida,synth_City/TREx/P131.jsonl
21606,Longs Peak is located in [MASK] .,Colorado,synth_City/TREx/P131.jsonl
21611,Brickell Key is located in [MASK] .,Miami,synth_City/TREx/P131.jsonl
21615,Welford Road Stadium is located in [MASK] .,Leicester,synth_City/TREx/P131.jsonl
21620,Leeds Beckett University is located in [MASK] .,Leeds,synth_City/TREx/P131.jsonl
21655,Ford Castle is located in [MASK] .,Northumberland,synth_City/TREx/P131.jsonl
21658,Shire of Nillumbik is located in [MASK] .,Melbourne,synth_City/TREx/P131.jsonl
21662,Malanje Province is located in [MASK] .,Angola,synth_City/TREx/P131.jsonl
21691,National Theatre Munich is located in [MASK] .,Munich,synth_City/TREx/P131.jsonl
21700,Dorogomilovo District is located in [MASK] .,Moscow,synth_City/TREx/P131.jsonl
21701,North Las Vegas Airport is located in [MASK] .,Nevada,synth_City/TREx/P131.jsonl
21703,Vayots Dzor Region is located in [MASK] .,Armenian,synth_City/TREx/P131.jsonl
21819,Maryland Route 100 is located in [MASK] .,MD,synth_City/TREx/P131.jsonl
21820,Limbdi is located in [MASK] .,Gujarat,synth_City/TREx/P131.jsonl
21825,Pennsylvania Route 611 is located in [MASK] .,PA,synth_City/TREx/P131.jsonl
21843,Wildcat Hills is located in [MASK] .,Nebraska,synth_City/TREx/P131.jsonl
21845,Taunton River Watershed is located in [MASK] .,Massachusetts,synth_City/TREx/P131.jsonl
21849,Woodbine Racetrack is located in [MASK] .,Ontario,synth_City/TREx/P131.jsonl
21969,Sultan Ahmed Mosque is located in [MASK] .,Istanbul,synth_City/TREx/P131.jsonl
22012,Bitterroot Mountains is located in [MASK] .,Montana,synth_City/TREx/P131.jsonl
22020,Camp Myles Standish is located in [MASK] .,Massachusetts,synth_City/TREx/P131.jsonl
22034,Tlaquepaque is located in [MASK] .,Mexico,synth_City/TREx/P131.jsonl
22046,Lakeridge Health Oshawa is located in [MASK] .,Ontario,synth_City/TREx/P131.jsonl
22048,Shippon is located in [MASK] .,Oxfordshire,synth_City/TREx/P131.jsonl
22051,"Medical College and Hospital, Kolkata is located in [MASK] .",Kolkata,synth_City/TREx/P131.jsonl
22060,Interstate 82 is located in [MASK] .,Oregon,synth_City/TREx/P131.jsonl
22062,Telford and Wrekin is located in [MASK] .,Shropshire,synth_City/TREx/P131.jsonl
22086,Everleigh Club is located in [MASK] .,Chicago,synth_City/TREx/P131.jsonl
22090,McKinley Climatic Laboratory is located in [MASK] .,Florida,synth_City/TREx/P131.jsonl
22092,Interstate 255 is located in [MASK] .,Illinois,synth_City/TREx/P131.jsonl
22097,Florida International University is located in [MASK] .,Florida,synth_City/TREx/P131.jsonl
22110,Buckeystown is located in [MASK] .,Maryland,synth_City/TREx/P131.jsonl
22111,Jatinga is located in [MASK] .,Assam,synth_City/TREx/P131.jsonl
22114,Spuyten Duyvil Bridge is located in [MASK] .,Manhattan,synth_City/TREx/P131.jsonl
22116,Portbou is located in [MASK] .,Catalonia,synth_City/TREx/P131.jsonl
22122,Oslo Central Station is located in [MASK] .,Oslo,synth_City/TREx/P131.jsonl
22186,Gracie Mansion is located in [MASK] .,Manhattan,synth_City/TREx/P131.jsonl
22187,Jennings is located in [MASK] .,Louisiana,synth_City/TREx/P131.jsonl
22189,Naval Air Station South Weymouth is located in [MASK] .,Massachusetts,synth_City/TREx/P131.jsonl
22191,Mykolaiv Oblast is located in [MASK] .,Ukraine,synth_City/TREx/P131.jsonl
22306,Bicol Region is located in [MASK] .,Philippines,synth_City/TREx/P131.jsonl
22379,Kyustendil Province is located in [MASK] .,Bulgaria,synth_City/TREx/P131.jsonl
22631,Manchester Central Convention Complex is located in [MASK] .,Manchester,synth_City/TREx/P131.jsonl
22647,Calstone Wellington is located in [MASK] .,Wiltshire,synth_City/TREx/P131.jsonl
22651,U.S. Route 20 in Oregon is located in [MASK] .,Oregon,synth_City/TREx/P131.jsonl
22656,Vrancea County is located in [MASK] .,Romania,synth_City/TREx/P131.jsonl
22739,Capital Governorate is located in [MASK] .,Kuwait,synth_City/TREx/P131.jsonl
22745,Maryland Route 222 is located in [MASK] .,MD,synth_City/TREx/P131.jsonl
22747,Tussey Mountain is located in [MASK] .,Pennsylvania,synth_City/TREx/P131.jsonl
22755,Moscow State Pedagogical University is located in [MASK] .,Moscow,synth_City/TREx/P131.jsonl
22762,Al-Midan is located in [MASK] .,Damascus,synth_City/TREx/P131.jsonl
22775,Shikellamy High School is located in [MASK] .,Pennsylvania,synth_City/TREx/P131.jsonl
22776,Monmouth Regimental Museum is located in [MASK] .,Monmouth,synth_City/TREx/P131.jsonl
22778,Vila Real District is located in [MASK] .,Portugal,synth_City/TREx/P131.jsonl
22821,Spicket River is located in [MASK] .,Massachusetts,synth_City/TREx/P131.jsonl
22823,Manassas Regional Airport is located in [MASK] .,Virginia,synth_City/TREx/P131.jsonl
22825,Maryland Route 6 is located in [MASK] .,Maryland,synth_City/TREx/P131.jsonl
22826,Bluefield College is located in [MASK] .,Virginia,synth_City/TREx/P131.jsonl
22827,Yukon Flats National Wildlife Refuge is located in [MASK] .,Alaska,synth_City/TREx/P131.jsonl
22829,936 ABC Hobart is located in [MASK] .,Tasmania,synth_City/TREx/P131.jsonl
22832,Rocky Mountain National Park is located in [MASK] .,Colorado,synth_City/TREx/P131.jsonl
22864,Southpointe is located in [MASK] .,Pennsylvania,synth_City/TREx/P131.jsonl
22866,Western Kentucky University is located in [MASK] .,Kentucky,synth_City/TREx/P131.jsonl
22877,Ostankinsky District is located in [MASK] .,Moscow,synth_City/TREx/P131.jsonl
22884,Spirit Mountain Wilderness is located in [MASK] .,Nevada,synth_City/TREx/P131.jsonl
22887,Riverside Expressway is located in [MASK] .,Queensland,synth_City/TREx/P131.jsonl
22889,Tours railway station is located in [MASK] .,Tours,synth_City/TREx/P131.jsonl
22892,Overmonnow is located in [MASK] .,Monmouth,synth_City/TREx/P131.jsonl
22900,KSTP-FM is located in [MASK] .,Minnesota,synth_City/TREx/P131.jsonl
22902,Pennsylvania Liquor Control Board is located in [MASK] .,Pennsylvania,synth_City/TREx/P131.jsonl
22916,Old Trinity Church is located in [MASK] .,Pennsylvania,synth_City/TREx/P131.jsonl
23042,Patuxent Wildlife Research Center is located in [MASK] .,Maryland,synth_City/TREx/P131.jsonl
23045,Berea College is located in [MASK] .,Kentucky,synth_City/TREx/P131.jsonl
23060,Battambang Province is located in [MASK] .,Cambodia,synth_City/TREx/P131.jsonl
23250,Goat Rock Beach is located in [MASK] .,California,synth_City/TREx/P131.jsonl
23254,Savage Mill is located in [MASK] .,Maryland,synth_City/TREx/P131.jsonl
23255,Old City of Bern is located in [MASK] .,Bern,synth_City/TREx/P131.jsonl
23384,Tafalla is located in [MASK] .,Navarre,synth_City/TREx/P131.jsonl
23390,Assiginack is located in [MASK] .,Ontario,synth_City/TREx/P131.jsonl
23404,Slaithwaite is located in [MASK] .,England,synth_City/TREx/P131.jsonl
23414,Losiny Ostrov National Park is located in [MASK] .,Moscow,synth_City/TREx/P131.jsonl
23419,Arapaho National Wildlife Refuge is located in [MASK] .,Colorado,synth_City/TREx/P131.jsonl
23426,Fort de Queuleu is located in [MASK] .,Metz,synth_City/TREx/P131.jsonl
23429,Xaverian Brothers High School is located in [MASK] .,Massachusetts,synth_City/TREx/P131.jsonl
23444,Bighorn Basin is located in [MASK] .,Wyoming,synth_City/TREx/P131.jsonl
23460,Circle Centre is located in [MASK] .,Indiana,synth_City/TREx/P131.jsonl
23461,Festning Tunnel is located in [MASK] .,Oslo,synth_City/TREx/P131.jsonl
23464,Maury County is located in [MASK] .,Tennessee,synth_City/TREx/P131.jsonl
23477,Pennsylvania Route 372 is located in [MASK] .,PA,synth_City/TREx/P131.jsonl
23481,Bruce County is located in [MASK] .,Ontario,synth_City/TREx/P131.jsonl
23508,Fossil Butte National Monument is located in [MASK] .,Wyoming,synth_City/TREx/P131.jsonl
23517,Wellington Catholic District School Board is located in [MASK] .,Ontario,synth_City/TREx/P131.jsonl
23527,North Stonington is located in [MASK] .,Connecticut,synth_City/TREx/P131.jsonl
23535,Turkey Mountain Urban Wilderness Area is located in [MASK] .,Oklahoma,synth_City/TREx/P131.jsonl
23537,Carrizo Plain is located in [MASK] .,California,synth_City/TREx/P131.jsonl
23541,Khyber Pakhtunkhwa is located in [MASK] .,Pakistan,synth_City/TREx/P131.jsonl
25086,Film and Television Institute of India is located in [MASK] .,Pune,synth_City/TREx/P131.jsonl
25096,Foulis Castle is located in [MASK] .,Scotland,synth_City/TREx/P131.jsonl
25102,Liberty Island is located in [MASK] .,Manhattan,synth_City/TREx/P131.jsonl
25105,Kentucky Route 3 is located in [MASK] .,Kentucky,synth_City/TREx/P131.jsonl
25107,Montour County is located in [MASK] .,Pennsylvania,synth_City/TREx/P131.jsonl
25122,Long Plain First Nation is located in [MASK] .,Manitoba,synth_City/TREx/P131.jsonl
25125,Wisconsin Highway 101 is located in [MASK] .,Wisconsin,synth_City/TREx/P131.jsonl
25128,Monessen is located in [MASK] .,Pennsylvania,synth_City/TREx/P131.jsonl
25131,Bandra is located in [MASK] .,Mumbai,synth_City/TREx/P131.jsonl
25214,M-129 is located in [MASK] .,Michigan,synth_City/TREx/P131.jsonl
25216,Lake Marble Falls is located in [MASK] .,Texas,synth_City/TREx/P131.jsonl
25258,Interstate 44 in Texas is located in [MASK] .,Texas,synth_City/TREx/P131.jsonl
25259,Augustusplatz is located in [MASK] .,Leipzig,synth_City/TREx/P131.jsonl
25267,Elk State Park is located in [MASK] .,Pennsylvania,synth_City/TREx/P131.jsonl
25271,Manica Province is located in [MASK] .,Mozambique,synth_City/TREx/P131.jsonl
25303,Somerset Land District is located in [MASK] .,Tasmania,synth_City/TREx/P131.jsonl
25324,32nd Indiana Monument is located in [MASK] .,Kentucky,synth_City/TREx/P131.jsonl
25325,"Padi, Chennai is located in [MASK] .",Chennai,synth_City/TREx/P131.jsonl
25339,Nanyang Technological University is located in [MASK] .,Singapore,synth_City/TREx/P131.jsonl
25407,Judith River Group is located in [MASK] .,Saskatchewan,synth_City/TREx/P131.jsonl
25408,Clearwater Formation is located in [MASK] .,Alberta,synth_City/TREx/P131.jsonl
25411,Nares Strait is located in [MASK] .,Greenland,synth_City/TREx/P131.jsonl
25423,Rewas is located in [MASK] .,Maharashtra,synth_City/TREx/P131.jsonl
25426,Kotturpuram is located in [MASK] .,Chennai,synth_City/TREx/P131.jsonl
25433,White Stag sign is located in [MASK] .,Oregon,synth_City/TREx/P131.jsonl
25435,Monument to the Battle of the Nations is located in [MASK] .,Leipzig,synth_City/TREx/P131.jsonl
25444,Bromsgrove is located in [MASK] .,Worcestershire,synth_City/TREx/P131.jsonl
25471,Marad massacre is located in [MASK] .,Kerala,synth_City/TREx/P131.jsonl
25473,Mauricie is located in [MASK] .,Quebec,synth_City/TREx/P131.jsonl
25705,Nagaland is located in [MASK] .,India,synth_City/TREx/P131.jsonl
25907,North Berwick is located in [MASK] .,Scotland,synth_City/TREx/P131.jsonl
25941,Jane Franklin Hall is located in [MASK] .,Tasmania,synth_City/TREx/P131.jsonl
25944,Copenhagen Business School is located in [MASK] .,Copenhagen,synth_City/TREx/P131.jsonl
25952,Cohasset High School is located in [MASK] .,Massachusetts,synth_City/TREx/P131.jsonl
25962,KKBQ is located in [MASK] .,TX,synth_City/TREx/P131.jsonl
25963,Illinois Route 9 is located in [MASK] .,Illinois,synth_City/TREx/P131.jsonl
25965,Hailakandi district is located in [MASK] .,Assam,synth_City/TREx/P131.jsonl
25978,Vermont Route 108 is located in [MASK] .,Vermont,synth_City/TREx/P131.jsonl
25980,Mamou Region is located in [MASK] .,Guinea,synth_City/TREx/P131.jsonl
26059,Punnichy is located in [MASK] .,Saskatchewan,synth_City/TREx/P131.jsonl
26064,Sacramento Convention Center Complex is located in [MASK] .,California,synth_City/TREx/P131.jsonl
26065,Bern Theatre is located in [MASK] .,Bern,synth_City/TREx/P131.jsonl
26081,A53 road is located in [MASK] .,Shropshire,synth_City/TREx/P131.jsonl
26122,Utah State Route 152 is located in [MASK] .,Utah,synth_City/TREx/P131.jsonl
26123,Zlatibor District is located in [MASK] .,Serbia,synth_City/TREx/P131.jsonl
26169,National Flag Square is located in [MASK] .,Baku,synth_City/TREx/P131.jsonl
26173,Coast Mountains is located in [MASK] .,Alaska,synth_City/TREx/P131.jsonl
26183,Damascus University is located in [MASK] .,Damascus,synth_City/TREx/P131.jsonl
26188,Poncha Pass is located in [MASK] .,Colorado,synth_City/TREx/P131.jsonl
26191,"Barnstable (village), Massachusetts is located in [MASK] .",Massachusetts,synth_City/TREx/P131.jsonl
26192,San Diego High School is located in [MASK] .,California,synth_City/TREx/P131.jsonl
26194,mumok is located in [MASK] .,Vienna,synth_City/TREx/P131.jsonl
26202,Brazos Wind Farm is located in [MASK] .,Texas,synth_City/TREx/P131.jsonl
26208,St. Louis is located in [MASK] .,Missouri,synth_City/TREx/P131.jsonl
26232,Millwood Lake is located in [MASK] .,Arkansas,synth_City/TREx/P131.jsonl
26234,Kennedy Space Center is located in [MASK] .,Florida,synth_City/TREx/P131.jsonl
26341,Jacobsburg Environmental Education Center is located in [MASK] .,Pennsylvania,synth_City/TREx/P131.jsonl
26353,Celilo Village is located in [MASK] .,Oregon,synth_City/TREx/P131.jsonl
26354,Kunstmuseum Bonn is located in [MASK] .,Bonn,synth_City/TREx/P131.jsonl
26359,Mewat district is located in [MASK] .,Haryana,synth_City/TREx/P131.jsonl
26379,Saskatchewan River Forks is located in [MASK] .,Saskatchewan,synth_City/TREx/P131.jsonl
26385,River Thames is located in [MASK] .,Oxfordshire,synth_City/TREx/P131.jsonl
26505,Nevada State Route 147 is located in [MASK] .,Nevada,synth_City/TREx/P131.jsonl
26508,Residenzgalerie is located in [MASK] .,Salzburg,synth_City/TREx/P131.jsonl
26510,Heavenly Mountain Resort is located in [MASK] .,California,synth_City/TREx/P131.jsonl
26511,Altare della Patria is located in [MASK] .,Rome,synth_City/TREx/P131.jsonl
26519,Ceredigion County Council is located in [MASK] .,Wales,synth_City/TREx/P131.jsonl
26524,Muncie Central High School is located in [MASK] .,Indiana,synth_City/TREx/P131.jsonl
26526,Miles College is located in [MASK] .,Alabama,synth_City/TREx/P131.jsonl
26527,Crab Orchard National Wildlife Refuge is located in [MASK] .,Illinois,synth_City/TREx/P131.jsonl
26529,Regnitz is located in [MASK] .,Bavaria,synth_City/TREx/P131.jsonl
26544,Atpadi is located in [MASK] .,Maharashtra,synth_City/TREx/P131.jsonl
26556,Bullion Mountains is located in [MASK] .,California,synth_City/TREx/P131.jsonl
26559,Garvin County is located in [MASK] .,Oklahoma,synth_City/TREx/P131.jsonl
26600,Carnegie Vanguard High School is located in [MASK] .,Texas,synth_City/TREx/P131.jsonl
26602,Charles Lang Freer House is located in [MASK] .,Detroit,synth_City/TREx/P131.jsonl
26606,Semnan Province is located in [MASK] .,Iran,synth_City/TREx/P131.jsonl
27995,Findhorn Foundation is located in [MASK] .,Scottish,synth_City/TREx/P131.jsonl
28003,John Paul II Catholic University of Lublin is located in [MASK] .,Lublin,synth_City/TREx/P131.jsonl
28012,Sugarloaf Key is located in [MASK] .,Florida,synth_City/TREx/P131.jsonl
28015,Cheyenne Frontier Days is located in [MASK] .,Wyoming,synth_City/TREx/P131.jsonl
28019,Heaton Park is located in [MASK] .,Manchester,synth_City/TREx/P131.jsonl
28039,Leeds Road is located in [MASK] .,Huddersfield,synth_City/TREx/P131.jsonl
