,sent,gold,filename
0,The headquarter of Chandos Records is in [MASK] .,Colchester,synth_City/TREx/P159.jsonl
7,The headquarter of OMERS is in [MASK] .,Toronto,synth_City/TREx/P159.jsonl
10,The headquarter of Swedish Orphan Biovitrum is in [MASK] .,Stockholm,synth_City/TREx/P159.jsonl
12,The headquarter of Infogrames Entertainment is in [MASK] .,Lyon,synth_City/TREx/P159.jsonl
14,The headquarter of Peroni Brewery is in [MASK] .,Rome,synth_City/TREx/P159.jsonl
102,The headquarter of Redpath Sugar is in [MASK] .,Montreal,synth_City/TREx/P159.jsonl
103,The headquarter of Sofapaka F.C. is in [MASK] .,Nairobi,synth_City/TREx/P159.jsonl
107,The headquarter of Telfort is in [MASK] .,Netherlands,synth_City/TREx/P159.jsonl
111,The headquarter of Paris Saint-Germain F.C. is in [MASK] .,Paris,synth_City/TREx/P159.jsonl
133,The headquarter of Overkill Software is in [MASK] .,Stockholm,synth_City/TREx/P159.jsonl
135,The headquarter of Edipresse is in [MASK] .,Lausanne,synth_City/TREx/P159.jsonl
138,The headquarter of Asa Lees is in [MASK] .,Oldham,synth_City/TREx/P159.jsonl
141,The headquarter of Scottish Socialist Party is in [MASK] .,Glasgow,synth_City/TREx/P159.jsonl
147,The headquarter of Azerbaijan Medical University is in [MASK] .,Baku,synth_City/TREx/P159.jsonl
151,The headquarter of Ceirano Fabbrica Automobili is in [MASK] .,Turin,synth_City/TREx/P159.jsonl
155,The headquarter of Jimdo is in [MASK] .,Hamburg,synth_City/TREx/P159.jsonl
158,The headquarter of Sydney Theatre Company is in [MASK] .,Sydney,synth_City/TREx/P159.jsonl
173,The headquarter of Irish Ferries is in [MASK] .,Dublin,synth_City/TREx/P159.jsonl
175,The headquarter of Bloc populaire is in [MASK] .,Montreal,synth_City/TREx/P159.jsonl
176,The headquarter of Stephenson Blake is in [MASK] .,Sheffield,synth_City/TREx/P159.jsonl
179,The headquarter of SBS Transit is in [MASK] .,Singapore,synth_City/TREx/P159.jsonl
192,The headquarter of The Trussell Trust is in [MASK] .,Salisbury,synth_City/TREx/P159.jsonl
194,The headquarter of University of Florence is in [MASK] .,Florence,synth_City/TREx/P159.jsonl
199,The headquarter of Polish Socialist Party is in [MASK] .,Warsaw,synth_City/TREx/P159.jsonl
201,The headquarter of Uprok Records is in [MASK] .,Seattle,synth_City/TREx/P159.jsonl
204,The headquarter of Far East Organization is in [MASK] .,Singapore,synth_City/TREx/P159.jsonl
211,The headquarter of Palfinger is in [MASK] .,Salzburg,synth_City/TREx/P159.jsonl
224,The headquarter of Warwick School is in [MASK] .,Warwick,synth_City/TREx/P159.jsonl
227,The headquarter of Boston Navy Yard is in [MASK] .,Boston,synth_City/TREx/P159.jsonl
265,The headquarter of Environics is in [MASK] .,Toronto,synth_City/TREx/P159.jsonl
267,The headquarter of DNB ASA is in [MASK] .,Oslo,synth_City/TREx/P159.jsonl
270,The headquarter of Syrian Arab Army is in [MASK] .,Damascus,synth_City/TREx/P159.jsonl
279,The headquarter of Integral Coach Factory is in [MASK] .,Madras,synth_City/TREx/P159.jsonl
287,The headquarter of Dynegy is in [MASK] .,Houston,synth_City/TREx/P159.jsonl
289,The headquarter of Day Software is in [MASK] .,Basel,synth_City/TREx/P159.jsonl
293,The headquarter of Ahlstrom-Munksjö is in [MASK] .,Helsinki,synth_City/TREx/P159.jsonl
294,The headquarter of Beacon Press is in [MASK] .,Boston,synth_City/TREx/P159.jsonl
298,The headquarter of Berliner AK 07 is in [MASK] .,Berlin,synth_City/TREx/P159.jsonl
304,The headquarter of Verkehrsverbund Berlin-Brandenburg is in [MASK] .,Berlin,synth_City/TREx/P159.jsonl
314,The headquarter of Roger Dubuis is in [MASK] .,Geneva,synth_City/TREx/P159.jsonl
315,The headquarter of Sun Shipbuilding & Drydock Co. is in [MASK] .,Philadelphia,synth_City/TREx/P159.jsonl
317,The headquarter of Crown Airways is in [MASK] .,Philadelphia,synth_City/TREx/P159.jsonl
320,The headquarter of Southern United FC is in [MASK] .,Dunedin,synth_City/TREx/P159.jsonl
323,The headquarter of Hapoel Haifa F.C. is in [MASK] .,Haifa,synth_City/TREx/P159.jsonl
328,The headquarter of British Tanker Company is in [MASK] .,London,synth_City/TREx/P159.jsonl
329,The headquarter of Hamburg-Amerikanische-Packetfahrt-Actien-Gesellschaft is in [MASK] .,Hamburg,synth_City/TREx/P159.jsonl
354,The headquarter of Anadol is in [MASK] .,Istanbul,synth_City/TREx/P159.jsonl
366,The headquarter of Milano Vipers is in [MASK] .,Milan,synth_City/TREx/P159.jsonl
370,The headquarter of Seibu Kaihatsu is in [MASK] .,Japan,synth_City/TREx/P159.jsonl
375,The headquarter of Markham & Co. is in [MASK] .,Chesterfield,synth_City/TREx/P159.jsonl
376,The headquarter of IndusInd Bank is in [MASK] .,Mumbai,synth_City/TREx/P159.jsonl
380,The headquarter of Pukka Pies is in [MASK] .,Leicestershire,synth_City/TREx/P159.jsonl
382,The headquarter of Deutsche Post AG is in [MASK] .,Bonn,synth_City/TREx/P159.jsonl
384,The headquarter of Arcadia Group is in [MASK] .,London,synth_City/TREx/P159.jsonl
387,The headquarter of Asprey is in [MASK] .,London,synth_City/TREx/P159.jsonl
392,The headquarter of Nazi Party is in [MASK] .,Munich,synth_City/TREx/P159.jsonl
471,The headquarter of Belavia is in [MASK] .,Minsk,synth_City/TREx/P159.jsonl
475,The headquarter of International Tea Co. Stores is in [MASK] .,London,synth_City/TREx/P159.jsonl
478,The headquarter of Dangote Cement is in [MASK] .,Lagos,synth_City/TREx/P159.jsonl
508,The headquarter of Zotac is in [MASK] .,Macau,synth_City/TREx/P159.jsonl
517,The headquarter of United Nations Observer Mission in Georgia is in [MASK] .,Tbilisi,synth_City/TREx/P159.jsonl
521,The headquarter of Cable & Wireless Communications is in [MASK] .,London,synth_City/TREx/P159.jsonl
544,The headquarter of 9 Story Media Group is in [MASK] .,Toronto,synth_City/TREx/P159.jsonl
553,The headquarter of Rushes Postproduction is in [MASK] .,London,synth_City/TREx/P159.jsonl
556,The headquarter of Coventry Building Society is in [MASK] .,Coventry,synth_City/TREx/P159.jsonl
558,The headquarter of CPP Investment Board is in [MASK] .,Toronto,synth_City/TREx/P159.jsonl
570,The headquarter of Jisc is in [MASK] .,Bristol,synth_City/TREx/P159.jsonl
572,The headquarter of Lotte Hotels & Resorts is in [MASK] .,Seoul,synth_City/TREx/P159.jsonl
573,The headquarter of Green Party of England and Wales is in [MASK] .,London,synth_City/TREx/P159.jsonl
582,The headquarter of Annick Press is in [MASK] .,Toronto,synth_City/TREx/P159.jsonl
584,The headquarter of Mercure de France is in [MASK] .,Paris,synth_City/TREx/P159.jsonl
590,The headquarter of All India Muslim League is in [MASK] .,Lucknow,synth_City/TREx/P159.jsonl
592,The headquarter of Latvian Way is in [MASK] .,Riga,synth_City/TREx/P159.jsonl
593,The headquarter of Terra Firma Capital Partners is in [MASK] .,London,synth_City/TREx/P159.jsonl
595,The headquarter of Bulgarian National Radio is in [MASK] .,Sofia,synth_City/TREx/P159.jsonl
604,The headquarter of MillerCoors is in [MASK] .,Chicago,synth_City/TREx/P159.jsonl
605,The headquarter of Baker McKenzie is in [MASK] .,Chicago,synth_City/TREx/P159.jsonl
610,The headquarter of Optomen is in [MASK] .,London,synth_City/TREx/P159.jsonl
611,The headquarter of Freud Communications is in [MASK] .,London,synth_City/TREx/P159.jsonl
615,The headquarter of Stroytransgaz is in [MASK] .,Moscow,synth_City/TREx/P159.jsonl
623,The headquarter of State University of New York is in [MASK] .,Albany,synth_City/TREx/P159.jsonl
680,The headquarter of GMR Group is in [MASK] .,Bangalore,synth_City/TREx/P159.jsonl
682,The headquarter of Yerevan Ararat Wine Factory is in [MASK] .,Yerevan,synth_City/TREx/P159.jsonl
688,The headquarter of National Development and Reform Commission is in [MASK] .,Beijing,synth_City/TREx/P159.jsonl
695,The headquarter of Rogers TV is in [MASK] .,Ottawa,synth_City/TREx/P159.jsonl
699,The headquarter of Acne Studios is in [MASK] .,Stockholm,synth_City/TREx/P159.jsonl
709,The headquarter of Union for the Mediterranean is in [MASK] .,Barcelona,synth_City/TREx/P159.jsonl
713,The headquarter of PFC CSKA  Sofia is in [MASK] .,Sofia,synth_City/TREx/P159.jsonl
734,The headquarter of Rank Organisation is in [MASK] .,London,synth_City/TREx/P159.jsonl
739,The headquarter of Telehouse Europe is in [MASK] .,London,synth_City/TREx/P159.jsonl
742,The headquarter of Jordan Marsh is in [MASK] .,Boston,synth_City/TREx/P159.jsonl
749,The headquarter of Getlink is in [MASK] .,Paris,synth_City/TREx/P159.jsonl
751,The headquarter of Kemira is in [MASK] .,Helsinki,synth_City/TREx/P159.jsonl
760,The headquarter of Norwegian Public Roads Administration is in [MASK] .,Oslo,synth_City/TREx/P159.jsonl
766,The headquarter of Fuji Kyuko is in [MASK] .,Japan,synth_City/TREx/P159.jsonl
801,The headquarter of Ladenburg Thalmann is in [MASK] .,Miami,synth_City/TREx/P159.jsonl
814,The headquarter of CTV Television Network is in [MASK] .,Toronto,synth_City/TREx/P159.jsonl
837,The headquarter of Istanbul Agop Cymbals is in [MASK] .,Istanbul,synth_City/TREx/P159.jsonl
847,The headquarter of Interpol is in [MASK] .,Lyon,synth_City/TREx/P159.jsonl
850,The headquarter of Egyptian Exchange is in [MASK] .,Cairo,synth_City/TREx/P159.jsonl
853,The headquarter of Canadian National Railway is in [MASK] .,Montreal,synth_City/TREx/P159.jsonl
895,The headquarter of FontShop International is in [MASK] .,Berlin,synth_City/TREx/P159.jsonl
897,The headquarter of Russian State Archive of Literature and Art is in [MASK] .,Moscow,synth_City/TREx/P159.jsonl
898,The headquarter of National Assessments Bureau is in [MASK] .,Wellington,synth_City/TREx/P159.jsonl
899,The headquarter of Eurocreme is in [MASK] .,London,synth_City/TREx/P159.jsonl
902,The headquarter of De Beers is in [MASK] .,Johannesburg,synth_City/TREx/P159.jsonl
904,The headquarter of Sukhoi is in [MASK] .,Moscow,synth_City/TREx/P159.jsonl
905,The headquarter of Democratic Progressive Party is in [MASK] .,Taipei,synth_City/TREx/P159.jsonl
915,The headquarter of Cardiff University is in [MASK] .,Cardiff,synth_City/TREx/P159.jsonl
948,The headquarter of University of Strathclyde is in [MASK] .,Glasgow,synth_City/TREx/P159.jsonl
955,The headquarter of Astronomische Gesellschaft is in [MASK] .,Hamburg,synth_City/TREx/P159.jsonl
956,The headquarter of Associated British Foods is in [MASK] .,London,synth_City/TREx/P159.jsonl
958,The headquarter of Politiken is in [MASK] .,Copenhagen,synth_City/TREx/P159.jsonl
972,The headquarter of Co-operative College is in [MASK] .,Manchester,synth_City/TREx/P159.jsonl
977,The headquarter of The Royal Conservatory of Music is in [MASK] .,Toronto,synth_City/TREx/P159.jsonl
1054,The headquarter of Velocette is in [MASK] .,Birmingham,synth_City/TREx/P159.jsonl
1061,The headquarter of Sporveien is in [MASK] .,Oslo,synth_City/TREx/P159.jsonl
1069,The headquarter of Harvard Medical School is in [MASK] .,Boston,synth_City/TREx/P159.jsonl
1156,The headquarter of National Security Intelligence is in [MASK] .,Dhaka,synth_City/TREx/P159.jsonl
1166,The headquarter of Minerva is in [MASK] .,London,synth_City/TREx/P159.jsonl
1167,The headquarter of World Class Championship Wrestling is in [MASK] .,Dallas,synth_City/TREx/P159.jsonl
1179,The headquarter of Csepel SC is in [MASK] .,Budapest,synth_City/TREx/P159.jsonl
1182,The headquarter of Historic New England is in [MASK] .,Boston,synth_City/TREx/P159.jsonl
1188,The headquarter of Northern Foods is in [MASK] .,Leeds,synth_City/TREx/P159.jsonl
1190,The headquarter of Rabobank is in [MASK] .,Utrecht,synth_City/TREx/P159.jsonl
1192,The headquarter of Jim Beam is in [MASK] .,Chicago,synth_City/TREx/P159.jsonl
1193,The headquarter of Oslo Commerce School is in [MASK] .,Oslo,synth_City/TREx/P159.jsonl
1195,The headquarter of Chinese Skating Association is in [MASK] .,Beijing,synth_City/TREx/P159.jsonl
1197,The headquarter of EMI is in [MASK] .,London,synth_City/TREx/P159.jsonl
1230,The headquarter of Bauer Type Foundry is in [MASK] .,Frankfurt,synth_City/TREx/P159.jsonl
1233,The headquarter of Alberta Government Telephones is in [MASK] .,Edmonton,synth_City/TREx/P159.jsonl
1237,The headquarter of Matrix Software is in [MASK] .,Tokyo,synth_City/TREx/P159.jsonl
1239,The headquarter of Scotiabank is in [MASK] .,Toronto,synth_City/TREx/P159.jsonl
1251,The headquarter of HHCL is in [MASK] .,London,synth_City/TREx/P159.jsonl
1257,The headquarter of Smirnoff is in [MASK] .,Moscow,synth_City/TREx/P159.jsonl
1268,The headquarter of Seagram Company Ltd. is in [MASK] .,Montreal,synth_City/TREx/P159.jsonl
1368,The headquarter of Wadia Group is in [MASK] .,Bombay,synth_City/TREx/P159.jsonl
1371,The headquarter of PACE Sports Management is in [MASK] .,London,synth_City/TREx/P159.jsonl
1374,The headquarter of École des hautes études commerciales du nord is in [MASK] .,Paris,synth_City/TREx/P159.jsonl
1376,The headquarter of Colefax Group is in [MASK] .,London,synth_City/TREx/P159.jsonl
1378,The headquarter of Wimm-Bill-Dann Foods is in [MASK] .,Moscow,synth_City/TREx/P159.jsonl
1398,The headquarter of Danish Film Institute is in [MASK] .,Copenhagen,synth_City/TREx/P159.jsonl
1401,The headquarter of Coal India is in [MASK] .,Kolkata,synth_City/TREx/P159.jsonl
1404,The headquarter of Cadillac is in [MASK] .,Detroit,synth_City/TREx/P159.jsonl
1423,The headquarter of Telia Company is in [MASK] .,Stockholm,synth_City/TREx/P159.jsonl
1425,The headquarter of Second Bank of the United States is in [MASK] .,Philadelphia,synth_City/TREx/P159.jsonl
1427,The headquarter of Munich Re is in [MASK] .,Munich,synth_City/TREx/P159.jsonl
1432,The headquarter of Energopetrol is in [MASK] .,Sarajevo,synth_City/TREx/P159.jsonl
1436,The headquarter of Artnet is in [MASK] .,Berlin,synth_City/TREx/P159.jsonl
1440,The headquarter of Atlantis FC is in [MASK] .,Helsinki,synth_City/TREx/P159.jsonl
1444,The headquarter of EasyJet Switzerland is in [MASK] .,Geneva,synth_City/TREx/P159.jsonl
1450,"The headquarter of Sharp, Stewart and Company is in [MASK] .",Glasgow,synth_City/TREx/P159.jsonl
1456,The headquarter of South Side Elevated Railroad is in [MASK] .,Chicago,synth_City/TREx/P159.jsonl
1460,The headquarter of Universal Esperanto Association is in [MASK] .,Rotterdam,synth_City/TREx/P159.jsonl
1471,The headquarter of Racing Club de Montevideo is in [MASK] .,Montevideo,synth_City/TREx/P159.jsonl
1476,The headquarter of British Railways Board is in [MASK] .,London,synth_City/TREx/P159.jsonl
1477,The headquarter of European Aviation Safety Agency is in [MASK] .,Cologne,synth_City/TREx/P159.jsonl
1480,The headquarter of Haifa Theatre is in [MASK] .,Haifa,synth_City/TREx/P159.jsonl
1486,The headquarter of Eesti Televisioon is in [MASK] .,Tallinn,synth_City/TREx/P159.jsonl
1492,The headquarter of Teesside University is in [MASK] .,Middlesbrough,synth_City/TREx/P159.jsonl
1496,The headquarter of Monell Chemical Senses Center is in [MASK] .,Philadelphia,synth_City/TREx/P159.jsonl
1506,The headquarter of Henry Ford Health System is in [MASK] .,Detroit,synth_City/TREx/P159.jsonl
1514,The headquarter of Acid Jazz Records is in [MASK] .,London,synth_City/TREx/P159.jsonl
1516,The headquarter of Brooks Sports is in [MASK] .,Seattle,synth_City/TREx/P159.jsonl
1524,The headquarter of Fat Cat Records is in [MASK] .,Brighton,synth_City/TREx/P159.jsonl
1527,The headquarter of National Technical University of Athens is in [MASK] .,Athens,synth_City/TREx/P159.jsonl
1583,The headquarter of Tatts Group is in [MASK] .,Queensland,synth_City/TREx/P159.jsonl
1584,The headquarter of Shanghai Jiao Tong University is in [MASK] .,Shanghai,synth_City/TREx/P159.jsonl
1615,The headquarter of Sun Media Corporation is in [MASK] .,Toronto,synth_City/TREx/P159.jsonl
1621,The headquarter of North British Locomotive Company is in [MASK] .,Glasgow,synth_City/TREx/P159.jsonl
1641,The headquarter of SunTrust Banks is in [MASK] .,Atlanta,synth_City/TREx/P159.jsonl
1646,The headquarter of Jacobs University Bremen is in [MASK] .,Bremen,synth_City/TREx/P159.jsonl
1651,The headquarter of Limerick F.C. is in [MASK] .,Limerick,synth_City/TREx/P159.jsonl
1809,The headquarter of Israel Electric Corporation is in [MASK] .,Haifa,synth_City/TREx/P159.jsonl
1810,The headquarter of Mander Brothers is in [MASK] .,Wolverhampton,synth_City/TREx/P159.jsonl
1817,The headquarter of Republic Pictures is in [MASK] .,Hollywood,synth_City/TREx/P159.jsonl
1818,The headquarter of Dargaud is in [MASK] .,Paris,synth_City/TREx/P159.jsonl
1822,The headquarter of Nintendo is in [MASK] .,Kyoto,synth_City/TREx/P159.jsonl
1842,The headquarter of Bristol & West is in [MASK] .,Bristol,synth_City/TREx/P159.jsonl
1844,The headquarter of Jewel-Osco is in [MASK] .,Chicago,synth_City/TREx/P159.jsonl
1846,The headquarter of University of Valencia is in [MASK] .,Valencia,synth_City/TREx/P159.jsonl
1850,The headquarter of New Azerbaijan Party is in [MASK] .,Baku,synth_City/TREx/P159.jsonl
1851,The headquarter of Chello Multicanal is in [MASK] .,Madrid,synth_City/TREx/P159.jsonl
1970,The headquarter of Urban Outfitters is in [MASK] .,Philadelphia,synth_City/TREx/P159.jsonl
1972,The headquarter of The Denver Dry Goods Company is in [MASK] .,Denver,synth_City/TREx/P159.jsonl
1977,The headquarter of Miracle Mart is in [MASK] .,Montreal,synth_City/TREx/P159.jsonl
1978,The headquarter of Sunrise Party is in [MASK] .,Tokyo,synth_City/TREx/P159.jsonl
1986,The headquarter of Edda Media is in [MASK] .,Oslo,synth_City/TREx/P159.jsonl
1987,The headquarter of Six Shooter Records is in [MASK] .,Toronto,synth_City/TREx/P159.jsonl
1989,The headquarter of de Havilland is in [MASK] .,Hertfordshire,synth_City/TREx/P159.jsonl
1991,The headquarter of Boston Market is in [MASK] .,Boston,synth_City/TREx/P159.jsonl
1999,The headquarter of Royal Australian Air Force is in [MASK] .,Canberra,synth_City/TREx/P159.jsonl
2003,The headquarter of DCD Media is in [MASK] .,London,synth_City/TREx/P159.jsonl
2007,The headquarter of Legoland is in [MASK] .,Poole,synth_City/TREx/P159.jsonl
2008,The headquarter of Boston Athletic Association is in [MASK] .,Boston,synth_City/TREx/P159.jsonl
2009,The headquarter of Emily Carr University of Art and Design is in [MASK] .,Vancouver,synth_City/TREx/P159.jsonl
2018,The headquarter of Club Med is in [MASK] .,Paris,synth_City/TREx/P159.jsonl
2019,The headquarter of STX Europe is in [MASK] .,Oslo,synth_City/TREx/P159.jsonl
2025,The headquarter of NBC Sports Chicago is in [MASK] .,Chicago,synth_City/TREx/P159.jsonl
2031,"The headquarter of Montreal Light, Heat & Power is in [MASK] .",Montreal,synth_City/TREx/P159.jsonl
2032,The headquarter of Microland is in [MASK] .,Bangalore,synth_City/TREx/P159.jsonl
2034,The headquarter of Biman Bangladesh Airlines is in [MASK] .,Dhaka,synth_City/TREx/P159.jsonl
2035,The headquarter of Pitchfork is in [MASK] .,Chicago,synth_City/TREx/P159.jsonl
2043,The headquarter of Wood Gundy is in [MASK] .,Toronto,synth_City/TREx/P159.jsonl
2044,The headquarter of Coventry Climax is in [MASK] .,Coventry,synth_City/TREx/P159.jsonl
2046,The headquarter of GTCR is in [MASK] .,Chicago,synth_City/TREx/P159.jsonl
2050,The headquarter of UBM plc is in [MASK] .,London,synth_City/TREx/P159.jsonl
2053,The headquarter of Citilink is in [MASK] .,Jakarta,synth_City/TREx/P159.jsonl
2055,The headquarter of St Patrick's Athletic F.C. is in [MASK] .,Dublin,synth_City/TREx/P159.jsonl
2057,The headquarter of Marilyn Agency is in [MASK] .,Paris,synth_City/TREx/P159.jsonl
2060,The headquarter of Fudan University is in [MASK] .,Shanghai,synth_City/TREx/P159.jsonl
2112,The headquarter of BBC Radio is in [MASK] .,London,synth_City/TREx/P159.jsonl
2225,The headquarter of Faculty of Law (University of Sarajevo) is in [MASK] .,Sarajevo,synth_City/TREx/P159.jsonl
2230,The headquarter of Delta Holding is in [MASK] .,Belgrade,synth_City/TREx/P159.jsonl
2242,The headquarter of P2P Foundation is in [MASK] .,Amsterdam,synth_City/TREx/P159.jsonl
2244,The headquarter of HSH Nordbank is in [MASK] .,Hamburg,synth_City/TREx/P159.jsonl
2247,The headquarter of FC Pyunik is in [MASK] .,Yerevan,synth_City/TREx/P159.jsonl
2250,The headquarter of Soviet Air Defence Forces is in [MASK] .,Moscow,synth_City/TREx/P159.jsonl
2263,The headquarter of Nippon Cultural Broadcasting is in [MASK] .,Tokyo,synth_City/TREx/P159.jsonl
2268,The headquarter of Delhi Transport Corporation is in [MASK] .,Delhi,synth_City/TREx/P159.jsonl
2271,The headquarter of 1. FC Lokomotive Leipzig is in [MASK] .,Leipzig,synth_City/TREx/P159.jsonl
2279,The headquarter of Berenberg Bank is in [MASK] .,Hamburg,synth_City/TREx/P159.jsonl
2299,The headquarter of International Socialist Tendency is in [MASK] .,London,synth_City/TREx/P159.jsonl
2300,The headquarter of DFDS is in [MASK] .,Copenhagen,synth_City/TREx/P159.jsonl
2306,The headquarter of Leeds Permanent Building Society is in [MASK] .,Leeds,synth_City/TREx/P159.jsonl
2310,The headquarter of Austereo Radio Network is in [MASK] .,Melbourne,synth_City/TREx/P159.jsonl
2313,The headquarter of TMF Nederland is in [MASK] .,Amsterdam,synth_City/TREx/P159.jsonl
2314,The headquarter of Keshavarz F.C. is in [MASK] .,Tehran,synth_City/TREx/P159.jsonl
2325,The headquarter of Newcomen Society is in [MASK] .,London,synth_City/TREx/P159.jsonl
2327,The headquarter of Chicago Public Library is in [MASK] .,Chicago,synth_City/TREx/P159.jsonl
2349,The headquarter of BlueSky Software is in [MASK] .,California,synth_City/TREx/P159.jsonl
2351,The headquarter of Republican Left of Catalonia is in [MASK] .,Barcelona,synth_City/TREx/P159.jsonl
2355,The headquarter of El Dorado Wrestling is in [MASK] .,Tokyo,synth_City/TREx/P159.jsonl
2356,The headquarter of Tundra Books is in [MASK] .,Toronto,synth_City/TREx/P159.jsonl
2359,The headquarter of LG Chem is in [MASK] .,Seoul,synth_City/TREx/P159.jsonl
2361,The headquarter of Tanzeem-e-Islami is in [MASK] .,Lahore,synth_City/TREx/P159.jsonl
2363,The headquarter of Germanwings is in [MASK] .,Cologne,synth_City/TREx/P159.jsonl
2365,The headquarter of Sora Ltd. is in [MASK] .,Tokyo,synth_City/TREx/P159.jsonl
2368,The headquarter of Sportskeeda is in [MASK] .,Bangalore,synth_City/TREx/P159.jsonl
2370,The headquarter of Centralwings is in [MASK] .,Warsaw,synth_City/TREx/P159.jsonl
2372,The headquarter of Bank Mellat is in [MASK] .,Tehran,synth_City/TREx/P159.jsonl
2374,The headquarter of Rupa & Co. is in [MASK] .,Kolkata,synth_City/TREx/P159.jsonl
2378,The headquarter of game companies named Stern is in [MASK] .,Chicago,synth_City/TREx/P159.jsonl
2379,The headquarter of Deutsche Reichsbahn (GDR) is in [MASK] .,Berlin,synth_City/TREx/P159.jsonl
2382,The headquarter of NTUC FairPrice is in [MASK] .,Singapore,synth_City/TREx/P159.jsonl
2399,The headquarter of Cinevistaas Limited is in [MASK] .,Mumbai,synth_City/TREx/P159.jsonl
2401,The headquarter of Lyndon B. Johnson Space Center is in [MASK] .,Houston,synth_City/TREx/P159.jsonl
2482,The headquarter of Slip-n-Slide Records is in [MASK] .,Miami,synth_City/TREx/P159.jsonl
2484,The headquarter of Singapore Bus Service is in [MASK] .,Singapore,synth_City/TREx/P159.jsonl
2488,The headquarter of MacMillan Bloedel is in [MASK] .,Vancouver,synth_City/TREx/P159.jsonl
2496,The headquarter of CEDADE is in [MASK] .,Barcelona,synth_City/TREx/P159.jsonl
2500,The headquarter of Christian Salvesen is in [MASK] .,Edinburgh,synth_City/TREx/P159.jsonl
2506,The headquarter of Royal Automobile Club of Queensland is in [MASK] .,Queensland,synth_City/TREx/P159.jsonl
2512,The headquarter of Douglas Holding is in [MASK] .,Hagen,synth_City/TREx/P159.jsonl
2526,The headquarter of Geo D. Whitcomb Company is in [MASK] .,Chicago,synth_City/TREx/P159.jsonl
2532,The headquarter of Kids Can Press is in [MASK] .,Toronto,synth_City/TREx/P159.jsonl
2536,The headquarter of Turkish Radio and Television Corporation is in [MASK] .,Ankara,synth_City/TREx/P159.jsonl
2545,The headquarter of Warp Films is in [MASK] .,Sheffield,synth_City/TREx/P159.jsonl
2551,The headquarter of League of Communists of Yugoslavia is in [MASK] .,Belgrade,synth_City/TREx/P159.jsonl
2562,The headquarter of Wiener AC is in [MASK] .,Vienna,synth_City/TREx/P159.jsonl
2565,The headquarter of Fraser Institute is in [MASK] .,Vancouver,synth_City/TREx/P159.jsonl
2571,The headquarter of Eurasian Natural Resources Corporation is in [MASK] .,London,synth_City/TREx/P159.jsonl
2582,The headquarter of Transarc is in [MASK] .,Pittsburgh,synth_City/TREx/P159.jsonl
2584,The headquarter of Sega Sports R&D is in [MASK] .,Japan,synth_City/TREx/P159.jsonl
2585,The headquarter of Royal Numismatic Society is in [MASK] .,London,synth_City/TREx/P159.jsonl
2594,The headquarter of Wien-Film is in [MASK] .,Vienna,synth_City/TREx/P159.jsonl
2597,The headquarter of Vancouver Royals is in [MASK] .,Vancouver,synth_City/TREx/P159.jsonl
2600,The headquarter of IF Brommapojkarna is in [MASK] .,Stockholm,synth_City/TREx/P159.jsonl
2610,The headquarter of Eros International is in [MASK] .,Mumbai,synth_City/TREx/P159.jsonl
2613,The headquarter of Nymphenburg Porcelain Manufactory is in [MASK] .,Munich,synth_City/TREx/P159.jsonl
2617,The headquarter of Popular National Union is in [MASK] .,Warsaw,synth_City/TREx/P159.jsonl
2618,The headquarter of Caproni is in [MASK] .,Milan,synth_City/TREx/P159.jsonl
2623,The headquarter of Croatian National Bank is in [MASK] .,Zagreb,synth_City/TREx/P159.jsonl
2628,The headquarter of University of Washington is in [MASK] .,Seattle,synth_City/TREx/P159.jsonl
3185,The headquarter of Bergverlag Rother is in [MASK] .,Munich,synth_City/TREx/P159.jsonl
3333,The headquarter of Ericsson is in [MASK] .,Stockholm,synth_City/TREx/P159.jsonl
3345,The headquarter of Sporting Clube de Goa is in [MASK] .,Goa,synth_City/TREx/P159.jsonl
3353,The headquarter of UAL Corporation is in [MASK] .,Chicago,synth_City/TREx/P159.jsonl
3356,The headquarter of Wayne State University Press is in [MASK] .,Detroit,synth_City/TREx/P159.jsonl
3359,The headquarter of Crossley Motors is in [MASK] .,Manchester,synth_City/TREx/P159.jsonl
3379,The headquarter of Boulton & Paul is in [MASK] .,Norwich,synth_City/TREx/P159.jsonl
3382,The headquarter of Gerrit Rietveld Academie is in [MASK] .,Amsterdam,synth_City/TREx/P159.jsonl
3402,"The headquarter of Matson, Inc. is in [MASK] .",Hawaii,synth_City/TREx/P159.jsonl
3412,The headquarter of Popular Prakashan is in [MASK] .,Bombay,synth_City/TREx/P159.jsonl
3415,The headquarter of Amirkabir University of Technology is in [MASK] .,Tehran,synth_City/TREx/P159.jsonl
3420,The headquarter of OMRON is in [MASK] .,Kyoto,synth_City/TREx/P159.jsonl
3425,The headquarter of Heilmann & Littmann is in [MASK] .,Berlin,synth_City/TREx/P159.jsonl
3427,The headquarter of Porto Editora is in [MASK] .,Porto,synth_City/TREx/P159.jsonl
3429,The headquarter of People's Democratic Party of Afghanistan is in [MASK] .,Kabul,synth_City/TREx/P159.jsonl
3435,The headquarter of First Chicago Bank is in [MASK] .,Chicago,synth_City/TREx/P159.jsonl
3438,The headquarter of Allen & Overy is in [MASK] .,London,synth_City/TREx/P159.jsonl
3443,The headquarter of CHUM Limited is in [MASK] .,Toronto,synth_City/TREx/P159.jsonl
3445,The headquarter of Gerasimov Institute of Cinematography is in [MASK] .,Moscow,synth_City/TREx/P159.jsonl
3455,The headquarter of Latvian Russian Union is in [MASK] .,Riga,synth_City/TREx/P159.jsonl
3459,The headquarter of Boulton Paul Aircraft is in [MASK] .,Norwich,synth_City/TREx/P159.jsonl
3460,The headquarter of Samsung is in [MASK] .,Seoul,synth_City/TREx/P159.jsonl
3472,The headquarter of Phaidon Press is in [MASK] .,London,synth_City/TREx/P159.jsonl
3490,The headquarter of Northern & Shell is in [MASK] .,London,synth_City/TREx/P159.jsonl
3492,The headquarter of Candover Investments is in [MASK] .,London,synth_City/TREx/P159.jsonl
3494,The headquarter of Hamburg-Bergedorf Railway Company is in [MASK] .,Hamburg,synth_City/TREx/P159.jsonl
3496,The headquarter of Burnham and Root is in [MASK] .,Chicago,synth_City/TREx/P159.jsonl
3497,The headquarter of Southeast University is in [MASK] .,Nanjing,synth_City/TREx/P159.jsonl
3508,The headquarter of Radical Axis is in [MASK] .,Atlanta,synth_City/TREx/P159.jsonl
3510,The headquarter of Scott Free Productions is in [MASK] .,London,synth_City/TREx/P159.jsonl
3513,The headquarter of Ipsos MORI is in [MASK] .,London,synth_City/TREx/P159.jsonl
3515,The headquarter of Nortel is in [MASK] .,Toronto,synth_City/TREx/P159.jsonl
3520,The headquarter of Bajaj Electricals is in [MASK] .,Mumbai,synth_City/TREx/P159.jsonl
3522,The headquarter of New Kabul Bank is in [MASK] .,Kabul,synth_City/TREx/P159.jsonl
3524,The headquarter of MZKT is in [MASK] .,Minsk,synth_City/TREx/P159.jsonl
3528,The headquarter of Venoco is in [MASK] .,Denver,synth_City/TREx/P159.jsonl
3537,The headquarter of Human Entertainment is in [MASK] .,Japan,synth_City/TREx/P159.jsonl
3551,The headquarter of TNK-BP is in [MASK] .,Moscow,synth_City/TREx/P159.jsonl
3556,The headquarter of Free Association Books is in [MASK] .,London,synth_City/TREx/P159.jsonl
3560,The headquarter of Tokyo Actor's Consumer's Cooperative Society is in [MASK] .,Tokyo,synth_City/TREx/P159.jsonl
3567,The headquarter of TU Wien is in [MASK] .,Vienna,synth_City/TREx/P159.jsonl
3571,The headquarter of Virtue Party is in [MASK] .,Ankara,synth_City/TREx/P159.jsonl
3572,The headquarter of John B. Stetson Company is in [MASK] .,Philadelphia,synth_City/TREx/P159.jsonl
3574,The headquarter of Italian Democratic Socialist Party is in [MASK] .,Rome,synth_City/TREx/P159.jsonl
3577,The headquarter of Sunoco is in [MASK] .,Philadelphia,synth_City/TREx/P159.jsonl
3579,The headquarter of Grattan plc is in [MASK] .,Bradford,synth_City/TREx/P159.jsonl
3581,The headquarter of Kering is in [MASK] .,Paris,synth_City/TREx/P159.jsonl
3587,The headquarter of Beijing Guoan F.C. is in [MASK] .,Beijing,synth_City/TREx/P159.jsonl
3588,The headquarter of Comintern is in [MASK] .,Moscow,synth_City/TREx/P159.jsonl
3648,The headquarter of Co-operative Commonwealth Federation (Ontario Section) is in [MASK] .,Toronto,synth_City/TREx/P159.jsonl
3650,The headquarter of Cognos is in [MASK] .,Ottawa,synth_City/TREx/P159.jsonl
3655,The headquarter of Manchester Business School is in [MASK] .,Manchester,synth_City/TREx/P159.jsonl
3661,The headquarter of Telespazio is in [MASK] .,Rome,synth_City/TREx/P159.jsonl
3662,The headquarter of Estonian Shipping Company is in [MASK] .,Tallinn,synth_City/TREx/P159.jsonl
3666,The headquarter of FIBA Africa is in [MASK] .,Cairo,synth_City/TREx/P159.jsonl
3675,The headquarter of Netafim is in [MASK] .,Israel,synth_City/TREx/P159.jsonl
3676,The headquarter of PopLlama Records is in [MASK] .,Seattle,synth_City/TREx/P159.jsonl
3681,The headquarter of Trafigura Beheer B.V. is in [MASK] .,Amsterdam,synth_City/TREx/P159.jsonl
3682,The headquarter of ITC Entertainment is in [MASK] .,London,synth_City/TREx/P159.jsonl
3687,The headquarter of Common Purpose UK is in [MASK] .,London,synth_City/TREx/P159.jsonl
3688,The headquarter of Universities Scotland is in [MASK] .,Scotland,synth_City/TREx/P159.jsonl
3691,The headquarter of Seiyu Group is in [MASK] .,Tokyo,synth_City/TREx/P159.jsonl
3693,The headquarter of Communist Party of Indonesia is in [MASK] .,Jakarta,synth_City/TREx/P159.jsonl
3698,The headquarter of Bagley & Wright is in [MASK] .,Oldham,synth_City/TREx/P159.jsonl
3713,The headquarter of Goa ISL team is in [MASK] .,Goa,synth_City/TREx/P159.jsonl
3716,The headquarter of Beykent University is in [MASK] .,Istanbul,synth_City/TREx/P159.jsonl
3727,The headquarter of RTV Studio B is in [MASK] .,Belgrade,synth_City/TREx/P159.jsonl
3731,The headquarter of Club Sport Emelec is in [MASK] .,Ecuador,synth_City/TREx/P159.jsonl
3752,The headquarter of HealthCap is in [MASK] .,Stockholm,synth_City/TREx/P159.jsonl
3771,The headquarter of Cogeco is in [MASK] .,Montreal,synth_City/TREx/P159.jsonl
3778,The headquarter of Taito Corporation is in [MASK] .,Tokyo,synth_City/TREx/P159.jsonl
3780,The headquarter of Pontifical Catholic University of Chile is in [MASK] .,Santiago,synth_City/TREx/P159.jsonl
3805,The headquarter of Uranium One is in [MASK] .,Toronto,synth_City/TREx/P159.jsonl
3807,The headquarter of Imagine Publishing is in [MASK] .,Bournemouth,synth_City/TREx/P159.jsonl
3808,The headquarter of Guinness World Records is in [MASK] .,London,synth_City/TREx/P159.jsonl
3826,The headquarter of Tata Consultancy Services is in [MASK] .,Mumbai,synth_City/TREx/P159.jsonl
3842,The headquarter of Land Securities is in [MASK] .,London,synth_City/TREx/P159.jsonl
3845,The headquarter of Boston and Maine Corporation is in [MASK] .,Boston,synth_City/TREx/P159.jsonl
3883,The headquarter of Packt Publishing Ltd. is in [MASK] .,Birmingham,synth_City/TREx/P159.jsonl
3885,The headquarter of Pars Khodro is in [MASK] .,Tehran,synth_City/TREx/P159.jsonl
3886,The headquarter of David McKay Publications is in [MASK] .,Philadelphia,synth_City/TREx/P159.jsonl
3887,The headquarter of Wagram Music is in [MASK] .,Paris,synth_City/TREx/P159.jsonl
3889,The headquarter of Istanbul Technical University is in [MASK] .,Istanbul,synth_City/TREx/P159.jsonl
3911,The headquarter of Carnival Films is in [MASK] .,London,synth_City/TREx/P159.jsonl
3924,The headquarter of Aer Arann is in [MASK] .,Dublin,synth_City/TREx/P159.jsonl
3928,The headquarter of Politics Can Be Different is in [MASK] .,Budapest,synth_City/TREx/P159.jsonl
3935,The headquarter of Deutz AG is in [MASK] .,Cologne,synth_City/TREx/P159.jsonl
3957,The headquarter of Sud Aviation is in [MASK] .,Toulouse,synth_City/TREx/P159.jsonl
3958,The headquarter of New Zealand Labour Party is in [MASK] .,Wellington,synth_City/TREx/P159.jsonl
3965,The headquarter of SK Group is in [MASK] .,Seoul,synth_City/TREx/P159.jsonl
3969,The headquarter of Czech National Bank is in [MASK] .,Prague,synth_City/TREx/P159.jsonl
3972,The headquarter of Sullivan Bluth Studios is in [MASK] .,Dublin,synth_City/TREx/P159.jsonl
3976,The headquarter of Canada Life Financial is in [MASK] .,Toronto,synth_City/TREx/P159.jsonl
3977,The headquarter of Talbot is in [MASK] .,Paris,synth_City/TREx/P159.jsonl
3978,The headquarter of Playdead is in [MASK] .,Copenhagen,synth_City/TREx/P159.jsonl
3980,The headquarter of Orion Publishing Group is in [MASK] .,London,synth_City/TREx/P159.jsonl
3993,The headquarter of Henry Boot PLC is in [MASK] .,Sheffield,synth_City/TREx/P159.jsonl
3994,The headquarter of TGV Cinemas is in [MASK] .,Malaysia,synth_City/TREx/P159.jsonl
3998,The headquarter of TSAR Publications is in [MASK] .,Toronto,synth_City/TREx/P159.jsonl
4003,The headquarter of King Chulalongkorn Memorial Hospital is in [MASK] .,Bangkok,synth_City/TREx/P159.jsonl
4005,The headquarter of Ace Hardware is in [MASK] .,Chicago,synth_City/TREx/P159.jsonl
4010,The headquarter of Bulgarian Communist Party is in [MASK] .,Sofia,synth_City/TREx/P159.jsonl
4026,The headquarter of Grameen Bank is in [MASK] .,Bangladesh,synth_City/TREx/P159.jsonl
4047,The headquarter of National Trust is in [MASK] .,Swindon,synth_City/TREx/P159.jsonl
4048,The headquarter of Standard Chartered is in [MASK] .,London,synth_City/TREx/P159.jsonl
4060,The headquarter of Phoenix Group is in [MASK] .,London,synth_City/TREx/P159.jsonl
4061,The headquarter of FC Nordstern Basel is in [MASK] .,Basel,synth_City/TREx/P159.jsonl
4065,The headquarter of Chinese Academy of Sciences is in [MASK] .,Beijing,synth_City/TREx/P159.jsonl
4075,The headquarter of WeMade Entertainment is in [MASK] .,Seoul,synth_City/TREx/P159.jsonl
4077,The headquarter of Musicland Studios is in [MASK] .,Munich,synth_City/TREx/P159.jsonl
4091,The headquarter of Black Sparrow Books is in [MASK] .,Boston,synth_City/TREx/P159.jsonl
4093,The headquarter of Magen David Adom is in [MASK] .,Israel,synth_City/TREx/P159.jsonl
4104,The headquarter of Golden Spike Company is in [MASK] .,Colorado,synth_City/TREx/P159.jsonl
4110,The headquarter of Carl Braun Camera-Werk is in [MASK] .,Nuremberg,synth_City/TREx/P159.jsonl
4225,The headquarter of Hellenic Army is in [MASK] .,Athens,synth_City/TREx/P159.jsonl
4229,The headquarter of Miss Montana USA is in [MASK] .,Montana,synth_City/TREx/P159.jsonl
4231,The headquarter of Nintendo Software Planning & Development is in [MASK] .,Kyoto,synth_City/TREx/P159.jsonl
4236,The headquarter of SoftMaker is in [MASK] .,Nuremberg,synth_City/TREx/P159.jsonl
4240,The headquarter of Chicago Public Schools is in [MASK] .,Chicago,synth_City/TREx/P159.jsonl
4272,The headquarter of c2c is in [MASK] .,London,synth_City/TREx/P159.jsonl
4273,The headquarter of Jan De Nul is in [MASK] .,Luxembourg,synth_City/TREx/P159.jsonl
4275,The headquarter of DB Netz is in [MASK] .,Frankfurt,synth_City/TREx/P159.jsonl
4277,The headquarter of SFK 2000 is in [MASK] .,Sarajevo,synth_City/TREx/P159.jsonl
4279,The headquarter of Strait Shipping is in [MASK] .,Wellington,synth_City/TREx/P159.jsonl
4285,The headquarter of Takara is in [MASK] .,Tokyo,synth_City/TREx/P159.jsonl
4287,The headquarter of Rundell and Bridge is in [MASK] .,London,synth_City/TREx/P159.jsonl
4289,The headquarter of Institution of Structural Engineers is in [MASK] .,London,synth_City/TREx/P159.jsonl
4290,The headquarter of Royal Dramatic Theatre is in [MASK] .,Stockholm,synth_City/TREx/P159.jsonl
4355,The headquarter of Miller Brewing Company is in [MASK] .,Milwaukee,synth_City/TREx/P159.jsonl
4364,The headquarter of NASDAQ OMX Vilnius is in [MASK] .,Vilnius,synth_City/TREx/P159.jsonl
4372,The headquarter of Baltimore Gas and Electric is in [MASK] .,Baltimore,synth_City/TREx/P159.jsonl
4386,The headquarter of James Purdey & Sons is in [MASK] .,London,synth_City/TREx/P159.jsonl
4399,The headquarter of GIC Private Limited is in [MASK] .,Singapore,synth_City/TREx/P159.jsonl
4416,The headquarter of International Tennis Federation is in [MASK] .,London,synth_City/TREx/P159.jsonl
4421,The headquarter of Vijaya Vauhini Studios is in [MASK] .,Chennai,synth_City/TREx/P159.jsonl
4426,The headquarter of Dresdner SC is in [MASK] .,Dresden,synth_City/TREx/P159.jsonl
4430,The headquarter of LaSalle Bank is in [MASK] .,Chicago,synth_City/TREx/P159.jsonl
4435,The headquarter of Renault Trucks is in [MASK] .,Lyon,synth_City/TREx/P159.jsonl
4441,The headquarter of Gazi University is in [MASK] .,Ankara,synth_City/TREx/P159.jsonl
4453,The headquarter of Big C is in [MASK] .,Bangkok,synth_City/TREx/P159.jsonl
4458,The headquarter of Tanjug is in [MASK] .,Belgrade,synth_City/TREx/P159.jsonl
4468,The headquarter of Aigle Azur is in [MASK] .,Paris,synth_City/TREx/P159.jsonl
4471,"The headquarter of Birkbeck, University of London is in [MASK] .",London,synth_City/TREx/P159.jsonl
4481,The headquarter of Mansfield Town F.C. is in [MASK] .,Mansfield,synth_City/TREx/P159.jsonl
4495,The headquarter of University of Otago is in [MASK] .,Dunedin,synth_City/TREx/P159.jsonl
4566,The headquarter of Graphisoft SE is in [MASK] .,Budapest,synth_City/TREx/P159.jsonl
4570,"The headquarter of tronc, Inc. is in [MASK] .",Chicago,synth_City/TREx/P159.jsonl
4579,The headquarter of Deutsche Welle is in [MASK] .,Bonn,synth_City/TREx/P159.jsonl
4581,The headquarter of United Nations Economic Commission for Latin America and the Caribbean is in [MASK] .,Santiago,synth_City/TREx/P159.jsonl
4585,The headquarter of Pepe Jeans is in [MASK] .,London,synth_City/TREx/P159.jsonl
4588,The headquarter of BSC Young Boys is in [MASK] .,Bern,synth_City/TREx/P159.jsonl
4598,The headquarter of Cray Wanderers F.C. is in [MASK] .,London,synth_City/TREx/P159.jsonl
4603,The headquarter of Sega Wow is in [MASK] .,Japan,synth_City/TREx/P159.jsonl
4720,The headquarter of Sonata Software is in [MASK] .,Bangalore,synth_City/TREx/P159.jsonl
4727,The headquarter of TEAC Corporation is in [MASK] .,Tokyo,synth_City/TREx/P159.jsonl
4729,The headquarter of Bank Polska Kasa Opieki is in [MASK] .,Warsaw,synth_City/TREx/P159.jsonl
4731,The headquarter of Sheffield Wednesday F.C. is in [MASK] .,Sheffield,synth_City/TREx/P159.jsonl
4762,The headquarter of World Trade Organization is in [MASK] .,Geneva,synth_City/TREx/P159.jsonl
4793,The headquarter of Athens Football Clubs Association is in [MASK] .,Athens,synth_City/TREx/P159.jsonl
4795,The headquarter of Sun Life Financial is in [MASK] .,Toronto,synth_City/TREx/P159.jsonl
4800,The headquarter of Bratislava City Gallery is in [MASK] .,Bratislava,synth_City/TREx/P159.jsonl
4802,The headquarter of BC Hydro is in [MASK] .,Vancouver,synth_City/TREx/P159.jsonl
4804,The headquarter of Naft Tehran F.C. is in [MASK] .,Tehran,synth_City/TREx/P159.jsonl
4810,The headquarter of Partick Thistle F.C. is in [MASK] .,Glasgow,synth_City/TREx/P159.jsonl
4832,The headquarter of Qimonda is in [MASK] .,Munich,synth_City/TREx/P159.jsonl
4834,The headquarter of RB Leipzig is in [MASK] .,Leipzig,synth_City/TREx/P159.jsonl
4838,The headquarter of Videocon is in [MASK] .,Mumbai,synth_City/TREx/P159.jsonl
4849,The headquarter of ChemAxon is in [MASK] .,Budapest,synth_City/TREx/P159.jsonl
4851,The headquarter of Diatto is in [MASK] .,Turin,synth_City/TREx/P159.jsonl
4856,The headquarter of Layar is in [MASK] .,Amsterdam,synth_City/TREx/P159.jsonl
4859,The headquarter of Nordic Museum is in [MASK] .,Stockholm,synth_City/TREx/P159.jsonl
4871,The headquarter of Gazprombank is in [MASK] .,Moscow,synth_City/TREx/P159.jsonl
4873,The headquarter of Short Brothers is in [MASK] .,Belfast,synth_City/TREx/P159.jsonl
4884,The headquarter of VTB Capital is in [MASK] .,Moscow,synth_City/TREx/P159.jsonl
4886,The headquarter of Ganger Rolf ASA is in [MASK] .,Oslo,synth_City/TREx/P159.jsonl
4888,The headquarter of Smith & Nephew is in [MASK] .,London,synth_City/TREx/P159.jsonl
4890,The headquarter of Irish Citizen Army is in [MASK] .,Dublin,synth_City/TREx/P159.jsonl
4896,The headquarter of RioCan Real Estate Investment Trust is in [MASK] .,Toronto,synth_City/TREx/P159.jsonl
4899,The headquarter of Amsterdam Stock Exchange is in [MASK] .,Amsterdam,synth_City/TREx/P159.jsonl
4908,The headquarter of Swordfish Studios is in [MASK] .,Birmingham,synth_City/TREx/P159.jsonl
4911,The headquarter of Interislander is in [MASK] .,Wellington,synth_City/TREx/P159.jsonl
4916,The headquarter of BP is in [MASK] .,London,synth_City/TREx/P159.jsonl
4925,The headquarter of Raja Casablanca is in [MASK] .,Casablanca,synth_City/TREx/P159.jsonl
4929,The headquarter of Lenovo is in [MASK] .,Beijing,synth_City/TREx/P159.jsonl
4935,The headquarter of Merisant is in [MASK] .,Chicago,synth_City/TREx/P159.jsonl
4939,The headquarter of Sri Lanka Railways is in [MASK] .,Colombo,synth_City/TREx/P159.jsonl
4976,The headquarter of Vortex Comics is in [MASK] .,Toronto,synth_City/TREx/P159.jsonl
4977,The headquarter of All India Anna Dravida Munnetra Kazhagam is in [MASK] .,Chennai,synth_City/TREx/P159.jsonl
4979,The headquarter of Transwede Airways is in [MASK] .,Stockholm,synth_City/TREx/P159.jsonl
4980,The headquarter of Scottish Handball Association is in [MASK] .,Scotland,synth_City/TREx/P159.jsonl
4991,The headquarter of Coffee Time is in [MASK] .,Toronto,synth_City/TREx/P159.jsonl
4994,The headquarter of Smyths is in [MASK] .,Ireland,synth_City/TREx/P159.jsonl
5001,The headquarter of O.F.K. Beograd is in [MASK] .,Belgrade,synth_City/TREx/P159.jsonl
5026,The headquarter of I.DE.A Institute is in [MASK] .,Turin,synth_City/TREx/P159.jsonl
5030,The headquarter of Gamigo AG is in [MASK] .,Hamburg,synth_City/TREx/P159.jsonl
5032,The headquarter of Abarth is in [MASK] .,Turin,synth_City/TREx/P159.jsonl
5035,The headquarter of Brill Publishers is in [MASK] .,Leiden,synth_City/TREx/P159.jsonl
5064,The headquarter of French Academy of Sciences is in [MASK] .,Paris,synth_City/TREx/P159.jsonl
5093,The headquarter of Tamarrod Movement is in [MASK] .,Egypt,synth_City/TREx/P159.jsonl
5094,The headquarter of Melodiya is in [MASK] .,Moscow,synth_City/TREx/P159.jsonl
5099,The headquarter of Nordic Institute for Theoretical Physics is in [MASK] .,Stockholm,synth_City/TREx/P159.jsonl
5101,The headquarter of Sentinel Waggon Works is in [MASK] .,Shrewsbury,synth_City/TREx/P159.jsonl
5106,The headquarter of Oil Refineries Ltd is in [MASK] .,Haifa,synth_City/TREx/P159.jsonl
5107,The headquarter of Royal Society of Edinburgh is in [MASK] .,Edinburgh,synth_City/TREx/P159.jsonl
5174,The headquarter of Liquor Control Board of Ontario is in [MASK] .,Toronto,synth_City/TREx/P159.jsonl
5175,The headquarter of Center for Jewish–Christian Understanding and Cooperation is in [MASK] .,Jerusalem,synth_City/TREx/P159.jsonl
5176,The headquarter of Pagan Federation is in [MASK] .,London,synth_City/TREx/P159.jsonl
5178,The headquarter of UniCredit is in [MASK] .,Milan,synth_City/TREx/P159.jsonl
5185,The headquarter of Commerzbank is in [MASK] .,Frankfurt,synth_City/TREx/P159.jsonl
5199,The headquarter of Cinven is in [MASK] .,London,synth_City/TREx/P159.jsonl
5203,The headquarter of Lion Air is in [MASK] .,Jakarta,synth_City/TREx/P159.jsonl
5209,The headquarter of German Football Association is in [MASK] .,Frankfurt,synth_City/TREx/P159.jsonl
5216,The headquarter of Institute of Chartered Secretaries and Administrators is in [MASK] .,London,synth_City/TREx/P159.jsonl
5219,The headquarter of Bolckow Vaughan is in [MASK] .,Middlesbrough,synth_City/TREx/P159.jsonl
5220,The headquarter of Bulgarian Agrarian National Union is in [MASK] .,Sofia,synth_City/TREx/P159.jsonl
5221,The headquarter of Ensco plc is in [MASK] .,London,synth_City/TREx/P159.jsonl
5230,The headquarter of Coles Group is in [MASK] .,Melbourne,synth_City/TREx/P159.jsonl
5232,The headquarter of Euronext is in [MASK] .,Amsterdam,synth_City/TREx/P159.jsonl
5242,The headquarter of Red Star Line is in [MASK] .,Philadelphia,synth_City/TREx/P159.jsonl
5249,The headquarter of FK Daugava (2003) is in [MASK] .,Riga,synth_City/TREx/P159.jsonl
5254,The headquarter of China Poly Group Corporation is in [MASK] .,Beijing,synth_City/TREx/P159.jsonl
5257,The headquarter of Elsevier is in [MASK] .,Philadelphia,synth_City/TREx/P159.jsonl
5261,The headquarter of Swindon Town F.C. is in [MASK] .,Swindon,synth_City/TREx/P159.jsonl
5272,The headquarter of Faygo is in [MASK] .,Detroit,synth_City/TREx/P159.jsonl
5273,The headquarter of E-CO Energi is in [MASK] .,Oslo,synth_City/TREx/P159.jsonl
5275,The headquarter of Zillow is in [MASK] .,Seattle,synth_City/TREx/P159.jsonl
5276,The headquarter of United Aircraft Corporation is in [MASK] .,Moscow,synth_City/TREx/P159.jsonl
5277,The headquarter of Germanischer Lloyd SE is in [MASK] .,Hamburg,synth_City/TREx/P159.jsonl
5279,The headquarter of X5 Music Group is in [MASK] .,Stockholm,synth_City/TREx/P159.jsonl
5281,The headquarter of Real Academia de Bellas Artes de San Fernando is in [MASK] .,Madrid,synth_City/TREx/P159.jsonl
5308,The headquarter of Karolinska Institute is in [MASK] .,Stockholm,synth_City/TREx/P159.jsonl
5342,The headquarter of The Imaginarium Studios is in [MASK] .,London,synth_City/TREx/P159.jsonl
5353,The headquarter of Hellas Online is in [MASK] .,Athens,synth_City/TREx/P159.jsonl
5355,The headquarter of BayernLB is in [MASK] .,Munich,synth_City/TREx/P159.jsonl
5362,The headquarter of Kita-Osaka Kyuko Railway is in [MASK] .,Japan,synth_City/TREx/P159.jsonl
5366,The headquarter of Russian Post is in [MASK] .,Moscow,synth_City/TREx/P159.jsonl
5371,The headquarter of Polson Iron Works Limited is in [MASK] .,Toronto,synth_City/TREx/P159.jsonl
5374,The headquarter of Croatian Democratic Union is in [MASK] .,Zagreb,synth_City/TREx/P159.jsonl
5379,The headquarter of Spot Image is in [MASK] .,Toulouse,synth_City/TREx/P159.jsonl
5383,The headquarter of Robert Allan Ltd. is in [MASK] .,Vancouver,synth_City/TREx/P159.jsonl
5384,The headquarter of Central University of Venezuela is in [MASK] .,Caracas,synth_City/TREx/P159.jsonl
5430,The headquarter of Aviastroitel is in [MASK] .,Moscow,synth_City/TREx/P159.jsonl
5432,The headquarter of Army of the Guardians of the Islamic Revolution is in [MASK] .,Tehran,synth_City/TREx/P159.jsonl
5449,The headquarter of Communist Party is in [MASK] .,Gothenburg,synth_City/TREx/P159.jsonl
5451,The headquarter of Majlis-e-Ahrar-ul-Islam is in [MASK] .,Lahore,synth_City/TREx/P159.jsonl
5452,The headquarter of TransGaming Inc. is in [MASK] .,Toronto,synth_City/TREx/P159.jsonl
5454,The headquarter of Ontario Hydro is in [MASK] .,Toronto,synth_City/TREx/P159.jsonl
5457,The headquarter of Tonkam is in [MASK] .,France,synth_City/TREx/P159.jsonl
5467,The headquarter of Big Ten Network is in [MASK] .,Chicago,synth_City/TREx/P159.jsonl
5490,The headquarter of Lokalbahn AG is in [MASK] .,Munich,synth_City/TREx/P159.jsonl
5493,The headquarter of Rosbank is in [MASK] .,Moscow,synth_City/TREx/P159.jsonl
5501,The headquarter of Alligator Records is in [MASK] .,Chicago,synth_City/TREx/P159.jsonl
5502,The headquarter of Tesch & Stabenow is in [MASK] .,Hamburg,synth_City/TREx/P159.jsonl
5503,The headquarter of Destineer is in [MASK] .,Minnesota,synth_City/TREx/P159.jsonl
5505,The headquarter of Krauss-Maffei is in [MASK] .,Munich,synth_City/TREx/P159.jsonl
5512,The headquarter of Bell TV is in [MASK] .,Montreal,synth_City/TREx/P159.jsonl
5516,The headquarter of Minnesota Strikers is in [MASK] .,Minneapolis,synth_City/TREx/P159.jsonl
5518,The headquarter of Propellerhead Software is in [MASK] .,Stockholm,synth_City/TREx/P159.jsonl
5543,The headquarter of Spendrups is in [MASK] .,Swedish,synth_City/TREx/P159.jsonl
5547,The headquarter of Bayerischer Rundfunk is in [MASK] .,Munich,synth_City/TREx/P159.jsonl
5559,The headquarter of Euromoney Institutional Investor is in [MASK] .,London,synth_City/TREx/P159.jsonl
5564,The headquarter of Alexandria University is in [MASK] .,Alexandria,synth_City/TREx/P159.jsonl
5569,The headquarter of Millennium & Copthorne Hotels is in [MASK] .,London,synth_City/TREx/P159.jsonl
5571,The headquarter of Metroplex is in [MASK] .,Detroit,synth_City/TREx/P159.jsonl
5631,The headquarter of Pennzoil is in [MASK] .,Houston,synth_City/TREx/P159.jsonl
5636,The headquarter of NI Railways is in [MASK] .,Belfast,synth_City/TREx/P159.jsonl
5650,The headquarter of Beijing Benz is in [MASK] .,Beijing,synth_City/TREx/P159.jsonl
5656,The headquarter of Clover Studio is in [MASK] .,Japan,synth_City/TREx/P159.jsonl
5657,The headquarter of Nedlloyd is in [MASK] .,Rotterdam,synth_City/TREx/P159.jsonl
5659,The headquarter of FC Dynamo Kyiv is in [MASK] .,Kiev,synth_City/TREx/P159.jsonl
5678,The headquarter of Ministry of Foreign Affairs is in [MASK] .,Moscow,synth_City/TREx/P159.jsonl
5683,The headquarter of Alberta Liberal Party is in [MASK] .,Edmonton,synth_City/TREx/P159.jsonl
5690,The headquarter of Amoco is in [MASK] .,Chicago,synth_City/TREx/P159.jsonl
5697,The headquarter of F.K. Sarajevo is in [MASK] .,Sarajevo,synth_City/TREx/P159.jsonl
5699,The headquarter of Tyan is in [MASK] .,Taipei,synth_City/TREx/P159.jsonl
5701,The headquarter of Ferrotramviaria is in [MASK] .,Bari,synth_City/TREx/P159.jsonl
5703,The headquarter of Officine Stampaggi Industriali is in [MASK] .,Turin,synth_City/TREx/P159.jsonl
5708,The headquarter of Beetham Organization is in [MASK] .,Liverpool,synth_City/TREx/P159.jsonl
5713,The headquarter of Lavazza is in [MASK] .,Turin,synth_City/TREx/P159.jsonl
5721,The headquarter of Zagreb Film is in [MASK] .,Zagreb,synth_City/TREx/P159.jsonl
5723,The headquarter of Ottawa Sun is in [MASK] .,Ottawa,synth_City/TREx/P159.jsonl
5728,The headquarter of Adeline Software International is in [MASK] .,Lyon,synth_City/TREx/P159.jsonl
5730,The headquarter of Roman Catholic Archdiocese of Minsk-Mohilev is in [MASK] .,Minsk,synth_City/TREx/P159.jsonl
5735,The headquarter of IMRB International is in [MASK] .,Mumbai,synth_City/TREx/P159.jsonl
5738,The headquarter of Euro1080 is in [MASK] .,Belgian,synth_City/TREx/P159.jsonl
5739,The headquarter of Brisbane Times is in [MASK] .,Brisbane,synth_City/TREx/P159.jsonl
5744,The headquarter of Scarlet Records is in [MASK] .,Milan,synth_City/TREx/P159.jsonl
5747,The headquarter of DSK Shivajians F.C. is in [MASK] .,Pune,synth_City/TREx/P159.jsonl
5749,The headquarter of Piramal Enterprises Ltd is in [MASK] .,Mumbai,synth_City/TREx/P159.jsonl
5754,The headquarter of Combatant Clergy Association is in [MASK] .,Tehran,synth_City/TREx/P159.jsonl
5755,The headquarter of Dallas Times Herald is in [MASK] .,Dallas,synth_City/TREx/P159.jsonl
5764,The headquarter of Bianet is in [MASK] .,Istanbul,synth_City/TREx/P159.jsonl
5799,The headquarter of Electrolux is in [MASK] .,Stockholm,synth_City/TREx/P159.jsonl
5805,The headquarter of FUN Technologies is in [MASK] .,Toronto,synth_City/TREx/P159.jsonl
5807,The headquarter of Mykolas Romeris University is in [MASK] .,Vilnius,synth_City/TREx/P159.jsonl
5812,The headquarter of American Indian Center is in [MASK] .,Chicago,synth_City/TREx/P159.jsonl
5815,The headquarter of Nu Boyana Film is in [MASK] .,Sofia,synth_City/TREx/P159.jsonl
5819,The headquarter of University of Kentucky is in [MASK] .,Lexington,synth_City/TREx/P159.jsonl
5858,The headquarter of Nasdaq AB is in [MASK] .,Stockholm,synth_City/TREx/P159.jsonl
5865,The headquarter of Christian Democrats is in [MASK] .,Stockholm,synth_City/TREx/P159.jsonl
5867,The headquarter of International Livestock Research Institute is in [MASK] .,Nairobi,synth_City/TREx/P159.jsonl
5870,The headquarter of Holt Renfrew is in [MASK] .,Toronto,synth_City/TREx/P159.jsonl
5876,The headquarter of Indian Space Research Organisation is in [MASK] .,Bangalore,synth_City/TREx/P159.jsonl
5885,The headquarter of North German Automobile and Engine is in [MASK] .,Bremen,synth_City/TREx/P159.jsonl
5887,The headquarter of Aviation Industry Corporation of China is in [MASK] .,Beijing,synth_City/TREx/P159.jsonl
5889,The headquarter of AstraZeneca is in [MASK] .,London,synth_City/TREx/P159.jsonl
5892,The headquarter of Shelbourne F.C. is in [MASK] .,Dublin,synth_City/TREx/P159.jsonl
5910,The headquarter of Iranian reform movement is in [MASK] .,Tehran,synth_City/TREx/P159.jsonl
5920,The headquarter of Richer Sounds is in [MASK] .,London,synth_City/TREx/P159.jsonl
5921,The headquarter of Square Enix Europe is in [MASK] .,London,synth_City/TREx/P159.jsonl
5932,The headquarter of SNK European Democrats is in [MASK] .,Prague,synth_City/TREx/P159.jsonl
5935,The headquarter of Ernst & Young is in [MASK] .,London,synth_City/TREx/P159.jsonl
5940,The headquarter of Jiangsu Broadcasting Corporation is in [MASK] .,Nanjing,synth_City/TREx/P159.jsonl
5945,The headquarter of Teo LT is in [MASK] .,Vilnius,synth_City/TREx/P159.jsonl
5947,The headquarter of VV DOS is in [MASK] .,Utrecht,synth_City/TREx/P159.jsonl
5949,The headquarter of Ewing family is in [MASK] .,Dallas,synth_City/TREx/P159.jsonl
5961,The headquarter of East China Normal University is in [MASK] .,Shanghai,synth_City/TREx/P159.jsonl
6014,The headquarter of Shanghai Animation Film Studio is in [MASK] .,Shanghai,synth_City/TREx/P159.jsonl
6017,The headquarter of Shanghai Shenxin F.C. is in [MASK] .,Shanghai,synth_City/TREx/P159.jsonl
6028,The headquarter of IONIS Education Group is in [MASK] .,Paris,synth_City/TREx/P159.jsonl
6030,The headquarter of Shanghai Electric is in [MASK] .,Shanghai,synth_City/TREx/P159.jsonl
6031,The headquarter of Serbian Orthodox Church is in [MASK] .,Belgrade,synth_City/TREx/P159.jsonl
6059,The headquarter of The Manila Times is in [MASK] .,Manila,synth_City/TREx/P159.jsonl
6060,The headquarter of National Party of Australia is in [MASK] .,Canberra,synth_City/TREx/P159.jsonl
6063,The headquarter of Plaid Cymru is in [MASK] .,Cardiff,synth_City/TREx/P159.jsonl
6071,The headquarter of Sabrang Communications is in [MASK] .,Mumbai,synth_City/TREx/P159.jsonl
6077,The headquarter of RPG Group is in [MASK] .,Mumbai,synth_City/TREx/P159.jsonl
6085,The headquarter of Supermarine is in [MASK] .,Southampton,synth_City/TREx/P159.jsonl
6086,The headquarter of Mediafax is in [MASK] .,Bucharest,synth_City/TREx/P159.jsonl
6088,The headquarter of WaterAid is in [MASK] .,London,synth_City/TREx/P159.jsonl
6106,The headquarter of Maccabi Haifa F.C. is in [MASK] .,Haifa,synth_City/TREx/P159.jsonl
6122,"The headquarter of Osler, Hoskin & Harcourt is in [MASK] .",Toronto,synth_City/TREx/P159.jsonl
6123,The headquarter of BenQ is in [MASK] .,Taipei,synth_City/TREx/P159.jsonl
6127,The headquarter of HAVELSAN is in [MASK] .,Ankara,synth_City/TREx/P159.jsonl
6128,The headquarter of Minerva Press is in [MASK] .,London,synth_City/TREx/P159.jsonl
6135,The headquarter of BRIT School is in [MASK] .,Croydon,synth_City/TREx/P159.jsonl
6140,The headquarter of Chivas Regal is in [MASK] .,Aberdeen,synth_City/TREx/P159.jsonl
6141,The headquarter of CreativeLive is in [MASK] .,Seattle,synth_City/TREx/P159.jsonl
6144,The headquarter of Track Record is in [MASK] .,London,synth_City/TREx/P159.jsonl
6146,The headquarter of True Value is in [MASK] .,Chicago,synth_City/TREx/P159.jsonl
6147,The headquarter of Georgian Airways is in [MASK] .,Tbilisi,synth_City/TREx/P159.jsonl
6150,The headquarter of University of Geneva is in [MASK] .,Geneva,synth_City/TREx/P159.jsonl
6177,The headquarter of University of Bordeaux 1 is in [MASK] .,Bordeaux,synth_City/TREx/P159.jsonl
6182,The headquarter of J.M. Meulenhoff is in [MASK] .,Amsterdam,synth_City/TREx/P159.jsonl
6183,The headquarter of Tata Teleservices is in [MASK] .,Mumbai,synth_City/TREx/P159.jsonl
6185,The headquarter of SKY Perfect Well Think is in [MASK] .,Tokyo,synth_City/TREx/P159.jsonl
6187,The headquarter of Grey Nuns is in [MASK] .,Montreal,synth_City/TREx/P159.jsonl
6201,The headquarter of Independent Newspapers is in [MASK] .,Wellington,synth_City/TREx/P159.jsonl
6206,The headquarter of FTSE Group is in [MASK] .,London,synth_City/TREx/P159.jsonl
6207,The headquarter of Godrej Consumer Products Limited is in [MASK] .,Mumbai,synth_City/TREx/P159.jsonl
6210,The headquarter of Nahdlatul Ulama is in [MASK] .,Jakarta,synth_City/TREx/P159.jsonl
6213,The headquarter of Royal Birmingham Society of Artists is in [MASK] .,Birmingham,synth_City/TREx/P159.jsonl
6234,The headquarter of Majorette is in [MASK] .,Lyon,synth_City/TREx/P159.jsonl
6236,The headquarter of Hibernian L.F.C. is in [MASK] .,Edinburgh,synth_City/TREx/P159.jsonl
6237,The headquarter of Hamilton Bradshaw is in [MASK] .,London,synth_City/TREx/P159.jsonl
6239,The headquarter of Dominican Order is in [MASK] .,Rome,synth_City/TREx/P159.jsonl
6268,The headquarter of Mitsubishi Corporation is in [MASK] .,Tokyo,synth_City/TREx/P159.jsonl
6277,The headquarter of Tata Steel Europe is in [MASK] .,London,synth_City/TREx/P159.jsonl
6280,The headquarter of Mumtaz Group is in [MASK] .,Bradford,synth_City/TREx/P159.jsonl
6287,"The headquarter of Brown, Shipley & Co. is in [MASK] .",London,synth_City/TREx/P159.jsonl
6300,The headquarter of Centers for Disease Control and Prevention is in [MASK] .,Atlanta,synth_City/TREx/P159.jsonl
6315,The headquarter of Amalgamated Wireless is in [MASK] .,Sydney,synth_City/TREx/P159.jsonl
6339,The headquarter of McGill University is in [MASK] .,Montreal,synth_City/TREx/P159.jsonl
6841,The headquarter of Banque Misr is in [MASK] .,Cairo,synth_City/TREx/P159.jsonl
6842,The headquarter of Radio and Television of Bosnia and Herzegovina is in [MASK] .,Sarajevo,synth_City/TREx/P159.jsonl
6854,The headquarter of Black Mark Productions is in [MASK] .,Stockholm,synth_City/TREx/P159.jsonl
6855,The headquarter of National City Corp. is in [MASK] .,Cleveland,synth_City/TREx/P159.jsonl
6861,The headquarter of House of Reeves is in [MASK] .,Croydon,synth_City/TREx/P159.jsonl
6866,The headquarter of Compagnie des Transports Strasbourgeois is in [MASK] .,Strasbourg,synth_City/TREx/P159.jsonl
6966,The headquarter of Cassella is in [MASK] .,Frankfurt,synth_City/TREx/P159.jsonl
6972,The headquarter of Socimi is in [MASK] .,Italian,synth_City/TREx/P159.jsonl
6975,The headquarter of Force Motors is in [MASK] .,Pune,synth_City/TREx/P159.jsonl
6977,The headquarter of CenturyLink is in [MASK] .,Monroe,synth_City/TREx/P159.jsonl
6982,The headquarter of Pakistan Awami Tehreek is in [MASK] .,Lahore,synth_City/TREx/P159.jsonl
6984,The headquarter of Tube Investments of India Limited is in [MASK] .,Madras,synth_City/TREx/P159.jsonl
6986,The headquarter of Italian Social Movement is in [MASK] .,Rome,synth_City/TREx/P159.jsonl
6990,The headquarter of Boston Bolts is in [MASK] .,Boston,synth_City/TREx/P159.jsonl
6991,The headquarter of Zeneca is in [MASK] .,London,synth_City/TREx/P159.jsonl
6994,The headquarter of Stena Line is in [MASK] .,Gothenburg,synth_City/TREx/P159.jsonl
7000,The headquarter of Mater Health Services is in [MASK] .,Brisbane,synth_City/TREx/P159.jsonl
7001,The headquarter of Royal Mail Steam Packet Company is in [MASK] .,London,synth_City/TREx/P159.jsonl
7003,The headquarter of Holstein Kiel is in [MASK] .,Kiel,synth_City/TREx/P159.jsonl
7007,The headquarter of Czechoslovak Television is in [MASK] .,Prague,synth_City/TREx/P159.jsonl
7008,The headquarter of Tangerine Confectionery is in [MASK] .,Blackpool,synth_City/TREx/P159.jsonl
7010,The headquarter of Tuxera is in [MASK] .,Helsinki,synth_City/TREx/P159.jsonl
7012,The headquarter of Lavalin is in [MASK] .,Montreal,synth_City/TREx/P159.jsonl
7015,The headquarter of PDVSA is in [MASK] .,Caracas,synth_City/TREx/P159.jsonl
7018,The headquarter of United Nations High Commissioner for Human Rights is in [MASK] .,Geneva,synth_City/TREx/P159.jsonl
7020,The headquarter of Pakistan Steel Mills is in [MASK] .,Karachi,synth_City/TREx/P159.jsonl
7022,The headquarter of AIK Fotboll is in [MASK] .,Stockholm,synth_City/TREx/P159.jsonl
7034,The headquarter of Mimar Sinan Fine Arts University is in [MASK] .,Istanbul,synth_City/TREx/P159.jsonl
7048,The headquarter of TU Dortmund is in [MASK] .,Dortmund,synth_City/TREx/P159.jsonl
7051,The headquarter of Triumph Motorcycles Ltd is in [MASK] .,Coventry,synth_City/TREx/P159.jsonl
7052,The headquarter of Modern Love Records is in [MASK] .,Manchester,synth_City/TREx/P159.jsonl
7056,The headquarter of Carlton Communications is in [MASK] .,London,synth_City/TREx/P159.jsonl
7059,The headquarter of Macedonia Football Clubs Association is in [MASK] .,Thessaloniki,synth_City/TREx/P159.jsonl
7062,The headquarter of AZLK is in [MASK] .,Moscow,synth_City/TREx/P159.jsonl
7066,The headquarter of Il Sole 24 Ore is in [MASK] .,Milan,synth_City/TREx/P159.jsonl
7069,The headquarter of Hambros Bank is in [MASK] .,London,synth_City/TREx/P159.jsonl
7073,The headquarter of Vergo Retail is in [MASK] .,Liverpool,synth_City/TREx/P159.jsonl
7077,The headquarter of Fairfax Media is in [MASK] .,Sydney,synth_City/TREx/P159.jsonl
7090,The headquarter of Oratory of Saint Philip Neri is in [MASK] .,Rome,synth_City/TREx/P159.jsonl
7096,The headquarter of Tusker F.C. is in [MASK] .,Nairobi,synth_City/TREx/P159.jsonl
7107,"The headquarter of Newtown School, Waterford is in [MASK] .",Waterford,synth_City/TREx/P159.jsonl
7111,The headquarter of Lexus is in [MASK] .,Nagoya,synth_City/TREx/P159.jsonl
7113,The headquarter of Air Macau is in [MASK] .,Macau,synth_City/TREx/P159.jsonl
7118,The headquarter of Muse Entertainment is in [MASK] .,Montreal,synth_City/TREx/P159.jsonl
7124,The headquarter of Berliner Verkehrsbetriebe is in [MASK] .,Berlin,synth_City/TREx/P159.jsonl
7208,The headquarter of Boston Beer Company is in [MASK] .,Boston,synth_City/TREx/P159.jsonl
7210,The headquarter of Epitome Pictures is in [MASK] .,Toronto,synth_City/TREx/P159.jsonl
7212,The headquarter of Gyldendal is in [MASK] .,Copenhagen,synth_City/TREx/P159.jsonl
7213,The headquarter of Boldklubben Frem is in [MASK] .,Copenhagen,synth_City/TREx/P159.jsonl
7219,The headquarter of Liverpool Hope University is in [MASK] .,Liverpool,synth_City/TREx/P159.jsonl
7220,The headquarter of La Caixa is in [MASK] .,Barcelona,synth_City/TREx/P159.jsonl
7232,The headquarter of Al-Ansar SC is in [MASK] .,Beirut,synth_City/TREx/P159.jsonl
7241,The headquarter of Sysco is in [MASK] .,Houston,synth_City/TREx/P159.jsonl
7246,The headquarter of ITC Limited is in [MASK] .,Kolkata,synth_City/TREx/P159.jsonl
7249,The headquarter of FFA Private Bank is in [MASK] .,Beirut,synth_City/TREx/P159.jsonl
7251,The headquarter of Canadian Cancer Society is in [MASK] .,Toronto,synth_City/TREx/P159.jsonl
7252,The headquarter of Lebedev Physical Institute is in [MASK] .,Moscow,synth_City/TREx/P159.jsonl
7259,The headquarter of Calcutta Tramways Company is in [MASK] .,Kolkata,synth_City/TREx/P159.jsonl
7269,The headquarter of Cardiff City Ladies F.C. is in [MASK] .,Cardiff,synth_City/TREx/P159.jsonl
7270,The headquarter of Iraqi Republic Railways is in [MASK] .,Baghdad,synth_City/TREx/P159.jsonl
7271,The headquarter of National Provincial Bank is in [MASK] .,London,synth_City/TREx/P159.jsonl
7273,The headquarter of Remstar is in [MASK] .,Montreal,synth_City/TREx/P159.jsonl
7275,The headquarter of Allied Command Transformation is in [MASK] .,Norfolk,synth_City/TREx/P159.jsonl
