,sent,gold,filename
2,Anthony Barber was born in [MASK] .,Doncaster,synth_City/TREx/P19.jsonl
3,Paul Mounsey was born in [MASK] .,Scottish,synth_City/TREx/P19.jsonl
7,Moe Koffman was born in [MASK] .,Toronto,synth_City/TREx/P19.jsonl
8,Kurt Schwertsik was born in [MASK] .,Vienna,synth_City/TREx/P19.jsonl
10,Claude Arrieu was born in [MASK] .,Paris,synth_City/TREx/P19.jsonl
14,Ryō Kase was born in [MASK] .,Yokohama,synth_City/TREx/P19.jsonl
16,Frans Floris I was born in [MASK] .,Antwerp,synth_City/TREx/P19.jsonl
21,Daniele Franceschini was born in [MASK] .,Rome,synth_City/TREx/P19.jsonl
23,Yeung Sum was born in [MASK] .,Guangzhou,synth_City/TREx/P19.jsonl
25,Sajjad Ali was born in [MASK] .,Lahore,synth_City/TREx/P19.jsonl
28,Giovanni Maria Morandi was born in [MASK] .,Florence,synth_City/TREx/P19.jsonl
31,Brian Boyd was born in [MASK] .,Belfast,synth_City/TREx/P19.jsonl
33,Maurice de Vlaminck was born in [MASK] .,Paris,synth_City/TREx/P19.jsonl
36,Guy Deghy was born in [MASK] .,Budapest,synth_City/TREx/P19.jsonl
38,Ze'ev Jabotinsky was born in [MASK] .,Odessa,synth_City/TREx/P19.jsonl
44,Pierre Dupont was born in [MASK] .,Lyon,synth_City/TREx/P19.jsonl
49,Masako Natsume was born in [MASK] .,Tokyo,synth_City/TREx/P19.jsonl
52,Henry Mayhew was born in [MASK] .,London,synth_City/TREx/P19.jsonl
68,Henri Bourassa was born in [MASK] .,Montreal,synth_City/TREx/P19.jsonl
69,Fergus McMaster was born in [MASK] .,Queensland,synth_City/TREx/P19.jsonl
72,Ilari Sahamies was born in [MASK] .,Helsinki,synth_City/TREx/P19.jsonl
77,Rob Lee was born in [MASK] .,London,synth_City/TREx/P19.jsonl
80,Nam June Paik was born in [MASK] .,Seoul,synth_City/TREx/P19.jsonl
81,Hiroshi Takemura was born in [MASK] .,Tokyo,synth_City/TREx/P19.jsonl
85,Sirindhorn was born in [MASK] .,Bangkok,synth_City/TREx/P19.jsonl
89,Susette LaFlesche Tibbles was born in [MASK] .,Nebraska,synth_City/TREx/P19.jsonl
92,Charles II of Spain was born in [MASK] .,Madrid,synth_City/TREx/P19.jsonl
99,Gerard Lee was born in [MASK] .,Melbourne,synth_City/TREx/P19.jsonl
101,Eddie Creatchman was born in [MASK] .,Montreal,synth_City/TREx/P19.jsonl
104,Giovanni Sgambati was born in [MASK] .,Rome,synth_City/TREx/P19.jsonl
108,Michael Maleinos was born in [MASK] .,Constantinople,synth_City/TREx/P19.jsonl
109,John Addington Symonds was born in [MASK] .,Bristol,synth_City/TREx/P19.jsonl
110,John McAllion was born in [MASK] .,Glasgow,synth_City/TREx/P19.jsonl
112,Rodel Mayol was born in [MASK] .,Cebu,synth_City/TREx/P19.jsonl
114,Alla Pavlova was born in [MASK] .,Ukraine,synth_City/TREx/P19.jsonl
116,Thorne Webb Dreyer was born in [MASK] .,Houston,synth_City/TREx/P19.jsonl
117,Salvador Puig Antich was born in [MASK] .,Barcelona,synth_City/TREx/P19.jsonl
123,Maximilian Sforza was born in [MASK] .,Milan,synth_City/TREx/P19.jsonl
125,David Coulthard was born in [MASK] .,Scotland,synth_City/TREx/P19.jsonl
128,Parviz Davoodi was born in [MASK] .,Tehran,synth_City/TREx/P19.jsonl
130,Killer Mike was born in [MASK] .,Atlanta,synth_City/TREx/P19.jsonl
133,Boris Karloff was born in [MASK] .,London,synth_City/TREx/P19.jsonl
136,Joey Boy was born in [MASK] .,Thailand,synth_City/TREx/P19.jsonl
142,"George Anson, 1st Baron Anson was born in [MASK] .",Staffordshire,synth_City/TREx/P19.jsonl
145,Albert Allen Bartlett was born in [MASK] .,Shanghai,synth_City/TREx/P19.jsonl
147,Catherine Tasca was born in [MASK] .,Lyon,synth_City/TREx/P19.jsonl
149,Ludwig Marcuse was born in [MASK] .,Berlin,synth_City/TREx/P19.jsonl
151,Jam Hsiao was born in [MASK] .,Taipei,synth_City/TREx/P19.jsonl
153,Kjell Olofsson was born in [MASK] .,Gothenburg,synth_City/TREx/P19.jsonl
155,Derek Tsang was born in [MASK] .,Guangdong,synth_City/TREx/P19.jsonl
157,Simon Law was born in [MASK] .,Luton,synth_City/TREx/P19.jsonl
159,Tony Rumble was born in [MASK] .,Boston,synth_City/TREx/P19.jsonl
163,Rita Montaner y Facenda was born in [MASK] .,Havana,synth_City/TREx/P19.jsonl
164,Haydn Bendall was born in [MASK] .,Essex,synth_City/TREx/P19.jsonl
166,Larry Stabbins was born in [MASK] .,Bristol,synth_City/TREx/P19.jsonl
170,Antonio Badile was born in [MASK] .,Verona,synth_City/TREx/P19.jsonl
172,Claudio Coello was born in [MASK] .,Madrid,synth_City/TREx/P19.jsonl
180,Pennie Smith was born in [MASK] .,London,synth_City/TREx/P19.jsonl
183,Wade Cunningham was born in [MASK] .,Auckland,synth_City/TREx/P19.jsonl
185,Victor Skrebneski was born in [MASK] .,Chicago,synth_City/TREx/P19.jsonl
191,Lawrence Bayne was born in [MASK] .,Toronto,synth_City/TREx/P19.jsonl
195,Marco Benefial was born in [MASK] .,Rome,synth_City/TREx/P19.jsonl
196,James Jackson Putnam was born in [MASK] .,Boston,synth_City/TREx/P19.jsonl
202,Godert van der Capellen was born in [MASK] .,Utrecht,synth_City/TREx/P19.jsonl
207,Blanca Li was born in [MASK] .,Granada,synth_City/TREx/P19.jsonl
214,Pierre Braunberger was born in [MASK] .,Paris,synth_City/TREx/P19.jsonl
216,Georges Picquart was born in [MASK] .,Strasbourg,synth_City/TREx/P19.jsonl
218,Giacomo Meyerbeer was born in [MASK] .,Berlin,synth_City/TREx/P19.jsonl
223,Carsten Dahl was born in [MASK] .,Copenhagen,synth_City/TREx/P19.jsonl
225,Nikolaus Dumba was born in [MASK] .,Vienna,synth_City/TREx/P19.jsonl
227,Pietro Andrea Mattioli was born in [MASK] .,Siena,synth_City/TREx/P19.jsonl
230,Michael Bleekemolen was born in [MASK] .,Amsterdam,synth_City/TREx/P19.jsonl
232,Washington McLean was born in [MASK] .,Cincinnati,synth_City/TREx/P19.jsonl
238,Nicola Porpora was born in [MASK] .,Naples,synth_City/TREx/P19.jsonl
242,Charles Helou was born in [MASK] .,Beirut,synth_City/TREx/P19.jsonl
246,Michael McGoldrick was born in [MASK] .,Manchester,synth_City/TREx/P19.jsonl
250,Christina Rossetti was born in [MASK] .,London,synth_City/TREx/P19.jsonl
251,Johnny Wakelin was born in [MASK] .,Brighton,synth_City/TREx/P19.jsonl
253,Roddy McMillan was born in [MASK] .,Glasgow,synth_City/TREx/P19.jsonl
254,Hamo Thornycroft was born in [MASK] .,London,synth_City/TREx/P19.jsonl
258,Vratislaus II of Bohemia was born in [MASK] .,Bohemia,synth_City/TREx/P19.jsonl
279,Henry Frederick Conrad Sander was born in [MASK] .,Bremen,synth_City/TREx/P19.jsonl
285,Herb Carnegie was born in [MASK] .,Toronto,synth_City/TREx/P19.jsonl
286,Daniel Alfredson was born in [MASK] .,Stockholm,synth_City/TREx/P19.jsonl
287,Amol Palekar was born in [MASK] .,Mumbai,synth_City/TREx/P19.jsonl
290,Dick Bruna was born in [MASK] .,Utrecht,synth_City/TREx/P19.jsonl
292,Yvonne Blake was born in [MASK] .,Manchester,synth_City/TREx/P19.jsonl
294,Hasdai Crescas was born in [MASK] .,Barcelona,synth_City/TREx/P19.jsonl
296,Cesira Ferrani was born in [MASK] .,Turin,synth_City/TREx/P19.jsonl
298,Catherine Day was born in [MASK] .,Dublin,synth_City/TREx/P19.jsonl
300,Vinny Burns was born in [MASK] .,Oldham,synth_City/TREx/P19.jsonl
302,Jean Taubenhaus was born in [MASK] .,Warsaw,synth_City/TREx/P19.jsonl
304,Rosario Garibaldi Bosco was born in [MASK] .,Palermo,synth_City/TREx/P19.jsonl
306,Tim K was born in [MASK] .,Seattle,synth_City/TREx/P19.jsonl
310,Asad Malik was born in [MASK] .,Karachi,synth_City/TREx/P19.jsonl
320,Grace Sherwood was born in [MASK] .,Virginia,synth_City/TREx/P19.jsonl
323,Joe Lofthouse was born in [MASK] .,Blackburn,synth_City/TREx/P19.jsonl
324,Lennie Tristano was born in [MASK] .,Chicago,synth_City/TREx/P19.jsonl
326,Nina van Pallandt was born in [MASK] .,Denmark,synth_City/TREx/P19.jsonl
327,Joan Dickson was born in [MASK] .,Edinburgh,synth_City/TREx/P19.jsonl
331,Cao Yunding was born in [MASK] .,Shanghai,synth_City/TREx/P19.jsonl
333,Kenny Rogers was born in [MASK] .,Houston,synth_City/TREx/P19.jsonl
334,Frederick Whymper was born in [MASK] .,London,synth_City/TREx/P19.jsonl
336,Heikki Siren was born in [MASK] .,Helsinki,synth_City/TREx/P19.jsonl
338,David Harrower was born in [MASK] .,Edinburgh,synth_City/TREx/P19.jsonl
344,Giuseppe Tellera was born in [MASK] .,Bologna,synth_City/TREx/P19.jsonl
346,Oliver Fricker was born in [MASK] .,Swiss,synth_City/TREx/P19.jsonl
349,Richard Rawlinson was born in [MASK] .,London,synth_City/TREx/P19.jsonl
351,Husayn ibn Ali was born in [MASK] .,Medina,synth_City/TREx/P19.jsonl
362,Placido Costanzi was born in [MASK] .,Rome,synth_City/TREx/P19.jsonl
367,Diego Ormaechea was born in [MASK] .,Montevideo,synth_City/TREx/P19.jsonl
369,Ignazio Gardella was born in [MASK] .,Milan,synth_City/TREx/P19.jsonl
371,Edward Joseph Kelly was born in [MASK] .,Chicago,synth_City/TREx/P19.jsonl
376,Andy Nicholson was born in [MASK] .,Sheffield,synth_City/TREx/P19.jsonl
378,Herman Francis Mark was born in [MASK] .,Vienna,synth_City/TREx/P19.jsonl
382,Park Seo-joon was born in [MASK] .,Seoul,synth_City/TREx/P19.jsonl
383,Carl H. Brans was born in [MASK] .,Dallas,synth_City/TREx/P19.jsonl
386,Bertram Mills was born in [MASK] .,London,synth_City/TREx/P19.jsonl
388,Matvey Kazakov was born in [MASK] .,Moscow,synth_City/TREx/P19.jsonl
389,Giacinto Brandi was born in [MASK] .,Italy,synth_City/TREx/P19.jsonl
390,Dennis DeYoung was born in [MASK] .,Chicago,synth_City/TREx/P19.jsonl
396,Jake Burns was born in [MASK] .,Belfast,synth_City/TREx/P19.jsonl
402,Mizuki Fukumura was born in [MASK] .,Tokyo,synth_City/TREx/P19.jsonl
406,Ibn Hawqal was born in [MASK] .,Baghdad,synth_City/TREx/P19.jsonl
407,Sujata Massey was born in [MASK] .,Sussex,synth_City/TREx/P19.jsonl
409,Avie Bennett was born in [MASK] .,Toronto,synth_City/TREx/P19.jsonl
410,Amelia Opie was born in [MASK] .,Norwich,synth_City/TREx/P19.jsonl
411,W. T. Cosgrave was born in [MASK] .,Dublin,synth_City/TREx/P19.jsonl
415,"William Thomson, 1st Baron Kelvin was born in [MASK] .",Belfast,synth_City/TREx/P19.jsonl
422,Melinda Czink was born in [MASK] .,Budapest,synth_City/TREx/P19.jsonl
423,Gobind Singh Deo was born in [MASK] .,Penang,synth_City/TREx/P19.jsonl
424,Ahmad Ismail Ali was born in [MASK] .,Egypt,synth_City/TREx/P19.jsonl
426,Charles Phelps Taft was born in [MASK] .,Cincinnati,synth_City/TREx/P19.jsonl
429,William Lobb was born in [MASK] .,Cornish,synth_City/TREx/P19.jsonl
432,Ahmad Zahir was born in [MASK] .,Kabul,synth_City/TREx/P19.jsonl
433,Edward Henry was born in [MASK] .,London,synth_City/TREx/P19.jsonl
435,Nicky Barnes was born in [MASK] .,Harlem,synth_City/TREx/P19.jsonl
439,Herman Haupt was born in [MASK] .,Philadelphia,synth_City/TREx/P19.jsonl
441,Alfred Adler was born in [MASK] .,Vienna,synth_City/TREx/P19.jsonl
450,Adriaan Pauw was born in [MASK] .,Amsterdam,synth_City/TREx/P19.jsonl
454,Kandi Burruss was born in [MASK] .,Atlanta,synth_City/TREx/P19.jsonl
461,Georges Lentz was born in [MASK] .,Luxembourg,synth_City/TREx/P19.jsonl
464,Gloria Davy was born in [MASK] .,Brooklyn,synth_City/TREx/P19.jsonl
470,Ramil Guliyev was born in [MASK] .,Baku,synth_City/TREx/P19.jsonl
472,Chris Stringer was born in [MASK] .,London,synth_City/TREx/P19.jsonl
473,Salvatore Lo Piccolo was born in [MASK] .,Palermo,synth_City/TREx/P19.jsonl
489,Madhur Bhandarkar was born in [MASK] .,Mumbai,synth_City/TREx/P19.jsonl
490,Marin Barbu was born in [MASK] .,Bucharest,synth_City/TREx/P19.jsonl
494,Chus Lampreave was born in [MASK] .,Madrid,synth_City/TREx/P19.jsonl
499,Lutz Heck was born in [MASK] .,Berlin,synth_City/TREx/P19.jsonl
504,Otto Jelinek was born in [MASK] .,Prague,synth_City/TREx/P19.jsonl
505,Francis Hauksbee was born in [MASK] .,Colchester,synth_City/TREx/P19.jsonl
507,Bruno Frank was born in [MASK] .,Stuttgart,synth_City/TREx/P19.jsonl
509,William John Burchell was born in [MASK] .,Fulham,synth_City/TREx/P19.jsonl
516,Bodin Issara was born in [MASK] .,Bangkok,synth_City/TREx/P19.jsonl
518,Ferdinand Bruckner was born in [MASK] .,Sofia,synth_City/TREx/P19.jsonl
520,Sergey Lavrov was born in [MASK] .,Moscow,synth_City/TREx/P19.jsonl
521,Beppe Gambetta was born in [MASK] .,Genoa,synth_City/TREx/P19.jsonl
526,Konrad Lorenz was born in [MASK] .,Vienna,synth_City/TREx/P19.jsonl
529,John Frederick Maurice was born in [MASK] .,London,synth_City/TREx/P19.jsonl
532,Hank Shaw was born in [MASK] .,London,synth_City/TREx/P19.jsonl
533,Michel Brault was born in [MASK] .,Montreal,synth_City/TREx/P19.jsonl
538,Bernardo Bellotto was born in [MASK] .,Venetian,synth_City/TREx/P19.jsonl
542,Clement Martyn Doke was born in [MASK] .,Bristol,synth_City/TREx/P19.jsonl
545,Abd al-Qadir al-Husayni was born in [MASK] .,Jerusalem,synth_City/TREx/P19.jsonl
551,John Lavington Bonython was born in [MASK] .,Adelaide,synth_City/TREx/P19.jsonl
562,"Elizabeth Boleyn, Countess of Wiltshire was born in [MASK] .",Norfolk,synth_City/TREx/P19.jsonl
567,James Northcote was born in [MASK] .,Plymouth,synth_City/TREx/P19.jsonl
569,Henry Kirke White was born in [MASK] .,Nottingham,synth_City/TREx/P19.jsonl
570,Ryan Archibald was born in [MASK] .,Auckland,synth_City/TREx/P19.jsonl
572,Atul Chitnis was born in [MASK] .,Berlin,synth_City/TREx/P19.jsonl
573,Giulio Romano was born in [MASK] .,Rome,synth_City/TREx/P19.jsonl
576,Joseph Paul Forgas was born in [MASK] .,Budapest,synth_City/TREx/P19.jsonl
578,Michael Lipman was born in [MASK] .,London,synth_City/TREx/P19.jsonl
584,Adolphe d'Ennery was born in [MASK] .,Paris,synth_City/TREx/P19.jsonl
588,Leroy Wallace was born in [MASK] .,Jamaica,synth_City/TREx/P19.jsonl
589,Eberhard Koebel was born in [MASK] .,Stuttgart,synth_City/TREx/P19.jsonl
592,Max Bunker was born in [MASK] .,Milan,synth_City/TREx/P19.jsonl
594,Elisar von Kupffer was born in [MASK] .,Tallinn,synth_City/TREx/P19.jsonl
596,Ray Loriga was born in [MASK] .,Madrid,synth_City/TREx/P19.jsonl
598,"Harold Lever, Baron Lever of Manchester was born in [MASK] .",Manchester,synth_City/TREx/P19.jsonl
600,Geoffrey Mander was born in [MASK] .,Wolverhampton,synth_City/TREx/P19.jsonl
608,Artur Kotenko was born in [MASK] .,Tallinn,synth_City/TREx/P19.jsonl
610,Annie Whitehead was born in [MASK] .,Oldham,synth_City/TREx/P19.jsonl
614,Geoffrey Hinsliff was born in [MASK] .,Leeds,synth_City/TREx/P19.jsonl
616,Francesco Foscari was born in [MASK] .,Venice,synth_City/TREx/P19.jsonl
620,Jean Image was born in [MASK] .,Budapest,synth_City/TREx/P19.jsonl
622,Daniel Mananta was born in [MASK] .,Jakarta,synth_City/TREx/P19.jsonl
624,Agobard was born in [MASK] .,Spain,synth_City/TREx/P19.jsonl
625,Bernhard Sekles was born in [MASK] .,Frankfurt,synth_City/TREx/P19.jsonl
633,Ranavalona I was born in [MASK] .,Madagascar,synth_City/TREx/P19.jsonl
636,Adel Hassan Hamad was born in [MASK] .,Sudan,synth_City/TREx/P19.jsonl
642,Marek Borowski was born in [MASK] .,Warsaw,synth_City/TREx/P19.jsonl
646,Meredith Willson was born in [MASK] .,Iowa,synth_City/TREx/P19.jsonl
648,Biurakn Hakhverdian was born in [MASK] .,Leiden,synth_City/TREx/P19.jsonl
651,Wangechi Mutu was born in [MASK] .,Nairobi,synth_City/TREx/P19.jsonl
653,Victor Hasselblad was born in [MASK] .,Gothenburg,synth_City/TREx/P19.jsonl
655,Max Neal was born in [MASK] .,Munich,synth_City/TREx/P19.jsonl
662,Desmond King-Hele was born in [MASK] .,Sussex,synth_City/TREx/P19.jsonl
666,"Oliver Lyttelton, 1st Viscount Chandos was born in [MASK] .",London,synth_City/TREx/P19.jsonl
667,Adolf Georg Olland was born in [MASK] .,Utrecht,synth_City/TREx/P19.jsonl
669,Paul Kimmage was born in [MASK] .,Dublin,synth_City/TREx/P19.jsonl
671,"Frederick Hervey, 4th Earl of Bristol was born in [MASK] .",Suffolk,synth_City/TREx/P19.jsonl
673,Gunnar Staalesen was born in [MASK] .,Bergen,synth_City/TREx/P19.jsonl
676,Georg Wilhelm von Siemens was born in [MASK] .,Berlin,synth_City/TREx/P19.jsonl
678,Ann Park was born in [MASK] .,Edinburgh,synth_City/TREx/P19.jsonl
683,Tilo Wolff was born in [MASK] .,Frankfurt,synth_City/TREx/P19.jsonl
685,Ali Campbell was born in [MASK] .,Birmingham,synth_City/TREx/P19.jsonl
687,Prabhu Ganesan was born in [MASK] .,Madras,synth_City/TREx/P19.jsonl
691,Walter Seymour Allward was born in [MASK] .,Toronto,synth_City/TREx/P19.jsonl
692,Gian Antonio Selva was born in [MASK] .,Venice,synth_City/TREx/P19.jsonl
694,Lou Reed was born in [MASK] .,Brooklyn,synth_City/TREx/P19.jsonl
695,Ahmad Ali was born in [MASK] .,Delhi,synth_City/TREx/P19.jsonl
696,Andreya Triana was born in [MASK] .,London,synth_City/TREx/P19.jsonl
698,Pierre Mazeaud was born in [MASK] .,Lyon,synth_City/TREx/P19.jsonl
704,Paul Delaroche was born in [MASK] .,Paris,synth_City/TREx/P19.jsonl
712,Tony Vidmar was born in [MASK] .,Adelaide,synth_City/TREx/P19.jsonl
713,Saint Giles was born in [MASK] .,Athens,synth_City/TREx/P19.jsonl
715,"Friedrich Wilhelm, Count Brandenburg was born in [MASK] .",Berlin,synth_City/TREx/P19.jsonl
718,Isaac Isaacs was born in [MASK] .,Melbourne,synth_City/TREx/P19.jsonl
719,Carlos Zingaro was born in [MASK] .,Lisbon,synth_City/TREx/P19.jsonl
725,Jaime Roos was born in [MASK] .,Montevideo,synth_City/TREx/P19.jsonl
731,Hartmut Mehdorn was born in [MASK] .,Warsaw,synth_City/TREx/P19.jsonl
733,Max Wilson was born in [MASK] .,Hamburg,synth_City/TREx/P19.jsonl
735,Mako Idemitsu was born in [MASK] .,Tokyo,synth_City/TREx/P19.jsonl
737,Jade Windley was born in [MASK] .,Lincolnshire,synth_City/TREx/P19.jsonl
739,Saeb Salam was born in [MASK] .,Beirut,synth_City/TREx/P19.jsonl
742,Dale Resteghini was born in [MASK] .,Boston,synth_City/TREx/P19.jsonl
744,Ong Beng Hee was born in [MASK] .,Penang,synth_City/TREx/P19.jsonl
746,Erling Kroner was born in [MASK] .,Copenhagen,synth_City/TREx/P19.jsonl
753,Blake Mills was born in [MASK] .,California,synth_City/TREx/P19.jsonl
755,Bob Brady was born in [MASK] .,Philadelphia,synth_City/TREx/P19.jsonl
761,Ewald Osers was born in [MASK] .,Prague,synth_City/TREx/P19.jsonl
764,Paul Epworth was born in [MASK] .,London,synth_City/TREx/P19.jsonl
766,Mechell was born in [MASK] .,Wales,synth_City/TREx/P19.jsonl
772,Henri Debain was born in [MASK] .,Paris,synth_City/TREx/P19.jsonl
774,Barney Balaban was born in [MASK] .,Chicago,synth_City/TREx/P19.jsonl
775,Richard Ashcroft was born in [MASK] .,Wigan,synth_City/TREx/P19.jsonl
776,Ksenija Balta was born in [MASK] .,Minsk,synth_City/TREx/P19.jsonl
778,Giuseppe Baini was born in [MASK] .,Rome,synth_City/TREx/P19.jsonl
780,Mario Caiano was born in [MASK] .,Rome,synth_City/TREx/P19.jsonl
787,Johann Burchard was born in [MASK] .,Strasbourg,synth_City/TREx/P19.jsonl
788,Gene Martynec was born in [MASK] .,Germany,synth_City/TREx/P19.jsonl
789,Seija Simola was born in [MASK] .,Helsinki,synth_City/TREx/P19.jsonl
791,Vikram Bhatt was born in [MASK] .,Bombay,synth_City/TREx/P19.jsonl
797,Johann August Nahl was born in [MASK] .,Berlin,synth_City/TREx/P19.jsonl
801,Leopold Stokowski was born in [MASK] .,London,synth_City/TREx/P19.jsonl
803,John Sheahan was born in [MASK] .,Dublin,synth_City/TREx/P19.jsonl
805,Abbas Ahmed Atwi was born in [MASK] .,Lebanese,synth_City/TREx/P19.jsonl
809,Lord Pretender was born in [MASK] .,Tobago,synth_City/TREx/P19.jsonl
811,Thomas Zehetmair was born in [MASK] .,Salzburg,synth_City/TREx/P19.jsonl
813,Saom Vansodany was born in [MASK] .,Khmer,synth_City/TREx/P19.jsonl
814,Tom Wesselmann was born in [MASK] .,Cincinnati,synth_City/TREx/P19.jsonl
818,Gergely Kiss was born in [MASK] .,Budapest,synth_City/TREx/P19.jsonl
820,Corinne Drewery was born in [MASK] .,Nottingham,synth_City/TREx/P19.jsonl
822,Iiro Rantala was born in [MASK] .,Helsinki,synth_City/TREx/P19.jsonl
824,Julius Stockhausen was born in [MASK] .,Paris,synth_City/TREx/P19.jsonl
829,Kevin Lamoureux was born in [MASK] .,Winnipeg,synth_City/TREx/P19.jsonl
835,Henry Mackenzie was born in [MASK] .,Edinburgh,synth_City/TREx/P19.jsonl
836,John Leopold Denman was born in [MASK] .,Brighton,synth_City/TREx/P19.jsonl
844,Rhea Chakraborty was born in [MASK] .,Bangalore,synth_City/TREx/P19.jsonl
846,Jonathan Pereira was born in [MASK] .,London,synth_City/TREx/P19.jsonl
848,Leo V the Armenian was born in [MASK] .,Armenia,synth_City/TREx/P19.jsonl
852,Nikki Yanofsky was born in [MASK] .,Montreal,synth_City/TREx/P19.jsonl
853,Nina Byron was born in [MASK] .,Christchurch,synth_City/TREx/P19.jsonl
857,Carl Orff was born in [MASK] .,Munich,synth_City/TREx/P19.jsonl
861,Victor Cavallo was born in [MASK] .,Rome,synth_City/TREx/P19.jsonl
865,Michael Ben-Ari was born in [MASK] .,Israel,synth_City/TREx/P19.jsonl
867,Irving Fine was born in [MASK] .,Boston,synth_City/TREx/P19.jsonl
868,John Klemmer was born in [MASK] .,Chicago,synth_City/TREx/P19.jsonl
869,Steve Hillage was born in [MASK] .,London,synth_City/TREx/P19.jsonl
870,Cathal Goulding was born in [MASK] .,Dublin,synth_City/TREx/P19.jsonl
871,Pliny the Elder was born in [MASK] .,Como,synth_City/TREx/P19.jsonl
877,Phoebe Atwood Taylor was born in [MASK] .,Boston,synth_City/TREx/P19.jsonl
878,Frederick William II of Prussia was born in [MASK] .,Berlin,synth_City/TREx/P19.jsonl
888,Emiliano Chamorro Vargas was born in [MASK] .,Nicaragua,synth_City/TREx/P19.jsonl
901,Brian Mannix was born in [MASK] .,Melbourne,synth_City/TREx/P19.jsonl
903,Stephen Rea was born in [MASK] .,Belfast,synth_City/TREx/P19.jsonl
905,Pierre Bertin was born in [MASK] .,Lille,synth_City/TREx/P19.jsonl
908,Michael Stapleton was born in [MASK] .,Dublin,synth_City/TREx/P19.jsonl
916,Aleksandar Deroko was born in [MASK] .,Belgrade,synth_City/TREx/P19.jsonl
920,Erol Alkan was born in [MASK] .,London,synth_City/TREx/P19.jsonl
922,August Kopff was born in [MASK] .,Heidelberg,synth_City/TREx/P19.jsonl
930,Eiko Koike was born in [MASK] .,Tokyo,synth_City/TREx/P19.jsonl
933,Boris Grigoriev was born in [MASK] .,Moscow,synth_City/TREx/P19.jsonl
934,Manuel I of Portugal was born in [MASK] .,Lisbon,synth_City/TREx/P19.jsonl
939,Steve Rhodes was born in [MASK] .,Bradford,synth_City/TREx/P19.jsonl
941,Wretch 32 was born in [MASK] .,Tottenham,synth_City/TREx/P19.jsonl
944,Appian was born in [MASK] .,Alexandria,synth_City/TREx/P19.jsonl
949,Rachel Whiteread was born in [MASK] .,London,synth_City/TREx/P19.jsonl
955,Colin McNab was born in [MASK] .,Dundee,synth_City/TREx/P19.jsonl
956,Soichi Noguchi was born in [MASK] .,Yokohama,synth_City/TREx/P19.jsonl
960,Boniface III was born in [MASK] .,Rome,synth_City/TREx/P19.jsonl
967,Claudio Abbado was born in [MASK] .,Milan,synth_City/TREx/P19.jsonl
971,"John Ernest II, Duke of Saxe-Weimar was born in [MASK] .",Weimar,synth_City/TREx/P19.jsonl
978,Martin Padar was born in [MASK] .,Tallinn,synth_City/TREx/P19.jsonl
982,Glennis Grace was born in [MASK] .,Amsterdam,synth_City/TREx/P19.jsonl
984,Leo Weisgerber was born in [MASK] .,Metz,synth_City/TREx/P19.jsonl
986,Enrique Vila-Matas was born in [MASK] .,Barcelona,synth_City/TREx/P19.jsonl
988,Camille Pin was born in [MASK] .,Nice,synth_City/TREx/P19.jsonl
990,Tinie Tempah was born in [MASK] .,London,synth_City/TREx/P19.jsonl
992,Jaki Liebezeit was born in [MASK] .,Dresden,synth_City/TREx/P19.jsonl
994,Harald Gram was born in [MASK] .,Oslo,synth_City/TREx/P19.jsonl
995,Tristan Rogers was born in [MASK] .,Melbourne,synth_City/TREx/P19.jsonl
997,Adnan Dirjal was born in [MASK] .,Baghdad,synth_City/TREx/P19.jsonl
999,Dayirman was born in [MASK] .,Baku,synth_City/TREx/P19.jsonl
1001,Allen Carr was born in [MASK] .,London,synth_City/TREx/P19.jsonl
1007,Spike Hughes was born in [MASK] .,London,synth_City/TREx/P19.jsonl
1011,Alle Farben was born in [MASK] .,Berlin,synth_City/TREx/P19.jsonl
1013,Auguste Cain was born in [MASK] .,Paris,synth_City/TREx/P19.jsonl
1015,Samuel Jackman Prescod was born in [MASK] .,Barbados,synth_City/TREx/P19.jsonl
1019,Albert Richardson was born in [MASK] .,London,synth_City/TREx/P19.jsonl
1021,Henri Berger was born in [MASK] .,Berlin,synth_City/TREx/P19.jsonl
1023,John Shorthouse was born in [MASK] .,Vancouver,synth_City/TREx/P19.jsonl
1024,Diane Hendricks was born in [MASK] .,Wisconsin,synth_City/TREx/P19.jsonl
1027,Giovanni Tadolini was born in [MASK] .,Bologna,synth_City/TREx/P19.jsonl
1029,Irena Grafenauer was born in [MASK] .,Ljubljana,synth_City/TREx/P19.jsonl
1031,Thomas Fritsch was born in [MASK] .,Dresden,synth_City/TREx/P19.jsonl
1033,Arlene McCarthy was born in [MASK] .,Belfast,synth_City/TREx/P19.jsonl
1035,Cyd Hayman was born in [MASK] .,Bristol,synth_City/TREx/P19.jsonl
1037,Isabel Granada was born in [MASK] .,Manila,synth_City/TREx/P19.jsonl
1041,Frances Wright was born in [MASK] .,Dundee,synth_City/TREx/P19.jsonl
1044,Aino Sibelius was born in [MASK] .,Helsinki,synth_City/TREx/P19.jsonl
1046,Pete Haycock was born in [MASK] .,Stafford,synth_City/TREx/P19.jsonl
1048,Robert Pinget was born in [MASK] .,Geneva,synth_City/TREx/P19.jsonl
1051,Enrico Caruso was born in [MASK] .,Naples,synth_City/TREx/P19.jsonl
1054,Zehra Sheerazi was born in [MASK] .,Karachi,synth_City/TREx/P19.jsonl
1056,Henry Edward Armstrong was born in [MASK] .,London,synth_City/TREx/P19.jsonl
1057,Perry Benson was born in [MASK] .,London,synth_City/TREx/P19.jsonl
1059,Matias Kupiainen was born in [MASK] .,Helsinki,synth_City/TREx/P19.jsonl
1068,Hermann Dessau was born in [MASK] .,Frankfurt,synth_City/TREx/P19.jsonl
1073,Morris Day was born in [MASK] .,Minneapolis,synth_City/TREx/P19.jsonl
1078,Mehmed VI was born in [MASK] .,Istanbul,synth_City/TREx/P19.jsonl
1080,Lawrence Giustiniani was born in [MASK] .,Venice,synth_City/TREx/P19.jsonl
1084,Martin Lundgaard Hansen was born in [MASK] .,Denmark,synth_City/TREx/P19.jsonl
1087,Philip Walsingham Sergeant was born in [MASK] .,London,synth_City/TREx/P19.jsonl
1089,Dennis Farina was born in [MASK] .,Chicago,synth_City/TREx/P19.jsonl
1094,Alexandre Mercereau was born in [MASK] .,Paris,synth_City/TREx/P19.jsonl
1096,Eduardo Mateo was born in [MASK] .,Montevideo,synth_City/TREx/P19.jsonl
1101,Hideki Shirakawa was born in [MASK] .,Tokyo,synth_City/TREx/P19.jsonl
1104,Yang Chengfu was born in [MASK] .,Beijing,synth_City/TREx/P19.jsonl
1105,Diego de Rosales was born in [MASK] .,Madrid,synth_City/TREx/P19.jsonl
1111,Brendan Behan was born in [MASK] .,Dublin,synth_City/TREx/P19.jsonl
1120,Torstein Aagaard-Nilsen was born in [MASK] .,Oslo,synth_City/TREx/P19.jsonl
1122,Luigi Nono was born in [MASK] .,Venice,synth_City/TREx/P19.jsonl
1130,Jonathan Legard was born in [MASK] .,Cardiff,synth_City/TREx/P19.jsonl
1132,Accursius was born in [MASK] .,Florence,synth_City/TREx/P19.jsonl
1135,Wat Tyler was born in [MASK] .,Kent,synth_City/TREx/P19.jsonl
1140,Jagannath Mishra was born in [MASK] .,Bihar,synth_City/TREx/P19.jsonl
1147,Sib Hashian was born in [MASK] .,Boston,synth_City/TREx/P19.jsonl
1157,Mervyn Wall was born in [MASK] .,Dublin,synth_City/TREx/P19.jsonl
1160,Charles Nungesser was born in [MASK] .,Paris,synth_City/TREx/P19.jsonl
1163,Friedrich August von Kaulbach was born in [MASK] .,Munich,synth_City/TREx/P19.jsonl
1165,Lindy Hemming was born in [MASK] .,Wales,synth_City/TREx/P19.jsonl
1167,Heinz Lammerding was born in [MASK] .,Dortmund,synth_City/TREx/P19.jsonl
1169,Nikhil Chinapa was born in [MASK] .,Bangalore,synth_City/TREx/P19.jsonl
1178,James Henry Mapleson was born in [MASK] .,London,synth_City/TREx/P19.jsonl
1182,Rafael Pascual was born in [MASK] .,Madrid,synth_City/TREx/P19.jsonl
1184,Roy Abernethy was born in [MASK] .,Pennsylvania,synth_City/TREx/P19.jsonl
1186,Jim Cuddy was born in [MASK] .,Toronto,synth_City/TREx/P19.jsonl
1191,Cyril Lemoine was born in [MASK] .,Tours,synth_City/TREx/P19.jsonl
1195,Ashin was born in [MASK] .,Taipei,synth_City/TREx/P19.jsonl
1196,The Bullitts was born in [MASK] .,London,synth_City/TREx/P19.jsonl
1199,Koichi Ishii was born in [MASK] .,Japan,synth_City/TREx/P19.jsonl
1201,Qasim Amin was born in [MASK] .,Alexandria,synth_City/TREx/P19.jsonl
1203,Mark Strong was born in [MASK] .,London,synth_City/TREx/P19.jsonl
1206,Edward I of England was born in [MASK] .,Westminster,synth_City/TREx/P19.jsonl
1223,Angela Bailey was born in [MASK] .,Coventry,synth_City/TREx/P19.jsonl
1230,Ralph Day was born in [MASK] .,Toronto,synth_City/TREx/P19.jsonl
1234,Klaus Doldinger was born in [MASK] .,Berlin,synth_City/TREx/P19.jsonl
1240,Avraam Russo was born in [MASK] .,Aleppo,synth_City/TREx/P19.jsonl
1242,Lincoln Plumer was born in [MASK] .,Maryland,synth_City/TREx/P19.jsonl
1252,Marija Naumova was born in [MASK] .,Riga,synth_City/TREx/P19.jsonl
1257,James Hargreaves was born in [MASK] .,Blackburn,synth_City/TREx/P19.jsonl
1259,Clark Durant was born in [MASK] .,Detroit,synth_City/TREx/P19.jsonl
1261,Shashikumar was born in [MASK] .,Karnataka,synth_City/TREx/P19.jsonl
1268,Elmar Wepper was born in [MASK] .,Augsburg,synth_City/TREx/P19.jsonl
1270,Gregorio Leti was born in [MASK] .,Milan,synth_City/TREx/P19.jsonl
1272,Quentin Bell was born in [MASK] .,London,synth_City/TREx/P19.jsonl
1274,Margherita Buy was born in [MASK] .,Rome,synth_City/TREx/P19.jsonl
1277,Kurupt was born in [MASK] .,Philadelphia,synth_City/TREx/P19.jsonl
1284,Alice Nahon was born in [MASK] .,Antwerp,synth_City/TREx/P19.jsonl
1289,John Vanderbank was born in [MASK] .,London,synth_City/TREx/P19.jsonl
1293,Charles Henry Ross was born in [MASK] .,London,synth_City/TREx/P19.jsonl
1298,Maerten de Vos was born in [MASK] .,Antwerp,synth_City/TREx/P19.jsonl
1300,Mark Milbanke was born in [MASK] .,Darlington,synth_City/TREx/P19.jsonl
1301,Matija Gubec was born in [MASK] .,Croatia,synth_City/TREx/P19.jsonl
1305,John Birnie Philip was born in [MASK] .,London,synth_City/TREx/P19.jsonl
1311,John de Brito was born in [MASK] .,Lisbon,synth_City/TREx/P19.jsonl
1321,Yto Barrada was born in [MASK] .,Paris,synth_City/TREx/P19.jsonl
1323,Andrea Ghidone was born in [MASK] .,Montevideo,synth_City/TREx/P19.jsonl
1325,John Kindness was born in [MASK] .,Belfast,synth_City/TREx/P19.jsonl
1330,Moritz de Hadeln was born in [MASK] .,Exeter,synth_City/TREx/P19.jsonl
1332,Henry W. Moore was born in [MASK] .,Detroit,synth_City/TREx/P19.jsonl
1333,William Nicholas Selig was born in [MASK] .,Chicago,synth_City/TREx/P19.jsonl
1336,Eucherius of Lyon was born in [MASK] .,Lyon,synth_City/TREx/P19.jsonl
1340,Benny Carter was born in [MASK] .,Harlem,synth_City/TREx/P19.jsonl
1346,Willebrord Snellius was born in [MASK] .,Leiden,synth_City/TREx/P19.jsonl
1349,Micah Solusod was born in [MASK] .,Hawaii,synth_City/TREx/P19.jsonl
1351,Michael Balcon was born in [MASK] .,Birmingham,synth_City/TREx/P19.jsonl
1352,Pierre Macquer was born in [MASK] .,Paris,synth_City/TREx/P19.jsonl
1356,Achille Campanile was born in [MASK] .,Rome,synth_City/TREx/P19.jsonl
1358,Eavan Boland was born in [MASK] .,Dublin,synth_City/TREx/P19.jsonl
1364,Jim Leverton was born in [MASK] .,Dover,synth_City/TREx/P19.jsonl
1369,Andy Cox was born in [MASK] .,Birmingham,synth_City/TREx/P19.jsonl
1373,Henry Benedict Stuart was born in [MASK] .,Rome,synth_City/TREx/P19.jsonl
1374,Graham McRae was born in [MASK] .,Wellington,synth_City/TREx/P19.jsonl
1376,Virgil Widrich was born in [MASK] .,Salzburg,synth_City/TREx/P19.jsonl
1380,Jerzy Ficowski was born in [MASK] .,Warsaw,synth_City/TREx/P19.jsonl
1393,Faisal Khan was born in [MASK] .,Mumbai,synth_City/TREx/P19.jsonl
1395,Michel Longtin was born in [MASK] .,Montreal,synth_City/TREx/P19.jsonl
1397,Thomas Overbury was born in [MASK] .,Warwickshire,synth_City/TREx/P19.jsonl
1398,Herbert Callen was born in [MASK] .,Philadelphia,synth_City/TREx/P19.jsonl
1404,Hiram Abas was born in [MASK] .,Istanbul,synth_City/TREx/P19.jsonl
1406,Lorraine O'Grady was born in [MASK] .,Boston,synth_City/TREx/P19.jsonl
1411,Cory Bernardi was born in [MASK] .,Adelaide,synth_City/TREx/P19.jsonl
1413,Ivana Peters was born in [MASK] .,Belgrade,synth_City/TREx/P19.jsonl
1416,Franco Mannino was born in [MASK] .,Palermo,synth_City/TREx/P19.jsonl
1421,Tom Atkins was born in [MASK] .,Pittsburgh,synth_City/TREx/P19.jsonl
1422,Aleksandrs Samoilovs was born in [MASK] .,Riga,synth_City/TREx/P19.jsonl
1424,Vic Sotto was born in [MASK] .,Manila,synth_City/TREx/P19.jsonl
1426,Emanuel Larsen was born in [MASK] .,Copenhagen,synth_City/TREx/P19.jsonl
1432,Pat Chan was born in [MASK] .,Singapore,synth_City/TREx/P19.jsonl
1437,Miyuki Sawashiro was born in [MASK] .,Tokyo,synth_City/TREx/P19.jsonl
1439,Ethel Griffies was born in [MASK] .,Sheffield,synth_City/TREx/P19.jsonl
1441,Emilia Rydberg was born in [MASK] .,Stockholm,synth_City/TREx/P19.jsonl
1445,Phyllis Lambert was born in [MASK] .,Montreal,synth_City/TREx/P19.jsonl
1450,Johannes R. Becher was born in [MASK] .,Munich,synth_City/TREx/P19.jsonl
1452,Llewellyn Vaughan-Lee was born in [MASK] .,London,synth_City/TREx/P19.jsonl
1456,William Hayley was born in [MASK] .,Chichester,synth_City/TREx/P19.jsonl
1465,Andrea Alciato was born in [MASK] .,Milan,synth_City/TREx/P19.jsonl
1468,The Weeknd was born in [MASK] .,Toronto,synth_City/TREx/P19.jsonl
1472,Bartolomeo Coriolano was born in [MASK] .,Bologna,synth_City/TREx/P19.jsonl
1474,Ariel Behar was born in [MASK] .,Montevideo,synth_City/TREx/P19.jsonl
1476,Ken Follett was born in [MASK] .,Cardiff,synth_City/TREx/P19.jsonl
1478,Benito Perojo was born in [MASK] .,Madrid,synth_City/TREx/P19.jsonl
1482,Hiroki Moriya was born in [MASK] .,Tokyo,synth_City/TREx/P19.jsonl
1497,Arman was born in [MASK] .,Nice,synth_City/TREx/P19.jsonl
1503,Hugh McMeniman was born in [MASK] .,Brisbane,synth_City/TREx/P19.jsonl
1507,August von Pelzeln was born in [MASK] .,Prague,synth_City/TREx/P19.jsonl
1509,Larry King was born in [MASK] .,Brooklyn,synth_City/TREx/P19.jsonl
1514,John of Genoa was born in [MASK] .,Genoa,synth_City/TREx/P19.jsonl
1517,Justa and Rufina was born in [MASK] .,Seville,synth_City/TREx/P19.jsonl
1518,Michael Ballhaus was born in [MASK] .,Berlin,synth_City/TREx/P19.jsonl
1519,"Thomas Robinson, 1st Baron Grantham was born in [MASK] .",Yorkshire,synth_City/TREx/P19.jsonl
1520,Dietrich Brandis was born in [MASK] .,Bonn,synth_City/TREx/P19.jsonl
1523,Ross Douglas was born in [MASK] .,Canadian,synth_City/TREx/P19.jsonl
1525,Peter Mark Roget was born in [MASK] .,London,synth_City/TREx/P19.jsonl
1528,Malcolm Martineau was born in [MASK] .,Edinburgh,synth_City/TREx/P19.jsonl
1532,Eli Maor was born in [MASK] .,Israel,synth_City/TREx/P19.jsonl
1534,Natalia Shakhovskaya was born in [MASK] .,Moscow,synth_City/TREx/P19.jsonl
1541,Samir Naqqash was born in [MASK] .,Baghdad,synth_City/TREx/P19.jsonl
1543,Curtis Jobling was born in [MASK] .,Blackpool,synth_City/TREx/P19.jsonl
1546,Burt Green Wilder was born in [MASK] .,Boston,synth_City/TREx/P19.jsonl
1549,Eddie Locke was born in [MASK] .,Detroit,synth_City/TREx/P19.jsonl
1551,William Goldsmith was born in [MASK] .,Seattle,synth_City/TREx/P19.jsonl
1553,Sergey Lazarev was born in [MASK] .,Moscow,synth_City/TREx/P19.jsonl
1554,Abd el-Ouahed ben Messaoud was born in [MASK] .,Moroccan,synth_City/TREx/P19.jsonl
1556,Graham Fellows was born in [MASK] .,Sheffield,synth_City/TREx/P19.jsonl
1560,Yona Friedman was born in [MASK] .,Budapest,synth_City/TREx/P19.jsonl
1562,Adela of Normandy was born in [MASK] .,Normandy,synth_City/TREx/P19.jsonl
1570,Zhou Long was born in [MASK] .,Beijing,synth_City/TREx/P19.jsonl
1572,Jackie Wilson was born in [MASK] .,Detroit,synth_City/TREx/P19.jsonl
1573,Giuseppe Siri was born in [MASK] .,Genoa,synth_City/TREx/P19.jsonl
1579,Ge You was born in [MASK] .,Beijing,synth_City/TREx/P19.jsonl
1582,Kazuo Nakamura was born in [MASK] .,Vancouver,synth_City/TREx/P19.jsonl
1584,Rudolf Loman was born in [MASK] .,Amsterdam,synth_City/TREx/P19.jsonl
1594,Jane Siberry was born in [MASK] .,Toronto,synth_City/TREx/P19.jsonl
1597,Wattie Buchan was born in [MASK] .,Edinburgh,synth_City/TREx/P19.jsonl
1598,Charlotte Gordon Cumming was born in [MASK] .,Scotland,synth_City/TREx/P19.jsonl
1601,Henry Van de Velde was born in [MASK] .,Antwerp,synth_City/TREx/P19.jsonl
1604,Walter Branscombe was born in [MASK] .,Exeter,synth_City/TREx/P19.jsonl
1605,Divyadarshini was born in [MASK] .,Chennai,synth_City/TREx/P19.jsonl
1607,Nicolas Bergasse was born in [MASK] .,Lyon,synth_City/TREx/P19.jsonl
1609,Julia of Corsica was born in [MASK] .,Carthage,synth_City/TREx/P19.jsonl
1613,Philippe de Broca was born in [MASK] .,Paris,synth_City/TREx/P19.jsonl
1614,Carlo Porta was born in [MASK] .,Milan,synth_City/TREx/P19.jsonl
1616,Florea Dumitrache was born in [MASK] .,Bucharest,synth_City/TREx/P19.jsonl
1617,Derick Ogbu was born in [MASK] .,Nigerian,synth_City/TREx/P19.jsonl
1620,Alexios II Komnenos was born in [MASK] .,Constantinople,synth_City/TREx/P19.jsonl
1621,Roger Chartier was born in [MASK] .,Lyon,synth_City/TREx/P19.jsonl
1627,Pasquale Squitieri was born in [MASK] .,Naples,synth_City/TREx/P19.jsonl
1632,John Thomas Scharf was born in [MASK] .,Baltimore,synth_City/TREx/P19.jsonl
1634,Otto Orseolo was born in [MASK] .,Venice,synth_City/TREx/P19.jsonl
1635,Simon Pullman was born in [MASK] .,Warsaw,synth_City/TREx/P19.jsonl
1637,"Abigail Masham, Baroness Masham was born in [MASK] .",London,synth_City/TREx/P19.jsonl
1639,Agner Krarup Erlang was born in [MASK] .,Danish,synth_City/TREx/P19.jsonl
1641,Olia Lialina was born in [MASK] .,Moscow,synth_City/TREx/P19.jsonl
1644,Romain Barras was born in [MASK] .,Calais,synth_City/TREx/P19.jsonl
1646,Thomas Molnar was born in [MASK] .,Budapest,synth_City/TREx/P19.jsonl
1649,Nacho Duato was born in [MASK] .,Valencia,synth_City/TREx/P19.jsonl
1652,Arthur Harden was born in [MASK] .,Manchester,synth_City/TREx/P19.jsonl
1655,Wilfrid Pelletier was born in [MASK] .,Montreal,synth_City/TREx/P19.jsonl
1657,Hajime Mizoguchi was born in [MASK] .,Tokyo,synth_City/TREx/P19.jsonl
1659,Fernando Morena was born in [MASK] .,Montevideo,synth_City/TREx/P19.jsonl
1661,Karl Ferdinand von Graefe was born in [MASK] .,Warsaw,synth_City/TREx/P19.jsonl
1665,Martina Miceli was born in [MASK] .,Rome,synth_City/TREx/P19.jsonl
1667,Heide Simonis was born in [MASK] .,Bonn,synth_City/TREx/P19.jsonl
1669,Stef Penney was born in [MASK] .,Edinburgh,synth_City/TREx/P19.jsonl
1671,Alexander Ivanovich Herzen was born in [MASK] .,Moscow,synth_City/TREx/P19.jsonl
1672,Dez Dickerson was born in [MASK] .,Minneapolis,synth_City/TREx/P19.jsonl
1673,Denise Klecker was born in [MASK] .,Mainz,synth_City/TREx/P19.jsonl
1675,Mark Johnston-Allen was born in [MASK] .,Bristol,synth_City/TREx/P19.jsonl
1677,Mufi Hannemann was born in [MASK] .,Honolulu,synth_City/TREx/P19.jsonl
1682,Eric Gill was born in [MASK] .,Brighton,synth_City/TREx/P19.jsonl
1683,Henri Estienne was born in [MASK] .,Paris,synth_City/TREx/P19.jsonl
1688,Eric VI of Denmark was born in [MASK] .,Denmark,synth_City/TREx/P19.jsonl
1699,"Albert I, Duke of Bavaria was born in [MASK] .",Munich,synth_City/TREx/P19.jsonl
1701,Priit Tomson was born in [MASK] .,Tallinn,synth_City/TREx/P19.jsonl
1703,DJ Die was born in [MASK] .,Devon,synth_City/TREx/P19.jsonl
1705,Georgi Asparuhov was born in [MASK] .,Sofia,synth_City/TREx/P19.jsonl
1708,Anchee Min was born in [MASK] .,Shanghai,synth_City/TREx/P19.jsonl
1711,Iain Stirling was born in [MASK] .,Edinburgh,synth_City/TREx/P19.jsonl
1714,Sheila Dixon was born in [MASK] .,Baltimore,synth_City/TREx/P19.jsonl
1717,Erik Lindahl was born in [MASK] .,Stockholm,synth_City/TREx/P19.jsonl
1732,Fyodor Ivanovich Shalyapin was born in [MASK] .,Kazan,synth_City/TREx/P19.jsonl
1735,Nino Taranto was born in [MASK] .,Naples,synth_City/TREx/P19.jsonl
1736,Zhang Ziyi was born in [MASK] .,Beijing,synth_City/TREx/P19.jsonl
1737,Helen Dallimore was born in [MASK] .,Melbourne,synth_City/TREx/P19.jsonl
1739,Johann Moritz Rugendas was born in [MASK] .,Augsburg,synth_City/TREx/P19.jsonl
1742,Johannes Oporinus was born in [MASK] .,Basel,synth_City/TREx/P19.jsonl
1744,Carl Gyllenborg was born in [MASK] .,Stockholm,synth_City/TREx/P19.jsonl
1747,Sylvain Chauveau was born in [MASK] .,France,synth_City/TREx/P19.jsonl
1749,Andrew Ilie was born in [MASK] .,Bucharest,synth_City/TREx/P19.jsonl
1751,Kimberley Cooper was born in [MASK] .,Sydney,synth_City/TREx/P19.jsonl
1753,Thomas Palaiologos was born in [MASK] .,Constantinople,synth_City/TREx/P19.jsonl
1754,Nikolaus Poda von Neuhaus was born in [MASK] .,Vienna,synth_City/TREx/P19.jsonl
1760,Joe Venuti was born in [MASK] .,Philadelphia,synth_City/TREx/P19.jsonl
1763,Malinda Warnapura was born in [MASK] .,Colombo,synth_City/TREx/P19.jsonl
1766,Nicolas Gigault was born in [MASK] .,Paris,synth_City/TREx/P19.jsonl
1767,Gerald Graff was born in [MASK] .,Chicago,synth_City/TREx/P19.jsonl
1769,Robert Demachy was born in [MASK] .,Paris,synth_City/TREx/P19.jsonl
1770,Melanie Durrant was born in [MASK] .,Toronto,synth_City/TREx/P19.jsonl
1773,Brendan Croker was born in [MASK] .,Bradford,synth_City/TREx/P19.jsonl
1778,Junichi Suwabe was born in [MASK] .,Tokyo,synth_City/TREx/P19.jsonl
1780,Riona Hazuki was born in [MASK] .,Tokyo,synth_City/TREx/P19.jsonl
1782,Rocky Balboa was born in [MASK] .,Philadelphia,synth_City/TREx/P19.jsonl
1788,Almeida Garrett was born in [MASK] .,Porto,synth_City/TREx/P19.jsonl
1791,Ernest Cormier was born in [MASK] .,Montreal,synth_City/TREx/P19.jsonl
1793,Simon Louvish was born in [MASK] .,Glasgow,synth_City/TREx/P19.jsonl
1795,Alexander Cochrane was born in [MASK] .,Scottish,synth_City/TREx/P19.jsonl
1797,Chris Cheney was born in [MASK] .,Melbourne,synth_City/TREx/P19.jsonl
1798,Joseph Babinski was born in [MASK] .,Paris,synth_City/TREx/P19.jsonl
1799,Bernard Cornwell was born in [MASK] .,London,synth_City/TREx/P19.jsonl
1800,Francesco Castellacci was born in [MASK] .,Rome,synth_City/TREx/P19.jsonl
1802,Mehdi Hosseini was born in [MASK] .,Tehran,synth_City/TREx/P19.jsonl
1808,Nicky Ryan was born in [MASK] .,Dublin,synth_City/TREx/P19.jsonl
1809,Lala Shevket was born in [MASK] .,Baku,synth_City/TREx/P19.jsonl
1813,John V of Portugal was born in [MASK] .,Lisbon,synth_City/TREx/P19.jsonl
1828,Edward Matthew Ward was born in [MASK] .,London,synth_City/TREx/P19.jsonl
1830,Lord Edward Gleichen was born in [MASK] .,London,synth_City/TREx/P19.jsonl
1833,Jon Elster was born in [MASK] .,Oslo,synth_City/TREx/P19.jsonl
1835,Anastasia Grymalska was born in [MASK] .,Kiev,synth_City/TREx/P19.jsonl
1839,Konrad Adenauer was born in [MASK] .,Cologne,synth_City/TREx/P19.jsonl
1842,Ferdinand de Saussure was born in [MASK] .,Geneva,synth_City/TREx/P19.jsonl
1847,Kalyan Kumar was born in [MASK] .,Bangalore,synth_City/TREx/P19.jsonl
1848,Monica Anghel was born in [MASK] .,Bucharest,synth_City/TREx/P19.jsonl
1850,Te Wei was born in [MASK] .,Shanghai,synth_City/TREx/P19.jsonl
1856,"Miles Fitzalan-Howard, 17th Duke of Norfolk was born in [MASK] .",London,synth_City/TREx/P19.jsonl
1861,Dunya Mikhail was born in [MASK] .,Baghdad,synth_City/TREx/P19.jsonl
1863,Maria Altmann was born in [MASK] .,Vienna,synth_City/TREx/P19.jsonl
1866,Tatev Abrahamyan was born in [MASK] .,Yerevan,synth_City/TREx/P19.jsonl
1868,Yaropolk I of Kiev was born in [MASK] .,Kiev,synth_City/TREx/P19.jsonl
1874,Sonja Biserko was born in [MASK] .,Belgrade,synth_City/TREx/P19.jsonl
1876,Wolfgang Plagge was born in [MASK] .,Oslo,synth_City/TREx/P19.jsonl
1878,Clive Myrie was born in [MASK] .,Bolton,synth_City/TREx/P19.jsonl
1880,Guido Crepax was born in [MASK] .,Milan,synth_City/TREx/P19.jsonl
1884,Ludwig Bechstein was born in [MASK] .,Weimar,synth_City/TREx/P19.jsonl
1887,Knut Reiersrud was born in [MASK] .,Oslo,synth_City/TREx/P19.jsonl
1892,Georgi Markov was born in [MASK] .,Sofia,synth_City/TREx/P19.jsonl
1893,Leonid Sabaneyev was born in [MASK] .,Moscow,synth_City/TREx/P19.jsonl
1945,Dennis Jensen was born in [MASK] .,Johannesburg,synth_City/TREx/P19.jsonl
1947,Gogi Alauddin was born in [MASK] .,Lahore,synth_City/TREx/P19.jsonl
1949,Jacques-Jean Barre was born in [MASK] .,Paris,synth_City/TREx/P19.jsonl
1954,Ricard Lamote de Grignon was born in [MASK] .,Barcelona,synth_City/TREx/P19.jsonl
1956,Jean-Michel Dubernard was born in [MASK] .,Lyon,synth_City/TREx/P19.jsonl
1959,Akira Kamiya was born in [MASK] .,Yokohama,synth_City/TREx/P19.jsonl
1961,Cristian Alexanda was born in [MASK] .,Perth,synth_City/TREx/P19.jsonl
1963,Martin Sweet was born in [MASK] .,Stockholm,synth_City/TREx/P19.jsonl
1967,Bob Petrie was born in [MASK] .,Dundee,synth_City/TREx/P19.jsonl
1968,Bronwyn Mayer was born in [MASK] .,Sydney,synth_City/TREx/P19.jsonl
1970,Ted Dumitru was born in [MASK] .,Bucharest,synth_City/TREx/P19.jsonl
1972,Semiha Borovac was born in [MASK] .,Sarajevo,synth_City/TREx/P19.jsonl
1974,Mark Van Hoen was born in [MASK] .,Croydon,synth_City/TREx/P19.jsonl
1976,Ali-Akbar Shahnazi was born in [MASK] .,Tehran,synth_City/TREx/P19.jsonl
1977,Rio Natsuki was born in [MASK] .,Tokyo,synth_City/TREx/P19.jsonl
1979,Francisco Valls Galán was born in [MASK] .,Barcelona,synth_City/TREx/P19.jsonl
1981,Hiroshi Kyono was born in [MASK] .,Yokohama,synth_City/TREx/P19.jsonl
1983,Marat Makhmutov was born in [MASK] .,Moscow,synth_City/TREx/P19.jsonl
1985,Vasili III of Russia was born in [MASK] .,Moscow,synth_City/TREx/P19.jsonl
1988,Marcus Harvey was born in [MASK] .,Leeds,synth_City/TREx/P19.jsonl
1990,Vincent Persichetti was born in [MASK] .,Philadelphia,synth_City/TREx/P19.jsonl
1991,Ottavio Vannini was born in [MASK] .,Florence,synth_City/TREx/P19.jsonl
1994,Tomomi Kasai was born in [MASK] .,Tokyo,synth_City/TREx/P19.jsonl
1996,Cunigunde of Luxembourg was born in [MASK] .,Luxembourg,synth_City/TREx/P19.jsonl
2001,Dilara Kazimova was born in [MASK] .,Baku,synth_City/TREx/P19.jsonl
2003,Alaa Abdul-Zahra was born in [MASK] .,Baghdad,synth_City/TREx/P19.jsonl
2007,Calum MacKay was born in [MASK] .,Toronto,synth_City/TREx/P19.jsonl
2010,Kim Atienza was born in [MASK] .,Manila,synth_City/TREx/P19.jsonl
2015,Haakon II of Norway was born in [MASK] .,Norway,synth_City/TREx/P19.jsonl
2022,Matthew Thornton was born in [MASK] .,Ireland,synth_City/TREx/P19.jsonl
2029,Terenci Moix was born in [MASK] .,Barcelona,synth_City/TREx/P19.jsonl
2033,Bharat Agnihotri was born in [MASK] .,India,synth_City/TREx/P19.jsonl
2035,Brian Nissen was born in [MASK] .,London,synth_City/TREx/P19.jsonl
2038,Laurie Morgan was born in [MASK] .,London,synth_City/TREx/P19.jsonl
2041,Jules Michelet was born in [MASK] .,Paris,synth_City/TREx/P19.jsonl
2042,Ezekiel was born in [MASK] .,Jerusalem,synth_City/TREx/P19.jsonl
2052,Juan Carlos Calvo was born in [MASK] .,Montevideo,synth_City/TREx/P19.jsonl
2055,Jacob Holdt was born in [MASK] .,Copenhagen,synth_City/TREx/P19.jsonl
2057,Peter Lassally was born in [MASK] .,Hamburg,synth_City/TREx/P19.jsonl
2060,Rajah Tupas was born in [MASK] .,Cebu,synth_City/TREx/P19.jsonl
2063,Artur Pizarro was born in [MASK] .,Lisbon,synth_City/TREx/P19.jsonl
2065,Silvia Abascal was born in [MASK] .,Madrid,synth_City/TREx/P19.jsonl
2069,Jonathan Kozol was born in [MASK] .,Boston,synth_City/TREx/P19.jsonl
2070,Paul Pritchard was born in [MASK] .,Bolton,synth_City/TREx/P19.jsonl
2072,Darlene Koldenhoven was born in [MASK] .,Chicago,synth_City/TREx/P19.jsonl
2074,Jacki Weaver was born in [MASK] .,Sydney,synth_City/TREx/P19.jsonl
2075,Edward Duyker was born in [MASK] .,Melbourne,synth_City/TREx/P19.jsonl
2078,Adam Kendon was born in [MASK] .,London,synth_City/TREx/P19.jsonl
2088,Leslie Halliwell was born in [MASK] .,Bolton,synth_City/TREx/P19.jsonl
2097,David Alexandre Winter was born in [MASK] .,Amsterdam,synth_City/TREx/P19.jsonl
2098,Amparo Noguera was born in [MASK] .,Santiago,synth_City/TREx/P19.jsonl
2100,Karim Lala was born in [MASK] .,Afghanistan,synth_City/TREx/P19.jsonl
2102,Ashley Mulheron was born in [MASK] .,Scottish,synth_City/TREx/P19.jsonl
2104,Raimondo Van Riel was born in [MASK] .,Rome,synth_City/TREx/P19.jsonl
2106,Thomas Aikenhead was born in [MASK] .,Edinburgh,synth_City/TREx/P19.jsonl
2108,Henry Howe Bemrose was born in [MASK] .,Derby,synth_City/TREx/P19.jsonl
2111,Yui Ichikawa was born in [MASK] .,Tokyo,synth_City/TREx/P19.jsonl
2115,Bai Guang was born in [MASK] .,Beijing,synth_City/TREx/P19.jsonl
2117,Ace Kefford was born in [MASK] .,Birmingham,synth_City/TREx/P19.jsonl
2121,Pietro Lorenzetti was born in [MASK] .,Siena,synth_City/TREx/P19.jsonl
2135,Edward Said was born in [MASK] .,Jerusalem,synth_City/TREx/P19.jsonl
2136,Ruben Simonov was born in [MASK] .,Moscow,synth_City/TREx/P19.jsonl
2142,"Frederick Lugard, 1st Baron Lugard was born in [MASK] .",Madras,synth_City/TREx/P19.jsonl
2146,Umberto Guidoni was born in [MASK] .,Rome,synth_City/TREx/P19.jsonl
2149,Davor Sučić was born in [MASK] .,Sarajevo,synth_City/TREx/P19.jsonl
2151,Marc Swayze was born in [MASK] .,Monroe,synth_City/TREx/P19.jsonl
2152,Magdalena Mielcarz was born in [MASK] .,Warsaw,synth_City/TREx/P19.jsonl
2154,Friedrich Albert von Zenker was born in [MASK] .,Dresden,synth_City/TREx/P19.jsonl
2159,Gianrico Carofiglio was born in [MASK] .,Bari,synth_City/TREx/P19.jsonl
2161,Anne Danican Philidor was born in [MASK] .,Paris,synth_City/TREx/P19.jsonl
2163,Jean Papineau-Couture was born in [MASK] .,Montreal,synth_City/TREx/P19.jsonl
2165,Gaspard Bauhin was born in [MASK] .,Basel,synth_City/TREx/P19.jsonl
2169,Grace Lynn Kung was born in [MASK] .,Ottawa,synth_City/TREx/P19.jsonl
2173,William Henry Fry was born in [MASK] .,Philadelphia,synth_City/TREx/P19.jsonl
2174,Maironis was born in [MASK] .,Lithuania,synth_City/TREx/P19.jsonl
2176,Erwin Stresemann was born in [MASK] .,Dresden,synth_City/TREx/P19.jsonl
2178,Lorenzo Garbieri was born in [MASK] .,Bologna,synth_City/TREx/P19.jsonl
2180,Lukas Hilbert was born in [MASK] .,Hamburg,synth_City/TREx/P19.jsonl
2182,David de Keyser was born in [MASK] .,London,synth_City/TREx/P19.jsonl
2184,Chiara Margarita Cozzolani was born in [MASK] .,Milan,synth_City/TREx/P19.jsonl
2188,Yuriko Ishida was born in [MASK] .,Nagoya,synth_City/TREx/P19.jsonl
2191,Samuel De Wilde was born in [MASK] .,London,synth_City/TREx/P19.jsonl
2195,Georges Duhamel was born in [MASK] .,Paris,synth_City/TREx/P19.jsonl
2198,Gustav Struve was born in [MASK] .,Munich,synth_City/TREx/P19.jsonl
2201,Nigel Barrie was born in [MASK] .,Calcutta,synth_City/TREx/P19.jsonl
2205,Sid Luckman was born in [MASK] .,Brooklyn,synth_City/TREx/P19.jsonl
2209,Peter Goalby was born in [MASK] .,Wolverhampton,synth_City/TREx/P19.jsonl
2211,Aisha was born in [MASK] .,Mecca,synth_City/TREx/P19.jsonl
2214,Peter I of Serbia was born in [MASK] .,Belgrade,synth_City/TREx/P19.jsonl
2219,Karel Schwarzenberg was born in [MASK] .,Prague,synth_City/TREx/P19.jsonl
2221,Pavol Hammel was born in [MASK] .,Bratislava,synth_City/TREx/P19.jsonl
2223,Cynan Garwyn was born in [MASK] .,Wales,synth_City/TREx/P19.jsonl
2225,Dmitri Nabokov was born in [MASK] .,Berlin,synth_City/TREx/P19.jsonl
2227,Jakub Kubicki was born in [MASK] .,Warsaw,synth_City/TREx/P19.jsonl
2228,Paul Slovic was born in [MASK] .,Chicago,synth_City/TREx/P19.jsonl
2230,David Don was born in [MASK] .,Angus,synth_City/TREx/P19.jsonl
2233,William Hodges was born in [MASK] .,London,synth_City/TREx/P19.jsonl
2243,Lady Marcia Fitzalan-Howard was born in [MASK] .,Bonn,synth_City/TREx/P19.jsonl
2245,Ernie Andrews was born in [MASK] .,Philadelphia,synth_City/TREx/P19.jsonl
2247,Igor Rivin was born in [MASK] .,Moscow,synth_City/TREx/P19.jsonl
2253,Sefyu was born in [MASK] .,Paris,synth_City/TREx/P19.jsonl
2255,Stefan Hertmans was born in [MASK] .,Ghent,synth_City/TREx/P19.jsonl
2264,Edward Dannreuther was born in [MASK] .,Strasbourg,synth_City/TREx/P19.jsonl
2268,Tatsu Aoki was born in [MASK] .,Tokyo,synth_City/TREx/P19.jsonl
2270,Lilla Cabot Perry was born in [MASK] .,Boston,synth_City/TREx/P19.jsonl
2271,Fad Gadget was born in [MASK] .,London,synth_City/TREx/P19.jsonl
2272,Semyon Vorontsov was born in [MASK] .,Moscow,synth_City/TREx/P19.jsonl
2286,Philip Candelas was born in [MASK] .,London,synth_City/TREx/P19.jsonl
2288,Jan Kruis was born in [MASK] .,Rotterdam,synth_City/TREx/P19.jsonl
2290,Anand Gandhi was born in [MASK] .,Mumbai,synth_City/TREx/P19.jsonl
2295,Chris Minh Doky was born in [MASK] .,Copenhagen,synth_City/TREx/P19.jsonl
2300,Inoue Genan Inseki was born in [MASK] .,Japan,synth_City/TREx/P19.jsonl
2301,Peter von Siemens was born in [MASK] .,Berlin,synth_City/TREx/P19.jsonl
2303,Povel Ramel was born in [MASK] .,Stockholm,synth_City/TREx/P19.jsonl
2305,Franciszek Smuglewicz was born in [MASK] .,Warsaw,synth_City/TREx/P19.jsonl
2306,Garth Knox was born in [MASK] .,Dublin,synth_City/TREx/P19.jsonl
2308,Hiroshi Tsuchida was born in [MASK] .,Tokyo,synth_City/TREx/P19.jsonl
2313,Mayumi Tanaka was born in [MASK] .,Tokyo,synth_City/TREx/P19.jsonl
2315,Christel Bodenstein was born in [MASK] .,Munich,synth_City/TREx/P19.jsonl
2317,Cosimo Fancelli was born in [MASK] .,Rome,synth_City/TREx/P19.jsonl
2324,Jacob Wallenberg was born in [MASK] .,Stockholm,synth_City/TREx/P19.jsonl
2327,Saeed Akhtar Mirza was born in [MASK] .,Mumbai,synth_City/TREx/P19.jsonl
2335,Jonas Hassen Khemiri was born in [MASK] .,Stockholm,synth_City/TREx/P19.jsonl
2337,Richard Prebble was born in [MASK] .,Kent,synth_City/TREx/P19.jsonl
2340,Roger Oakley was born in [MASK] .,Auckland,synth_City/TREx/P19.jsonl
2342,Gilles Duceppe was born in [MASK] .,Montreal,synth_City/TREx/P19.jsonl
2343,John Colet was born in [MASK] .,London,synth_City/TREx/P19.jsonl
2347,Marty Roth was born in [MASK] .,Toronto,synth_City/TREx/P19.jsonl
2349,Georges Rouault was born in [MASK] .,Paris,synth_City/TREx/P19.jsonl
2352,James Gomez was born in [MASK] .,Singapore,synth_City/TREx/P19.jsonl
2353,Theodore the Studite was born in [MASK] .,Constantinople,synth_City/TREx/P19.jsonl
2355,Lorraine Pilkington was born in [MASK] .,Dublin,synth_City/TREx/P19.jsonl
2357,Lopo Soares de Albergaria was born in [MASK] .,Lisbon,synth_City/TREx/P19.jsonl
