,sent,gold,filename
0,Valencia and [MASK] are twin cities .,Mainz,synth_City/TREx/P190.jsonl
1,Istanbul and [MASK] are twin cities .,Athens,synth_City/TREx/P190.jsonl
27,Bangkok and [MASK] are twin cities .,Lausanne,synth_City/TREx/P190.jsonl
28,Kiev and [MASK] are twin cities .,Budapest,synth_City/TREx/P190.jsonl
38,Budapest and [MASK] are twin cities .,Frankfurt,synth_City/TREx/P190.jsonl
51,Seattle and [MASK] are twin cities .,Christchurch,synth_City/TREx/P190.jsonl
52,Algiers and [MASK] are twin cities .,Caracas,synth_City/TREx/P190.jsonl
54,Uzhhorod and [MASK] are twin cities .,Moscow,synth_City/TREx/P190.jsonl
55,Shanghai and [MASK] are twin cities .,Yokohama,synth_City/TREx/P190.jsonl
73,Los Angeles and [MASK] are twin cities .,Beirut,synth_City/TREx/P190.jsonl
83,San Francisco and [MASK] are twin cities .,Paris,synth_City/TREx/P190.jsonl
227,Rimini and [MASK] are twin cities .,Venice,synth_City/TREx/P190.jsonl
229,Cologne and [MASK] are twin cities .,Barcelona,synth_City/TREx/P190.jsonl
238,Windhoek and [MASK] are twin cities .,Havana,synth_City/TREx/P190.jsonl
239,Vilnius and [MASK] are twin cities .,Warsaw,synth_City/TREx/P190.jsonl
452,Casablanca and [MASK] are twin cities .,Tokyo,synth_City/TREx/P190.jsonl
454,Cleveland and [MASK] are twin cities .,Taipei,synth_City/TREx/P190.jsonl
455,New York City and [MASK] are twin cities .,Jakarta,synth_City/TREx/P190.jsonl
459,Kyoto and [MASK] are twin cities .,Boston,synth_City/TREx/P190.jsonl
460,Madrid and [MASK] are twin cities .,Sarajevo,synth_City/TREx/P190.jsonl
461,Ashgabat and [MASK] are twin cities .,Athens,synth_City/TREx/P190.jsonl
462,Busan and [MASK] are twin cities .,Chicago,synth_City/TREx/P190.jsonl
556,Beijing and [MASK] are twin cities .,Madrid,synth_City/TREx/P190.jsonl
583,Saint Petersburg and [MASK] are twin cities .,Turin,synth_City/TREx/P190.jsonl
592,Tel Aviv and [MASK] are twin cities .,Frankfurt,synth_City/TREx/P190.jsonl
600,Buenos Aires and [MASK] are twin cities .,Kiev,synth_City/TREx/P190.jsonl
601,Chicago and [MASK] are twin cities .,Warsaw,synth_City/TREx/P190.jsonl
625,Hanoi and [MASK] are twin cities .,Warsaw,synth_City/TREx/P190.jsonl
629,Taipei and [MASK] are twin cities .,Houston,synth_City/TREx/P190.jsonl
633,Lyon and [MASK] are twin cities .,Beirut,synth_City/TREx/P190.jsonl
697,Hamburg and [MASK] are twin cities .,Chicago,synth_City/TREx/P190.jsonl
715,Podgorica and [MASK] are twin cities .,Belgrade,synth_City/TREx/P190.jsonl
739,Ōsaka and [MASK] are twin cities .,Chicago,synth_City/TREx/P190.jsonl
747,Ljubljana and [MASK] are twin cities .,Tbilisi,synth_City/TREx/P190.jsonl
749,Ankara and [MASK] are twin cities .,Sarajevo,synth_City/TREx/P190.jsonl
780,Yerevan and [MASK] are twin cities .,Lyon,synth_City/TREx/P190.jsonl
781,Belgrade and [MASK] are twin cities .,Chicago,synth_City/TREx/P190.jsonl
787,Rabat and [MASK] are twin cities .,Baghdad,synth_City/TREx/P190.jsonl
893,Sarajevo and [MASK] are twin cities .,Athens,synth_City/TREx/P190.jsonl
900,Manila and [MASK] are twin cities .,Shanghai,synth_City/TREx/P190.jsonl
975,London and [MASK] are twin cities .,Zagreb,synth_City/TREx/P190.jsonl
995,Bremen and [MASK] are twin cities .,Haifa,synth_City/TREx/P190.jsonl
1001,Prague and [MASK] are twin cities .,Sofia,synth_City/TREx/P190.jsonl
1032,Rotterdam and [MASK] are twin cities .,Turin,synth_City/TREx/P190.jsonl
1033,Delhi and [MASK] are twin cities .,Chicago,synth_City/TREx/P190.jsonl
1035,Athens and [MASK] are twin cities .,Havana,synth_City/TREx/P190.jsonl
1057,Dublin and [MASK] are twin cities .,Milan,synth_City/TREx/P190.jsonl
1069,Kaohsiung and [MASK] are twin cities .,Brisbane,synth_City/TREx/P190.jsonl
1070,Stockholm and [MASK] are twin cities .,Vilnius,synth_City/TREx/P190.jsonl
1073,Florence and [MASK] are twin cities .,Athens,synth_City/TREx/P190.jsonl
1091,Tbilisi and [MASK] are twin cities .,Kiev,synth_City/TREx/P190.jsonl
1110,Strasbourg and [MASK] are twin cities .,Stuttgart,synth_City/TREx/P190.jsonl
1116,La Paz and [MASK] are twin cities .,Caracas,synth_City/TREx/P190.jsonl
1118,Damascus and [MASK] are twin cities .,Cairo,synth_City/TREx/P190.jsonl
1161,Sofia and [MASK] are twin cities .,Moscow,synth_City/TREx/P190.jsonl
1190,Mexico City and [MASK] are twin cities .,Stockholm,synth_City/TREx/P190.jsonl
1217,Helsinki and [MASK] are twin cities .,Kiev,synth_City/TREx/P190.jsonl
1229,Bristol and [MASK] are twin cities .,Bordeaux,synth_City/TREx/P190.jsonl
1231,Ōsaka Prefecture and [MASK] are twin cities .,Shanghai,synth_City/TREx/P190.jsonl
1232,Antwerp and [MASK] are twin cities .,Haifa,synth_City/TREx/P190.jsonl
1233,Bucharest and [MASK] are twin cities .,Istanbul,synth_City/TREx/P190.jsonl
1250,Beirut and [MASK] are twin cities .,Istanbul,synth_City/TREx/P190.jsonl
1266,Phnom Penh and [MASK] are twin cities .,London,synth_City/TREx/P190.jsonl
1270,Karachi and [MASK] are twin cities .,Calcutta,synth_City/TREx/P190.jsonl
1291,Stuttgart and [MASK] are twin cities .,Mumbai,synth_City/TREx/P190.jsonl
1310,Plovdiv and [MASK] are twin cities .,Thessaloniki,synth_City/TREx/P190.jsonl
1319,Kaliningrad and [MASK] are twin cities .,Yerevan,synth_City/TREx/P190.jsonl
1325,Surabaya and [MASK] are twin cities .,Guangzhou,synth_City/TREx/P190.jsonl
1327,Auckland and [MASK] are twin cities .,Tonga,synth_City/TREx/P190.jsonl
1466,Lagos and [MASK] are twin cities .,Tbilisi,synth_City/TREx/P190.jsonl
1467,Perugia and [MASK] are twin cities .,Bratislava,synth_City/TREx/P190.jsonl
1555,Panama City and [MASK] are twin cities .,Madrid,synth_City/TREx/P190.jsonl
1561,Moscow and [MASK] are twin cities .,Beirut,synth_City/TREx/P190.jsonl
1574,Tunis and [MASK] are twin cities .,Montreal,synth_City/TREx/P190.jsonl
1577,Birmingham and [MASK] are twin cities .,Leipzig,synth_City/TREx/P190.jsonl
1606,Cairo and [MASK] are twin cities .,Paris,synth_City/TREx/P190.jsonl
1647,Bratislava and [MASK] are twin cities .,Vilnius,synth_City/TREx/P190.jsonl
1650,Mumbai and [MASK] are twin cities .,Karachi,synth_City/TREx/P190.jsonl
1687,Atlanta and [MASK] are twin cities .,Athens,synth_City/TREx/P190.jsonl
1733,Jakarta and [MASK] are twin cities .,Moscow,synth_City/TREx/P190.jsonl
1738,Thessaloniki and [MASK] are twin cities .,Bologna,synth_City/TREx/P190.jsonl
1739,Esch-sur-Alzette and [MASK] are twin cities .,Cologne,synth_City/TREx/P190.jsonl
1740,Frankfurt and [MASK] are twin cities .,Leipzig,synth_City/TREx/P190.jsonl
1797,Edinburgh and [MASK] are twin cities .,Florence,synth_City/TREx/P190.jsonl
1802,Nice and [MASK] are twin cities .,Manila,synth_City/TREx/P190.jsonl
1835,Hanover and [MASK] are twin cities .,Leipzig,synth_City/TREx/P190.jsonl
2037,Abu Dhabi and [MASK] are twin cities .,Madrid,synth_City/TREx/P190.jsonl
2044,Wellington and [MASK] are twin cities .,Sydney,synth_City/TREx/P190.jsonl
2108,Lisbon and [MASK] are twin cities .,Montevideo,synth_City/TREx/P190.jsonl
2116,Alexandria and [MASK] are twin cities .,Odessa,synth_City/TREx/P190.jsonl
2121,Seville and [MASK] are twin cities .,Havana,synth_City/TREx/P190.jsonl
2125,Coventry and [MASK] are twin cities .,Dresden,synth_City/TREx/P190.jsonl
2127,Marseille and [MASK] are twin cities .,Yerevan,synth_City/TREx/P190.jsonl
2128,Galway and [MASK] are twin cities .,Chicago,synth_City/TREx/P190.jsonl
2155,Montreal and [MASK] are twin cities .,Manila,synth_City/TREx/P190.jsonl
2159,Charleroi and [MASK] are twin cities .,Pittsburgh,synth_City/TREx/P190.jsonl
2161,Salisbury and [MASK] are twin cities .,Salisbury,synth_City/TREx/P190.jsonl
2228,Antalya and [MASK] are twin cities .,Vladimir,synth_City/TREx/P190.jsonl
2229,Tehran and [MASK] are twin cities .,Moscow,synth_City/TREx/P190.jsonl
2247,Oran and [MASK] are twin cities .,Bordeaux,synth_City/TREx/P190.jsonl
2248,Skopje and [MASK] are twin cities .,Sarajevo,synth_City/TREx/P190.jsonl
2260,Turin and [MASK] are twin cities .,Cologne,synth_City/TREx/P190.jsonl
2290,Amsterdam and [MASK] are twin cities .,Athens,synth_City/TREx/P190.jsonl
2309,Copenhagen and [MASK] are twin cities .,Helsinki,synth_City/TREx/P190.jsonl
2372,Islamabad and [MASK] are twin cities .,Jakarta,synth_City/TREx/P190.jsonl
2412,Nur-Sultan and [MASK] are twin cities .,Vilnius,synth_City/TREx/P190.jsonl
2547,Riga and [MASK] are twin cities .,Kiev,synth_City/TREx/P190.jsonl
2652,Lorient and [MASK] are twin cities .,Galway,synth_City/TREx/P190.jsonl
2665,Las Palmas de Gran Canaria and [MASK] are twin cities .,Rotterdam,synth_City/TREx/P190.jsonl
2675,Mashhad and [MASK] are twin cities .,Lahore,synth_City/TREx/P190.jsonl
2699,Dnipro and [MASK] are twin cities .,Vilnius,synth_City/TREx/P190.jsonl
2700,Chaozhou and [MASK] are twin cities .,Bangkok,synth_City/TREx/P190.jsonl
2757,Rome and [MASK] are twin cities .,Seville,synth_City/TREx/P190.jsonl
2766,Amman and [MASK] are twin cities .,Beijing,synth_City/TREx/P190.jsonl
2800,Mada'in Saleh and [MASK] are twin cities .,Petra,synth_City/TREx/P190.jsonl
2801,Graz and [MASK] are twin cities .,Ljubljana,synth_City/TREx/P190.jsonl
2838,Okinawa Prefecture and [MASK] are twin cities .,Hawaii,synth_City/TREx/P190.jsonl
2897,Nizhny Novgorod and [MASK] are twin cities .,Philadelphia,synth_City/TREx/P190.jsonl
2901,Durban and [MASK] are twin cities .,Johannesburg,synth_City/TREx/P190.jsonl
2985,Bordeaux and [MASK] are twin cities .,Casablanca,synth_City/TREx/P190.jsonl
3001,Kuala Lumpur and [MASK] are twin cities .,Ankara,synth_City/TREx/P190.jsonl
3018,Seoul and [MASK] are twin cities .,Sydney,synth_City/TREx/P190.jsonl
3048,Tokyo and [MASK] are twin cities .,Roma,synth_City/TREx/P190.jsonl
3120,Kassel and [MASK] are twin cities .,Florence,synth_City/TREx/P190.jsonl
3122,Vienna and [MASK] are twin cities .,Budapest,synth_City/TREx/P190.jsonl
3262,Bern and [MASK] are twin cities .,Vienna,synth_City/TREx/P190.jsonl
3294,Rosario and [MASK] are twin cities .,Montevideo,synth_City/TREx/P190.jsonl
3353,Toronto and [MASK] are twin cities .,Milan,synth_City/TREx/P190.jsonl
3648,Acapulco and [MASK] are twin cities .,Manila,synth_City/TREx/P190.jsonl
3752,Incheon and [MASK] are twin cities .,Manila,synth_City/TREx/P190.jsonl
3754,Mogadishu and [MASK] are twin cities .,Ankara,synth_City/TREx/P190.jsonl
3755,Nuremberg and [MASK] are twin cities .,Venice,synth_City/TREx/P190.jsonl
3761,Salzburg and [MASK] are twin cities .,Dresden,synth_City/TREx/P190.jsonl
3764,Bukhara and [MASK] are twin cities .,Lahore,synth_City/TREx/P190.jsonl
3773,Leipzig and [MASK] are twin cities .,Bologna,synth_City/TREx/P190.jsonl
3805,Patras and [MASK] are twin cities .,Bari,synth_City/TREx/P190.jsonl
3810,Melbourne and [MASK] are twin cities .,Thessaloniki,synth_City/TREx/P190.jsonl
3824,Beersheba and [MASK] are twin cities .,Montreal,synth_City/TREx/P190.jsonl
3826,Dortmund and [MASK] are twin cities .,Leeds,synth_City/TREx/P190.jsonl
3828,Tianjin and [MASK] are twin cities .,Bangkok,synth_City/TREx/P190.jsonl
3861,Toulouse and [MASK] are twin cities .,Kiev,synth_City/TREx/P190.jsonl
3893,Tabriz and [MASK] are twin cities .,Baku,synth_City/TREx/P190.jsonl
3895,Pristina and [MASK] are twin cities .,Tirana,synth_City/TREx/P190.jsonl
3907,Mannheim and [MASK] are twin cities .,Haifa,synth_City/TREx/P190.jsonl
4027,Tirana and [MASK] are twin cities .,Torino,synth_City/TREx/P190.jsonl
4031,Nantes and [MASK] are twin cities .,Cardiff,synth_City/TREx/P190.jsonl
4034,Zagreb and [MASK] are twin cities .,Warsaw,synth_City/TREx/P190.jsonl
4105,Santiago and [MASK] are twin cities .,Miami,synth_City/TREx/P190.jsonl
4191,Detroit and [MASK] are twin cities .,Dubai,synth_City/TREx/P190.jsonl
4279,New Delhi and [MASK] are twin cities .,Tokyo,synth_City/TREx/P190.jsonl
4307,Kiel and [MASK] are twin cities .,Tallinn,synth_City/TREx/P190.jsonl
4317,Leeds and [MASK] are twin cities .,Lille,synth_City/TREx/P190.jsonl
4318,Benevento and [MASK] are twin cities .,Rome,synth_City/TREx/P190.jsonl
4323,Kotka and [MASK] are twin cities .,Tallinn,synth_City/TREx/P190.jsonl
4405,Bari and [MASK] are twin cities .,Bologna,synth_City/TREx/P190.jsonl
4413,Baku and [MASK] are twin cities .,Kiev,synth_City/TREx/P190.jsonl
4476,Kuwait City and [MASK] are twin cities .,Cannes,synth_City/TREx/P190.jsonl
4483,Baltimore and [MASK] are twin cities .,Rotterdam,synth_City/TREx/P190.jsonl
4512,Faisalabad and [MASK] are twin cities .,Manchester,synth_City/TREx/P190.jsonl
4515,Sydney and [MASK] are twin cities .,Portsmouth,synth_City/TREx/P190.jsonl
4567,Parma and [MASK] are twin cities .,Ljubljana,synth_City/TREx/P190.jsonl
4641,Grenoble and [MASK] are twin cities .,Cairo,synth_City/TREx/P190.jsonl
4642,Varna and [MASK] are twin cities .,Odessa,synth_City/TREx/P190.jsonl
4809,Volgograd and [MASK] are twin cities .,Coventry,synth_City/TREx/P190.jsonl
4835,Christchurch and [MASK] are twin cities .,Seattle,synth_City/TREx/P190.jsonl
4836,Beit She'an and [MASK] are twin cities .,Cleveland,synth_City/TREx/P190.jsonl
4920,Daejeon and [MASK] are twin cities .,Brisbane,synth_City/TREx/P190.jsonl
4993,Portsmouth and [MASK] are twin cities .,Portsmouth,synth_City/TREx/P190.jsonl
5120,Macau and [MASK] are twin cities .,Porto,synth_City/TREx/P190.jsonl
5131,Kolkata and [MASK] are twin cities .,Karachi,synth_City/TREx/P190.jsonl
5147,Porto Alegre and [MASK] are twin cities .,Paris,synth_City/TREx/P190.jsonl
5179,Dhaka and [MASK] are twin cities .,Guangzhou,synth_City/TREx/P190.jsonl
5347,Quezon City and [MASK] are twin cities .,Taipei,synth_City/TREx/P190.jsonl
5350,Santo Domingo and [MASK] are twin cities .,Montevideo,synth_City/TREx/P190.jsonl
5352,Munich and [MASK] are twin cities .,Verona,synth_City/TREx/P190.jsonl
5362,Irkutsk and [MASK] are twin cities .,Vilnius,synth_City/TREx/P190.jsonl
5423,Bursa and [MASK] are twin cities .,Sarajevo,synth_City/TREx/P190.jsonl
5452,Praia and [MASK] are twin cities .,Macau,synth_City/TREx/P190.jsonl
5453,Barcelona and [MASK] are twin cities .,Cairo,synth_City/TREx/P190.jsonl
5460,Sfax and [MASK] are twin cities .,Casablanca,synth_City/TREx/P190.jsonl
5461,Pretoria and [MASK] are twin cities .,Kiev,synth_City/TREx/P190.jsonl
5487,Maputo and [MASK] are twin cities .,Lagos,synth_City/TREx/P190.jsonl
5938,Cincinnati and [MASK] are twin cities .,Munich,synth_City/TREx/P190.jsonl
5958,Subotica and [MASK] are twin cities .,Budapest,synth_City/TREx/P190.jsonl
5960,Manchester and [MASK] are twin cities .,Amsterdam,synth_City/TREx/P190.jsonl
5974,Erfurt and [MASK] are twin cities .,Vilnius,synth_City/TREx/P190.jsonl
5975,Rivne and [MASK] are twin cities .,Lublin,synth_City/TREx/P190.jsonl
5984,Pittsburgh and [MASK] are twin cities .,Sheffield,synth_City/TREx/P190.jsonl
6000,Tallinn and [MASK] are twin cities .,Venice,synth_City/TREx/P190.jsonl
6081,Shenyang and [MASK] are twin cities .,Turin,synth_City/TREx/P190.jsonl
6128,Brno and [MASK] are twin cities .,Vienna,synth_City/TREx/P190.jsonl
6241,Northampton and [MASK] are twin cities .,Indianapolis,synth_City/TREx/P190.jsonl
6263,Queensland and [MASK] are twin cities .,Shanghai,synth_City/TREx/P190.jsonl
6457,Belo Horizonte and [MASK] are twin cities .,Lisbon,synth_City/TREx/P190.jsonl
6491,Bizerte and [MASK] are twin cities .,Palermo,synth_City/TREx/P190.jsonl
6531,Rehovot and [MASK] are twin cities .,Heidelberg,synth_City/TREx/P190.jsonl
6916,Gothenburg and [MASK] are twin cities .,Shanghai,synth_City/TREx/P190.jsonl
6924,Konya and [MASK] are twin cities .,Baku,synth_City/TREx/P190.jsonl
6927,Stralsund and [MASK] are twin cities .,Kiel,synth_City/TREx/P190.jsonl
6933,Luanda and [MASK] are twin cities .,Macau,synth_City/TREx/P190.jsonl
7032,Maracaibo and [MASK] are twin cities .,Bremen,synth_City/TREx/P190.jsonl
7033,Lahore and [MASK] are twin cities .,Istanbul,synth_City/TREx/P190.jsonl
7152,Tripoli and [MASK] are twin cities .,Algiers,synth_City/TREx/P190.jsonl
7352,Ostrava and [MASK] are twin cities .,Dresden,synth_City/TREx/P190.jsonl
7353,Recife and [MASK] are twin cities .,Amsterdam,synth_City/TREx/P190.jsonl
7354,Porto and [MASK] are twin cities .,Shanghai,synth_City/TREx/P190.jsonl
7448,Trier and [MASK] are twin cities .,Metz,synth_City/TREx/P190.jsonl
7723,Bologna and [MASK] are twin cities .,Zagreb,synth_City/TREx/P190.jsonl
7724,Honolulu and [MASK] are twin cities .,Seoul,synth_City/TREx/P190.jsonl
7839,Sapporo and [MASK] are twin cities .,Munich,synth_City/TREx/P190.jsonl
8160,Almaty and [MASK] are twin cities .,Riga,synth_City/TREx/P190.jsonl
8178,Guadalajara and [MASK] are twin cities .,Guadalajara,synth_City/TREx/P190.jsonl
8299,Odessa and [MASK] are twin cities .,Yerevan,synth_City/TREx/P190.jsonl
8457,Dijon and [MASK] are twin cities .,Dallas,synth_City/TREx/P190.jsonl
8473,"Washington, D.C. and [MASK] are twin cities .",Oslo,synth_City/TREx/P190.jsonl
8475,Guayaquil and [MASK] are twin cities .,Santiago,synth_City/TREx/P190.jsonl
8761,Dieppe and [MASK] are twin cities .,Brighton,synth_City/TREx/P190.jsonl
8802,San Salvador and [MASK] are twin cities .,Caracas,synth_City/TREx/P190.jsonl
8889,Dakar and [MASK] are twin cities .,Algiers,synth_City/TREx/P190.jsonl
8944,Guangzhou and [MASK] are twin cities .,Lyon,synth_City/TREx/P190.jsonl
8971,Inverness and [MASK] are twin cities .,Augsburg,synth_City/TREx/P190.jsonl
8974,Pyongyang and [MASK] are twin cities .,Jakarta,synth_City/TREx/P190.jsonl
9002,Cape Town and [MASK] are twin cities .,Johannesburg,synth_City/TREx/P190.jsonl
9151,Kharkiv and [MASK] are twin cities .,Warsaw,synth_City/TREx/P190.jsonl
9185,Verona and [MASK] are twin cities .,Munich,synth_City/TREx/P190.jsonl
9314,Wuhan and [MASK] are twin cities .,Bangkok,synth_City/TREx/P190.jsonl
9356,Weimar and [MASK] are twin cities .,Siena,synth_City/TREx/P190.jsonl
9361,Alicante and [MASK] are twin cities .,Nice,synth_City/TREx/P190.jsonl
9365,Taranto and [MASK] are twin cities .,Spartan,synth_City/TREx/P190.jsonl
9426,Hokkaidō and [MASK] are twin cities .,Alberta,synth_City/TREx/P190.jsonl
9439,San Diego and [MASK] are twin cities .,Edinburgh,synth_City/TREx/P190.jsonl
9681,City of Kisumu and [MASK] are twin cities .,Cheltenham,synth_City/TREx/P190.jsonl
9751,Piraeus and [MASK] are twin cities .,Shanghai,synth_City/TREx/P190.jsonl
9752,Chongqing and [MASK] are twin cities .,Seattle,synth_City/TREx/P190.jsonl
9963,Lille and [MASK] are twin cities .,Leeds,synth_City/TREx/P190.jsonl
9966,Manama and [MASK] are twin cities .,Karachi,synth_City/TREx/P190.jsonl
10051,Houston and [MASK] are twin cities .,Cairo,synth_City/TREx/P190.jsonl
10068,Nablus and [MASK] are twin cities .,Dundee,synth_City/TREx/P190.jsonl
10265,Dubrovnik and [MASK] are twin cities .,Sarajevo,synth_City/TREx/P190.jsonl
10391,Miskolc and [MASK] are twin cities .,Cleveland,synth_City/TREx/P190.jsonl
10392,Accra and [MASK] are twin cities .,Chicago,synth_City/TREx/P190.jsonl
10397,Dresden and [MASK] are twin cities .,Hamburg,synth_City/TREx/P190.jsonl
10453,Johannesburg and [MASK] are twin cities .,Taipei,synth_City/TREx/P190.jsonl
10455,Tashkent and [MASK] are twin cities .,Istanbul,synth_City/TREx/P190.jsonl
10485,Guam and [MASK] are twin cities .,Taipei,synth_City/TREx/P190.jsonl
10490,Montevideo and [MASK] are twin cities .,Madrid,synth_City/TREx/P190.jsonl
10623,Nairobi and [MASK] are twin cities .,Denver,synth_City/TREx/P190.jsonl
10656,Vancouver and [MASK] are twin cities .,Yokohama,synth_City/TREx/P190.jsonl
10674,Ghent and [MASK] are twin cities .,Nottingham,synth_City/TREx/P190.jsonl
10726,Assisi and [MASK] are twin cities .,Bethlehem,synth_City/TREx/P190.jsonl
10728,Miami and [MASK] are twin cities .,Ankara,synth_City/TREx/P190.jsonl
11128,Singapore and [MASK] are twin cities .,Gibraltar,synth_City/TREx/P190.jsonl
11138,Tartu and [MASK] are twin cities .,Riga,synth_City/TREx/P190.jsonl
11173,Bishkek and [MASK] are twin cities .,Ankara,synth_City/TREx/P190.jsonl
11573,Addis Ababa and [MASK] are twin cities .,Stockholm,synth_City/TREx/P190.jsonl
11588,Caen and [MASK] are twin cities .,Portsmouth,synth_City/TREx/P190.jsonl
11719,Donetsk and [MASK] are twin cities .,Moscow,synth_City/TREx/P190.jsonl
11730,Palermo and [MASK] are twin cities .,Vilnius,synth_City/TREx/P190.jsonl
11756,Berlin and [MASK] are twin cities .,Budapest,synth_City/TREx/P190.jsonl
11961,Naples and [MASK] are twin cities .,Sarajevo,synth_City/TREx/P190.jsonl
11991,Larnaca and [MASK] are twin cities .,Bratislava,synth_City/TREx/P190.jsonl
11994,Vientiane and [MASK] are twin cities .,Bangkok,synth_City/TREx/P190.jsonl
12105,Liverpool and [MASK] are twin cities .,Rotterdam,synth_City/TREx/P190.jsonl
12550,Rostov-on-Don and [MASK] are twin cities .,Yerevan,synth_City/TREx/P190.jsonl
12676,Lima and [MASK] are twin cities .,Miami,synth_City/TREx/P190.jsonl
12873,Gibraltar and [MASK] are twin cities .,Singapore,synth_City/TREx/P190.jsonl
12966,Bnei Brak and [MASK] are twin cities .,Brooklyn,synth_City/TREx/P190.jsonl
13013,Caracas and [MASK] are twin cities .,Madrid,synth_City/TREx/P190.jsonl
13040,Calais and [MASK] are twin cities .,Dover,synth_City/TREx/P190.jsonl
13129,Miami-Dade County and [MASK] are twin cities .,Bahamas,synth_City/TREx/P190.jsonl
13253,Lausanne and [MASK] are twin cities .,Moscow,synth_City/TREx/P190.jsonl
13503,Ganja and [MASK] are twin cities .,Moscow,synth_City/TREx/P190.jsonl
13593,Mecca and [MASK] are twin cities .,Medina,synth_City/TREx/P190.jsonl
13922,Fukuoka and [MASK] are twin cities .,Bangkok,synth_City/TREx/P190.jsonl
13945,Dallas and [MASK] are twin cities .,Taipei,synth_City/TREx/P190.jsonl
14023,Perpignan and [MASK] are twin cities .,Barcelona,synth_City/TREx/P190.jsonl
14057,Genoa and [MASK] are twin cities .,Athens,synth_City/TREx/P190.jsonl
14066,Canberra and [MASK] are twin cities .,Beijing,synth_City/TREx/P190.jsonl
14069,Kanpur and [MASK] are twin cities .,Manchester,synth_City/TREx/P190.jsonl
14158,Vladivostok and [MASK] are twin cities .,Shanghai,synth_City/TREx/P190.jsonl
14166,Colombo and [MASK] are twin cities .,Shanghai,synth_City/TREx/P190.jsonl
14305,Trento and [MASK] are twin cities .,Prague,synth_City/TREx/P190.jsonl
14334,Augsburg and [MASK] are twin cities .,Inverness,synth_City/TREx/P190.jsonl
