,sent,gold,filename
0,Akihiko Saito died in [MASK] .,Iraq,synth_City/TREx/P20.jsonl
4,Charles Nodier died in [MASK] .,Paris,synth_City/TREx/P20.jsonl
5,Jack Laurence Chalker died in [MASK] .,Baltimore,synth_City/TREx/P20.jsonl
6,Laurel Aitken died in [MASK] .,Leicester,synth_City/TREx/P20.jsonl
8,Georgios Roilos died in [MASK] .,Athens,synth_City/TREx/P20.jsonl
9,Salomon Sulzer died in [MASK] .,Vienna,synth_City/TREx/P20.jsonl
11,Michelangelo died in [MASK] .,Rome,synth_City/TREx/P20.jsonl
53,Louis Vola died in [MASK] .,Paris,synth_City/TREx/P20.jsonl
55,Mark Lothar died in [MASK] .,Munich,synth_City/TREx/P20.jsonl
57,Friedrich August Theodor Winnecke died in [MASK] .,Bonn,synth_City/TREx/P20.jsonl
60,James Northcote died in [MASK] .,London,synth_City/TREx/P20.jsonl
63,Christian Heinrich Postel died in [MASK] .,Hamburg,synth_City/TREx/P20.jsonl
65,Fredrik Idestam died in [MASK] .,Helsinki,synth_City/TREx/P20.jsonl
68,Santiago Carrillo died in [MASK] .,Madrid,synth_City/TREx/P20.jsonl
69,Pierre Cartellier died in [MASK] .,Paris,synth_City/TREx/P20.jsonl
78,Isaac Boleslavsky died in [MASK] .,Minsk,synth_City/TREx/P20.jsonl
80,Joseph Cordeiro died in [MASK] .,Karachi,synth_City/TREx/P20.jsonl
82,Gillis Valckenier died in [MASK] .,Amsterdam,synth_City/TREx/P20.jsonl
85,George Frampton died in [MASK] .,London,synth_City/TREx/P20.jsonl
86,Coco Chanel died in [MASK] .,Paris,synth_City/TREx/P20.jsonl
96,Madame de Montesson died in [MASK] .,Paris,synth_City/TREx/P20.jsonl
97,Said Ramadan died in [MASK] .,Geneva,synth_City/TREx/P20.jsonl
99,Peter Strudel died in [MASK] .,Vienna,synth_City/TREx/P20.jsonl
106,Ambrose died in [MASK] .,London,synth_City/TREx/P20.jsonl
110,Benjamin Waterhouse Hawkins died in [MASK] .,London,synth_City/TREx/P20.jsonl
112,Julius Klengel died in [MASK] .,Leipzig,synth_City/TREx/P20.jsonl
113,Giovanni Battista Trotti died in [MASK] .,Parma,synth_City/TREx/P20.jsonl
115,Henry De la Beche died in [MASK] .,London,synth_City/TREx/P20.jsonl
116,Charles Sprague Sargent died in [MASK] .,Boston,synth_City/TREx/P20.jsonl
117,Anne Redpath died in [MASK] .,Edinburgh,synth_City/TREx/P20.jsonl
118,Giacomo Barozzi da Vignola died in [MASK] .,Rome,synth_City/TREx/P20.jsonl
121,Red Munger died in [MASK] .,Houston,synth_City/TREx/P20.jsonl
128,Thomas Walsingham died in [MASK] .,Kent,synth_City/TREx/P20.jsonl
130,Dimitar Nenov died in [MASK] .,Sofia,synth_City/TREx/P20.jsonl
133,Charles Laughton died in [MASK] .,Hollywood,synth_City/TREx/P20.jsonl
140,Beatrice d’Este died in [MASK] .,Milan,synth_City/TREx/P20.jsonl
142,Serge Nigg died in [MASK] .,Paris,synth_City/TREx/P20.jsonl
145,Jean Drapeau died in [MASK] .,Montreal,synth_City/TREx/P20.jsonl
196,Khursheed Bano died in [MASK] .,Karachi,synth_City/TREx/P20.jsonl
198,Henry Dobson died in [MASK] .,Hobart,synth_City/TREx/P20.jsonl
201,Hagop Oshagan died in [MASK] .,Aleppo,synth_City/TREx/P20.jsonl
203,Carl Carls died in [MASK] .,Bremen,synth_City/TREx/P20.jsonl
208,Saeed Nafisi died in [MASK] .,Tehran,synth_City/TREx/P20.jsonl
214,Edward Bowring Stephens died in [MASK] .,London,synth_City/TREx/P20.jsonl
216,Halvor Schou died in [MASK] .,Oslo,synth_City/TREx/P20.jsonl
218,Ehrhardt Post died in [MASK] .,Berlin,synth_City/TREx/P20.jsonl
230,Pietro Ferrero died in [MASK] .,Italy,synth_City/TREx/P20.jsonl
231,Clement XIV died in [MASK] .,Rome,synth_City/TREx/P20.jsonl
234,Garfield Barwick died in [MASK] .,Sydney,synth_City/TREx/P20.jsonl
235,Bill Veeck died in [MASK] .,Chicago,synth_City/TREx/P20.jsonl
236,Thomas Arne died in [MASK] .,London,synth_City/TREx/P20.jsonl
241,Gaetano Gandolfi died in [MASK] .,Bologna,synth_City/TREx/P20.jsonl
244,Charles Cowper died in [MASK] .,London,synth_City/TREx/P20.jsonl
245,Anatole de Monzie died in [MASK] .,Paris,synth_City/TREx/P20.jsonl
247,Khosrow Shakibai died in [MASK] .,Tehran,synth_City/TREx/P20.jsonl
251,Umar ibn Al-Khattāb died in [MASK] .,Medina,synth_City/TREx/P20.jsonl
262,Diederik Korteweg died in [MASK] .,Amsterdam,synth_City/TREx/P20.jsonl
264,Astley Cooper died in [MASK] .,London,synth_City/TREx/P20.jsonl
270,Evaristo Felice Dall'Abaco died in [MASK] .,Munich,synth_City/TREx/P20.jsonl
272,Realdo Colombo died in [MASK] .,Rome,synth_City/TREx/P20.jsonl
273,Pierre Sancan died in [MASK] .,Paris,synth_City/TREx/P20.jsonl
275,Markus Feldmann died in [MASK] .,Bern,synth_City/TREx/P20.jsonl
276,Duchess Sophie Charlotte in Bavaria died in [MASK] .,Paris,synth_City/TREx/P20.jsonl
277,William Bayliss died in [MASK] .,London,synth_City/TREx/P20.jsonl
278,Ng Eng Teng died in [MASK] .,Singapore,synth_City/TREx/P20.jsonl
284,James Rennell died in [MASK] .,London,synth_City/TREx/P20.jsonl
285,Jean-Pierre Rampal died in [MASK] .,Paris,synth_City/TREx/P20.jsonl
289,Johann Andreas Schmeller died in [MASK] .,Munich,synth_City/TREx/P20.jsonl
291,Everette Lee DeGolyer died in [MASK] .,Dallas,synth_City/TREx/P20.jsonl
293,Marjorie Pickthall died in [MASK] .,Vancouver,synth_City/TREx/P20.jsonl
295,Tanuma Okitsugu died in [MASK] .,Edo,synth_City/TREx/P20.jsonl
300,Reynaldo Hahn died in [MASK] .,Paris,synth_City/TREx/P20.jsonl
303,Wilkie Collins died in [MASK] .,London,synth_City/TREx/P20.jsonl
304,Mas Oyama died in [MASK] .,Tokyo,synth_City/TREx/P20.jsonl
306,Giannina Arangi-Lombardi died in [MASK] .,Milan,synth_City/TREx/P20.jsonl
309,Clement III died in [MASK] .,Rome,synth_City/TREx/P20.jsonl
310,Balbinus died in [MASK] .,Rome,synth_City/TREx/P20.jsonl
311,Dimitri Kirsanoff died in [MASK] .,Paris,synth_City/TREx/P20.jsonl
312,Muhammad al-Baqir died in [MASK] .,Medina,synth_City/TREx/P20.jsonl
313,Alexander Afanasyev died in [MASK] .,Moscow,synth_City/TREx/P20.jsonl
315,Aloysia Weber died in [MASK] .,Salzburg,synth_City/TREx/P20.jsonl
316,John C. Breckinridge died in [MASK] .,Lexington,synth_City/TREx/P20.jsonl
320,Haakon Lie died in [MASK] .,Oslo,synth_City/TREx/P20.jsonl
322,Charles Alfred Pillsbury died in [MASK] .,Minneapolis,synth_City/TREx/P20.jsonl
324,Elmar Huseynov died in [MASK] .,Baku,synth_City/TREx/P20.jsonl
326,Hrant Dink died in [MASK] .,Istanbul,synth_City/TREx/P20.jsonl
331,Nikephoros III Botaneiates died in [MASK] .,Constantinople,synth_City/TREx/P20.jsonl
332,Wayne Robson died in [MASK] .,Toronto,synth_City/TREx/P20.jsonl
333,Saint Afra died in [MASK] .,Augsburg,synth_City/TREx/P20.jsonl
339,Philips Vingboons died in [MASK] .,Amsterdam,synth_City/TREx/P20.jsonl
340,"Knud, Hereditary Prince of Denmark died in [MASK] .",Copenhagen,synth_City/TREx/P20.jsonl
341,Kurt Atterberg died in [MASK] .,Stockholm,synth_City/TREx/P20.jsonl
342,Yiannis Latsis died in [MASK] .,Athens,synth_City/TREx/P20.jsonl
344,Muthulakshmi Reddi died in [MASK] .,Madras,synth_City/TREx/P20.jsonl
346,Antonio Sartorio died in [MASK] .,Venice,synth_City/TREx/P20.jsonl
347,Marco Ferreri died in [MASK] .,Paris,synth_City/TREx/P20.jsonl
348,James Young Simpson died in [MASK] .,Edinburgh,synth_City/TREx/P20.jsonl
353,Bartholomew Roberts died in [MASK] .,Gabon,synth_City/TREx/P20.jsonl
354,Ticky Holgado died in [MASK] .,Paris,synth_City/TREx/P20.jsonl
356,Pierre Beauchamp died in [MASK] .,Paris,synth_City/TREx/P20.jsonl
357,Paulus Manutius died in [MASK] .,Rome,synth_City/TREx/P20.jsonl
358,Peter Benjamin Graham died in [MASK] .,Melbourne,synth_City/TREx/P20.jsonl
359,George Brough died in [MASK] .,Nottingham,synth_City/TREx/P20.jsonl
363,Henry Dreyfuss died in [MASK] .,California,synth_City/TREx/P20.jsonl
364,Alexander Andreyevich Baranov died in [MASK] .,Java,synth_City/TREx/P20.jsonl
366,Jerzy Zawieyski died in [MASK] .,Warsaw,synth_City/TREx/P20.jsonl
368,Giovanni Pastrone died in [MASK] .,Turin,synth_City/TREx/P20.jsonl
369,May Wright Sewall died in [MASK] .,Indianapolis,synth_City/TREx/P20.jsonl
370,Luigi Crosio died in [MASK] .,Turin,synth_City/TREx/P20.jsonl
372,Marcel Tournier died in [MASK] .,Paris,synth_City/TREx/P20.jsonl
373,Elizabeth Billington died in [MASK] .,Venice,synth_City/TREx/P20.jsonl
375,Leser Landshuth died in [MASK] .,Berlin,synth_City/TREx/P20.jsonl
379,Demofilo Fidani died in [MASK] .,Rome,synth_City/TREx/P20.jsonl
381,Alexander Alexeyevich Gorsky died in [MASK] .,Moscow,synth_City/TREx/P20.jsonl
383,Alexander Ivashkin died in [MASK] .,London,synth_City/TREx/P20.jsonl
384,Miko Tripalo died in [MASK] .,Zagreb,synth_City/TREx/P20.jsonl
386,John Broadwood died in [MASK] .,London,synth_City/TREx/P20.jsonl
387,Johann Pachelbel died in [MASK] .,Nuremberg,synth_City/TREx/P20.jsonl
388,Yves Rocard died in [MASK] .,Paris,synth_City/TREx/P20.jsonl
390,Wilfred Thesiger died in [MASK] .,London,synth_City/TREx/P20.jsonl
391,Paul Gorguloff died in [MASK] .,Paris,synth_City/TREx/P20.jsonl
392,Henri Valois died in [MASK] .,Paris,synth_City/TREx/P20.jsonl
399,Procopius died in [MASK] .,Constantinople,synth_City/TREx/P20.jsonl
400,Lennox Randal Francis Berkeley died in [MASK] .,London,synth_City/TREx/P20.jsonl
406,Vaslav Nijinsky died in [MASK] .,London,synth_City/TREx/P20.jsonl
408,Stanislaw Trabalski died in [MASK] .,Leipzig,synth_City/TREx/P20.jsonl
410,Sebastiano Bombelli died in [MASK] .,Venice,synth_City/TREx/P20.jsonl
412,Cornelis Engebrechtsz. died in [MASK] .,Leiden,synth_City/TREx/P20.jsonl
414,Leo X died in [MASK] .,Rome,synth_City/TREx/P20.jsonl
436,Diego Barros Arana died in [MASK] .,Santiago,synth_City/TREx/P20.jsonl
437,Laurence Sterne died in [MASK] .,London,synth_City/TREx/P20.jsonl
438,Barnaba Oriani died in [MASK] .,Milan,synth_City/TREx/P20.jsonl
439,George Dance the Younger died in [MASK] .,London,synth_City/TREx/P20.jsonl
442,Luigi Rizzo died in [MASK] .,Rome,synth_City/TREx/P20.jsonl
444,John Wilkins died in [MASK] .,London,synth_City/TREx/P20.jsonl
446,Thomas Chalmers died in [MASK] .,Edinburgh,synth_City/TREx/P20.jsonl
450,Little Walter died in [MASK] .,Chicago,synth_City/TREx/P20.jsonl
456,Maso da San Friano died in [MASK] .,Florence,synth_City/TREx/P20.jsonl
459,Mohammad Najibullah died in [MASK] .,Kabul,synth_City/TREx/P20.jsonl
472,Donatello died in [MASK] .,Florence,synth_City/TREx/P20.jsonl
480,Job Charnock died in [MASK] .,Kolkata,synth_City/TREx/P20.jsonl
485,Manuel Arteaga y Betancourt died in [MASK] .,Havana,synth_City/TREx/P20.jsonl
488,Rowland Greenberg died in [MASK] .,Oslo,synth_City/TREx/P20.jsonl
489,Alex Welsh died in [MASK] .,London,synth_City/TREx/P20.jsonl
490,Leonardo Donato died in [MASK] .,Venice,synth_City/TREx/P20.jsonl
496,John Smybert died in [MASK] .,Boston,synth_City/TREx/P20.jsonl
501,John Henry Foley died in [MASK] .,London,synth_City/TREx/P20.jsonl
507,Biagio Marini died in [MASK] .,Venice,synth_City/TREx/P20.jsonl
508,Chiang Ching-kuo died in [MASK] .,Taipei,synth_City/TREx/P20.jsonl
509,Israel Putnam died in [MASK] .,Connecticut,synth_City/TREx/P20.jsonl
510,Ernesto Calindri died in [MASK] .,Milan,synth_City/TREx/P20.jsonl
516,Sebastiano Conca died in [MASK] .,Naples,synth_City/TREx/P20.jsonl
519,Annibale de Gasparis died in [MASK] .,Naples,synth_City/TREx/P20.jsonl
524,Edward Joseph Dent died in [MASK] .,London,synth_City/TREx/P20.jsonl
526,Franz Pfeffer von Salomon died in [MASK] .,Munich,synth_City/TREx/P20.jsonl
530,Robert Hooke died in [MASK] .,London,synth_City/TREx/P20.jsonl
535,Samuel Adams died in [MASK] .,Boston,synth_City/TREx/P20.jsonl
544,Peter Romanovsky died in [MASK] .,Moscow,synth_City/TREx/P20.jsonl
565,Giacinto Brandi died in [MASK] .,Rome,synth_City/TREx/P20.jsonl
576,Oliver Evans died in [MASK] .,Pittsburgh,synth_City/TREx/P20.jsonl
577,Rafael Barradas died in [MASK] .,Montevideo,synth_City/TREx/P20.jsonl
578,Ian Standish Monteith Hamilton died in [MASK] .,London,synth_City/TREx/P20.jsonl
580,Johannes Werner died in [MASK] .,Nuremberg,synth_City/TREx/P20.jsonl
581,Brian O'Nolan died in [MASK] .,Dublin,synth_City/TREx/P20.jsonl
582,Cesare Terranova died in [MASK] .,Palermo,synth_City/TREx/P20.jsonl
587,Saúl Levi Morteira died in [MASK] .,Amsterdam,synth_City/TREx/P20.jsonl
590,Marie François Oscar Bardy de Fourtou died in [MASK] .,Paris,synth_City/TREx/P20.jsonl
592,Julian Huxley died in [MASK] .,London,synth_City/TREx/P20.jsonl
593,Oleg Lundstrem died in [MASK] .,Moscow,synth_City/TREx/P20.jsonl
601,Ignaz Moscheles died in [MASK] .,Leipzig,synth_City/TREx/P20.jsonl
610,"Lucien, Lord of Monaco died in [MASK] .",Monaco,synth_City/TREx/P20.jsonl
611,Sadako Sasaki died in [MASK] .,Hiroshima,synth_City/TREx/P20.jsonl
618,Ricard Lamote de Grignon died in [MASK] .,Barcelona,synth_City/TREx/P20.jsonl
621,Rutland Barrington died in [MASK] .,London,synth_City/TREx/P20.jsonl
623,Yuan Shikai died in [MASK] .,Beijing,synth_City/TREx/P20.jsonl
628,Archie Jackson died in [MASK] .,Brisbane,synth_City/TREx/P20.jsonl
629,Jean-Baptiste Joseph Delambre died in [MASK] .,Paris,synth_City/TREx/P20.jsonl
631,Prince Claus of the Netherlands died in [MASK] .,Amsterdam,synth_City/TREx/P20.jsonl
632,John Dee died in [MASK] .,Surrey,synth_City/TREx/P20.jsonl
634,Arsenio Lacson died in [MASK] .,Manila,synth_City/TREx/P20.jsonl
641,"Reinhard III, Count of Hanau died in [MASK] .",Heidelberg,synth_City/TREx/P20.jsonl
643,Jean-Baptiste Marie Pierre died in [MASK] .,Paris,synth_City/TREx/P20.jsonl
647,Paul Hoecker died in [MASK] .,Munich,synth_City/TREx/P20.jsonl
649,"Quintin Hogg, Baron Hailsham of St Marylebone died in [MASK] .",London,synth_City/TREx/P20.jsonl
652,Bidhan Chandra Roy died in [MASK] .,Calcutta,synth_City/TREx/P20.jsonl
654,Johann Hinrich Wichern died in [MASK] .,Hamburg,synth_City/TREx/P20.jsonl
658,Kenelm Digby died in [MASK] .,London,synth_City/TREx/P20.jsonl
659,Edward Gibbon Wakefield died in [MASK] .,Wellington,synth_City/TREx/P20.jsonl
660,Girolamo Imparato died in [MASK] .,Naples,synth_City/TREx/P20.jsonl
664,Goffredo Petrassi died in [MASK] .,Rome,synth_City/TREx/P20.jsonl
669,Moritz Steinschneider died in [MASK] .,Berlin,synth_City/TREx/P20.jsonl
671,Sergey Ivanovich Vavilov died in [MASK] .,Moscow,synth_City/TREx/P20.jsonl
672,Joseph Wostinholm died in [MASK] .,Sheffield,synth_City/TREx/P20.jsonl
673,Morteza Momayez died in [MASK] .,Tehran,synth_City/TREx/P20.jsonl
674,Carlo Bo died in [MASK] .,Genoa,synth_City/TREx/P20.jsonl
675,Soeiro Pereira Gomes died in [MASK] .,Lisbon,synth_City/TREx/P20.jsonl
677,Peter Henlein died in [MASK] .,Nuremberg,synth_City/TREx/P20.jsonl
683,Mariano Rampolla died in [MASK] .,Rome,synth_City/TREx/P20.jsonl
685,Arnaud d'Ossat died in [MASK] .,Rome,synth_City/TREx/P20.jsonl
686,"Sir Edward Buller, 1st Baronet died in [MASK] .",Cornwall,synth_City/TREx/P20.jsonl
687,Fernandel died in [MASK] .,Paris,synth_City/TREx/P20.jsonl
689,Aleksey Belevsky-Zhukovsky died in [MASK] .,Caucasus,synth_City/TREx/P20.jsonl
690,Obadiah ben Abraham died in [MASK] .,Jerusalem,synth_City/TREx/P20.jsonl
692,Ramaz Chkhikvadze died in [MASK] .,Tbilisi,synth_City/TREx/P20.jsonl
694,Stephen Leacock died in [MASK] .,Toronto,synth_City/TREx/P20.jsonl
695,Cesare Pavese died in [MASK] .,Turin,synth_City/TREx/P20.jsonl
697,Pierre Contant d'Ivry died in [MASK] .,Paris,synth_City/TREx/P20.jsonl
701,Michael II died in [MASK] .,Constantinople,synth_City/TREx/P20.jsonl
702,Frank Sargeson died in [MASK] .,Auckland,synth_City/TREx/P20.jsonl
703,John Soane died in [MASK] .,London,synth_City/TREx/P20.jsonl
723,Andreas Bang-Haas died in [MASK] .,Dresden,synth_City/TREx/P20.jsonl
725,Karl Liebknecht died in [MASK] .,Berlin,synth_City/TREx/P20.jsonl
732,Cornelius Vermuyden died in [MASK] .,London,synth_City/TREx/P20.jsonl
735,Peter Scheemakers died in [MASK] .,Antwerp,synth_City/TREx/P20.jsonl
736,Pierre-Jules Cavelier died in [MASK] .,Paris,synth_City/TREx/P20.jsonl
743,William Janney died in [MASK] .,Idaho,synth_City/TREx/P20.jsonl
745,Frederick Denison Maurice died in [MASK] .,London,synth_City/TREx/P20.jsonl
746,Richard Wagner died in [MASK] .,Venice,synth_City/TREx/P20.jsonl
766,Franciscus Donders died in [MASK] .,Utrecht,synth_City/TREx/P20.jsonl
770,Sheridan Morley died in [MASK] .,London,synth_City/TREx/P20.jsonl
772,Jean-Louis Barrault died in [MASK] .,Paris,synth_City/TREx/P20.jsonl
776,Ernst Reuter died in [MASK] .,Berlin,synth_City/TREx/P20.jsonl
780,Ludvig Norman died in [MASK] .,Stockholm,synth_City/TREx/P20.jsonl
785,Antisthenes died in [MASK] .,Athens,synth_City/TREx/P20.jsonl
786,Giovanni Ambrogio Figino died in [MASK] .,Milan,synth_City/TREx/P20.jsonl
788,Anita Berber died in [MASK] .,Berlin,synth_City/TREx/P20.jsonl
789,Frederic William Burton died in [MASK] .,London,synth_City/TREx/P20.jsonl
791,Johann Ernst von Thun died in [MASK] .,Salzburg,synth_City/TREx/P20.jsonl
796,Ibn Yunus died in [MASK] .,Cairo,synth_City/TREx/P20.jsonl
797,Charles-Auguste Questel died in [MASK] .,Paris,synth_City/TREx/P20.jsonl
798,Anthony Asquith died in [MASK] .,London,synth_City/TREx/P20.jsonl
799,Joseph Cafasso died in [MASK] .,Turin,synth_City/TREx/P20.jsonl
802,Annemarie Wendl died in [MASK] .,Munich,synth_City/TREx/P20.jsonl
804,Johann Andreas Eisenmenger died in [MASK] .,Heidelberg,synth_City/TREx/P20.jsonl
807,Hermann Samuel Reimarus died in [MASK] .,Hamburg,synth_City/TREx/P20.jsonl
813,Max Ernst died in [MASK] .,Paris,synth_City/TREx/P20.jsonl
817,Maria Grinberg died in [MASK] .,Tallinn,synth_City/TREx/P20.jsonl
819,Antonio Ozores Puchol died in [MASK] .,Madrid,synth_City/TREx/P20.jsonl
821,Pier Francesco Mola died in [MASK] .,Rome,synth_City/TREx/P20.jsonl
827,Lai Teck died in [MASK] .,Bangkok,synth_City/TREx/P20.jsonl
831,Edmund Fetting died in [MASK] .,Warsaw,synth_City/TREx/P20.jsonl
833,Finn Malmgren died in [MASK] .,Arctic,synth_City/TREx/P20.jsonl
836,Mattheus Ignatius van Bree died in [MASK] .,Antwerp,synth_City/TREx/P20.jsonl
841,Natalie Clifford Barney died in [MASK] .,Paris,synth_City/TREx/P20.jsonl
846,Anna Magdalena Bach died in [MASK] .,Leipzig,synth_City/TREx/P20.jsonl
847,V. Shantaram died in [MASK] .,Mumbai,synth_City/TREx/P20.jsonl
853,Anthonie van Borssom died in [MASK] .,Amsterdam,synth_City/TREx/P20.jsonl
857,"George Cadogan, 5th Earl Cadogan died in [MASK] .",London,synth_City/TREx/P20.jsonl
859,Mendi Rodan died in [MASK] .,Jerusalem,synth_City/TREx/P20.jsonl
861,Georges Couthon died in [MASK] .,Paris,synth_City/TREx/P20.jsonl
862,Martin Buber died in [MASK] .,Jerusalem,synth_City/TREx/P20.jsonl
863,Joseph Goebbels died in [MASK] .,Berlin,synth_City/TREx/P20.jsonl
868,David d'Angers died in [MASK] .,Paris,synth_City/TREx/P20.jsonl
869,Josephus Nicolaus Laurenti died in [MASK] .,Vienna,synth_City/TREx/P20.jsonl
873,Jacob Katz died in [MASK] .,Jerusalem,synth_City/TREx/P20.jsonl
874,Gellu Naum died in [MASK] .,Bucharest,synth_City/TREx/P20.jsonl
875,Montesquieu died in [MASK] .,Paris,synth_City/TREx/P20.jsonl
877,Humphry Marshall died in [MASK] .,Pennsylvania,synth_City/TREx/P20.jsonl
878,Bartolomeo Ammannati died in [MASK] .,Florence,synth_City/TREx/P20.jsonl
885,Kalyan Kumar died in [MASK] .,Bangalore,synth_City/TREx/P20.jsonl
886,Charlie Conacher died in [MASK] .,Toronto,synth_City/TREx/P20.jsonl
887,Antonio Palomino died in [MASK] .,Madrid,synth_City/TREx/P20.jsonl
895,Shangguan Yunzhu died in [MASK] .,Shanghai,synth_City/TREx/P20.jsonl
897,Dziga Vertov died in [MASK] .,Moscow,synth_City/TREx/P20.jsonl
898,Alida Withoos died in [MASK] .,Amsterdam,synth_City/TREx/P20.jsonl
905,Emil Hass Christensen died in [MASK] .,Danish,synth_City/TREx/P20.jsonl
907,Ulla Jacobsson died in [MASK] .,Vienna,synth_City/TREx/P20.jsonl
909,Mauricio Kagel died in [MASK] .,Cologne,synth_City/TREx/P20.jsonl
911,Carl Friedrich von Ledebour died in [MASK] .,Munich,synth_City/TREx/P20.jsonl
914,George Murnu died in [MASK] .,Bucharest,synth_City/TREx/P20.jsonl
917,Samuil Marshak died in [MASK] .,Moscow,synth_City/TREx/P20.jsonl
918,Pachomius the Great died in [MASK] .,Egypt,synth_City/TREx/P20.jsonl
920,Thomas Earnshaw died in [MASK] .,London,synth_City/TREx/P20.jsonl
922,"Sir William Dunn, 1st Baronet, of Lakenheath died in [MASK] .",London,synth_City/TREx/P20.jsonl
924,Nicholas V died in [MASK] .,Rome,synth_City/TREx/P20.jsonl
937,George Robert Gray died in [MASK] .,London,synth_City/TREx/P20.jsonl
948,Nicolas Cotoner died in [MASK] .,Malta,synth_City/TREx/P20.jsonl
955,William Duesbury died in [MASK] .,Derby,synth_City/TREx/P20.jsonl
961,Zhang Shichuan died in [MASK] .,Shanghai,synth_City/TREx/P20.jsonl
967,Romanos III Argyros died in [MASK] .,Constantinople,synth_City/TREx/P20.jsonl
972,Michel Bernstein died in [MASK] .,Paris,synth_City/TREx/P20.jsonl
976,"Penelope Rich, Lady Rich died in [MASK] .",London,synth_City/TREx/P20.jsonl
980,Ngawang Lobsang Gyatso died in [MASK] .,Tibet,synth_City/TREx/P20.jsonl
989,Giovanni Francesco Sagredo died in [MASK] .,Venice,synth_City/TREx/P20.jsonl
992,Henri Herz died in [MASK] .,Paris,synth_City/TREx/P20.jsonl
994,Boris Papandopulo died in [MASK] .,Zagreb,synth_City/TREx/P20.jsonl
996,Paul Gerson Unna died in [MASK] .,Hamburg,synth_City/TREx/P20.jsonl
1002,Howard Ferguson died in [MASK] .,Toronto,synth_City/TREx/P20.jsonl
1006,Domenichino died in [MASK] .,Naples,synth_City/TREx/P20.jsonl
1010,Willy Alberti died in [MASK] .,Amsterdam,synth_City/TREx/P20.jsonl
1013,Antoine Perrenot de Granvelle died in [MASK] .,Madrid,synth_City/TREx/P20.jsonl
1016,Waverley Root died in [MASK] .,Paris,synth_City/TREx/P20.jsonl
1018,Zhang Aiping died in [MASK] .,Beijing,synth_City/TREx/P20.jsonl
1021,Fritz Umgelter died in [MASK] .,Frankfurt,synth_City/TREx/P20.jsonl
1023,Domenico Fontana died in [MASK] .,Naples,synth_City/TREx/P20.jsonl
1024,Veronica Franco died in [MASK] .,Venice,synth_City/TREx/P20.jsonl
1027,Conrad Graf died in [MASK] .,Vienna,synth_City/TREx/P20.jsonl
1029,Charlotte Corday died in [MASK] .,Paris,synth_City/TREx/P20.jsonl
1030,Anton Dorph died in [MASK] .,Copenhagen,synth_City/TREx/P20.jsonl
1032,Antiochus IV of Commagene died in [MASK] .,Rome,synth_City/TREx/P20.jsonl
1036,Harry Welles Rusk died in [MASK] .,Baltimore,synth_City/TREx/P20.jsonl
1037,Jules de Polignac died in [MASK] .,Paris,synth_City/TREx/P20.jsonl
1039,Bartolomeo Cesi died in [MASK] .,Bologna,synth_City/TREx/P20.jsonl
1040,Alphonse James de Rothschild died in [MASK] .,Paris,synth_City/TREx/P20.jsonl
1041,Mohammed Zahir Shah died in [MASK] .,Kabul,synth_City/TREx/P20.jsonl
1046,Friedrich Rosen died in [MASK] .,Beijing,synth_City/TREx/P20.jsonl
1049,Albert Calmette died in [MASK] .,Paris,synth_City/TREx/P20.jsonl
1052,Jan Werner Danielsen died in [MASK] .,Oslo,synth_City/TREx/P20.jsonl
1055,Antonio Solario died in [MASK] .,Naples,synth_City/TREx/P20.jsonl
1060,Petrache Poenaru died in [MASK] .,Bucharest,synth_City/TREx/P20.jsonl
1061,John McConnell Black died in [MASK] .,Adelaide,synth_City/TREx/P20.jsonl
1063,Darryl Kile died in [MASK] .,Chicago,synth_City/TREx/P20.jsonl
1064,Michele Marieschi died in [MASK] .,Venice,synth_City/TREx/P20.jsonl
1066,Lange Powell died in [MASK] .,Brisbane,synth_City/TREx/P20.jsonl
1072,Omar Torrijos died in [MASK] .,Panama,synth_City/TREx/P20.jsonl
1089,Malak Karsh died in [MASK] .,Ottawa,synth_City/TREx/P20.jsonl
1091,Umberto Veronesi died in [MASK] .,Milan,synth_City/TREx/P20.jsonl
1092,Theodor Lipps died in [MASK] .,Munich,synth_City/TREx/P20.jsonl
1096,Heinrich Joseph von Collin died in [MASK] .,Vienna,synth_City/TREx/P20.jsonl
1100,Anthony Van Egmond died in [MASK] .,Toronto,synth_City/TREx/P20.jsonl
1102,Arturo Castro died in [MASK] .,Mexico,synth_City/TREx/P20.jsonl
1103,Isaac Newton Arnold died in [MASK] .,Chicago,synth_City/TREx/P20.jsonl
1107,John Selden died in [MASK] .,London,synth_City/TREx/P20.jsonl
1108,Fedele Fischetti died in [MASK] .,Naples,synth_City/TREx/P20.jsonl
1116,Sigismund von Schrattenbach died in [MASK] .,Salzburg,synth_City/TREx/P20.jsonl
1117,Abraham Begeyn died in [MASK] .,Berlin,synth_City/TREx/P20.jsonl
1118,Edward George Warris Hulton died in [MASK] .,London,synth_City/TREx/P20.jsonl
1119,Frans Floris I died in [MASK] .,Antwerp,synth_City/TREx/P20.jsonl
1122,Boniface I died in [MASK] .,Rome,synth_City/TREx/P20.jsonl
1123,Jianwen Emperor died in [MASK] .,Nanjing,synth_City/TREx/P20.jsonl
1135,Hermenegildo Capelo died in [MASK] .,Lisbon,synth_City/TREx/P20.jsonl
1137,George Scharf died in [MASK] .,London,synth_City/TREx/P20.jsonl
1138,David Talbot Rice died in [MASK] .,Cheltenham,synth_City/TREx/P20.jsonl
1140,Cotton Mather died in [MASK] .,Boston,synth_City/TREx/P20.jsonl
1145,Alphonse Pyramus de Candolle died in [MASK] .,Geneva,synth_City/TREx/P20.jsonl
1151,Anthony Caro died in [MASK] .,London,synth_City/TREx/P20.jsonl
1155,Karim Lala died in [MASK] .,Bombay,synth_City/TREx/P20.jsonl
1166,Beryl Cook died in [MASK] .,Plymouth,synth_City/TREx/P20.jsonl
1172,Braulio Arenas died in [MASK] .,Santiago,synth_City/TREx/P20.jsonl
1174,Joseph Henry Blackburne died in [MASK] .,London,synth_City/TREx/P20.jsonl
1205,Pimen I of Moscow died in [MASK] .,Moscow,synth_City/TREx/P20.jsonl
1207,James Gibbs died in [MASK] .,London,synth_City/TREx/P20.jsonl
1209,Tony Ray-Jones died in [MASK] .,London,synth_City/TREx/P20.jsonl
1210,Petrus Codde died in [MASK] .,Utrecht,synth_City/TREx/P20.jsonl
1212,William Murdoch died in [MASK] .,Birmingham,synth_City/TREx/P20.jsonl
1213,Bo Yibo died in [MASK] .,Beijing,synth_City/TREx/P20.jsonl
1214,Adrian Ludwig Richter died in [MASK] .,Dresden,synth_City/TREx/P20.jsonl
1216,Paul van Ostaijen died in [MASK] .,Belgian,synth_City/TREx/P20.jsonl
1218,"Mahaut, Countess of Artois died in [MASK] .",Paris,synth_City/TREx/P20.jsonl
1222,Robert Colquhoun died in [MASK] .,London,synth_City/TREx/P20.jsonl
1224,Giovanni Antonio Amadeo died in [MASK] .,Milan,synth_City/TREx/P20.jsonl
1225,Innocent XI died in [MASK] .,Rome,synth_City/TREx/P20.jsonl
1232,Igor Severyanin died in [MASK] .,Tallinn,synth_City/TREx/P20.jsonl
1234,Peter Simon Pallas died in [MASK] .,Berlin,synth_City/TREx/P20.jsonl
1235,Sylvia Bataille died in [MASK] .,Paris,synth_City/TREx/P20.jsonl
1237,Giovanni Pico della Mirandola died in [MASK] .,Florence,synth_City/TREx/P20.jsonl
1239,Walther Bothe died in [MASK] .,Heidelberg,synth_City/TREx/P20.jsonl
1240,Isidor Philipp died in [MASK] .,Paris,synth_City/TREx/P20.jsonl
1246,Pietro Tenerani died in [MASK] .,Rome,synth_City/TREx/P20.jsonl
1248,Jaidev died in [MASK] .,Mumbai,synth_City/TREx/P20.jsonl
1249,Gordian II died in [MASK] .,Carthage,synth_City/TREx/P20.jsonl
1250,Edmond S. Meany died in [MASK] .,Seattle,synth_City/TREx/P20.jsonl
1251,Roald Aas died in [MASK] .,Oslo,synth_City/TREx/P20.jsonl
1252,Fatma Mukhtarova died in [MASK] .,Baku,synth_City/TREx/P20.jsonl
1253,Betsy Ross died in [MASK] .,Philadelphia,synth_City/TREx/P20.jsonl
1254,Kenny Wheeler died in [MASK] .,London,synth_City/TREx/P20.jsonl
1255,Georg Scheffers died in [MASK] .,Berlin,synth_City/TREx/P20.jsonl
1257,Mstislav Rostropovich died in [MASK] .,Moscow,synth_City/TREx/P20.jsonl
1259,Studs Terkel died in [MASK] .,Chicago,synth_City/TREx/P20.jsonl
1267,Giovanni Battista Ricci died in [MASK] .,Rome,synth_City/TREx/P20.jsonl
1272,Gabriel Ramanantsoa died in [MASK] .,Paris,synth_City/TREx/P20.jsonl
1275,Johannes Buxtorf II died in [MASK] .,Basel,synth_City/TREx/P20.jsonl
1276,Yutaka Abe died in [MASK] .,Kyoto,synth_City/TREx/P20.jsonl
1279,Pius III died in [MASK] .,Rome,synth_City/TREx/P20.jsonl
1282,Sviatoslav Knushevitsky died in [MASK] .,Moscow,synth_City/TREx/P20.jsonl
1283,Chen Chong Swee died in [MASK] .,Singapore,synth_City/TREx/P20.jsonl
1287,Edward Leedskalnin died in [MASK] .,Miami,synth_City/TREx/P20.jsonl
1289,Joe Bradford died in [MASK] .,Birmingham,synth_City/TREx/P20.jsonl
1290,Karolos Koun died in [MASK] .,Athens,synth_City/TREx/P20.jsonl
1292,George Alexander Macfarren died in [MASK] .,London,synth_City/TREx/P20.jsonl
1293,Abd al-Karim Qasim died in [MASK] .,Baghdad,synth_City/TREx/P20.jsonl
1294,Karl Stauffer-Bern died in [MASK] .,Florence,synth_City/TREx/P20.jsonl
1297,Michael Wolgemut died in [MASK] .,Nuremberg,synth_City/TREx/P20.jsonl
1307,"Hugh d'Avranches, 1st Earl of Chester died in [MASK] .",Chester,synth_City/TREx/P20.jsonl
1325,Gregory XVI died in [MASK] .,Rome,synth_City/TREx/P20.jsonl
1330,Henry Pickering Bowditch died in [MASK] .,Boston,synth_City/TREx/P20.jsonl
1331,Aram Khachaturian died in [MASK] .,Moscow,synth_City/TREx/P20.jsonl
1335,Francesco Crispi died in [MASK] .,Naples,synth_City/TREx/P20.jsonl
1336,James Guillaume died in [MASK] .,Paris,synth_City/TREx/P20.jsonl
1338,York Bowen died in [MASK] .,London,synth_City/TREx/P20.jsonl
1339,Heinrich von Kleist died in [MASK] .,Berlin,synth_City/TREx/P20.jsonl
1345,Rosella Hightower died in [MASK] .,Cannes,synth_City/TREx/P20.jsonl
1368,Erhard Reuwich died in [MASK] .,Mainz,synth_City/TREx/P20.jsonl
1372,George Frederick Baer died in [MASK] .,Philadelphia,synth_City/TREx/P20.jsonl
1374,Hermann Obrist died in [MASK] .,Munich,synth_City/TREx/P20.jsonl
1379,Guichard Joseph Duverney died in [MASK] .,Paris,synth_City/TREx/P20.jsonl
1380,Lim Chong Eu died in [MASK] .,Penang,synth_City/TREx/P20.jsonl
1386,Gilles Marie Oppenord died in [MASK] .,Paris,synth_City/TREx/P20.jsonl
1387,Evgeny Lifshitz died in [MASK] .,Moscow,synth_City/TREx/P20.jsonl
1388,Carlo Parola died in [MASK] .,Turin,synth_City/TREx/P20.jsonl
1393,Louis Marchand died in [MASK] .,Paris,synth_City/TREx/P20.jsonl
1394,Arthur Griffith died in [MASK] .,Dublin,synth_City/TREx/P20.jsonl
1397,Werner Forman died in [MASK] .,London,synth_City/TREx/P20.jsonl
1399,Gina Pane died in [MASK] .,Paris,synth_City/TREx/P20.jsonl
1401,Sebastiaen Vrancx died in [MASK] .,Antwerp,synth_City/TREx/P20.jsonl
1404,Abdul Hamid I died in [MASK] .,Constantinople,synth_City/TREx/P20.jsonl
1405,George Gurdjieff died in [MASK] .,Paris,synth_City/TREx/P20.jsonl
1418,Theodore Haak died in [MASK] .,London,synth_City/TREx/P20.jsonl
1420,Charles Willson Peale died in [MASK] .,Philadelphia,synth_City/TREx/P20.jsonl
1422,Alexander VIII died in [MASK] .,Rome,synth_City/TREx/P20.jsonl
1430,Santi Prunati died in [MASK] .,Verona,synth_City/TREx/P20.jsonl
1436,Stanhope Forbes died in [MASK] .,Cornwall,synth_City/TREx/P20.jsonl
1442,Antonio il Verso died in [MASK] .,Palermo,synth_City/TREx/P20.jsonl
1443,Andor Lilienthal died in [MASK] .,Budapest,synth_City/TREx/P20.jsonl
1452,Raymond Hains died in [MASK] .,Paris,synth_City/TREx/P20.jsonl
1454,Bertrand Andrieu died in [MASK] .,Paris,synth_City/TREx/P20.jsonl
1455,William Behnes died in [MASK] .,London,synth_City/TREx/P20.jsonl
1458,Piero Bellugi died in [MASK] .,Florence,synth_City/TREx/P20.jsonl
1460,Robert Torrens died in [MASK] .,London,synth_City/TREx/P20.jsonl
1462,Benno Moiseiwitsch died in [MASK] .,London,synth_City/TREx/P20.jsonl
1464,Jean Galia died in [MASK] .,Toulouse,synth_City/TREx/P20.jsonl
1466,Johann Christian Bach died in [MASK] .,London,synth_City/TREx/P20.jsonl
1474,Samuel Johnson died in [MASK] .,London,synth_City/TREx/P20.jsonl
1487,Hugh Roy Cullen died in [MASK] .,Houston,synth_City/TREx/P20.jsonl
1489,Dieter Eppler died in [MASK] .,Stuttgart,synth_City/TREx/P20.jsonl
1493,Joe Vogler died in [MASK] .,Alaska,synth_City/TREx/P20.jsonl
1495,Valentin Conrart died in [MASK] .,Paris,synth_City/TREx/P20.jsonl
1498,Karl Michael Ziehrer died in [MASK] .,Vienna,synth_City/TREx/P20.jsonl
1505,Jimmy Doolittle died in [MASK] .,California,synth_City/TREx/P20.jsonl
1508,Maximilien Rubel died in [MASK] .,Paris,synth_City/TREx/P20.jsonl
1510,Jean Calas died in [MASK] .,Toulouse,synth_City/TREx/P20.jsonl
1515,Leopold Okulicki died in [MASK] .,Moscow,synth_City/TREx/P20.jsonl
1516,Lorenzo Perosi died in [MASK] .,Rome,synth_City/TREx/P20.jsonl
1517,Leopold Gratz died in [MASK] .,Vienna,synth_City/TREx/P20.jsonl
1523,Yuri Shchekochikhin died in [MASK] .,Moscow,synth_City/TREx/P20.jsonl
1526,Jack Cassidy died in [MASK] .,Hollywood,synth_City/TREx/P20.jsonl
1528,Marc Sangnier died in [MASK] .,Paris,synth_City/TREx/P20.jsonl
1529,Donald L. Hollowell died in [MASK] .,Atlanta,synth_City/TREx/P20.jsonl
1530,Hermann Nothnagel died in [MASK] .,Vienna,synth_City/TREx/P20.jsonl
1531,John Kemp died in [MASK] .,Canterbury,synth_City/TREx/P20.jsonl
1532,Giovanni Alberto Ristori died in [MASK] .,Dresden,synth_City/TREx/P20.jsonl
1533,Girolamo Frescobaldi died in [MASK] .,Rome,synth_City/TREx/P20.jsonl
1534,Princess Marie Louise of Bourbon-Parma died in [MASK] .,Sofia,synth_City/TREx/P20.jsonl
1538,Francesco di Maria died in [MASK] .,Naples,synth_City/TREx/P20.jsonl
1541,Jean Gallon died in [MASK] .,Paris,synth_City/TREx/P20.jsonl
1543,Jacques Cousteau died in [MASK] .,Paris,synth_City/TREx/P20.jsonl
1544,Sofia Kovalevskaya died in [MASK] .,Stockholm,synth_City/TREx/P20.jsonl
1545,Georges Rouault died in [MASK] .,Paris,synth_City/TREx/P20.jsonl
1548,Josip Murn died in [MASK] .,Ljubljana,synth_City/TREx/P20.jsonl
1549,Fred Ruiz Castro died in [MASK] .,India,synth_City/TREx/P20.jsonl
1551,Giovanni Lanfranco died in [MASK] .,Rome,synth_City/TREx/P20.jsonl
1557,Sa'd al-Dawla died in [MASK] .,Aleppo,synth_City/TREx/P20.jsonl
1561,Ra'ana Liaquat Ali Khan died in [MASK] .,Karachi,synth_City/TREx/P20.jsonl
1562,Jiro Yoshihara died in [MASK] .,Japan,synth_City/TREx/P20.jsonl
1564,Henry Michell Wagner died in [MASK] .,Brighton,synth_City/TREx/P20.jsonl
1570,William Hawi died in [MASK] .,Beirut,synth_City/TREx/P20.jsonl
1572,Georg Wilhelm Friedrich Hegel died in [MASK] .,Berlin,synth_City/TREx/P20.jsonl
1577,Madeleine of Valois died in [MASK] .,Edinburgh,synth_City/TREx/P20.jsonl
1578,Steven Izenour died in [MASK] .,Vermont,synth_City/TREx/P20.jsonl
1580,Malcolm Sargent died in [MASK] .,London,synth_City/TREx/P20.jsonl
1598,Vladimir Vinogradov died in [MASK] .,Moscow,synth_City/TREx/P20.jsonl
1602,Carlo Alberto Castigliano died in [MASK] .,Milan,synth_City/TREx/P20.jsonl
1604,Balys Sruoga died in [MASK] .,Vilnius,synth_City/TREx/P20.jsonl
1608,Carla Accardi died in [MASK] .,Rome,synth_City/TREx/P20.jsonl
1627,Buenaventura Durruti died in [MASK] .,Madrid,synth_City/TREx/P20.jsonl
1628,Lyubov Orlova died in [MASK] .,Moscow,synth_City/TREx/P20.jsonl
1629,Lucian Freud died in [MASK] .,London,synth_City/TREx/P20.jsonl
1634,Hugo Pimentel died in [MASK] .,Caracas,synth_City/TREx/P20.jsonl
1636,Alfred Scott-Gatty died in [MASK] .,London,synth_City/TREx/P20.jsonl
1638,Eugen Slutsky died in [MASK] .,Moscow,synth_City/TREx/P20.jsonl
1639,Bruno Pittermann died in [MASK] .,Vienna,synth_City/TREx/P20.jsonl
1643,Curnonsky died in [MASK] .,Paris,synth_City/TREx/P20.jsonl
1647,Rudi Supek died in [MASK] .,Zagreb,synth_City/TREx/P20.jsonl
1652,Margaret Walker died in [MASK] .,Chicago,synth_City/TREx/P20.jsonl
1654,Carl Marstrander died in [MASK] .,Oslo,synth_City/TREx/P20.jsonl
1655,Fredegund died in [MASK] .,Paris,synth_City/TREx/P20.jsonl
1658,Gaetano Mosca died in [MASK] .,Rome,synth_City/TREx/P20.jsonl
1659,Yehoshafat Harkabi died in [MASK] .,Jerusalem,synth_City/TREx/P20.jsonl
1663,Paul Lemerle died in [MASK] .,Paris,synth_City/TREx/P20.jsonl
1667,Samuel Sarphati died in [MASK] .,Amsterdam,synth_City/TREx/P20.jsonl
1669,Maurizio Merli died in [MASK] .,Rome,synth_City/TREx/P20.jsonl
1674,Decio Azzolino died in [MASK] .,Rome,synth_City/TREx/P20.jsonl
1676,Zakaria Paliashvili died in [MASK] .,Tbilisi,synth_City/TREx/P20.jsonl
1679,Otto Schreier died in [MASK] .,Hamburg,synth_City/TREx/P20.jsonl
1683,Lucius III died in [MASK] .,Verona,synth_City/TREx/P20.jsonl
1687,Duarte Barbosa died in [MASK] .,Philippines,synth_City/TREx/P20.jsonl
1689,Johann Nepomuk David died in [MASK] .,Stuttgart,synth_City/TREx/P20.jsonl
1691,Bruce Fairbairn died in [MASK] .,Vancouver,synth_City/TREx/P20.jsonl
1695,Ardeshir Cowasjee died in [MASK] .,Karachi,synth_City/TREx/P20.jsonl
1697,Francesco Curradi died in [MASK] .,Florence,synth_City/TREx/P20.jsonl
1699,Dimitrie Paciurea died in [MASK] .,Bucharest,synth_City/TREx/P20.jsonl
1701,Antoine Houdar de La Motte died in [MASK] .,Paris,synth_City/TREx/P20.jsonl
1706,Berchtold Haller died in [MASK] .,Bern,synth_City/TREx/P20.jsonl
1708,Sweyn II of Denmark died in [MASK] .,Denmark,synth_City/TREx/P20.jsonl
1723,Didier Daurat died in [MASK] .,Toulouse,synth_City/TREx/P20.jsonl
1725,Joseph Wright of Derby died in [MASK] .,Derby,synth_City/TREx/P20.jsonl
1770,Sandro Botticelli died in [MASK] .,Florence,synth_City/TREx/P20.jsonl
1779,Prince Franz de Paula of Liechtenstein died in [MASK] .,Vienna,synth_City/TREx/P20.jsonl
1783,Ruben Simonov died in [MASK] .,Moscow,synth_City/TREx/P20.jsonl
1787,Salomon Munk died in [MASK] .,Paris,synth_City/TREx/P20.jsonl
1788,Samuel Taylor Coleridge died in [MASK] .,London,synth_City/TREx/P20.jsonl
1792,Max Nordau died in [MASK] .,Paris,synth_City/TREx/P20.jsonl
1793,Solomon Hirschell died in [MASK] .,London,synth_City/TREx/P20.jsonl
1797,Ali Mansur died in [MASK] .,Tehran,synth_City/TREx/P20.jsonl
1803,Leicester Smyth died in [MASK] .,Gibraltar,synth_City/TREx/P20.jsonl
1808,Heinrich Lammasch died in [MASK] .,Salzburg,synth_City/TREx/P20.jsonl
1810,Steve Stavro died in [MASK] .,Toronto,synth_City/TREx/P20.jsonl
1811,Sergius I of Constantinople died in [MASK] .,Constantinople,synth_City/TREx/P20.jsonl
1812,Yekaterina Furtseva died in [MASK] .,Moscow,synth_City/TREx/P20.jsonl
1814,Anna Harrison died in [MASK] .,Ohio,synth_City/TREx/P20.jsonl
1815,Boris Souvarine died in [MASK] .,Paris,synth_City/TREx/P20.jsonl
1820,Tutush I died in [MASK] .,Damascus,synth_City/TREx/P20.jsonl
1829,Vakhtang Chabukiani died in [MASK] .,Tbilisi,synth_City/TREx/P20.jsonl
1831,Martin Schalling the Younger died in [MASK] .,Nuremberg,synth_City/TREx/P20.jsonl
1833,Refik Koraltan died in [MASK] .,Istanbul,synth_City/TREx/P20.jsonl
1835,Alexander Rich died in [MASK] .,Boston,synth_City/TREx/P20.jsonl
1836,Uwe Barschel died in [MASK] .,Geneva,synth_City/TREx/P20.jsonl
1838,Phillips Lee Goldsborough died in [MASK] .,Baltimore,synth_City/TREx/P20.jsonl
1839,Morvan Marchal died in [MASK] .,Paris,synth_City/TREx/P20.jsonl
1841,Ctesibius died in [MASK] .,Alexandria,synth_City/TREx/P20.jsonl
1845,Edmund Curll died in [MASK] .,London,synth_City/TREx/P20.jsonl
1846,John Pym died in [MASK] .,London,synth_City/TREx/P20.jsonl
1847,Shmuel Salant died in [MASK] .,Jerusalem,synth_City/TREx/P20.jsonl
1852,Ibn Khaldun died in [MASK] .,Cairo,synth_City/TREx/P20.jsonl
1853,Roman Shukhevych died in [MASK] .,Lviv,synth_City/TREx/P20.jsonl
1854,Albert Nicholas died in [MASK] .,Basel,synth_City/TREx/P20.jsonl
1856,Theudigisel died in [MASK] .,Seville,synth_City/TREx/P20.jsonl
1862,Juhayman al-Otaybi died in [MASK] .,Mecca,synth_City/TREx/P20.jsonl
1864,Satish Ranjan Das died in [MASK] .,Calcutta,synth_City/TREx/P20.jsonl
1867,Hugo Lederer died in [MASK] .,Berlin,synth_City/TREx/P20.jsonl
1870,Thomas Blake Glover died in [MASK] .,Tokyo,synth_City/TREx/P20.jsonl
1874,Aaron Montgomery Ward died in [MASK] .,Chicago,synth_City/TREx/P20.jsonl
1876,Sebastian Henricpetri died in [MASK] .,Basel,synth_City/TREx/P20.jsonl
1885,Tofiq Bahramov died in [MASK] .,Baku,synth_City/TREx/P20.jsonl
1890,Josep Tarradellas i Joan died in [MASK] .,Barcelona,synth_City/TREx/P20.jsonl
1891,Joan Waste died in [MASK] .,Derby,synth_City/TREx/P20.jsonl
1893,Wenzel Jamnitzer died in [MASK] .,Nuremberg,synth_City/TREx/P20.jsonl
1895,Henry IV of England died in [MASK] .,London,synth_City/TREx/P20.jsonl
1907,Jan Bouman died in [MASK] .,Berlin,synth_City/TREx/P20.jsonl
1910,Thomas Nipperdey died in [MASK] .,Munich,synth_City/TREx/P20.jsonl
1912,Agnieszka Osiecka died in [MASK] .,Warsaw,synth_City/TREx/P20.jsonl
1913,Anahit Tsitsikian died in [MASK] .,Yerevan,synth_City/TREx/P20.jsonl
1915,Octavius Catto died in [MASK] .,Philadelphia,synth_City/TREx/P20.jsonl
1917,Benno Elkan died in [MASK] .,London,synth_City/TREx/P20.jsonl
1921,Theophil Hansen died in [MASK] .,Vienna,synth_City/TREx/P20.jsonl
1922,Paolo Bertoli died in [MASK] .,Rome,synth_City/TREx/P20.jsonl
1925,Jugurtha died in [MASK] .,Rome,synth_City/TREx/P20.jsonl
1929,Franz Lefort died in [MASK] .,Moscow,synth_City/TREx/P20.jsonl
1933,Claudio Coello died in [MASK] .,Madrid,synth_City/TREx/P20.jsonl
1936,Zarah Leander died in [MASK] .,Stockholm,synth_City/TREx/P20.jsonl
1938,Clifford Curzon died in [MASK] .,London,synth_City/TREx/P20.jsonl
1940,Timothy Quinlan died in [MASK] .,Perth,synth_City/TREx/P20.jsonl
1942,Carlos Botelho died in [MASK] .,Lisbon,synth_City/TREx/P20.jsonl
1948,Tomaso Albinoni died in [MASK] .,Venetian,synth_City/TREx/P20.jsonl
1949,Paavo Nurmi died in [MASK] .,Helsinki,synth_City/TREx/P20.jsonl
1950,Hippolyte Le Bas died in [MASK] .,Paris,synth_City/TREx/P20.jsonl
1960,Thomas Erastus died in [MASK] .,Basel,synth_City/TREx/P20.jsonl
1961,"Herbert Austin, 1st Baron Austin died in [MASK] .",Birmingham,synth_City/TREx/P20.jsonl
1963,Robert Kennicott died in [MASK] .,Alaska,synth_City/TREx/P20.jsonl
1965,Jean-Antoine Roucher died in [MASK] .,Paris,synth_City/TREx/P20.jsonl
1966,Hans Scharoun died in [MASK] .,Berlin,synth_City/TREx/P20.jsonl
1969,Christian Rohlfs died in [MASK] .,Hagen,synth_City/TREx/P20.jsonl
1970,Enric Sagnier died in [MASK] .,Barcelona,synth_City/TREx/P20.jsonl
1977,Dorothy Bullitt died in [MASK] .,Seattle,synth_City/TREx/P20.jsonl
1979,Piet Blom died in [MASK] .,Denmark,synth_City/TREx/P20.jsonl
1981,Julien Augustin Joseph Mermet died in [MASK] .,Paris,synth_City/TREx/P20.jsonl
1983,Frans van Schooten died in [MASK] .,Leiden,synth_City/TREx/P20.jsonl
1984,Carl Georg Oscar Drude died in [MASK] .,Dresden,synth_City/TREx/P20.jsonl
1986,Fernando Pereira died in [MASK] .,Auckland,synth_City/TREx/P20.jsonl
1989,Penelope Fitzgerald died in [MASK] .,London,synth_City/TREx/P20.jsonl
1990,Leopold Infeld died in [MASK] .,Warsaw,synth_City/TREx/P20.jsonl
1992,Francesco Morone died in [MASK] .,Verona,synth_City/TREx/P20.jsonl
1994,Clement I died in [MASK] .,Rome,synth_City/TREx/P20.jsonl
1995,Frederik Vermehren died in [MASK] .,Copenhagen,synth_City/TREx/P20.jsonl
1996,Tony Benn died in [MASK] .,London,synth_City/TREx/P20.jsonl
1998,Hasan Tahsini died in [MASK] .,Istanbul,synth_City/TREx/P20.jsonl
1999,Pedro Calungsod died in [MASK] .,Guam,synth_City/TREx/P20.jsonl
2004,Paul Morand died in [MASK] .,Paris,synth_City/TREx/P20.jsonl
2005,Mariano Gago died in [MASK] .,Lisbon,synth_City/TREx/P20.jsonl
2009,Ludwig Thuille died in [MASK] .,Munich,synth_City/TREx/P20.jsonl
2016,Chevalier de Saint-George died in [MASK] .,Paris,synth_City/TREx/P20.jsonl
2018,Louis XVII of France died in [MASK] .,Paris,synth_City/TREx/P20.jsonl
2027,Pauline Viardot died in [MASK] .,Paris,synth_City/TREx/P20.jsonl
2030,Claude Fleury died in [MASK] .,Paris,synth_City/TREx/P20.jsonl
2034,Thomas Willing died in [MASK] .,Philadelphia,synth_City/TREx/P20.jsonl
2040,Maximilien Robespierre died in [MASK] .,Paris,synth_City/TREx/P20.jsonl
2049,Alessandro Achillini died in [MASK] .,Bologna,synth_City/TREx/P20.jsonl
2050,Zanobi Strozzi died in [MASK] .,Florence,synth_City/TREx/P20.jsonl
2051,Hans Riegel died in [MASK] .,Bonn,synth_City/TREx/P20.jsonl
2055,Giorgione died in [MASK] .,Venetian,synth_City/TREx/P20.jsonl
2059,Peter I of Serbia died in [MASK] .,Belgrade,synth_City/TREx/P20.jsonl
2062,Robert Cambert died in [MASK] .,London,synth_City/TREx/P20.jsonl
2064,L. L. Zamenhof died in [MASK] .,Warsaw,synth_City/TREx/P20.jsonl
2068,Hugo Schiff died in [MASK] .,Florence,synth_City/TREx/P20.jsonl
2070,Thomas Storrow Brown died in [MASK] .,Montreal,synth_City/TREx/P20.jsonl
2071,Jean-Charles Pichegru died in [MASK] .,Paris,synth_City/TREx/P20.jsonl
2072,Christoph Schaffrath died in [MASK] .,Berlin,synth_City/TREx/P20.jsonl
2074,Jean-Baptiste Annibal Aubert du Bayet died in [MASK] .,Istanbul,synth_City/TREx/P20.jsonl
2076,Robert MacBryde died in [MASK] .,Dublin,synth_City/TREx/P20.jsonl
2080,Albert Eulenburg died in [MASK] .,Berlin,synth_City/TREx/P20.jsonl
2082,Ted Fujita died in [MASK] .,Chicago,synth_City/TREx/P20.jsonl
2085,Nirmala Joshi died in [MASK] .,Calcutta,synth_City/TREx/P20.jsonl
2086,Christoph Bernhard died in [MASK] .,Dresden,synth_City/TREx/P20.jsonl
2089,Gianni Toti died in [MASK] .,Rome,synth_City/TREx/P20.jsonl
2093,Camillo Procaccini died in [MASK] .,Milan,synth_City/TREx/P20.jsonl
2108,Otto Brahm died in [MASK] .,Berlin,synth_City/TREx/P20.jsonl
2110,Roshanara Begum died in [MASK] .,Delhi,synth_City/TREx/P20.jsonl
2111,Dick Bruna died in [MASK] .,Utrecht,synth_City/TREx/P20.jsonl
2113,Ibrahim Pasha of Egypt died in [MASK] .,Cairo,synth_City/TREx/P20.jsonl
2114,Francesco de Vico died in [MASK] .,London,synth_City/TREx/P20.jsonl
2116,K. Pattabhi Jois died in [MASK] .,Mysore,synth_City/TREx/P20.jsonl
2121,Giovanni di Bicci de' Medici died in [MASK] .,Florence,synth_City/TREx/P20.jsonl
2122,Pietro Dandini died in [MASK] .,Florence,synth_City/TREx/P20.jsonl
2125,Johannes Vingboons died in [MASK] .,Amsterdam,synth_City/TREx/P20.jsonl
2127,Mathilde Mallinger died in [MASK] .,Berlin,synth_City/TREx/P20.jsonl
2128,Regin Dahl died in [MASK] .,Copenhagen,synth_City/TREx/P20.jsonl
2130,Joseph Frobisher died in [MASK] .,Montreal,synth_City/TREx/P20.jsonl
2132,Flaithbertach mac Loingsig died in [MASK] .,Armagh,synth_City/TREx/P20.jsonl
2134,Frederick Carrington died in [MASK] .,Cheltenham,synth_City/TREx/P20.jsonl
2138,Matthias Braun died in [MASK] .,Prague,synth_City/TREx/P20.jsonl
2140,Mokhtar Belmokhtar died in [MASK] .,Libya,synth_City/TREx/P20.jsonl
2142,"William Parr, 1st Marquess of Northampton died in [MASK] .",Warwick,synth_City/TREx/P20.jsonl
2145,Clement XII died in [MASK] .,Rome,synth_City/TREx/P20.jsonl
2148,Rijk de Gooyer died in [MASK] .,Amsterdam,synth_City/TREx/P20.jsonl
2149,Giorgio Levi Della Vida died in [MASK] .,Rome,synth_City/TREx/P20.jsonl
2151,Irenaeus died in [MASK] .,Lyon,synth_City/TREx/P20.jsonl
2154,Fausto Sozzini died in [MASK] .,Poland,synth_City/TREx/P20.jsonl
2157,Bartholomeus Spranger died in [MASK] .,Prague,synth_City/TREx/P20.jsonl
2161,Pierre Louis Napoleon Cavagnari died in [MASK] .,Kabul,synth_City/TREx/P20.jsonl
2167,Gregory Tsamblak died in [MASK] .,Kiev,synth_City/TREx/P20.jsonl
2169,Stamatios Kleanthis died in [MASK] .,Athens,synth_City/TREx/P20.jsonl
2170,Quirinus of Neuss died in [MASK] .,Rome,synth_City/TREx/P20.jsonl
2178,Charles Fleetwood died in [MASK] .,London,synth_City/TREx/P20.jsonl
2179,"Charles, Prince of Viana died in [MASK] .",Barcelona,synth_City/TREx/P20.jsonl
2181,Mike Zwerin died in [MASK] .,Paris,synth_City/TREx/P20.jsonl
2184,John Sartain died in [MASK] .,Philadelphia,synth_City/TREx/P20.jsonl
2185,Saint Christopher died in [MASK] .,Asia,synth_City/TREx/P20.jsonl
2186,Phillips Brooks died in [MASK] .,Boston,synth_City/TREx/P20.jsonl
2189,Melvin Day died in [MASK] .,Wellington,synth_City/TREx/P20.jsonl
2191,Frederick Grinke died in [MASK] .,Ipswich,synth_City/TREx/P20.jsonl
2193,Frederick August Wenderoth died in [MASK] .,Philadelphia,synth_City/TREx/P20.jsonl
2194,Francesco Satolli died in [MASK] .,Rome,synth_City/TREx/P20.jsonl
2195,Vera Gornostayeva died in [MASK] .,Moscow,synth_City/TREx/P20.jsonl
2198,Pietro Andrea Ziani died in [MASK] .,Naples,synth_City/TREx/P20.jsonl
2201,John Brack died in [MASK] .,Melbourne,synth_City/TREx/P20.jsonl
2205,Michael Sachs died in [MASK] .,Berlin,synth_City/TREx/P20.jsonl
2206,Taddeo Gaddi died in [MASK] .,Florence,synth_City/TREx/P20.jsonl
2212,Seth Holt died in [MASK] .,London,synth_City/TREx/P20.jsonl
2214,Jean Guillaume Moitte died in [MASK] .,Paris,synth_City/TREx/P20.jsonl
2220,Elmer McCurdy died in [MASK] .,Oklahoma,synth_City/TREx/P20.jsonl
2221,Rudolf Besier died in [MASK] .,Surrey,synth_City/TREx/P20.jsonl
2224,Evert Taube died in [MASK] .,Stockholm,synth_City/TREx/P20.jsonl
2227,Jack McGurn died in [MASK] .,Chicago,synth_City/TREx/P20.jsonl
2229,Fred Hampton died in [MASK] .,Chicago,synth_City/TREx/P20.jsonl
2234,Jan Bytnar died in [MASK] .,Warsaw,synth_City/TREx/P20.jsonl
2236,Granville Sharp died in [MASK] .,London,synth_City/TREx/P20.jsonl
2238,Cosimo Bartoli died in [MASK] .,Florence,synth_City/TREx/P20.jsonl
2239,Leo Moser died in [MASK] .,Edmonton,synth_City/TREx/P20.jsonl
2241,Jacques Derrida died in [MASK] .,Paris,synth_City/TREx/P20.jsonl
2243,Tino di Camaino died in [MASK] .,Naples,synth_City/TREx/P20.jsonl
2244,Alexander Belyavsky died in [MASK] .,Moscow,synth_City/TREx/P20.jsonl
2246,Julius Exner died in [MASK] .,Copenhagen,synth_City/TREx/P20.jsonl
2248,Nelson Annandale died in [MASK] .,Calcutta,synth_City/TREx/P20.jsonl
2250,Nikephoros I of Constantinople died in [MASK] .,Constantinople,synth_City/TREx/P20.jsonl
2259,John Rudolphus Booth died in [MASK] .,Ottawa,synth_City/TREx/P20.jsonl
2262,Guido Adler died in [MASK] .,Vienna,synth_City/TREx/P20.jsonl
2265,Tom Eckersley died in [MASK] .,London,synth_City/TREx/P20.jsonl
2268,Nam June Paik died in [MASK] .,Miami,synth_City/TREx/P20.jsonl
2272,Alice Nahon died in [MASK] .,Antwerp,synth_City/TREx/P20.jsonl
2274,Bendix Hallenstein died in [MASK] .,Dunedin,synth_City/TREx/P20.jsonl
2276,Carl Friedrich Abel died in [MASK] .,London,synth_City/TREx/P20.jsonl
2279,Robert James Manion died in [MASK] .,Ottawa,synth_City/TREx/P20.jsonl
2281,Cap Anson died in [MASK] .,Chicago,synth_City/TREx/P20.jsonl
2286,Joan Huydecoper II died in [MASK] .,Amsterdam,synth_City/TREx/P20.jsonl
2292,Anne Gonzaga died in [MASK] .,Paris,synth_City/TREx/P20.jsonl
2293,Frankie Knuckles died in [MASK] .,Chicago,synth_City/TREx/P20.jsonl
2312,Jan Swammerdam died in [MASK] .,Amsterdam,synth_City/TREx/P20.jsonl
2313,Jean-Yves Daniel-Lesur died in [MASK] .,Paris,synth_City/TREx/P20.jsonl
2315,Paul Huet died in [MASK] .,Paris,synth_City/TREx/P20.jsonl
2320,"Juan Prim, 1st Marquis of los Castillejos died in [MASK] .",Madrid,synth_City/TREx/P20.jsonl
2322,Thomas Alexander Browne died in [MASK] .,Melbourne,synth_City/TREx/P20.jsonl
2323,Arthur Stockdale Cope died in [MASK] .,London,synth_City/TREx/P20.jsonl
2325,Roland Freisler died in [MASK] .,Berlin,synth_City/TREx/P20.jsonl
2334,Eusebius Mandyczewski died in [MASK] .,Vienna,synth_City/TREx/P20.jsonl
2335,Tim Cole died in [MASK] .,Texas,synth_City/TREx/P20.jsonl
2336,George Edmund Street died in [MASK] .,London,synth_City/TREx/P20.jsonl
2337,Conny Plank died in [MASK] .,Cologne,synth_City/TREx/P20.jsonl
2345,Jacques Parizeau died in [MASK] .,Montreal,synth_City/TREx/P20.jsonl
2353,Charles Lapworth died in [MASK] .,Birmingham,synth_City/TREx/P20.jsonl
2356,Sophia Charlotte of Hanover died in [MASK] .,Hanover,synth_City/TREx/P20.jsonl
2360,Charles IV of Spain died in [MASK] .,Rome,synth_City/TREx/P20.jsonl
2361,Norman Maclean died in [MASK] .,Chicago,synth_City/TREx/P20.jsonl
2363,William Russell Birch died in [MASK] .,Philadelphia,synth_City/TREx/P20.jsonl
2366,Mahmud Hussain died in [MASK] .,Karachi,synth_City/TREx/P20.jsonl
2367,Henri Berger died in [MASK] .,Honolulu,synth_City/TREx/P20.jsonl
2370,Jules Bordet died in [MASK] .,Brussels,synth_City/TREx/P20.jsonl
2373,Thomas Whitelegg died in [MASK] .,London,synth_City/TREx/P20.jsonl
2376,Justus Hagman died in [MASK] .,Stockholm,synth_City/TREx/P20.jsonl
2378,Ludvig Mylius-Erichsen died in [MASK] .,Greenland,synth_City/TREx/P20.jsonl
2384,Sean Price died in [MASK] .,Brooklyn,synth_City/TREx/P20.jsonl
2389,Dudley Hardy died in [MASK] .,London,synth_City/TREx/P20.jsonl
2391,Jacob Adriaensz Backer died in [MASK] .,Amsterdam,synth_City/TREx/P20.jsonl
2392,Walter Liggett died in [MASK] .,Minneapolis,synth_City/TREx/P20.jsonl
2393,Faiz Ahmad Faiz died in [MASK] .,Lahore,synth_City/TREx/P20.jsonl
2394,Salimuzzaman Siddiqui died in [MASK] .,Karachi,synth_City/TREx/P20.jsonl
2395,Ralph Vaughan Williams died in [MASK] .,London,synth_City/TREx/P20.jsonl
2400,Gilbert Stuart died in [MASK] .,Boston,synth_City/TREx/P20.jsonl
2401,Lochlann of Galloway died in [MASK] .,Northampton,synth_City/TREx/P20.jsonl
2403,Tara Browne died in [MASK] .,London,synth_City/TREx/P20.jsonl
2406,Adam Friedrich Oeser died in [MASK] .,Leipzig,synth_City/TREx/P20.jsonl
2410,Nicholas II died in [MASK] .,Florence,synth_City/TREx/P20.jsonl
2411,Andrei Gromyko died in [MASK] .,Moscow,synth_City/TREx/P20.jsonl
2415,Baron Cajetan von Felder died in [MASK] .,Vienna,synth_City/TREx/P20.jsonl
2416,"Ulrika Eleonora, Queen of Sweden died in [MASK] .",Stockholm,synth_City/TREx/P20.jsonl
2417,John Creasey died in [MASK] .,Salisbury,synth_City/TREx/P20.jsonl
2420,William Barton Rogers died in [MASK] .,Boston,synth_City/TREx/P20.jsonl
2421,Dinesh Chandra Gupta died in [MASK] .,Kolkata,synth_City/TREx/P20.jsonl
2424,John Webber died in [MASK] .,London,synth_City/TREx/P20.jsonl
2429,Rebecca Solomon died in [MASK] .,London,synth_City/TREx/P20.jsonl
2433,Christian Ranucci died in [MASK] .,Marseille,synth_City/TREx/P20.jsonl
2437,Carl Dahlhaus died in [MASK] .,Berlin,synth_City/TREx/P20.jsonl
2441,Heinrich Strack died in [MASK] .,Berlin,synth_City/TREx/P20.jsonl
2444,Henri Rousseau died in [MASK] .,Paris,synth_City/TREx/P20.jsonl
2455,Andrey Sheptytsky died in [MASK] .,Lviv,synth_City/TREx/P20.jsonl
2461,"Sir Henry Wilson, 1st Baronet died in [MASK] .",London,synth_City/TREx/P20.jsonl
2464,Gennady Yevryuzhikhin died in [MASK] .,Moscow,synth_City/TREx/P20.jsonl
2466,Muawiyah I died in [MASK] .,Damascus,synth_City/TREx/P20.jsonl
2471,Peter Raabe died in [MASK] .,Weimar,synth_City/TREx/P20.jsonl
2473,Nicolas Jenson died in [MASK] .,Venice,synth_City/TREx/P20.jsonl
2477,Peter Parler died in [MASK] .,Prague,synth_City/TREx/P20.jsonl
2478,William I of Sicily died in [MASK] .,Palermo,synth_City/TREx/P20.jsonl
2480,Hezekiah died in [MASK] .,Jerusalem,synth_City/TREx/P20.jsonl
2486,Leon Brittan died in [MASK] .,London,synth_City/TREx/P20.jsonl
2487,Horton Foote died in [MASK] .,Hartford,synth_City/TREx/P20.jsonl
2488,Rudolf Lothar died in [MASK] .,Budapest,synth_City/TREx/P20.jsonl
2494,Frank Leland died in [MASK] .,Chicago,synth_City/TREx/P20.jsonl
2497,Bartholomeus Breenbergh died in [MASK] .,Amsterdam,synth_City/TREx/P20.jsonl
2499,Minoru Yasui died in [MASK] .,Denver,synth_City/TREx/P20.jsonl
2500,Yongzheng Emperor died in [MASK] .,Beijing,synth_City/TREx/P20.jsonl
2502,Francesco Melzi d'Eril died in [MASK] .,Milan,synth_City/TREx/P20.jsonl
2506,Pedro de Ribera died in [MASK] .,Madrid,synth_City/TREx/P20.jsonl
2511,Hilary Minc died in [MASK] .,Warsaw,synth_City/TREx/P20.jsonl
2513,Ruskin Spear died in [MASK] .,London,synth_City/TREx/P20.jsonl
2515,Betsy Blair died in [MASK] .,London,synth_City/TREx/P20.jsonl
2517,Louis Aragon died in [MASK] .,Paris,synth_City/TREx/P20.jsonl
2522,Pierre Le Gros the Younger died in [MASK] .,Rome,synth_City/TREx/P20.jsonl
2524,Erich Regener died in [MASK] .,Stuttgart,synth_City/TREx/P20.jsonl
2525,Concha Espina died in [MASK] .,Madrid,synth_City/TREx/P20.jsonl
2527,Prince August Wilhelm of Prussia died in [MASK] .,Stuttgart,synth_City/TREx/P20.jsonl
2532,Marie Tussaud died in [MASK] .,London,synth_City/TREx/P20.jsonl
2535,Saint Margaret of Scotland died in [MASK] .,Edinburgh,synth_City/TREx/P20.jsonl
2540,Jean-Joseph de Mondonville died in [MASK] .,Paris,synth_City/TREx/P20.jsonl
2541,Francesco Durante died in [MASK] .,Naples,synth_City/TREx/P20.jsonl
2549,Nur Muhammad Taraki died in [MASK] .,Kabul,synth_City/TREx/P20.jsonl
2550,Robert Raymond died in [MASK] .,Sydney,synth_City/TREx/P20.jsonl
2551,B. Nagi Reddy died in [MASK] .,Madras,synth_City/TREx/P20.jsonl
2552,Maurice Vieux died in [MASK] .,Paris,synth_City/TREx/P20.jsonl
2553,Patrick Colquhoun died in [MASK] .,London,synth_City/TREx/P20.jsonl
2554,William Warburton died in [MASK] .,Gloucester,synth_City/TREx/P20.jsonl
2559,John McKinly died in [MASK] .,Wilmington,synth_City/TREx/P20.jsonl
2561,Tommaso Temanza died in [MASK] .,Venice,synth_City/TREx/P20.jsonl
2563,Annette Kolb died in [MASK] .,Munich,synth_City/TREx/P20.jsonl
2567,Viktor Chernomyrdin died in [MASK] .,Moscow,synth_City/TREx/P20.jsonl
2568,Frederick Gore died in [MASK] .,London,synth_City/TREx/P20.jsonl
2569,Ribeirinho died in [MASK] .,Lisbon,synth_City/TREx/P20.jsonl
2577,Nathaniel Wallich died in [MASK] .,London,synth_City/TREx/P20.jsonl
2579,Robert Browning died in [MASK] .,Venice,synth_City/TREx/P20.jsonl
2580,Hempstead Washburne died in [MASK] .,Chicago,synth_City/TREx/P20.jsonl
2583,Hjalmar Branting died in [MASK] .,Stockholm,synth_City/TREx/P20.jsonl
2585,Gustav Struve died in [MASK] .,Vienna,synth_City/TREx/P20.jsonl
2588,Edward Hitchcock died in [MASK] .,Massachusetts,synth_City/TREx/P20.jsonl
2597,Giuseppe Baini died in [MASK] .,Rome,synth_City/TREx/P20.jsonl
2600,Claus Schenk Graf von Stauffenberg died in [MASK] .,Berlin,synth_City/TREx/P20.jsonl
2603,Elisabeth Bykova died in [MASK] .,Moscow,synth_City/TREx/P20.jsonl
2611,Muhammad Farid died in [MASK] .,Berlin,synth_City/TREx/P20.jsonl
2614,Gabriele Santini died in [MASK] .,Rome,synth_City/TREx/P20.jsonl
2616,Charles Cottet died in [MASK] .,Paris,synth_City/TREx/P20.jsonl
2622,Daniel Bomberg died in [MASK] .,Venice,synth_City/TREx/P20.jsonl
2625,Gertrude Bell died in [MASK] .,Baghdad,synth_City/TREx/P20.jsonl
2627,Gregers Gram died in [MASK] .,Oslo,synth_City/TREx/P20.jsonl
2630,Giovanni Gabrieli died in [MASK] .,Venice,synth_City/TREx/P20.jsonl
2638,Conrad Busken Huet died in [MASK] .,Paris,synth_City/TREx/P20.jsonl
2640,Alberto Bayo died in [MASK] .,Havana,synth_City/TREx/P20.jsonl
2642,Magnus Enckell died in [MASK] .,Stockholm,synth_City/TREx/P20.jsonl
2644,Elsa the Lioness died in [MASK] .,Kenya,synth_City/TREx/P20.jsonl
2645,Donnchad Donn died in [MASK] .,Ireland,synth_City/TREx/P20.jsonl
2648,Johannes Hudde died in [MASK] .,Amsterdam,synth_City/TREx/P20.jsonl
2650,Alfonso IV of Aragon died in [MASK] .,Barcelona,synth_City/TREx/P20.jsonl
2653,Ernst Dohm died in [MASK] .,Berlin,synth_City/TREx/P20.jsonl
2654,Donato Bramante died in [MASK] .,Rome,synth_City/TREx/P20.jsonl
2666,Avraham Harman died in [MASK] .,Jerusalem,synth_City/TREx/P20.jsonl
2667,Everard Home died in [MASK] .,London,synth_City/TREx/P20.jsonl
2668,Fabrizio Spada died in [MASK] .,Rome,synth_City/TREx/P20.jsonl
2672,Giulia Grisi died in [MASK] .,Berlin,synth_City/TREx/P20.jsonl
2676,Guercino died in [MASK] .,Bologna,synth_City/TREx/P20.jsonl
2688,Guillermo Barreto died in [MASK] .,Havana,synth_City/TREx/P20.jsonl
2689,Sylvia Likens died in [MASK] .,Indianapolis,synth_City/TREx/P20.jsonl
2690,Augusto Genina died in [MASK] .,Rome,synth_City/TREx/P20.jsonl
2691,Hans Bol died in [MASK] .,Amsterdam,synth_City/TREx/P20.jsonl
2694,Henri II de Montmorency died in [MASK] .,Toulouse,synth_City/TREx/P20.jsonl
2695,Valdemar III of Denmark died in [MASK] .,Denmark,synth_City/TREx/P20.jsonl
2704,Francisco Franco died in [MASK] .,Madrid,synth_City/TREx/P20.jsonl
2773,Max Littmann died in [MASK] .,Munich,synth_City/TREx/P20.jsonl
2774,Paul Brill died in [MASK] .,Rome,synth_City/TREx/P20.jsonl
2781,Claude Bernard died in [MASK] .,Paris,synth_City/TREx/P20.jsonl
2789,Gamal Abdel Nasser died in [MASK] .,Cairo,synth_City/TREx/P20.jsonl
2799,Alexander Ralston died in [MASK] .,Indianapolis,synth_City/TREx/P20.jsonl
2804,Jane Jacobs died in [MASK] .,Toronto,synth_City/TREx/P20.jsonl
2807,Francesco Furini died in [MASK] .,Florence,synth_City/TREx/P20.jsonl
2809,"Thomas Dugdale, 1st Baron Crathorne died in [MASK] .",London,synth_City/TREx/P20.jsonl
2810,Dafydd ab Owain Gwynedd died in [MASK] .,England,synth_City/TREx/P20.jsonl
2817,Princess Ingeborg of Denmark died in [MASK] .,Stockholm,synth_City/TREx/P20.jsonl
2818,Joseph I of Bulgaria died in [MASK] .,Sofia,synth_City/TREx/P20.jsonl
2820,James Witherell died in [MASK] .,Detroit,synth_City/TREx/P20.jsonl
2821,Yakov Sverdlov died in [MASK] .,Moscow,synth_City/TREx/P20.jsonl
2824,Marcellin Berthelot died in [MASK] .,Paris,synth_City/TREx/P20.jsonl
2828,Abu'l-Faraj ibn al-Jawzi died in [MASK] .,Baghdad,synth_City/TREx/P20.jsonl
2830,Charles Louis Alphonse Laveran died in [MASK] .,Paris,synth_City/TREx/P20.jsonl
2831,Francisco de Ibarra died in [MASK] .,Mexican,synth_City/TREx/P20.jsonl
2832,Tycho Brahe died in [MASK] .,Prague,synth_City/TREx/P20.jsonl
2838,Wayne C. Booth died in [MASK] .,Chicago,synth_City/TREx/P20.jsonl
2841,Carl Ritter died in [MASK] .,Berlin,synth_City/TREx/P20.jsonl
2842,Sedat Alp died in [MASK] .,Ankara,synth_City/TREx/P20.jsonl
2844,Thomas Edmondson died in [MASK] .,Manchester,synth_City/TREx/P20.jsonl
2846,Thomas Story Kirkbride died in [MASK] .,Philadelphia,synth_City/TREx/P20.jsonl
2848,Jean Nicolas Pierre Hachette died in [MASK] .,Paris,synth_City/TREx/P20.jsonl
2852,Otto Julius Bierbaum died in [MASK] .,Dresden,synth_City/TREx/P20.jsonl
2854,Manuel I of Portugal died in [MASK] .,Lisbon,synth_City/TREx/P20.jsonl
2859,Charles Grafly died in [MASK] .,Philadelphia,synth_City/TREx/P20.jsonl
2861,Dawn Clark Netsch died in [MASK] .,Chicago,synth_City/TREx/P20.jsonl
2864,Gaetano Moroni died in [MASK] .,Rome,synth_City/TREx/P20.jsonl
2866,Frederick Stanley Maude died in [MASK] .,Baghdad,synth_City/TREx/P20.jsonl
2870,"Florestan I, Prince of Monaco died in [MASK] .",Paris,synth_City/TREx/P20.jsonl
2873,"Maurice Hankey, 1st Baron Hankey died in [MASK] .",London,synth_City/TREx/P20.jsonl
2874,Ranganath died in [MASK] .,Hyderabad,synth_City/TREx/P20.jsonl
2876,Annalisa Ericson died in [MASK] .,Stockholm,synth_City/TREx/P20.jsonl
2877,Frederic Eugene Ives died in [MASK] .,Philadelphia,synth_City/TREx/P20.jsonl
2880,Edward Heath died in [MASK] .,Salisbury,synth_City/TREx/P20.jsonl
2881,Judith Binney died in [MASK] .,Auckland,synth_City/TREx/P20.jsonl
2883,Wells Coates died in [MASK] .,Vancouver,synth_City/TREx/P20.jsonl
2884,Ehrenfried Walther von Tschirnhaus died in [MASK] .,Dresden,synth_City/TREx/P20.jsonl
2886,Giovanni Battista Sammartini died in [MASK] .,Milan,synth_City/TREx/P20.jsonl
2888,Healey Willan died in [MASK] .,Toronto,synth_City/TREx/P20.jsonl
2890,"Margaret Cavendish, Duchess of Newcastle-upon-Tyne died in [MASK] .",English,synth_City/TREx/P20.jsonl
