,sent,gold,filename
80,Saint-Domingue expedition is located in [MASK] .,Haiti,synth_City/TREx/P276.jsonl
82,Grote of Sint-Laurenskerk is located in [MASK] .,Rotterdam,synth_City/TREx/P276.jsonl
83,BT Tower is located in [MASK] .,London,synth_City/TREx/P276.jsonl
95,21st Ankara International Film Festival is located in [MASK] .,Ankara,synth_City/TREx/P276.jsonl
97,Netherlands Architecture Institute is located in [MASK] .,Rotterdam,synth_City/TREx/P276.jsonl
100,European Theatre of World War II is located in [MASK] .,Europe,synth_City/TREx/P276.jsonl
106,Delhi Technological University is located in [MASK] .,India,synth_City/TREx/P276.jsonl
110,2002 Australian Open is located in [MASK] .,Melbourne,synth_City/TREx/P276.jsonl
112,Helsinki Film Festival is located in [MASK] .,Helsinki,synth_City/TREx/P276.jsonl
123,Battle of Arfderydd is located in [MASK] .,Cumberland,synth_City/TREx/P276.jsonl
124,2013 German federal election is located in [MASK] .,Germany,synth_City/TREx/P276.jsonl
126,Battle of Ad Decimum is located in [MASK] .,Carthage,synth_City/TREx/P276.jsonl
131,Modernisme is located in [MASK] .,Catalonia,synth_City/TREx/P276.jsonl
163,Cantabrian Wars is located in [MASK] .,Spain,synth_City/TREx/P276.jsonl
178,Sino-Nepalese War is located in [MASK] .,Tibetan,synth_City/TREx/P276.jsonl
182,White Rajahs is located in [MASK] .,Sarawak,synth_City/TREx/P276.jsonl
239,21 July 2005 London bombings is located in [MASK] .,London,synth_City/TREx/P276.jsonl
241,Manila Accord is located in [MASK] .,Manila,synth_City/TREx/P276.jsonl
243,Erasmus University Rotterdam is located in [MASK] .,Rotterdam,synth_City/TREx/P276.jsonl
301,Azania is located in [MASK] .,Africa,synth_City/TREx/P276.jsonl
306,KK Partizan is located in [MASK] .,Belgrade,synth_City/TREx/P276.jsonl
323,Radical War is located in [MASK] .,Scotland,synth_City/TREx/P276.jsonl
325,London Indian Film Festival is located in [MASK] .,London,synth_City/TREx/P276.jsonl
326,Borneo campaign is located in [MASK] .,Borneo,synth_City/TREx/P276.jsonl
327,Anadolu Efes S.K. is located in [MASK] .,Istanbul,synth_City/TREx/P276.jsonl
333,Cemi is located in [MASK] .,Caribbean,synth_City/TREx/P276.jsonl
338,Eschborn-Frankfurt City Loop is located in [MASK] .,Frankfurt,synth_City/TREx/P276.jsonl
343,Early modern Europe is located in [MASK] .,Europe,synth_City/TREx/P276.jsonl
350,Tartu Offensive is located in [MASK] .,Estonia,synth_City/TREx/P276.jsonl
360,Grande Arche is located in [MASK] .,Paris,synth_City/TREx/P276.jsonl
370,Open 13 is located in [MASK] .,Marseille,synth_City/TREx/P276.jsonl
382,2SM is located in [MASK] .,Sydney,synth_City/TREx/P276.jsonl
395,Marquess of Salisbury is located in [MASK] .,Salisbury,synth_City/TREx/P276.jsonl
409,Invasion of Kuwait is located in [MASK] .,Kuwait,synth_City/TREx/P276.jsonl
413,Champaner-Pavagadh Archaeological Park is located in [MASK] .,Gujarat,synth_City/TREx/P276.jsonl
419,Vienna Offensive is located in [MASK] .,Vienna,synth_City/TREx/P276.jsonl
422,Antwerp Mannerism is located in [MASK] .,Antwerp,synth_City/TREx/P276.jsonl
424,Square Kilometre Array is located in [MASK] .,Australia,synth_City/TREx/P276.jsonl
451,"Holy Name Cathedral, Chicago is located in [MASK] .",Chicago,synth_City/TREx/P276.jsonl
467,Panathenaic Stadium is located in [MASK] .,Athens,synth_City/TREx/P276.jsonl
483,2012 Assam violence is located in [MASK] .,Assam,synth_City/TREx/P276.jsonl
484,Treaty of Lausanne is located in [MASK] .,Lausanne,synth_City/TREx/P276.jsonl
485,Carnival of Venice is located in [MASK] .,Venice,synth_City/TREx/P276.jsonl
486,Macau International Movie Festival is located in [MASK] .,Macau,synth_City/TREx/P276.jsonl
491,Old Market Square is located in [MASK] .,Nottingham,synth_City/TREx/P276.jsonl
494,Strategic Offensive Reductions Treaty is located in [MASK] .,Moscow,synth_City/TREx/P276.jsonl
497,PAX is located in [MASK] .,Boston,synth_City/TREx/P276.jsonl
507,University of Edinburgh is located in [MASK] .,Edinburgh,synth_City/TREx/P276.jsonl
543,34th Chess Olympiad is located in [MASK] .,Istanbul,synth_City/TREx/P276.jsonl
554,Ensemble InterContemporain is located in [MASK] .,Paris,synth_City/TREx/P276.jsonl
559,Thames Clippers is located in [MASK] .,London,synth_City/TREx/P276.jsonl
563,Mole Antonelliana is located in [MASK] .,Turin,synth_City/TREx/P276.jsonl
573,Clan Lindsay is located in [MASK] .,Scottish,synth_City/TREx/P276.jsonl
575,2009 Lahore police academy attacks is located in [MASK] .,Lahore,synth_City/TREx/P276.jsonl
577,Royal Palace of Amsterdam is located in [MASK] .,Amsterdam,synth_City/TREx/P276.jsonl
608,Cypriot Cup is located in [MASK] .,Cyprus,synth_City/TREx/P276.jsonl
612,Holy Week processions in Guatemala is located in [MASK] .,Guatemala,synth_City/TREx/P276.jsonl
615,1986 Goodwill Games is located in [MASK] .,Moscow,synth_City/TREx/P276.jsonl
619,2011 Australian Open is located in [MASK] .,Melbourne,synth_City/TREx/P276.jsonl
621,Dunnes Stores is located in [MASK] .,Ireland,synth_City/TREx/P276.jsonl
626,Operation Enduring Freedom is located in [MASK] .,Afghanistan,synth_City/TREx/P276.jsonl
635,Russian apartment bombings is located in [MASK] .,Moscow,synth_City/TREx/P276.jsonl
642,Battle of Leipzig is located in [MASK] .,Leipzig,synth_City/TREx/P276.jsonl
644,Ten Years' War is located in [MASK] .,Cuba,synth_City/TREx/P276.jsonl
661,Partitio terrarum imperii Romaniae is located in [MASK] .,Constantinople,synth_City/TREx/P276.jsonl
665,Chaos Communication Congress is located in [MASK] .,Berlin,synth_City/TREx/P276.jsonl
666,Operation Storm is located in [MASK] .,Croatia,synth_City/TREx/P276.jsonl
672,Ciompi Revolt is located in [MASK] .,Florence,synth_City/TREx/P276.jsonl
682,Northern Suburbs Rugby Club is located in [MASK] .,Sydney,synth_City/TREx/P276.jsonl
683,Bagatelle is located in [MASK] .,Oslo,synth_City/TREx/P276.jsonl
687,Nellie massacre is located in [MASK] .,Assam,synth_City/TREx/P276.jsonl
689,Channel 4's Comedy Gala is located in [MASK] .,London,synth_City/TREx/P276.jsonl
691,PBC CSKA Moscow is located in [MASK] .,Moscow,synth_City/TREx/P276.jsonl
693,Liberty Bell Classic is located in [MASK] .,Philadelphia,synth_City/TREx/P276.jsonl
698,Singapore International Film Festival is located in [MASK] .,Singapore,synth_City/TREx/P276.jsonl
700,Battle of Crug Mawr is located in [MASK] .,Wales,synth_City/TREx/P276.jsonl
701,Arcapita is located in [MASK] .,London,synth_City/TREx/P276.jsonl
706,Astronomical Calculation Institute is located in [MASK] .,Heidelberg,synth_City/TREx/P276.jsonl
724,Post-Soviet states is located in [MASK] .,Russia,synth_City/TREx/P276.jsonl
731,Stoom Stichting Nederland is located in [MASK] .,Rotterdam,synth_City/TREx/P276.jsonl
735,Ottawa International Animation Festival is located in [MASK] .,Ottawa,synth_City/TREx/P276.jsonl
737,Western Allied invasion of Germany is located in [MASK] .,Netherlands,synth_City/TREx/P276.jsonl
738,Gran Teatre del Liceu is located in [MASK] .,Barcelona,synth_City/TREx/P276.jsonl
819,Family Life Radio is located in [MASK] .,Michigan,synth_City/TREx/P276.jsonl
822,Pazzi conspiracy is located in [MASK] .,Florence,synth_City/TREx/P276.jsonl
824,Sicilian Baroque is located in [MASK] .,Sicily,synth_City/TREx/P276.jsonl
835,Atlanta International Documentary Film Festival is located in [MASK] .,Atlanta,synth_City/TREx/P276.jsonl
841,Nivelle Offensive is located in [MASK] .,France,synth_City/TREx/P276.jsonl
843,Yerevan International Film Festival is located in [MASK] .,Yerevan,synth_City/TREx/P276.jsonl
854,Asia Pacific Film Festival is located in [MASK] .,Asia,synth_City/TREx/P276.jsonl
855,Hungarian Revolution of 1956 is located in [MASK] .,Hungary,synth_City/TREx/P276.jsonl
910,Halchidhoma is located in [MASK] .,California,synth_City/TREx/P276.jsonl
915,2000 Summer Paralympics is located in [MASK] .,Sydney,synth_City/TREx/P276.jsonl
1105,Sicilian Expedition is located in [MASK] .,Sicily,synth_City/TREx/P276.jsonl
1109,Armagh Observatory is located in [MASK] .,Armagh,synth_City/TREx/P276.jsonl
1117,Uruguayan War is located in [MASK] .,Uruguay,synth_City/TREx/P276.jsonl
1124,2011 Norway attacks is located in [MASK] .,Oslo,synth_City/TREx/P276.jsonl
1129,2011 Libyan Civil War is located in [MASK] .,Libya,synth_City/TREx/P276.jsonl
1145,Alexandrine grammarians is located in [MASK] .,Alexandria,synth_City/TREx/P276.jsonl
1147,Leicester Comedy Festival is located in [MASK] .,Leicester,synth_City/TREx/P276.jsonl
1151,Snooker Shoot-Out is located in [MASK] .,Blackpool,synth_City/TREx/P276.jsonl
1156,Istanbul Technical University is located in [MASK] .,Istanbul,synth_City/TREx/P276.jsonl
1188,Expo '98 is located in [MASK] .,Lisbon,synth_City/TREx/P276.jsonl
1194,Zagreb Pride is located in [MASK] .,Zagreb,synth_City/TREx/P276.jsonl
1219,Regina Coeli is located in [MASK] .,Rome,synth_City/TREx/P276.jsonl
1226,Scottish National Portrait Gallery is located in [MASK] .,Edinburgh,synth_City/TREx/P276.jsonl
1241,World War II is located in [MASK] .,Europe,synth_City/TREx/P276.jsonl
1940,Hitachi is located in [MASK] .,Melbourne,synth_City/TREx/P276.jsonl
1949,Operation Perch is located in [MASK] .,Normandy,synth_City/TREx/P276.jsonl
1950,2007 European Youth Summer Olympic Festival is located in [MASK] .,Belgrade,synth_City/TREx/P276.jsonl
1953,Cleveland Classic is located in [MASK] .,Cleveland,synth_City/TREx/P276.jsonl
1957,parish church is located in [MASK] .,parish,synth_City/TREx/P276.jsonl
2140,Istanbul riots is located in [MASK] .,Istanbul,synth_City/TREx/P276.jsonl
2148,Iditarod Trail Sled Dog Race is located in [MASK] .,Alaska,synth_City/TREx/P276.jsonl
2153,Chelyabinsk meteor is located in [MASK] .,Russia,synth_City/TREx/P276.jsonl
2158,Beethovenhalle is located in [MASK] .,Bonn,synth_City/TREx/P276.jsonl
2166,28th Chess Olympiad is located in [MASK] .,Thessaloniki,synth_City/TREx/P276.jsonl
2168,Battle of Ullais is located in [MASK] .,Iraq,synth_City/TREx/P276.jsonl
2170,Arnon Street killings is located in [MASK] .,Belfast,synth_City/TREx/P276.jsonl
2172,Galleria Vittorio Emanuele II is located in [MASK] .,Milan,synth_City/TREx/P276.jsonl
2207,Pogrom of Armenians in Baku is located in [MASK] .,Baku,synth_City/TREx/P276.jsonl
2211,2006 IAAF World Indoor Championships is located in [MASK] .,Moscow,synth_City/TREx/P276.jsonl
2225,Parish meeting is located in [MASK] .,England,synth_City/TREx/P276.jsonl
2228,Domlur is located in [MASK] .,Bangalore,synth_City/TREx/P276.jsonl
2231,Milltown Cemetery attack is located in [MASK] .,Belfast,synth_City/TREx/P276.jsonl
2235,Federal Palace of Switzerland is located in [MASK] .,Bern,synth_City/TREx/P276.jsonl
2242,Victoria Law Courts is located in [MASK] .,Birmingham,synth_City/TREx/P276.jsonl
2244,Melbourne International Comedy Festival is located in [MASK] .,Melbourne,synth_City/TREx/P276.jsonl
2247,Santander Cycles is located in [MASK] .,London,synth_City/TREx/P276.jsonl
2255,Operation Barbarossa is located in [MASK] .,Belarus,synth_City/TREx/P276.jsonl
2258,Convent of Las Descalzas Reales is located in [MASK] .,Madrid,synth_City/TREx/P276.jsonl
2268,ice cream cone is located in [MASK] .,Australia,synth_City/TREx/P276.jsonl
2270,Space Shuttle Columbia disaster is located in [MASK] .,Louisiana,synth_City/TREx/P276.jsonl
2272,Seattle Lesbian & Gay Film Festival is located in [MASK] .,Seattle,synth_City/TREx/P276.jsonl
2278,Chicago Rockets is located in [MASK] .,Chicago,synth_City/TREx/P276.jsonl
2280,NatFilm Festival is located in [MASK] .,Copenhagen,synth_City/TREx/P276.jsonl
2283,Russian Civil War is located in [MASK] .,Iran,synth_City/TREx/P276.jsonl
2284,Miss Wales is located in [MASK] .,Wales,synth_City/TREx/P276.jsonl
2287,Beijing College Student Film Festival is located in [MASK] .,Beijing,synth_City/TREx/P276.jsonl
2290,Royal Danish Library is located in [MASK] .,Copenhagen,synth_City/TREx/P276.jsonl
2308,Battle of Poelcappelle is located in [MASK] .,Flanders,synth_City/TREx/P276.jsonl
2309,2009 Jakarta bombings is located in [MASK] .,Jakarta,synth_City/TREx/P276.jsonl
2312,2014 IIHF World Championship is located in [MASK] .,Minsk,synth_City/TREx/P276.jsonl
2318,Tunisian Revolution is located in [MASK] .,Tunisia,synth_City/TREx/P276.jsonl
2324,World Bowl XV is located in [MASK] .,Frankfurt,synth_City/TREx/P276.jsonl
2325,Tripartite Pact is located in [MASK] .,Berlin,synth_City/TREx/P276.jsonl
2329,Stockholm Bloodbath is located in [MASK] .,Stockholm,synth_City/TREx/P276.jsonl
2335,XS Malarkey is located in [MASK] .,Manchester,synth_City/TREx/P276.jsonl
2354,Haitian Carnival is located in [MASK] .,Haiti,synth_City/TREx/P276.jsonl
2355,Kulturen is located in [MASK] .,Lund,synth_City/TREx/P276.jsonl
2360,The Helix is located in [MASK] .,Dublin,synth_City/TREx/P276.jsonl
2371,Hagios Demetrios is located in [MASK] .,Thessaloniki,synth_City/TREx/P276.jsonl
2373,Battle of Shanghai is located in [MASK] .,Shanghai,synth_City/TREx/P276.jsonl
2382,1990 Goodwill Games is located in [MASK] .,Seattle,synth_City/TREx/P276.jsonl
2390,Wildscreen is located in [MASK] .,Bristol,synth_City/TREx/P276.jsonl
2396,Ostankino Tower is located in [MASK] .,Moscow,synth_City/TREx/P276.jsonl
2405,Eurovision Song Contest 2005 is located in [MASK] .,Kiev,synth_City/TREx/P276.jsonl
2435,1985 Southeast Asian Games is located in [MASK] .,Bangkok,synth_City/TREx/P276.jsonl
2447,Massey University is located in [MASK] .,Wellington,synth_City/TREx/P276.jsonl
2480,1988 Summer Paralympics is located in [MASK] .,Seoul,synth_City/TREx/P276.jsonl
2508,Sofia International Film Festival is located in [MASK] .,Sofia,synth_City/TREx/P276.jsonl
2516,Operation Overlord is located in [MASK] .,Normandy,synth_City/TREx/P276.jsonl
2521,United Services Recreation Ground is located in [MASK] .,Portsmouth,synth_City/TREx/P276.jsonl
2531,Kunstnernes Frie Studieskoler is located in [MASK] .,Copenhagen,synth_City/TREx/P276.jsonl
2534,Tricorn Centre is located in [MASK] .,Portsmouth,synth_City/TREx/P276.jsonl
2541,Storming of the Bastille is located in [MASK] .,Paris,synth_City/TREx/P276.jsonl
2551,USS Cole bombing is located in [MASK] .,Aden,synth_City/TREx/P276.jsonl
2557,Berlin Papyrus 6619 is located in [MASK] .,Berlin,synth_City/TREx/P276.jsonl
2559,Operation Dingson is located in [MASK] .,Brittany,synth_City/TREx/P276.jsonl
2562,Dhurakij Pundit University is located in [MASK] .,Bangkok,synth_City/TREx/P276.jsonl
2565,2000 Summer Olympics is located in [MASK] .,Sydney,synth_City/TREx/P276.jsonl
4424,Maryland Film Festival is located in [MASK] .,Baltimore,synth_City/TREx/P276.jsonl
4434,South Yemen insurgency is located in [MASK] .,Yemen,synth_City/TREx/P276.jsonl
4438,Cardiff Blitz is located in [MASK] .,Cardiff,synth_City/TREx/P276.jsonl
4440,Capitol Hill massacre is located in [MASK] .,Seattle,synth_City/TREx/P276.jsonl
4442,Northamptonshire Regiment is located in [MASK] .,Northampton,synth_City/TREx/P276.jsonl
4448,Tripura University is located in [MASK] .,India,synth_City/TREx/P276.jsonl
4451,Veii is located in [MASK] .,Italy,synth_City/TREx/P276.jsonl
4453,2015 WTA Finals is located in [MASK] .,Singapore,synth_City/TREx/P276.jsonl
4455,Case White is located in [MASK] .,Herzegovina,synth_City/TREx/P276.jsonl
4457,2001 Goodwill Games is located in [MASK] .,Brisbane,synth_City/TREx/P276.jsonl
4469,2014 WTA Finals is located in [MASK] .,Singapore,synth_City/TREx/P276.jsonl
4472,CERN is located in [MASK] .,Geneva,synth_City/TREx/P276.jsonl
4537,New START is located in [MASK] .,Prague,synth_City/TREx/P276.jsonl
4538,Beylerbeyi Palace is located in [MASK] .,Istanbul,synth_City/TREx/P276.jsonl
4549,congress of Berlin is located in [MASK] .,Berlin,synth_City/TREx/P276.jsonl
4553,2013 Island Games is located in [MASK] .,Bermuda,synth_City/TREx/P276.jsonl
4560,Great Plague of London is located in [MASK] .,London,synth_City/TREx/P276.jsonl
4591,Parsley Massacre is located in [MASK] .,Haiti,synth_City/TREx/P276.jsonl
4593,Giudicato of Logudoro is located in [MASK] .,Sardinia,synth_City/TREx/P276.jsonl
4622,Syrian Civil War is located in [MASK] .,Syria,synth_City/TREx/P276.jsonl
4750,1998 United States embassy bombings is located in [MASK] .,Nairobi,synth_City/TREx/P276.jsonl
4756,Ajyad Fortress is located in [MASK] .,Mecca,synth_City/TREx/P276.jsonl
4759,Albany City Hall is located in [MASK] .,Albany,synth_City/TREx/P276.jsonl
4764,La Tropicale Amissa Bongo is located in [MASK] .,Gabon,synth_City/TREx/P276.jsonl
4769,Hot Docs - Canadian International Documentary Festival is located in [MASK] .,Toronto,synth_City/TREx/P276.jsonl
4773,40 Wall Street is located in [MASK] .,Manhattan,synth_City/TREx/P276.jsonl
4776,Guangzhou Uprising is located in [MASK] .,Guangzhou,synth_City/TREx/P276.jsonl
4781,University of Oxford is located in [MASK] .,Oxford,synth_City/TREx/P276.jsonl
4784,Shanghai Tower is located in [MASK] .,Shanghai,synth_City/TREx/P276.jsonl
4788,Warsaw Uprising is located in [MASK] .,Warsaw,synth_City/TREx/P276.jsonl
4796,SS Rotterdam is located in [MASK] .,Rotterdam,synth_City/TREx/P276.jsonl
4801,2012 Summer Olympics is located in [MASK] .,London,synth_City/TREx/P276.jsonl
6579,Viking art is located in [MASK] .,Scandinavia,synth_City/TREx/P276.jsonl
6582,London Book Fair is located in [MASK] .,London,synth_City/TREx/P276.jsonl
6586,Ten-Day War is located in [MASK] .,Slovenian,synth_City/TREx/P276.jsonl
6605,Polkagris is located in [MASK] .,Sweden,synth_City/TREx/P276.jsonl
6609,TTT Riga is located in [MASK] .,Riga,synth_City/TREx/P276.jsonl
6613,The Blind Beggar is located in [MASK] .,London,synth_City/TREx/P276.jsonl
6616,Middle East Technical University is located in [MASK] .,Ankara,synth_City/TREx/P276.jsonl
6664,Lithuanian Wars of Independence is located in [MASK] .,Lithuania,synth_City/TREx/P276.jsonl
6665,West Somerset Mineral Railway is located in [MASK] .,Somerset,synth_City/TREx/P276.jsonl
6671,BC Kyiv is located in [MASK] .,Kiev,synth_City/TREx/P276.jsonl
6676,Battle of Jerusalem is located in [MASK] .,Jerusalem,synth_City/TREx/P276.jsonl
6677,Hagia Sophia is located in [MASK] .,Istanbul,synth_City/TREx/P276.jsonl
6708,Pallacanestro Virtus Roma is located in [MASK] .,Rome,synth_City/TREx/P276.jsonl
6714,Ajanta Caves is located in [MASK] .,Maharashtra,synth_City/TREx/P276.jsonl
6721,2005 Bali bombings is located in [MASK] .,Bali,synth_City/TREx/P276.jsonl
6723,2014 ICF Canoe Sprint World Championships is located in [MASK] .,Moscow,synth_City/TREx/P276.jsonl
6724,Romanesque art is located in [MASK] .,Europe,synth_City/TREx/P276.jsonl
6731,Mannheim-Heidelberg International Film Festival is located in [MASK] .,Heidelberg,synth_City/TREx/P276.jsonl
6733,Kunsthistorisches Museum is located in [MASK] .,Vienna,synth_City/TREx/P276.jsonl
6816,Battle of Plassey is located in [MASK] .,Calcutta,synth_City/TREx/P276.jsonl
6823,Santa Maria della Salute is located in [MASK] .,Venice,synth_City/TREx/P276.jsonl
6830,Convention on preventing and combating violence against women and domestic violence is located in [MASK] .,Istanbul,synth_City/TREx/P276.jsonl
6832,Femina Miss India 2013 is located in [MASK] .,Mumbai,synth_City/TREx/P276.jsonl
6833,Operation Bagration is located in [MASK] .,Belarus,synth_City/TREx/P276.jsonl
6840,Bangalore International Film Festival is located in [MASK] .,Bangalore,synth_City/TREx/P276.jsonl
6842,Operation Unified Protector is located in [MASK] .,Libya,synth_City/TREx/P276.jsonl
6845,Battle for Brest is located in [MASK] .,Brittany,synth_City/TREx/P276.jsonl
6852,Jakarta International Java Jazz Festival is located in [MASK] .,Jakarta,synth_City/TREx/P276.jsonl
6860,Kolkata Book Fair is located in [MASK] .,Kolkata,synth_City/TREx/P276.jsonl
6869,Second Italo-Ethiopian War is located in [MASK] .,Ethiopia,synth_City/TREx/P276.jsonl
6883,Independence Republic of Sardinia is located in [MASK] .,Sardinia,synth_City/TREx/P276.jsonl
6891,1979 Southeast Asian Games is located in [MASK] .,Jakarta,synth_City/TREx/P276.jsonl
6893,Corrective Movement is located in [MASK] .,Syria,synth_City/TREx/P276.jsonl
6899,WDR Symphony Orchestra Cologne is located in [MASK] .,Cologne,synth_City/TREx/P276.jsonl
6907,Viennale is located in [MASK] .,Vienna,synth_City/TREx/P276.jsonl
6914,Barcelona May Days is located in [MASK] .,Barcelona,synth_City/TREx/P276.jsonl
6919,Levallois Metropolitans is located in [MASK] .,Paris,synth_City/TREx/P276.jsonl
6925,Memorial Day massacre of 1937 is located in [MASK] .,Chicago,synth_City/TREx/P276.jsonl
6928,Battle of Powick Bridge is located in [MASK] .,Worcester,synth_City/TREx/P276.jsonl
6931,Papar is located in [MASK] .,Iceland,synth_City/TREx/P276.jsonl
7010,Gazi University is located in [MASK] .,Ankara,synth_City/TREx/P276.jsonl
7022,Capitol Records Building is located in [MASK] .,Hollywood,synth_City/TREx/P276.jsonl
7031,2015 Indian Open is located in [MASK] .,Mumbai,synth_City/TREx/P276.jsonl
7033,Dowsborough is located in [MASK] .,Somerset,synth_City/TREx/P276.jsonl
7035,Images Festival is located in [MASK] .,Toronto,synth_City/TREx/P276.jsonl
7038,Stoney Littleton Long Barrow is located in [MASK] .,Somerset,synth_City/TREx/P276.jsonl
7041,2006 Mumbai train bombings is located in [MASK] .,Mumbai,synth_City/TREx/P276.jsonl
7043,Beidha is located in [MASK] .,Jordan,synth_City/TREx/P276.jsonl
7059,Warsaw International Film Festival is located in [MASK] .,Warsaw,synth_City/TREx/P276.jsonl
7061,Diergaarde Blijdorp is located in [MASK] .,Rotterdam,synth_City/TREx/P276.jsonl
7067,Kranji War Memorial is located in [MASK] .,Singapore,synth_City/TREx/P276.jsonl
7070,Christkindlesmarkt is located in [MASK] .,Nuremberg,synth_City/TREx/P276.jsonl
7074,Third Floor Gallery is located in [MASK] .,Cardiff,synth_City/TREx/P276.jsonl
7077,Boston Film Festival is located in [MASK] .,Boston,synth_City/TREx/P276.jsonl
7079,Movement for the Independence of Sicily is located in [MASK] .,Sicily,synth_City/TREx/P276.jsonl
7089,"Scottish independence referendum, 2014 is located in [MASK] .",Scotland,synth_City/TREx/P276.jsonl
7115,Vancouver International Film Festival is located in [MASK] .,Vancouver,synth_City/TREx/P276.jsonl
7128,Colorado River Indian Tribes is located in [MASK] .,Arizona,synth_City/TREx/P276.jsonl
7130,London International Surrealist Exhibition is located in [MASK] .,London,synth_City/TREx/P276.jsonl
7134,23rd European Film Awards is located in [MASK] .,Tallinn,synth_City/TREx/P276.jsonl
7136,culture of Asia is located in [MASK] .,Asia,synth_City/TREx/P276.jsonl
7139,1983 Southeast Asian Games is located in [MASK] .,Singapore,synth_City/TREx/P276.jsonl
7141,Kunsthal is located in [MASK] .,Rotterdam,synth_City/TREx/P276.jsonl
7146,Immortal Game is located in [MASK] .,London,synth_City/TREx/P276.jsonl
7148,Bern Minster is located in [MASK] .,Bern,synth_City/TREx/P276.jsonl
7159,KK Cedevita is located in [MASK] .,Zagreb,synth_City/TREx/P276.jsonl
7161,Japan Open Tennis Championships is located in [MASK] .,Tokyo,synth_City/TREx/P276.jsonl
7174,2003 Casablanca bombing is located in [MASK] .,Casablanca,synth_City/TREx/P276.jsonl
7176,1999 European Athletics Junior Championships is located in [MASK] .,Riga,synth_City/TREx/P276.jsonl
7179,Glasgow Film Festival is located in [MASK] .,Glasgow,synth_City/TREx/P276.jsonl
7181,Battle of Kasserine Pass is located in [MASK] .,Tunisia,synth_City/TREx/P276.jsonl
7184,Canada International Film Festival is located in [MASK] .,Vancouver,synth_City/TREx/P276.jsonl
7187,International Cup of Nice is located in [MASK] .,Nice,synth_City/TREx/P276.jsonl
7213,Battle of Hatfield Chase is located in [MASK] .,Doncaster,synth_City/TREx/P276.jsonl
7217,York University is located in [MASK] .,Toronto,synth_City/TREx/P276.jsonl
7406,Portobello Film Festival is located in [MASK] .,London,synth_City/TREx/P276.jsonl
7419,Battle of Chacabuco is located in [MASK] .,Santiago,synth_City/TREx/P276.jsonl
7423,COBRA is located in [MASK] .,Copenhagen,synth_City/TREx/P276.jsonl
7424,29 September 2008 western India bombings is located in [MASK] .,Maharashtra,synth_City/TREx/P276.jsonl
7426,Chicago Golden Gloves is located in [MASK] .,Chicago,synth_City/TREx/P276.jsonl
7427,Qataban is located in [MASK] .,Yemen,synth_City/TREx/P276.jsonl
7430,Battle of Fort Dearborn is located in [MASK] .,Chicago,synth_City/TREx/P276.jsonl
7438,26/11 Mumbai attacks is located in [MASK] .,Mumbai,synth_City/TREx/P276.jsonl
7445,Palm wine is located in [MASK] .,Mexico,synth_City/TREx/P276.jsonl
7450,1993 Southeast Asian Games is located in [MASK] .,Singapore,synth_City/TREx/P276.jsonl
7452,Battle of Suipacha is located in [MASK] .,Bolivia,synth_City/TREx/P276.jsonl
7457,CNN Center is located in [MASK] .,Atlanta,synth_City/TREx/P276.jsonl
7466,World War I is located in [MASK] .,Africa,synth_City/TREx/P276.jsonl
7525,Jay Treaty is located in [MASK] .,London,synth_City/TREx/P276.jsonl
7527,Battle of France is located in [MASK] .,Belgium,synth_City/TREx/P276.jsonl
7534,Invasion of Poland is located in [MASK] .,Polish,synth_City/TREx/P276.jsonl
7547,Georgi Dimitrov Mausoleum is located in [MASK] .,Sofia,synth_City/TREx/P276.jsonl
7549,KK Zrinjevac is located in [MASK] .,Zagreb,synth_City/TREx/P276.jsonl
7554,Basilica Cistern is located in [MASK] .,Istanbul,synth_City/TREx/P276.jsonl
7561,Galatasaray University is located in [MASK] .,Istanbul,synth_City/TREx/P276.jsonl
7565,Film Fest Gent is located in [MASK] .,Ghent,synth_City/TREx/P276.jsonl
7567,Animafest Zagreb is located in [MASK] .,Zagreb,synth_City/TREx/P276.jsonl
7574,Norwich Market is located in [MASK] .,Norwich,synth_City/TREx/P276.jsonl
7580,Irish Museum of Modern Art is located in [MASK] .,Dublin,synth_City/TREx/P276.jsonl
7581,1972 Summer Paralympics is located in [MASK] .,Heidelberg,synth_City/TREx/P276.jsonl
7639,Glasgow School is located in [MASK] .,Glasgow,synth_City/TREx/P276.jsonl
7649,Shanghai International Film Festival is located in [MASK] .,Shanghai,synth_City/TREx/P276.jsonl
7653,January Events is located in [MASK] .,Vilnius,synth_City/TREx/P276.jsonl
7654,BC Lietuvos rytas is located in [MASK] .,Vilnius,synth_City/TREx/P276.jsonl
7659,International Istanbul Film Festival is located in [MASK] .,Istanbul,synth_City/TREx/P276.jsonl
7664,Hualapai people is located in [MASK] .,Arizona,synth_City/TREx/P276.jsonl
7673,Tour de Pologne is located in [MASK] .,Poland,synth_City/TREx/P276.jsonl
7680,Second Crusade is located in [MASK] .,Levant,synth_City/TREx/P276.jsonl
7681,Netherlands Film Festival is located in [MASK] .,Utrecht,synth_City/TREx/P276.jsonl
7690,Autonomous University of Barcelona is located in [MASK] .,Barcelona,synth_City/TREx/P276.jsonl
7721,Nagorno-Karabakh War is located in [MASK] .,Armenia,synth_City/TREx/P276.jsonl
7762,Northern Mali conflict is located in [MASK] .,Mali,synth_City/TREx/P276.jsonl
7775,Fallas of Valencia is located in [MASK] .,Valencia,synth_City/TREx/P276.jsonl
7778,Gulf War is located in [MASK] .,Iraq,synth_City/TREx/P276.jsonl
7912,1987 Southeast Asian Games is located in [MASK] .,Jakarta,synth_City/TREx/P276.jsonl
7916,Hapoel Jerusalem B.C. is located in [MASK] .,Jerusalem,synth_City/TREx/P276.jsonl
7925,KK Crvena zvezda is located in [MASK] .,Belgrade,synth_City/TREx/P276.jsonl
7935,Operation Athena is located in [MASK] .,Afghanistan,synth_City/TREx/P276.jsonl
7937,Battle of Baltimore is located in [MASK] .,Baltimore,synth_City/TREx/P276.jsonl
7944,Toronto International Film Festival is located in [MASK] .,Toronto,synth_City/TREx/P276.jsonl
7948,Athens Polytechnic uprising is located in [MASK] .,Athens,synth_City/TREx/P276.jsonl
7950,Toumba Stadium is located in [MASK] .,Thessaloniki,synth_City/TREx/P276.jsonl
7952,Sardana is located in [MASK] .,Catalonia,synth_City/TREx/P276.jsonl
7955,2008 Kabul Serena Hotel attack is located in [MASK] .,Kabul,synth_City/TREx/P276.jsonl
7960,KaraFilm Festival is located in [MASK] .,Karachi,synth_City/TREx/P276.jsonl
8011,Tallinn Black Nights Film Festival is located in [MASK] .,Tallinn,synth_City/TREx/P276.jsonl
8013,domus de janas is located in [MASK] .,Sardinia,synth_City/TREx/P276.jsonl
8015,Warsaw Cup is located in [MASK] .,Warsaw,synth_City/TREx/P276.jsonl
8022,Canal Hotel bombing is located in [MASK] .,Baghdad,synth_City/TREx/P276.jsonl
8027,"New Railway Station, Thessaloniki is located in [MASK] .",Thessaloniki,synth_City/TREx/P276.jsonl
8031,Seoul International Cartoon and Animation Festival is located in [MASK] .,Seoul,synth_City/TREx/P276.jsonl
8043,Anglo-German Naval Agreement is located in [MASK] .,London,synth_City/TREx/P276.jsonl
8045,1977 Moscow bombings is located in [MASK] .,Moscow,synth_City/TREx/P276.jsonl
8047,1997 Mediterranean Games is located in [MASK] .,Bari,synth_City/TREx/P276.jsonl
8056,Crimean War is located in [MASK] .,Balkans,synth_City/TREx/P276.jsonl
8059,Virtus Pallacanestro Bologna is located in [MASK] .,Bologna,synth_City/TREx/P276.jsonl
8062,Universeum is located in [MASK] .,Gothenburg,synth_City/TREx/P276.jsonl
8072,2004 Summer Paralympics is located in [MASK] .,Athens,synth_City/TREx/P276.jsonl
8405,26th Chess Olympiad is located in [MASK] .,Thessaloniki,synth_City/TREx/P276.jsonl
8421,2004 Madrid train bombings is located in [MASK] .,Madrid,synth_City/TREx/P276.jsonl
8442,2011 England riots is located in [MASK] .,London,synth_City/TREx/P276.jsonl
8443,1950 British Empire Games is located in [MASK] .,Auckland,synth_City/TREx/P276.jsonl
8494,Fantasia Festival is located in [MASK] .,Montreal,synth_City/TREx/P276.jsonl
8520,Savitribai Phule Pune University is located in [MASK] .,Pune,synth_City/TREx/P276.jsonl
8529,Gunpowder Plot is located in [MASK] .,England,synth_City/TREx/P276.jsonl
8547,Amsterdam Treaty is located in [MASK] .,Amsterdam,synth_City/TREx/P276.jsonl
8551,Istanbul University is located in [MASK] .,Istanbul,synth_City/TREx/P276.jsonl
8594,Library of Alexandria is located in [MASK] .,Alexandria,synth_City/TREx/P276.jsonl
8611,Liber Linteus is located in [MASK] .,Zagreb,synth_City/TREx/P276.jsonl
8617,Antwerp Giants is located in [MASK] .,Antwerp,synth_City/TREx/P276.jsonl
8622,Foxton Locks is located in [MASK] .,Leicestershire,synth_City/TREx/P276.jsonl
8628,Ottawa Treaty is located in [MASK] .,Ottawa,synth_City/TREx/P276.jsonl
8629,Edinburgh Art Festival is located in [MASK] .,Edinburgh,synth_City/TREx/P276.jsonl
8633,Fraunces Tavern is located in [MASK] .,Manhattan,synth_City/TREx/P276.jsonl
8634,Mimar Sinan Fine Arts University is located in [MASK] .,Istanbul,synth_City/TREx/P276.jsonl
8645,Freedom Monument is located in [MASK] .,Riga,synth_City/TREx/P276.jsonl
8654,Battle of Marengo is located in [MASK] .,Genoa,synth_City/TREx/P276.jsonl
8657,2002 Karachi bus bombing is located in [MASK] .,Karachi,synth_City/TREx/P276.jsonl
8659,Cypriot Super Cup is located in [MASK] .,Cyprus,synth_City/TREx/P276.jsonl
8666,civil uprising phase of the Syrian Civil War is located in [MASK] .,Syria,synth_City/TREx/P276.jsonl
8668,Downton Abbey is located in [MASK] .,Yorkshire,synth_City/TREx/P276.jsonl
8672,Arvfurstens palats is located in [MASK] .,Stockholm,synth_City/TREx/P276.jsonl
8674,Torino Film Festival is located in [MASK] .,Turin,synth_City/TREx/P276.jsonl
8687,Utrecht Caravaggism is located in [MASK] .,Utrecht,synth_City/TREx/P276.jsonl
8691,Jameson Dublin International Film Festival is located in [MASK] .,Dublin,synth_City/TREx/P276.jsonl
8693,Genocide against the Tutsis is located in [MASK] .,Rwanda,synth_City/TREx/P276.jsonl
8720,Talvar is located in [MASK] .,Berlin,synth_City/TREx/P276.jsonl
8724,Alexandreio Melathron is located in [MASK] .,Thessaloniki,synth_City/TREx/P276.jsonl
8725,Wolvendaal Church is located in [MASK] .,Colombo,synth_City/TREx/P276.jsonl
8730,2011 Yemeni revolution is located in [MASK] .,Yemen,synth_City/TREx/P276.jsonl
8734,2012 Summer Paralympics is located in [MASK] .,London,synth_City/TREx/P276.jsonl
9220,Fantafestival is located in [MASK] .,Rome,synth_City/TREx/P276.jsonl
9223,Norman invasion of Ireland is located in [MASK] .,Ireland,synth_City/TREx/P276.jsonl
9229,Tour de Langkawi is located in [MASK] .,Malaysia,synth_City/TREx/P276.jsonl
9290,Concordia University is located in [MASK] .,Montreal,synth_City/TREx/P276.jsonl
9474,Typhoon Pamela is located in [MASK] .,Guam,synth_City/TREx/P276.jsonl
9477,Nottingham Crown Court is located in [MASK] .,Nottingham,synth_City/TREx/P276.jsonl
9481,ZagrebDox is located in [MASK] .,Zagreb,synth_City/TREx/P276.jsonl
9483,Tuska Open Air Metal Festival is located in [MASK] .,Helsinki,synth_City/TREx/P276.jsonl
9508,Golden Horse Film Festival and Awards is located in [MASK] .,Taipei,synth_City/TREx/P276.jsonl
9512,Operation Market Garden is located in [MASK] .,Netherlands,synth_City/TREx/P276.jsonl
9531,Flying Pig Marathon is located in [MASK] .,Cincinnati,synth_City/TREx/P276.jsonl
9535,Port of Belfast is located in [MASK] .,Belfast,synth_City/TREx/P276.jsonl
9545,Winter War is located in [MASK] .,Finland,synth_City/TREx/P276.jsonl
9697,Maxim restaurant suicide bombing is located in [MASK] .,Haifa,synth_City/TREx/P276.jsonl
9705,START I is located in [MASK] .,Moscow,synth_City/TREx/P276.jsonl
9708,Welsh Methodist revival is located in [MASK] .,Wales,synth_City/TREx/P276.jsonl
9713,2015 Southeast Asian Games is located in [MASK] .,Singapore,synth_City/TREx/P276.jsonl
9719,Damascus International Film Festival is located in [MASK] .,Damascus,synth_City/TREx/P276.jsonl
9720,lunar crater is located in [MASK] .,Moon,synth_City/TREx/P276.jsonl
9778,Judgment of Paris is located in [MASK] .,Paris,synth_City/TREx/P276.jsonl
9779,Parliament of Norway Building is located in [MASK] .,Oslo,synth_City/TREx/P276.jsonl
9783,French Resistance is located in [MASK] .,France,synth_City/TREx/P276.jsonl
9867,2006 Winter Paralympics is located in [MASK] .,Turin,synth_City/TREx/P276.jsonl
9881,Ye Olde Cheshire Cheese is located in [MASK] .,London,synth_City/TREx/P276.jsonl
9883,Hofburg Palace is located in [MASK] .,Vienna,synth_City/TREx/P276.jsonl
9916,2014 Jerusalem unrest is located in [MASK] .,Jerusalem,synth_City/TREx/P276.jsonl
9920,Mumbai International Film Festival is located in [MASK] .,Mumbai,synth_City/TREx/P276.jsonl
9927,Viennese Actionism is located in [MASK] .,Vienna,synth_City/TREx/P276.jsonl
9931,Aston University is located in [MASK] .,Birmingham,synth_City/TREx/P276.jsonl
9952,Charlottenborg Palace is located in [MASK] .,Copenhagen,synth_City/TREx/P276.jsonl
9962,2004 Ukrainian presidential election is located in [MASK] .,Ukraine,synth_City/TREx/P276.jsonl
9970,2015 World Men's Handball Championship is located in [MASK] .,Qatar,synth_City/TREx/P276.jsonl
9971,Dudley George is located in [MASK] .,Ontario,synth_City/TREx/P276.jsonl
9977,International Documentary Film Festival Amsterdam is located in [MASK] .,Amsterdam,synth_City/TREx/P276.jsonl
9997,Tokyo International Film Festival is located in [MASK] .,Tokyo,synth_City/TREx/P276.jsonl
9999,Copenhagen International Documentary Festival is located in [MASK] .,Copenhagen,synth_City/TREx/P276.jsonl
10000,1996 Summer Olympics is located in [MASK] .,Atlanta,synth_City/TREx/P276.jsonl
11186,Taiwan Pride is located in [MASK] .,Taiwan,synth_City/TREx/P276.jsonl
11188,1997 Southeast Asian Games is located in [MASK] .,Jakarta,synth_City/TREx/P276.jsonl
11193,White Tower of Thessaloniki is located in [MASK] .,Thessaloniki,synth_City/TREx/P276.jsonl
11198,London Regiment is located in [MASK] .,London,synth_City/TREx/P276.jsonl
11228,Madrid Conference of 1991 is located in [MASK] .,Madrid,synth_City/TREx/P276.jsonl
11238,Massenet Festival is located in [MASK] .,France,synth_City/TREx/P276.jsonl
11241,Ptolemaic Baris is located in [MASK] .,Jerusalem,synth_City/TREx/P276.jsonl
11245,Rome Statute of the International Criminal Court is located in [MASK] .,Rome,synth_City/TREx/P276.jsonl
11246,Kyoto Protocol is located in [MASK] .,Kyoto,synth_City/TREx/P276.jsonl
11250,Battle of Jarama is located in [MASK] .,Madrid,synth_City/TREx/P276.jsonl
11254,Svalbard Treaty is located in [MASK] .,Paris,synth_City/TREx/P276.jsonl
11257,Zagreb Film Festival is located in [MASK] .,Zagreb,synth_City/TREx/P276.jsonl
11259,Kolkata International Film Festival is located in [MASK] .,Kolkata,synth_City/TREx/P276.jsonl
11265,Aragon Offensive is located in [MASK] .,Spain,synth_City/TREx/P276.jsonl
11266,Great Ardra is located in [MASK] .,Benin,synth_City/TREx/P276.jsonl
11275,Sinai and Palestine Campaign is located in [MASK] .,Egypt,synth_City/TREx/P276.jsonl
11344,Cologne Carnival is located in [MASK] .,Cologne,synth_City/TREx/P276.jsonl
11346,2011 World Artistic Gymnastics Championships is located in [MASK] .,Tokyo,synth_City/TREx/P276.jsonl
11354,Barcelona Museum of Contemporary Art is located in [MASK] .,Barcelona,synth_City/TREx/P276.jsonl
11367,French Revolution is located in [MASK] .,France,synth_City/TREx/P276.jsonl
11566,Open-air museum Skansen is located in [MASK] .,Stockholm,synth_City/TREx/P276.jsonl
11582,Pastry War is located in [MASK] .,Mexico,synth_City/TREx/P276.jsonl
11585,Operation Windmill is located in [MASK] .,Antarctic,synth_City/TREx/P276.jsonl
11592,Stansted Express is located in [MASK] .,London,synth_City/TREx/P276.jsonl
11594,Farhud is located in [MASK] .,Baghdad,synth_City/TREx/P276.jsonl
11597,World War II in Yugoslavia is located in [MASK] .,Yugoslavia,synth_City/TREx/P276.jsonl
11600,Glastonbury Lake Village is located in [MASK] .,Somerset,synth_City/TREx/P276.jsonl
11602,Finnish Civil War is located in [MASK] .,Finland,synth_City/TREx/P276.jsonl
11630,Battle of Hyelion and Leimocheir is located in [MASK] .,Anatolia,synth_City/TREx/P276.jsonl
11631,Cuban Missile Crisis is located in [MASK] .,Cuba,synth_City/TREx/P276.jsonl
11671,1991 Southeast Asian Games is located in [MASK] .,Manila,synth_City/TREx/P276.jsonl
11674,Operation Flash is located in [MASK] .,Croatia,synth_City/TREx/P276.jsonl
11678,King Edward VI Aston School is located in [MASK] .,Aston,synth_City/TREx/P276.jsonl
11920,Operation Pillar of Cloud is located in [MASK] .,Israel,synth_City/TREx/P276.jsonl
11926,Volvo Museum is located in [MASK] .,Gothenburg,synth_City/TREx/P276.jsonl
11931,KK Cibona is located in [MASK] .,Zagreb,synth_City/TREx/P276.jsonl
11950,Battle of Bicocca is located in [MASK] .,Milan,synth_City/TREx/P276.jsonl
11967,Mecca Masjid bombing is located in [MASK] .,Hyderabad,synth_City/TREx/P276.jsonl
11982,Insight Film Festival is located in [MASK] .,Manchester,synth_City/TREx/P276.jsonl
11985,Royal Scottish Society of Painters in Watercolour is located in [MASK] .,Scottish,synth_City/TREx/P276.jsonl
11999,European Patent Convention is located in [MASK] .,Munich,synth_City/TREx/P276.jsonl
12002,Pacific War is located in [MASK] .,Oceania,synth_City/TREx/P276.jsonl
12006,Battle of Hohenlinden is located in [MASK] .,Munich,synth_City/TREx/P276.jsonl
12009,World Soundtrack Academy is located in [MASK] .,Ghent,synth_City/TREx/P276.jsonl
12020,Kurdish rebellions in Turkey is located in [MASK] .,Turkey,synth_City/TREx/P276.jsonl
12021,Gallagher Convention Centre is located in [MASK] .,Johannesburg,synth_City/TREx/P276.jsonl
12024,Battle of San Marcial is located in [MASK] .,Spain,synth_City/TREx/P276.jsonl
12027,2006 Swedish general election is located in [MASK] .,Swedish,synth_City/TREx/P276.jsonl
12028,Megasport Arena is located in [MASK] .,Moscow,synth_City/TREx/P276.jsonl
12035,2009 attack on the Sri Lanka national cricket team is located in [MASK] .,Lahore,synth_City/TREx/P276.jsonl
12036,Guadalajara International Film Festival is located in [MASK] .,Guadalajara,synth_City/TREx/P276.jsonl
12041,Shmuel HaNavi bus bombing is located in [MASK] .,Jerusalem,synth_City/TREx/P276.jsonl
12047,Hiroshima International Animation Festival is located in [MASK] .,Hiroshima,synth_City/TREx/P276.jsonl
12048,Battle of Tolbiac is located in [MASK] .,Cologne,synth_City/TREx/P276.jsonl
12058,Yaqui Uprising is located in [MASK] .,Arizona,synth_City/TREx/P276.jsonl
12060,Directors' Fortnight is located in [MASK] .,Cannes,synth_City/TREx/P276.jsonl
12083,Marmara University is located in [MASK] .,Istanbul,synth_City/TREx/P276.jsonl
12097,Battle of the Menin Road Ridge is located in [MASK] .,Belgium,synth_City/TREx/P276.jsonl
12100,Mercaz HaRav massacre is located in [MASK] .,Jerusalem,synth_City/TREx/P276.jsonl
12113,United Nations Convention on Contracts for the International Sale of Goods is located in [MASK] .,Vienna,synth_City/TREx/P276.jsonl
12120,1689 Boston revolt is located in [MASK] .,Boston,synth_City/TREx/P276.jsonl
12121,2003 Istanbul bombings is located in [MASK] .,Istanbul,synth_City/TREx/P276.jsonl
12123,Broadway theatre is located in [MASK] .,Manhattan,synth_City/TREx/P276.jsonl
12304,Treaty 8 is located in [MASK] .,Alberta,synth_City/TREx/P276.jsonl
12306,2008 Bangalore serial blasts is located in [MASK] .,Bangalore,synth_City/TREx/P276.jsonl
12315,Moscow Pride is located in [MASK] .,Moscow,synth_City/TREx/P276.jsonl
12316,"Hope and Anchor, Islington is located in [MASK] .",London,synth_City/TREx/P276.jsonl
12317,2008 Summer Paralympics is located in [MASK] .,Beijing,synth_City/TREx/P276.jsonl
12885,August 2013 Rabaa massacre is located in [MASK] .,Cairo,synth_City/TREx/P276.jsonl
12886,Sveti Sedmochislenitsi Church is located in [MASK] .,Sofia,synth_City/TREx/P276.jsonl
12889,Birmingham pub bombings is located in [MASK] .,Birmingham,synth_City/TREx/P276.jsonl
12896,1926 Imperial Conference is located in [MASK] .,London,synth_City/TREx/P276.jsonl
12897,Forster Square is located in [MASK] .,Bradford,synth_City/TREx/P276.jsonl
12900,Al-Anfal Campaign is located in [MASK] .,Iraq,synth_City/TREx/P276.jsonl
12908,Government House of the Russian Federation is located in [MASK] .,Moscow,synth_City/TREx/P276.jsonl
12911,Netherlands Photo Museum is located in [MASK] .,Rotterdam,synth_City/TREx/P276.jsonl
12914,1970 World Figure Skating Championships is located in [MASK] .,Ljubljana,synth_City/TREx/P276.jsonl
12918,Armagh rail disaster is located in [MASK] .,Armagh,synth_City/TREx/P276.jsonl
12920,Nika riots is located in [MASK] .,Constantinople,synth_City/TREx/P276.jsonl
12923,Raindance Film Festival is located in [MASK] .,London,synth_City/TREx/P276.jsonl
12950,2011 Southeast Asian Games is located in [MASK] .,Jakarta,synth_City/TREx/P276.jsonl
12983,Erasmusbrug is located in [MASK] .,Rotterdam,synth_City/TREx/P276.jsonl
12992,Lund Cathedral is located in [MASK] .,Lund,synth_City/TREx/P276.jsonl
12999,Falash Mura is located in [MASK] .,Ethiopia,synth_City/TREx/P276.jsonl
13001,Bolognese School is located in [MASK] .,Bologna,synth_City/TREx/P276.jsonl
13020,Gordon Highlanders is located in [MASK] .,Aberdeen,synth_City/TREx/P276.jsonl
13028,Munich massacre is located in [MASK] .,Munich,synth_City/TREx/P276.jsonl
13030,Carnival of Basel is located in [MASK] .,Basel,synth_City/TREx/P276.jsonl
13036,Dhaka International Film Festival is located in [MASK] .,Dhaka,synth_City/TREx/P276.jsonl
13038,2008 Bucharest summit is located in [MASK] .,Bucharest,synth_City/TREx/P276.jsonl
13040,Sydney Film Festival is located in [MASK] .,Sydney,synth_City/TREx/P276.jsonl
13043,National Business Book Award is located in [MASK] .,Toronto,synth_City/TREx/P276.jsonl
13044,Battle of the Alte Veste is located in [MASK] .,Nuremberg,synth_City/TREx/P276.jsonl
13048,Iraq War is located in [MASK] .,Iraq,synth_City/TREx/P276.jsonl
13104,Andrew Crooke and William Cooke is located in [MASK] .,London,synth_City/TREx/P276.jsonl
13107,Springhill House is located in [MASK] .,townland,synth_City/TREx/P276.jsonl
13212,Armagh Planetarium is located in [MASK] .,Armagh,synth_City/TREx/P276.jsonl
13252,Artes Mundi is located in [MASK] .,Wales,synth_City/TREx/P276.jsonl
13255,Fantasporto is located in [MASK] .,Porto,synth_City/TREx/P276.jsonl
13266,Operation Nemesis is located in [MASK] .,Berlin,synth_City/TREx/P276.jsonl
13268,Battle of Ellandun is located in [MASK] .,Swindon,synth_City/TREx/P276.jsonl
13270,Plantation of Ulster is located in [MASK] .,Ulster,synth_City/TREx/P276.jsonl
13285,First Barons' War is located in [MASK] .,English,synth_City/TREx/P276.jsonl
13298,Gamescom is located in [MASK] .,Cologne,synth_City/TREx/P276.jsonl
13313,Sardinian Judicati is located in [MASK] .,Sardinia,synth_City/TREx/P276.jsonl
13327,Battle of Nanking is located in [MASK] .,Nanjing,synth_City/TREx/P276.jsonl
13335,Sbarro restaurant suicide bombing is located in [MASK] .,Jerusalem,synth_City/TREx/P276.jsonl
13339,Montreal Convention is located in [MASK] .,Montréal,synth_City/TREx/P276.jsonl
13342,Musicians Institute is located in [MASK] .,Hollywood,synth_City/TREx/P276.jsonl
13426,Dakota War of 1862 is located in [MASK] .,Minnesota,synth_City/TREx/P276.jsonl
13429,online community is located in [MASK] .,Internet,synth_City/TREx/P276.jsonl
13440,Black Hawk War is located in [MASK] .,Illinois,synth_City/TREx/P276.jsonl
13464,Maes Knoll Camp is located in [MASK] .,Somerset,synth_City/TREx/P276.jsonl
13468,Hacettepe University is located in [MASK] .,Ankara,synth_City/TREx/P276.jsonl
13487,Afshar Operation is located in [MASK] .,Kabul,synth_City/TREx/P276.jsonl
13490,Ivan Vazov National Theatre is located in [MASK] .,Sofia,synth_City/TREx/P276.jsonl
13497,London Art Fair is located in [MASK] .,London,synth_City/TREx/P276.jsonl
13500,Supervivientes is located in [MASK] .,Honduras,synth_City/TREx/P276.jsonl
13515,Eurovision Song Contest 1964 is located in [MASK] .,Copenhagen,synth_City/TREx/P276.jsonl
13544,Bangkok International Film Festival is located in [MASK] .,Bangkok,synth_City/TREx/P276.jsonl
13547,Amsterdam Gay Pride is located in [MASK] .,Amsterdam,synth_City/TREx/P276.jsonl
13555,Gulshan-e-Hadeed is located in [MASK] .,Karachi,synth_City/TREx/P276.jsonl
13557,Mr Selfridge is located in [MASK] .,London,synth_City/TREx/P276.jsonl
13559,Special Period is located in [MASK] .,Cuba,synth_City/TREx/P276.jsonl
13574,Flemish Primitives is located in [MASK] .,Ghent,synth_City/TREx/P276.jsonl
13578,shopping cart is located in [MASK] .,supermarket,synth_City/TREx/P276.jsonl
13582,Phocaea is located in [MASK] .,Turkey,synth_City/TREx/P276.jsonl
13583,Minneapolis Teamsters Strike of 1934 is located in [MASK] .,Minneapolis,synth_City/TREx/P276.jsonl
13585,Bavarian National Museum is located in [MASK] .,Munich,synth_City/TREx/P276.jsonl
13594,Beaumont Palace is located in [MASK] .,Oxford,synth_City/TREx/P276.jsonl
13597,Prinsep Ghat is located in [MASK] .,Kolkata,synth_City/TREx/P276.jsonl
13601,Sardinia Nation Independence is located in [MASK] .,Sardinia,synth_City/TREx/P276.jsonl
13605,Just for Laughs is located in [MASK] .,Montreal,synth_City/TREx/P276.jsonl
13633,Hollywood Reel Independent Film Festival is located in [MASK] .,Hollywood,synth_City/TREx/P276.jsonl
13634,2010 Stockholm bombings is located in [MASK] .,Stockholm,synth_City/TREx/P276.jsonl
13933,Little Hagia Sophia is located in [MASK] .,Constantinople,synth_City/TREx/P276.jsonl
13934,2001 Australian Open is located in [MASK] .,Melbourne,synth_City/TREx/P276.jsonl
13936,Yoruba religion is located in [MASK] .,Benin,synth_City/TREx/P276.jsonl
13940,May Uprising in Dresden is located in [MASK] .,Dresden,synth_City/TREx/P276.jsonl
13954,2004 Istanbul summit is located in [MASK] .,Istanbul,synth_City/TREx/P276.jsonl
13956,Greco-Italian War is located in [MASK] .,Albania,synth_City/TREx/P276.jsonl
13970,virtual community is located in [MASK] .,Internet,synth_City/TREx/P276.jsonl
13981,1938 British Empire Games is located in [MASK] .,Sydney,synth_City/TREx/P276.jsonl
14035,Leeds International Film Festival is located in [MASK] .,Leeds,synth_City/TREx/P276.jsonl
14040,Cuban Revolution is located in [MASK] .,Cuba,synth_City/TREx/P276.jsonl
14143,Film Festival Cologne is located in [MASK] .,Cologne,synth_City/TREx/P276.jsonl
14146,West Ham South is located in [MASK] .,Essex,synth_City/TREx/P276.jsonl
14151,Romania during World War I is located in [MASK] .,Romania,synth_City/TREx/P276.jsonl
14161,Aristotelous Square is located in [MASK] .,Thessaloniki,synth_City/TREx/P276.jsonl
14174,Boston Massacre is located in [MASK] .,Boston,synth_City/TREx/P276.jsonl
14182,2015 World Archery Championships is located in [MASK] .,Copenhagen,synth_City/TREx/P276.jsonl
14185,Dance Umbrella is located in [MASK] .,London,synth_City/TREx/P276.jsonl
14192,Red River Campaign is located in [MASK] .,Louisiana,synth_City/TREx/P276.jsonl
14199,Battle of Firaz is located in [MASK] .,Iraq,synth_City/TREx/P276.jsonl
14201,National Palace of Culture is located in [MASK] .,Sofia,synth_City/TREx/P276.jsonl
14244,30th Chess Olympiad is located in [MASK] .,Manila,synth_City/TREx/P276.jsonl
14246,Adlertag is located in [MASK] .,England,synth_City/TREx/P276.jsonl
14247,Eyemouth disaster is located in [MASK] .,Scotland,synth_City/TREx/P276.jsonl
14249,Battle of Fornovo is located in [MASK] .,Parma,synth_City/TREx/P276.jsonl
14251,Nyepi is located in [MASK] .,Bali,synth_City/TREx/P276.jsonl
14254,Mainz carnival is located in [MASK] .,Mainz,synth_City/TREx/P276.jsonl
14256,Invasion of Normandy is located in [MASK] .,Normandy,synth_City/TREx/P276.jsonl
14260,Phoenix Hagen is located in [MASK] .,Hagen,synth_City/TREx/P276.jsonl
14262,Gordon Riots is located in [MASK] .,London,synth_City/TREx/P276.jsonl
14270,1996 Summer Paralympics is located in [MASK] .,Atlanta,synth_City/TREx/P276.jsonl
14474,Livonian Crusade is located in [MASK] .,Estonia,synth_City/TREx/P276.jsonl
14476,Cannes Film Festival is located in [MASK] .,Cannes,synth_City/TREx/P276.jsonl
14495,Mandaeism is located in [MASK] .,Iran,synth_City/TREx/P276.jsonl
14646,Treaty of Lisbon is located in [MASK] .,Lisbon,synth_City/TREx/P276.jsonl
14650,London Independent Film Festival is located in [MASK] .,London,synth_City/TREx/P276.jsonl
14653,1974 Asian Games is located in [MASK] .,Tehran,synth_City/TREx/P276.jsonl
14695,Irish Rebellion of 1798 is located in [MASK] .,Ireland,synth_City/TREx/P276.jsonl
14711,Ben Yehuda Street bombings is located in [MASK] .,Jerusalem,synth_City/TREx/P276.jsonl
14712,Wars of the Three Kingdoms is located in [MASK] .,England,synth_City/TREx/P276.jsonl
14715,Canberra International Film Festival is located in [MASK] .,Canberra,synth_City/TREx/P276.jsonl
14719,First Congress of Vienna is located in [MASK] .,Vienna,synth_City/TREx/P276.jsonl
14720,Kleanthis Vikelidis Stadium is located in [MASK] .,Thessaloniki,synth_City/TREx/P276.jsonl
14723,Battle of Java is located in [MASK] .,Java,synth_City/TREx/P276.jsonl
14727,Royal Institute of Painters in Water Colours is located in [MASK] .,London,synth_City/TREx/P276.jsonl
14737,Theater Tuschinski is located in [MASK] .,Amsterdam,synth_City/TREx/P276.jsonl
14747,1960 Summer Paralympics is located in [MASK] .,Rome,synth_City/TREx/P276.jsonl
14787,Edinburgh Marathon is located in [MASK] .,Edinburgh,synth_City/TREx/P276.jsonl
14792,7 July 2005 London bombings is located in [MASK] .,London,synth_City/TREx/P276.jsonl
14808,Operation Inherent Resolve is located in [MASK] .,Iraq,synth_City/TREx/P276.jsonl
14809,Miraflores Altarpiece is located in [MASK] .,Berlin,synth_City/TREx/P276.jsonl
14813,2005 Southeast Asian Games is located in [MASK] .,Philippines,synth_City/TREx/P276.jsonl
14857,Norman conquest of England is located in [MASK] .,England,synth_City/TREx/P276.jsonl
15458,Zagreb Cathedral is located in [MASK] .,Zagreb,synth_City/TREx/P276.jsonl
15460,Copenhagen International Film Festival is located in [MASK] .,Copenhagen,synth_City/TREx/P276.jsonl
15465,Sarajevo Film Festival is located in [MASK] .,Sarajevo,synth_City/TREx/P276.jsonl
15466,Fort McDowell Yavapai Nation is located in [MASK] .,Arizona,synth_City/TREx/P276.jsonl
15467,32nd Chess Olympiad is located in [MASK] .,Yerevan,synth_City/TREx/P276.jsonl
15474,1976 Summer Paralympics is located in [MASK] .,Toronto,synth_City/TREx/P276.jsonl
15528,Rotterdamsche Droogdok Maatschappij is located in [MASK] .,Rotterdam,synth_City/TREx/P276.jsonl
15534,Chicanos Por La Causa is located in [MASK] .,Arizona,synth_City/TREx/P276.jsonl
15536,2000 Australian Open is located in [MASK] .,Melbourne,synth_City/TREx/P276.jsonl
15539,Albany Congress is located in [MASK] .,Albany,synth_City/TREx/P276.jsonl
15544,Vancouver Pride Festival is located in [MASK] .,Vancouver,synth_City/TREx/P276.jsonl
15551,CB Estudiantes is located in [MASK] .,Madrid,synth_City/TREx/P276.jsonl
15563,1981 Southeast Asian Games is located in [MASK] .,Manila,synth_City/TREx/P276.jsonl
15567,Commonwealth Bank Tennis Classic is located in [MASK] .,Bali,synth_City/TREx/P276.jsonl
15586,Environmental Modification Convention is located in [MASK] .,Geneva,synth_City/TREx/P276.jsonl
15587,Viktualienmarkt is located in [MASK] .,Munich,synth_City/TREx/P276.jsonl
15597,Edmonton Journal is located in [MASK] .,Edmonton,synth_City/TREx/P276.jsonl
15604,Kungsportsavenyn is located in [MASK] .,Gothenburg,synth_City/TREx/P276.jsonl
15611,Paneer is located in [MASK] .,India,synth_City/TREx/P276.jsonl
15615,Hotel Polen fire is located in [MASK] .,Amsterdam,synth_City/TREx/P276.jsonl
15635,Eurovision Song Contest 1981 is located in [MASK] .,Dublin,synth_City/TREx/P276.jsonl
15650,Turkish Military Academy is located in [MASK] .,Ankara,synth_City/TREx/P276.jsonl
15655,Bonn Convention is located in [MASK] .,Bonn,synth_City/TREx/P276.jsonl
15657,Zuni Indian Reservation is located in [MASK] .,Arizona,synth_City/TREx/P276.jsonl
15658,1996 Manchester bombing is located in [MASK] .,Manchester,synth_City/TREx/P276.jsonl
15662,Seattle International Film Festival is located in [MASK] .,Seattle,synth_City/TREx/P276.jsonl
15695,KK Union Olimpija is located in [MASK] .,Ljubljana,synth_City/TREx/P276.jsonl
15703,Independence Hall is located in [MASK] .,Philadelphia,synth_City/TREx/P276.jsonl
15757,Alba Berlin is located in [MASK] .,Berlin,synth_City/TREx/P276.jsonl
15764,Boston Underground Film Festival is located in [MASK] .,Boston,synth_City/TREx/P276.jsonl
15766,Turkish State Cemetery is located in [MASK] .,Ankara,synth_City/TREx/P276.jsonl
15769,Dublin lock-out is located in [MASK] .,Dublin,synth_City/TREx/P276.jsonl
15772,Custom House Tower is located in [MASK] .,Boston,synth_City/TREx/P276.jsonl
15779,Cologne school massacre is located in [MASK] .,Cologne,synth_City/TREx/P276.jsonl
15782,Cambrian Pottery is located in [MASK] .,Swansea,synth_City/TREx/P276.jsonl
15784,Hamburg International Film Festival is located in [MASK] .,Hamburg,synth_City/TREx/P276.jsonl
15785,English Civil War is located in [MASK] .,England,synth_City/TREx/P276.jsonl
15977,2009 Shanghai Masters is located in [MASK] .,Shanghai,synth_City/TREx/P276.jsonl
15984,Dee Bridge disaster is located in [MASK] .,Chester,synth_City/TREx/P276.jsonl
15986,Magere Brug is located in [MASK] .,Amsterdam,synth_City/TREx/P276.jsonl
15989,Cuban War of Independence is located in [MASK] .,Cuba,synth_City/TREx/P276.jsonl
15993,DOK Leipzig - International Leipzig Festival for Documentary and Animated Film is located in [MASK] .,Leipzig,synth_City/TREx/P276.jsonl
15995,13 September 2008 Delhi bombings is located in [MASK] .,Delhi,synth_City/TREx/P276.jsonl
16007,SA Tennis Open is located in [MASK] .,Johannesburg,synth_City/TREx/P276.jsonl
16030,Normandy landings is located in [MASK] .,Normandy,synth_City/TREx/P276.jsonl
16087,Rotterdam Blitz is located in [MASK] .,Rotterdam,synth_City/TREx/P276.jsonl
16093,Bayern-Rundfahrt is located in [MASK] .,Bavaria,synth_City/TREx/P276.jsonl
16099,SCI-FI-LONDON is located in [MASK] .,London,synth_City/TREx/P276.jsonl
16101,Clan Cumming is located in [MASK] .,Scotland,synth_City/TREx/P276.jsonl
16126,Real Madrid Baloncesto is located in [MASK] .,Madrid,synth_City/TREx/P276.jsonl
16129,Siege of Sarajevo is located in [MASK] .,Sarajevo,synth_City/TREx/P276.jsonl
16162,K.A.A. Gent is located in [MASK] .,Ghent,synth_City/TREx/P276.jsonl
16175,Montreal Screwjob is located in [MASK] .,Montreal,synth_City/TREx/P276.jsonl
16180,terraforming of Mars is located in [MASK] .,Mars,synth_City/TREx/P276.jsonl
16183,Museum Boijmans Van Beuningen is located in [MASK] .,Rotterdam,synth_City/TREx/P276.jsonl
16216,Great Smog is located in [MASK] .,London,synth_City/TREx/P276.jsonl
16221,Operation Apollo is located in [MASK] .,Afghanistan,synth_City/TREx/P276.jsonl
16223,Battle of Ashdown is located in [MASK] .,Berkshire,synth_City/TREx/P276.jsonl
16225,World Youth Day 2002 is located in [MASK] .,Toronto,synth_City/TREx/P276.jsonl
16228,Vermentino is located in [MASK] .,Sardinia,synth_City/TREx/P276.jsonl
16235,Magnapop is located in [MASK] .,Atlanta,synth_City/TREx/P276.jsonl
16243,Antwerp school is located in [MASK] .,Antwerp,synth_City/TREx/P276.jsonl
16258,2013 WTA Tour Championships is located in [MASK] .,Istanbul,synth_City/TREx/P276.jsonl
16260,Gothenburg Film Festival is located in [MASK] .,Gothenburg,synth_City/TREx/P276.jsonl
16263,Stockholm Pride is located in [MASK] .,Stockholm,synth_City/TREx/P276.jsonl
16265,China Squash Open is located in [MASK] .,Shanghai,synth_City/TREx/P276.jsonl
16267,Habitat II is located in [MASK] .,Istanbul,synth_City/TREx/P276.jsonl
16278,London Jazz Festival is located in [MASK] .,London,synth_City/TREx/P276.jsonl
16279,King David Hotel bombing is located in [MASK] .,Jerusalem,synth_City/TREx/P276.jsonl
16287,Battle of Flodden is located in [MASK] .,Northumberland,synth_City/TREx/P276.jsonl
16289,International Film Festival of India is located in [MASK] .,Goa,synth_City/TREx/P276.jsonl
16300,KK Bosna is located in [MASK] .,Sarajevo,synth_City/TREx/P276.jsonl
16303,transmediale is located in [MASK] .,Berlin,synth_City/TREx/P276.jsonl
16322,Hengistbury Head is located in [MASK] .,Dorset,synth_City/TREx/P276.jsonl
16329,Edinburgh International Festival is located in [MASK] .,Edinburgh,synth_City/TREx/P276.jsonl
16354,Subversive Film Festival is located in [MASK] .,Zagreb,synth_City/TREx/P276.jsonl
16357,Edinburgh International Film Festival is located in [MASK] .,Edinburgh,synth_City/TREx/P276.jsonl
16360,Strasbourg European Fantastic Film Festival is located in [MASK] .,Strasbourg,synth_City/TREx/P276.jsonl
16364,Dutch Brazil is located in [MASK] .,Brazil,synth_City/TREx/P276.jsonl
16372,Spring Offensive is located in [MASK] .,France,synth_City/TREx/P276.jsonl
16380,Sardinian Reformers is located in [MASK] .,Sardinia,synth_City/TREx/P276.jsonl
16388,Serpent Column is located in [MASK] .,Istanbul,synth_City/TREx/P276.jsonl
16393,Soviet invasion of Poland is located in [MASK] .,Polish,synth_City/TREx/P276.jsonl
16402,Markale massacres is located in [MASK] .,Sarajevo,synth_City/TREx/P276.jsonl
16406,ACTRA Award is located in [MASK] .,Toronto,synth_City/TREx/P276.jsonl
16407,Yokohama Film Festival is located in [MASK] .,Yokohama,synth_City/TREx/P276.jsonl
16417,Cairo International Film Festival is located in [MASK] .,Cairo,synth_City/TREx/P276.jsonl
16422,2020 Summer Olympics is located in [MASK] .,Tokyo,synth_City/TREx/P276.jsonl
16430,25 August 2003 Mumbai bombings is located in [MASK] .,Mumbai,synth_City/TREx/P276.jsonl
16447,Typhoon Fran is located in [MASK] .,Japan,synth_City/TREx/P276.jsonl
16449,Hubert H. Humphrey Metrodome is located in [MASK] .,Minneapolis,synth_City/TREx/P276.jsonl
16461,Empire State Plaza is located in [MASK] .,Albany,synth_City/TREx/P276.jsonl
16466,Hungarian Ladies Open is located in [MASK] .,Budapest,synth_City/TREx/P276.jsonl
16483,moon landing is located in [MASK] .,Moon,synth_City/TREx/P276.jsonl
16492,Maritime Museum Rotterdam is located in [MASK] .,Rotterdam,synth_City/TREx/P276.jsonl
16494,International Anarchist Congress of Amsterdam is located in [MASK] .,Amsterdam,synth_City/TREx/P276.jsonl
16495,Sinagua is located in [MASK] .,Arizona,synth_City/TREx/P276.jsonl
16501,Catalan self-determination referendum is located in [MASK] .,Catalonia,synth_City/TREx/P276.jsonl
16511,PBC Lukoil Academic is located in [MASK] .,Sofia,synth_City/TREx/P276.jsonl
16513,Devonshire Arms is located in [MASK] .,London,synth_City/TREx/P276.jsonl
16514,Heptapyrgion is located in [MASK] .,Thessaloniki,synth_City/TREx/P276.jsonl
16517,BFI London Film Festival is located in [MASK] .,London,synth_City/TREx/P276.jsonl
16526,Ankara University is located in [MASK] .,Ankara,synth_City/TREx/P276.jsonl
16533,The Black Cap is located in [MASK] .,London,synth_City/TREx/P276.jsonl
16536,Hundred Years' War is located in [MASK] .,France,synth_City/TREx/P276.jsonl
16559,Montreal World Film Festival is located in [MASK] .,Montreal,synth_City/TREx/P276.jsonl
16569,Uruguayan Civil War is located in [MASK] .,Uruguay,synth_City/TREx/P276.jsonl
16584,Fall of Constantinople is located in [MASK] .,Constantinople,synth_City/TREx/P276.jsonl
16585,Winterval is located in [MASK] .,Birmingham,synth_City/TREx/P276.jsonl
16587,Public Against Violence is located in [MASK] .,Slovakia,synth_City/TREx/P276.jsonl
16590,Croatian War of Independence is located in [MASK] .,Croatian,synth_City/TREx/P276.jsonl
16604,2011 Cannes Film Festival is located in [MASK] .,Cannes,synth_City/TREx/P276.jsonl
16605,Methuen Treaty is located in [MASK] .,Lisbon,synth_City/TREx/P276.jsonl
16606,1965 Yerevan Demonstrations is located in [MASK] .,Yerevan,synth_City/TREx/P276.jsonl
16608,Pointe du Hoc is located in [MASK] .,Normandy,synth_City/TREx/P276.jsonl
16613,Lotte World Tower is located in [MASK] .,Seoul,synth_City/TREx/P276.jsonl
16624,Vienna Shorts is located in [MASK] .,Vienna,synth_City/TREx/P276.jsonl
16675,Dallas International Film Festival is located in [MASK] .,Dallas,synth_City/TREx/P276.jsonl
16679,Harrods bombing is located in [MASK] .,London,synth_City/TREx/P276.jsonl
17234,Pride Toronto is located in [MASK] .,Toronto,synth_City/TREx/P276.jsonl
17246,Battle of Voltri is located in [MASK] .,Genoa,synth_City/TREx/P276.jsonl
17251,Moscow theater hostage crisis is located in [MASK] .,Moscow,synth_City/TREx/P276.jsonl
17253,Hildesheimer Rabbinical Seminary is located in [MASK] .,Berlin,synth_City/TREx/P276.jsonl
17260,Echo Arena Liverpool is located in [MASK] .,Liverpool,synth_City/TREx/P276.jsonl
17263,Kaftanzoglio Stadium is located in [MASK] .,Thessaloniki,synth_City/TREx/P276.jsonl
17274,British Museum is located in [MASK] .,London,synth_City/TREx/P276.jsonl
17493,Philadelphia Film Festival is located in [MASK] .,Philadelphia,synth_City/TREx/P276.jsonl
17497,2006 Riga summit is located in [MASK] .,Riga,synth_City/TREx/P276.jsonl
17507,Battle of Olszynka Grochowska is located in [MASK] .,Warsaw,synth_City/TREx/P276.jsonl
17519,Munich air disaster is located in [MASK] .,Munich,synth_City/TREx/P276.jsonl
17525,Kaocen Revolt is located in [MASK] .,Niger,synth_City/TREx/P276.jsonl
17529,Taliban insurgency is located in [MASK] .,Afghan,synth_City/TREx/P276.jsonl
17574,Peterloo Massacre is located in [MASK] .,Manchester,synth_City/TREx/P276.jsonl
17587,Platonic Academy is located in [MASK] .,Florence,synth_City/TREx/P276.jsonl
17589,Highland Light Infantry is located in [MASK] .,Glasgow,synth_City/TREx/P276.jsonl
17600,Officina Bodoni is located in [MASK] .,Verona,synth_City/TREx/P276.jsonl
17603,Al-Rifa'i Mosque is located in [MASK] .,Cairo,synth_City/TREx/P276.jsonl
17607,BC UNICS is located in [MASK] .,Kazan,synth_City/TREx/P276.jsonl
