,sent,gold,filename
0,The capital of Azerbaijan is [MASK] .,Baku,synth_City/TREx/P36.jsonl
990,The capital of Brody Raion is [MASK] .,Brody,synth_City/TREx/P36.jsonl
991,The capital of Cook County is [MASK] .,Chicago,synth_City/TREx/P36.jsonl
1237,The capital of Grand Est is [MASK] .,Strasbourg,synth_City/TREx/P36.jsonl
1285,The capital of Hampshire is [MASK] .,Winchester,synth_City/TREx/P36.jsonl
1549,The capital of Colombo District is [MASK] .,Colombo,synth_City/TREx/P36.jsonl
1550,The capital of Kingdom of Italy is [MASK] .,Florence,synth_City/TREx/P36.jsonl
1602,The capital of Grand Duchy of Finland is [MASK] .,Helsinki,synth_City/TREx/P36.jsonl
1684,The capital of Telangana is [MASK] .,Hyderabad,synth_City/TREx/P36.jsonl
1922,The capital of South Australia is [MASK] .,Adelaide,synth_City/TREx/P36.jsonl
2521,The capital of Kingdom of Scotland is [MASK] .,Edinburgh,synth_City/TREx/P36.jsonl
2566,The capital of Second Polish Republic is [MASK] .,Warsaw,synth_City/TREx/P36.jsonl
3693,The capital of Dhaka District is [MASK] .,Dhaka,synth_City/TREx/P36.jsonl
3705,The capital of Canterbury Region is [MASK] .,Christchurch,synth_City/TREx/P36.jsonl
3785,The capital of Kingdom of France is [MASK] .,Paris,synth_City/TREx/P36.jsonl
4034,The capital of Bremen-Verden is [MASK] .,Stade,synth_City/TREx/P36.jsonl
4039,The capital of Alberta is [MASK] .,Edmonton,synth_City/TREx/P36.jsonl
4541,The capital of La Condamine is [MASK] .,Monaco,synth_City/TREx/P36.jsonl
4550,The capital of Germany is [MASK] .,Berlin,synth_City/TREx/P36.jsonl
5074,The capital of First Republic of Armenia is [MASK] .,Yerevan,synth_City/TREx/P36.jsonl
5084,The capital of Aberdeenshire is [MASK] .,Aberdeen,synth_City/TREx/P36.jsonl
5186,The capital of Indiana is [MASK] .,Indianapolis,synth_City/TREx/P36.jsonl
5492,The capital of Second French Empire is [MASK] .,Paris,synth_City/TREx/P36.jsonl
5545,The capital of Sur Empire is [MASK] .,Delhi,synth_City/TREx/P36.jsonl
5546,The capital of Cambridgeshire is [MASK] .,Cambridge,synth_City/TREx/P36.jsonl
5616,The capital of Lund Municipality is [MASK] .,Lund,synth_City/TREx/P36.jsonl
5715,The capital of Kingdom of Sicily is [MASK] .,Naples,synth_City/TREx/P36.jsonl
5732,The capital of City of Brisbane is [MASK] .,Brisbane,synth_City/TREx/P36.jsonl
5741,The capital of Indre-et-Loire is [MASK] .,Tours,synth_City/TREx/P36.jsonl
5790,The capital of Vilnius District Municipality is [MASK] .,Vilnius,synth_City/TREx/P36.jsonl
5796,The capital of Beiyang Government is [MASK] .,Beijing,synth_City/TREx/P36.jsonl
5804,The capital of Apulia is [MASK] .,Bari,synth_City/TREx/P36.jsonl
5848,The capital of Illyrian Provinces is [MASK] .,Ljubljana,synth_City/TREx/P36.jsonl
5852,The capital of East Flanders is [MASK] .,Ghent,synth_City/TREx/P36.jsonl
5899,The capital of Denmark is [MASK] .,Copenhagen,synth_City/TREx/P36.jsonl
8936,The capital of Metropolis of Greater Paris is [MASK] .,Paris,synth_City/TREx/P36.jsonl
8946,The capital of Brandenburg-Prussia is [MASK] .,Berlin,synth_City/TREx/P36.jsonl
8953,The capital of Rashidun Caliphates is [MASK] .,Medina,synth_City/TREx/P36.jsonl
8961,The capital of Stirling is [MASK] .,Stirling,synth_City/TREx/P36.jsonl
8978,The capital of Staffordshire is [MASK] .,Stafford,synth_City/TREx/P36.jsonl
9073,The capital of Tokugawa shogunate is [MASK] .,Edo,synth_City/TREx/P36.jsonl
9158,The capital of United Kingdom of the Netherlands is [MASK] .,Amsterdam,synth_City/TREx/P36.jsonl
9162,The capital of Kingdom of Kartli-Kakheti is [MASK] .,Tbilisi,synth_City/TREx/P36.jsonl
9167,The capital of Soviet Union is [MASK] .,Moscow,synth_City/TREx/P36.jsonl
11183,The capital of Kingdom of Romania is [MASK] .,Bucharest,synth_City/TREx/P36.jsonl
11202,The capital of Tasmania is [MASK] .,Hobart,synth_City/TREx/P36.jsonl
11664,The capital of County Limerick is [MASK] .,Limerick,synth_City/TREx/P36.jsonl
11690,The capital of Fatimid caliphate is [MASK] .,Cairo,synth_City/TREx/P36.jsonl
11769,The capital of Odessa Oblast is [MASK] .,Odessa,synth_City/TREx/P36.jsonl
11777,The capital of Australia is [MASK] .,Canberra,synth_City/TREx/P36.jsonl
12719,The capital of Ottoman Empire is [MASK] .,Istanbul,synth_City/TREx/P36.jsonl
13594,The capital of County Kilkenny is [MASK] .,Kilkenny,synth_City/TREx/P36.jsonl
13607,The capital of City of Edinburgh is [MASK] .,Edinburgh,synth_City/TREx/P36.jsonl
13622,The capital of South West England is [MASK] .,Bristol,synth_City/TREx/P36.jsonl
13669,The capital of Serbian Despotate is [MASK] .,Belgrade,synth_City/TREx/P36.jsonl
13674,The capital of Latin Empire is [MASK] .,Constantinople,synth_City/TREx/P36.jsonl
13769,The capital of Hungary is [MASK] .,Budapest,synth_City/TREx/P36.jsonl
15692,The capital of Russia is [MASK] .,Moscow,synth_City/TREx/P36.jsonl
16254,The capital of Baghdad Governorate is [MASK] .,Baghdad,synth_City/TREx/P36.jsonl
16259,The capital of Veneto is [MASK] .,Venice,synth_City/TREx/P36.jsonl
16336,The capital of Worcestershire is [MASK] .,Worcester,synth_City/TREx/P36.jsonl
16518,The capital of Papal States is [MASK] .,Rome,synth_City/TREx/P36.jsonl
16565,The capital of County Galway is [MASK] .,Galway,synth_City/TREx/P36.jsonl
16608,The capital of Austrian Empire is [MASK] .,Vienna,synth_City/TREx/P36.jsonl
16653,The capital of Dutch East Indies is [MASK] .,Jakarta,synth_City/TREx/P36.jsonl
16705,The capital of Israel is [MASK] .,Jerusalem,synth_City/TREx/P36.jsonl
17707,The capital of Aichi Prefecture is [MASK] .,Nagoya,synth_City/TREx/P36.jsonl
17851,The capital of Royal Borough of Kensington and Chelsea is [MASK] .,Kensington,synth_City/TREx/P36.jsonl
17855,The capital of Leicestershire is [MASK] .,Leicester,synth_City/TREx/P36.jsonl
17998,The capital of King County is [MASK] .,Seattle,synth_City/TREx/P36.jsonl
18100,The capital of Duchy of Athens is [MASK] .,Athens,synth_City/TREx/P36.jsonl
18104,The capital of Kingdom of the Netherlands is [MASK] .,Amsterdam,synth_City/TREx/P36.jsonl
18126,The capital of Federation of South Arabia is [MASK] .,Aden,synth_City/TREx/P36.jsonl
18130,The capital of Albania is [MASK] .,Tirana,synth_City/TREx/P36.jsonl
18731,The capital of Taiwan is [MASK] .,Taipei,synth_City/TREx/P36.jsonl
19298,The capital of Munich is [MASK] .,Munich,synth_City/TREx/P36.jsonl
19304,The capital of Afghan Transitional Administration is [MASK] .,Kabul,synth_City/TREx/P36.jsonl
19306,The capital of Czechoslovakia is [MASK] .,Prague,synth_City/TREx/P36.jsonl
19743,The capital of Andalusia is [MASK] .,Seville,synth_City/TREx/P36.jsonl
19921,The capital of Maharashtra is [MASK] .,Mumbai,synth_City/TREx/P36.jsonl
20889,The capital of Indonesia is [MASK] .,Jakarta,synth_City/TREx/P36.jsonl
21850,The capital of Southern Common Market is [MASK] .,Montevideo,synth_City/TREx/P36.jsonl
21853,The capital of Kabul is [MASK] .,Kabul,synth_City/TREx/P36.jsonl
21858,The capital of Italian Social Republic is [MASK] .,Rome,synth_City/TREx/P36.jsonl
21865,The capital of Habsburg Monarchy is [MASK] .,Vienna,synth_City/TREx/P36.jsonl
21890,The capital of Portugal is [MASK] .,Lisbon,synth_City/TREx/P36.jsonl
23662,The capital of Honolulu County is [MASK] .,Honolulu,synth_City/TREx/P36.jsonl
23671,The capital of Roman Empire is [MASK] .,Constantinople,synth_City/TREx/P36.jsonl
23703,The capital of Connecticut is [MASK] .,Hartford,synth_City/TREx/P36.jsonl
23717,The capital of Scotland is [MASK] .,Edinburgh,synth_City/TREx/P36.jsonl
25874,The capital of Ankara Province is [MASK] .,Ankara,synth_City/TREx/P36.jsonl
25876,The capital of Kabul Shahi is [MASK] .,Kabul,synth_City/TREx/P36.jsonl
25886,The capital of County Wexford is [MASK] .,Wexford,synth_City/TREx/P36.jsonl
25903,The capital of Cairo Governorate is [MASK] .,Cairo,synth_City/TREx/P36.jsonl
25908,The capital of Finnish Socialist Workers' Republic is [MASK] .,Helsinki,synth_City/TREx/P36.jsonl
25913,The capital of Lazio is [MASK] .,Rome,synth_City/TREx/P36.jsonl
26133,The capital of People's Republic of Poland is [MASK] .,Warsaw,synth_City/TREx/P36.jsonl
26138,The capital of Mansfield is [MASK] .,Mansfield,synth_City/TREx/P36.jsonl
26144,The capital of Lahore District is [MASK] .,Lahore,synth_City/TREx/P36.jsonl
26150,The capital of Basel-Stadt is [MASK] .,Basel,synth_City/TREx/P36.jsonl
26174,The capital of Salzburg is [MASK] .,Salzburg,synth_City/TREx/P36.jsonl
26196,The capital of Kyōto Prefecture is [MASK] .,Kyoto,synth_City/TREx/P36.jsonl
26263,The capital of Province of Florence is [MASK] .,Florence,synth_City/TREx/P36.jsonl
26265,The capital of Iraq is [MASK] .,Baghdad,synth_City/TREx/P36.jsonl
26910,The capital of Campania is [MASK] .,Naples,synth_City/TREx/P36.jsonl
27131,The capital of Occitania is [MASK] .,Toulouse,synth_City/TREx/P36.jsonl
27132,The capital of Japan is [MASK] .,Tokyo,synth_City/TREx/P36.jsonl
29941,The capital of East Pakistan is [MASK] .,Dhaka,synth_City/TREx/P36.jsonl
29984,The capital of First Spanish Republic is [MASK] .,Madrid,synth_City/TREx/P36.jsonl
29987,The capital of Miami-Dade County is [MASK] .,Miami,synth_City/TREx/P36.jsonl
30104,The capital of Larvotto is [MASK] .,Monaco,synth_City/TREx/P36.jsonl
30112,The capital of Province of Canada is [MASK] .,Montreal,synth_City/TREx/P36.jsonl
30114,The capital of Alpes-Maritimes is [MASK] .,Nice,synth_City/TREx/P36.jsonl
30144,The capital of Estonia is [MASK] .,Tallinn,synth_City/TREx/P36.jsonl
31163,The capital of Western Australia is [MASK] .,Perth,synth_City/TREx/P36.jsonl
32279,The capital of Lviv Oblast is [MASK] .,Lviv,synth_City/TREx/P36.jsonl
34478,The capital of Manitoba is [MASK] .,Winnipeg,synth_City/TREx/P36.jsonl
35135,The capital of Lombardy is [MASK] .,Milano,synth_City/TREx/P36.jsonl
35258,The capital of Iran is [MASK] .,Tehran,synth_City/TREx/P36.jsonl
36446,The capital of Vandal Kingdom is [MASK] .,Carthage,synth_City/TREx/P36.jsonl
36447,The capital of Swedish Empire is [MASK] .,Stockholm,synth_City/TREx/P36.jsonl
36472,The capital of Kingdom of Great Britain is [MASK] .,London,synth_City/TREx/P36.jsonl
36474,The capital of Libya is [MASK] .,Tripoli,synth_City/TREx/P36.jsonl
36734,The capital of Grand Duchy of Moscow is [MASK] .,Moscow,synth_City/TREx/P36.jsonl
36747,The capital of Bolton is [MASK] .,Bolton,synth_City/TREx/P36.jsonl
37011,The capital of Vichy France is [MASK] .,Paris,synth_City/TREx/P36.jsonl
37031,The capital of Bas-Rhin is [MASK] .,Strasbourg,synth_City/TREx/P36.jsonl
37059,The capital of Lublin County is [MASK] .,Lublin,synth_City/TREx/P36.jsonl
37073,The capital of Brussels-Capital Region is [MASK] .,Brussels,synth_City/TREx/P36.jsonl
37101,The capital of Tehran Province is [MASK] .,Tehran,synth_City/TREx/P36.jsonl
37106,The capital of Kiev-Sviatoshyn Raion is [MASK] .,Kiev,synth_City/TREx/P36.jsonl
37108,The capital of Emilia-Romagna is [MASK] .,Bologna,synth_City/TREx/P36.jsonl
37160,The capital of Khedivate of Egypt is [MASK] .,Cairo,synth_City/TREx/P36.jsonl
37171,The capital of Ireland is [MASK] .,Dublin,synth_City/TREx/P36.jsonl
39672,The capital of Kingdom of Essex is [MASK] .,London,synth_City/TREx/P36.jsonl
39677,The capital of Baku Governorate is [MASK] .,Baku,synth_City/TREx/P36.jsonl
39683,The capital of Uruguay is [MASK] .,Montevideo,synth_City/TREx/P36.jsonl
40472,The capital of Achaemenid Empire is [MASK] .,Babylon,synth_City/TREx/P36.jsonl
40486,The capital of Warwickshire is [MASK] .,Warwick,synth_City/TREx/P36.jsonl
40571,The capital of Pest County is [MASK] .,Budapest,synth_City/TREx/P36.jsonl
40646,The capital of United States Army Military Government in Korea is [MASK] .,Seoul,synth_City/TREx/P36.jsonl
40648,The capital of Khalji dynasty is [MASK] .,Delhi,synth_City/TREx/P36.jsonl
40651,The capital of Electoral Palatinate is [MASK] .,Heidelberg,synth_City/TREx/P36.jsonl
40674,The capital of Sri Lanka is [MASK] .,Colombo,synth_City/TREx/P36.jsonl
41490,The capital of Kingdom of Iraq is [MASK] .,Baghdad,synth_City/TREx/P36.jsonl
41534,The capital of Kingdom of Serbia is [MASK] .,Belgrade,synth_City/TREx/P36.jsonl
41546,The capital of Southern Han is [MASK] .,Guangzhou,synth_City/TREx/P36.jsonl
41550,The capital of County Waterford is [MASK] .,Waterford,synth_City/TREx/P36.jsonl
41570,The capital of Serbia and Montenegro is [MASK] .,Belgrade,synth_City/TREx/P36.jsonl
41596,The capital of Ukraine is [MASK] .,Kiev,synth_City/TREx/P36.jsonl
42800,The capital of Bosnia and Herzegovina is [MASK] .,Sarajevo,synth_City/TREx/P36.jsonl
43547,The capital of Armenia is [MASK] .,Yerevan,synth_City/TREx/P36.jsonl
44125,The capital of Abbasid Caliphate is [MASK] .,Damascus,synth_City/TREx/P36.jsonl
44129,The capital of Jalisco is [MASK] .,Guadalajara,synth_City/TREx/P36.jsonl
44240,The capital of Bangladesh is [MASK] .,Dhaka,synth_City/TREx/P36.jsonl
44919,The capital of Czech Socialist Republic is [MASK] .,Prague,synth_City/TREx/P36.jsonl
44920,The capital of East Bengal is [MASK] .,Dhaka,synth_City/TREx/P36.jsonl
44989,The capital of Straits Settlements is [MASK] .,Singapore,synth_City/TREx/P36.jsonl
45008,The capital of Spanish Empire is [MASK] .,Madrid,synth_City/TREx/P36.jsonl
45189,The capital of Nord-Pas-de-Calais is [MASK] .,Lille,synth_City/TREx/P36.jsonl
45284,The capital of Novo Sarajevo is [MASK] .,Sarajevo,synth_City/TREx/P36.jsonl
45291,The capital of Sicily is [MASK] .,Palermo,synth_City/TREx/P36.jsonl
45624,The capital of Kingdom of Ireland is [MASK] .,Dublin,synth_City/TREx/P36.jsonl
45642,The capital of Grande Lisboa Subregion is [MASK] .,Lisbon,synth_City/TREx/P36.jsonl
45644,The capital of Islamic State of Afghanistan is [MASK] .,Kabul,synth_City/TREx/P36.jsonl
45678,The capital of Philippines is [MASK] .,Manila,synth_City/TREx/P36.jsonl
46244,The capital of Kazan Governorate is [MASK] .,Kazan,synth_City/TREx/P36.jsonl
46250,The capital of Kolkata district is [MASK] .,Calcutta,synth_City/TREx/P36.jsonl
46259,The capital of Republic of Venice is [MASK] .,Venice,synth_City/TREx/P36.jsonl
46334,The capital of Metropolis of Lyon is [MASK] .,Lyon,synth_City/TREx/P36.jsonl
46348,The capital of Golden Ambrosian Republic is [MASK] .,Milan,synth_City/TREx/P36.jsonl
46351,The capital of Colorado is [MASK] .,Denver,synth_City/TREx/P36.jsonl
46641,The capital of Greece is [MASK] .,Athens,synth_City/TREx/P36.jsonl
47322,The capital of Netherlands is [MASK] .,Amsterdam,synth_City/TREx/P36.jsonl
49118,The capital of Italy is [MASK] .,Rome,synth_City/TREx/P36.jsonl
50345,The capital of Kingdom of Yugoslavia is [MASK] .,Belgrade,synth_City/TREx/P36.jsonl
50361,The capital of United Kingdom is [MASK] .,London,synth_City/TREx/P36.jsonl
51068,The capital of Shropshire is [MASK] .,Shrewsbury,synth_City/TREx/P36.jsonl
51325,The capital of People's Socialist Republic of Albania is [MASK] .,Tirana,synth_City/TREx/P36.jsonl
51333,The capital of Serbia is [MASK] .,Belgrade,synth_City/TREx/P36.jsonl
52748,The capital of Kingdom of Libya is [MASK] .,Tripoli,synth_City/TREx/P36.jsonl
52759,The capital of Canada is [MASK] .,Ottawa,synth_City/TREx/P36.jsonl
55075,The capital of Ouachita Parish is [MASK] .,Monroe,synth_City/TREx/P36.jsonl
55103,The capital of Kanagawa Prefecture is [MASK] .,Yokohama,synth_City/TREx/P36.jsonl
55177,The capital of Central Bohemian Region is [MASK] .,Prague,synth_City/TREx/P36.jsonl
55210,The capital of France is [MASK] .,Paris,synth_City/TREx/P36.jsonl
57417,The capital of Bulgaria is [MASK] .,Sofia,synth_City/TREx/P36.jsonl
58681,The capital of Mumbai City district is [MASK] .,Mumbai,synth_City/TREx/P36.jsonl
58683,The capital of Devon is [MASK] .,Exeter,synth_City/TREx/P36.jsonl
59088,The capital of Central Macedonia is [MASK] .,Thessaloniki,synth_City/TREx/P36.jsonl
59142,The capital of 4th of August Regime is [MASK] .,Athens,synth_City/TREx/P36.jsonl
59143,The capital of Commonwealth of England is [MASK] .,London,synth_City/TREx/P36.jsonl
59160,The capital of Emirate of Sicily is [MASK] .,Palermo,synth_City/TREx/P36.jsonl
59222,The capital of Saxony is [MASK] .,Dresden,synth_City/TREx/P36.jsonl
59408,The capital of Ming dynasty is [MASK] .,Nanjing,synth_City/TREx/P36.jsonl
59432,The capital of Makkah Region is [MASK] .,Mecca,synth_City/TREx/P36.jsonl
59444,The capital of Egypt Eyalet is [MASK] .,Cairo,synth_City/TREx/P36.jsonl
59464,The capital of Stafford is [MASK] .,Stafford,synth_City/TREx/P36.jsonl
59465,The capital of Suffolk is [MASK] .,Ipswich,synth_City/TREx/P36.jsonl
59788,The capital of Congress Poland is [MASK] .,Warsaw,synth_City/TREx/P36.jsonl
59890,The capital of Northern Ireland is [MASK] .,Belfast,synth_City/TREx/P36.jsonl
61141,The capital of Sikh Empire is [MASK] .,Lahore,synth_City/TREx/P36.jsonl
61242,The capital of Spain is [MASK] .,Madrid,synth_City/TREx/P36.jsonl
63214,The capital of Metropolitan France is [MASK] .,Paris,synth_City/TREx/P36.jsonl
63226,The capital of Republic of Tatarstan is [MASK] .,Kazan,synth_City/TREx/P36.jsonl
63407,The capital of Flemish Community is [MASK] .,Brussels,synth_City/TREx/P36.jsonl
63408,The capital of Mandatory Palestine is [MASK] .,Jerusalem,synth_City/TREx/P36.jsonl
63630,The capital of Ilfov County is [MASK] .,Bucharest,synth_City/TREx/P36.jsonl
63653,The capital of Rhein-Neckar is [MASK] .,Heidelberg,synth_City/TREx/P36.jsonl
63666,The capital of Ranga Reddy district is [MASK] .,Hyderabad,synth_City/TREx/P36.jsonl
63733,The capital of Commonwealth of the Philippines is [MASK] .,Manila,synth_City/TREx/P36.jsonl
63748,The capital of Tughlaq dynasty is [MASK] .,Delhi,synth_City/TREx/P36.jsonl
63749,The capital of Kingdom of Bavaria is [MASK] .,Munich,synth_City/TREx/P36.jsonl
63796,The capital of Tamil Nadu is [MASK] .,Chennai,synth_City/TREx/P36.jsonl
64314,The capital of Belarus is [MASK] .,Minsk,synth_City/TREx/P36.jsonl
64811,The capital of Gloucestershire is [MASK] .,Gloucester,synth_City/TREx/P36.jsonl
64936,The capital of Canton of Vaud is [MASK] .,Lausanne,synth_City/TREx/P36.jsonl
64974,The capital of Slovak Socialist Republic is [MASK] .,Bratislava,synth_City/TREx/P36.jsonl
64978,The capital of European Union is [MASK] .,Strasbourg,synth_City/TREx/P36.jsonl
65064,The capital of Principality of Calenberg is [MASK] .,Hanover,synth_City/TREx/P36.jsonl
65066,The capital of Gauteng is [MASK] .,Johannesburg,synth_City/TREx/P36.jsonl
65202,The capital of Uttar Pradesh is [MASK] .,Lucknow,synth_City/TREx/P36.jsonl
65461,The capital of Republika Srpska is [MASK] .,Sarajevo,synth_City/TREx/P36.jsonl
65485,The capital of Sarajevo Canton is [MASK] .,Sarajevo,synth_City/TREx/P36.jsonl
65512,The capital of Hungarian Soviet Republic is [MASK] .,Budapest,synth_City/TREx/P36.jsonl
65518,The capital of Kingdom of Afghanistan is [MASK] .,Kabul,synth_City/TREx/P36.jsonl
65586,The capital of Lublin Voivodeship is [MASK] .,Lublin,synth_City/TREx/P36.jsonl
65597,The capital of Dominion of Pakistan is [MASK] .,Karachi,synth_City/TREx/P36.jsonl
65642,The capital of England is [MASK] .,Winchester,synth_City/TREx/P36.jsonl
65725,The capital of Al Madinah Region is [MASK] .,Medina,synth_City/TREx/P36.jsonl
65754,The capital of Azerbaijan Soviet Socialist Republic is [MASK] .,Baku,synth_City/TREx/P36.jsonl
65955,The capital of Kingdom of Greece is [MASK] .,Athens,synth_City/TREx/P36.jsonl
65971,The capital of South Korea is [MASK] .,Seoul,synth_City/TREx/P36.jsonl
68595,The capital of Cisplatina Province is [MASK] .,Montevideo,synth_City/TREx/P36.jsonl
68611,The capital of Dhaka Division is [MASK] .,Dhaka,synth_City/TREx/P36.jsonl
68618,The capital of Centrocaspian Dictatorship is [MASK] .,Baku,synth_City/TREx/P36.jsonl
68789,The capital of Mount Lebanon Governorate is [MASK] .,Beirut,synth_City/TREx/P36.jsonl
68927,The capital of Flemish Region is [MASK] .,Brussels,synth_City/TREx/P36.jsonl
68967,The capital of Porto District is [MASK] .,Porto,synth_City/TREx/P36.jsonl
68971,The capital of Kiev Voivodeship is [MASK] .,Kiev,synth_City/TREx/P36.jsonl
68975,The capital of Hordaland is [MASK] .,Bergen,synth_City/TREx/P36.jsonl
69127,The capital of Alsace is [MASK] .,Strasbourg,synth_City/TREx/P36.jsonl
69256,The capital of Ontario is [MASK] .,Toronto,synth_City/TREx/P36.jsonl
70851,The capital of Kingdom of Jerusalem is [MASK] .,Jerusalem,synth_City/TREx/P36.jsonl
70853,The capital of Ba'athist Iraq is [MASK] .,Baghdad,synth_City/TREx/P36.jsonl
70856,The capital of Kingdom of Bulgaria is [MASK] .,Sofia,synth_City/TREx/P36.jsonl
70878,The capital of Romania is [MASK] .,Bucharest,synth_City/TREx/P36.jsonl
72058,The capital of Renfrewshire is [MASK] .,Paisley,synth_City/TREx/P36.jsonl
72183,The capital of Switzerland is [MASK] .,Bern,synth_City/TREx/P36.jsonl
72724,The capital of Austria is [MASK] .,Vienna,synth_City/TREx/P36.jsonl
73304,The capital of Slovakia is [MASK] .,Bratislava,synth_City/TREx/P36.jsonl
75909,The capital of French Community of Belgium is [MASK] .,Brussels,synth_City/TREx/P36.jsonl
75911,The capital of Egypt is [MASK] .,Cairo,synth_City/TREx/P36.jsonl
76858,The capital of Ukrainian State is [MASK] .,Kiev,synth_City/TREx/P36.jsonl
76862,The capital of Zagreb County is [MASK] .,Zagreb,synth_City/TREx/P36.jsonl
76878,The capital of Uusimaa is [MASK] .,Helsinki,synth_City/TREx/P36.jsonl
76976,The capital of Holy Roman Empire is [MASK] .,Vienna,synth_City/TREx/P36.jsonl
77005,The capital of Antwerp is [MASK] .,Antwerp,synth_City/TREx/P36.jsonl
77019,The capital of United Kingdom of Great Britain and Ireland is [MASK] .,London,synth_City/TREx/P36.jsonl
77070,The capital of Nazi Germany is [MASK] .,Berlin,synth_City/TREx/P36.jsonl
77705,The capital of Russian Soviet Federative Socialist Republic is [MASK] .,Moscow,synth_City/TREx/P36.jsonl
77822,The capital of Province of Brandenburg is [MASK] .,Berlin,synth_City/TREx/P36.jsonl
77907,The capital of Ukrainian Soviet Socialist Republic is [MASK] .,Kiev,synth_City/TREx/P36.jsonl
78117,The capital of Byzantine Empire is [MASK] .,Constantinople,synth_City/TREx/P36.jsonl
78635,The capital of Umayyad Caliphate is [MASK] .,Damascus,synth_City/TREx/P36.jsonl
78673,The capital of Thailand is [MASK] .,Bangkok,synth_City/TREx/P36.jsonl
80133,The capital of Free State of Prussia is [MASK] .,Berlin,synth_City/TREx/P36.jsonl
80160,The capital of Andhra Pradesh is [MASK] .,Hyderabad,synth_City/TREx/P36.jsonl
80307,The capital of Union between Sweden and Norway is [MASK] .,Stockholm,synth_City/TREx/P36.jsonl
80313,The capital of Cuyahoga County is [MASK] .,Cleveland,synth_City/TREx/P36.jsonl
80371,The capital of Norway is [MASK] .,Oslo,synth_City/TREx/P36.jsonl
82922,The capital of Rhineland-Palatinate is [MASK] .,Mainz,synth_City/TREx/P36.jsonl
82973,The capital of Turkey is [MASK] .,Ankara,synth_City/TREx/P36.jsonl
83646,The capital of Rif Dimashq Governorate is [MASK] .,Damascus,synth_City/TREx/P36.jsonl
83716,The capital of Glasgow City Council is [MASK] .,Glasgow,synth_City/TREx/P36.jsonl
83748,The capital of Swabia is [MASK] .,Augsburg,synth_City/TREx/P36.jsonl
83754,The capital of occupation of Japan is [MASK] .,Tokyo,synth_City/TREx/P36.jsonl
83755,The capital of Rhode Island is [MASK] .,Providence,synth_City/TREx/P36.jsonl
83761,The capital of Croatia is [MASK] .,Zagreb,synth_City/TREx/P36.jsonl
84761,The capital of Socialist Republic of Serbia is [MASK] .,Belgrade,synth_City/TREx/P36.jsonl
84845,The capital of Neo-Babylonian Empire is [MASK] .,Babylon,synth_City/TREx/P36.jsonl
84858,The capital of Kingdom of Gwynedd is [MASK] .,Chester,synth_City/TREx/P36.jsonl
84863,The capital of Kirklees is [MASK] .,Huddersfield,synth_City/TREx/P36.jsonl
84892,The capital of Bosnia Eyalet is [MASK] .,Sarajevo,synth_City/TREx/P36.jsonl
84895,The capital of Northamptonshire is [MASK] .,Northampton,synth_City/TREx/P36.jsonl
85031,The capital of Tiflis Governorate is [MASK] .,Tbilisi,synth_City/TREx/P36.jsonl
85045,The capital of Kingdom of Wessex is [MASK] .,Winchester,synth_City/TREx/P36.jsonl
85065,The capital of Seville Province is [MASK] .,Seville,synth_City/TREx/P36.jsonl
85068,The capital of Erivan Governorate is [MASK] .,Yerevan,synth_City/TREx/P36.jsonl
85083,The capital of Grand Casablanca is [MASK] .,Casablanca,synth_City/TREx/P36.jsonl
85106,The capital of Algeria is [MASK] .,Algiers,synth_City/TREx/P36.jsonl
85333,The capital of West Bengal is [MASK] .,Calcutta,synth_City/TREx/P36.jsonl
86071,The capital of Republic of Siena is [MASK] .,Siena,synth_City/TREx/P36.jsonl
86076,The capital of Kingdom of Bohemia is [MASK] .,Prague,synth_City/TREx/P36.jsonl
86096,The capital of Moscow Oblast is [MASK] .,Moscow,synth_City/TREx/P36.jsonl
86147,The capital of Lebanon is [MASK] .,Beirut,synth_City/TREx/P36.jsonl
87167,The capital of Latvia is [MASK] .,Riga,synth_City/TREx/P36.jsonl
88252,The capital of Empire of Japan is [MASK] .,Tokyo,synth_City/TREx/P36.jsonl
88262,The capital of Wales is [MASK] .,Cardiff,synth_City/TREx/P36.jsonl
89568,The capital of Delhi Sultanate is [MASK] .,Delhi,synth_City/TREx/P36.jsonl
89570,The capital of Mont-Tonnerre is [MASK] .,Mainz,synth_City/TREx/P36.jsonl
89575,The capital of Reichskommissariat Ostland is [MASK] .,Riga,synth_City/TREx/P36.jsonl
89580,The capital of Democratic Republic of Afghanistan is [MASK] .,Kabul,synth_City/TREx/P36.jsonl
89601,The capital of Poland is [MASK] .,Warsaw,synth_City/TREx/P36.jsonl
91689,The capital of Jericho Governorate is [MASK] .,Jericho,synth_City/TREx/P36.jsonl
91699,The capital of Qajar dynasty is [MASK] .,Tehran,synth_City/TREx/P36.jsonl
91895,The capital of Sindh is [MASK] .,Karachi,synth_City/TREx/P36.jsonl
92764,The capital of Akershus is [MASK] .,Oslo,synth_City/TREx/P36.jsonl
92877,The capital of South Yemen is [MASK] .,Aden,synth_City/TREx/P36.jsonl
92885,The capital of Nouvelle-Aquitaine is [MASK] .,Bordeaux,synth_City/TREx/P36.jsonl
92887,The capital of North West England is [MASK] .,Manchester,synth_City/TREx/P36.jsonl
92988,The capital of People's Republic of China is [MASK] .,Beijing,synth_City/TREx/P36.jsonl
95172,The capital of Punjab is [MASK] .,Lahore,synth_City/TREx/P36.jsonl
95551,The capital of Haute-Garonne is [MASK] .,Toulouse,synth_City/TREx/P36.jsonl
95585,The capital of United Arab Republic is [MASK] .,Cairo,synth_City/TREx/P36.jsonl
95588,The capital of Herefordshire is [MASK] .,Hereford,synth_City/TREx/P36.jsonl
95700,The capital of Company rule in India is [MASK] .,Kolkata,synth_City/TREx/P36.jsonl
95703,The capital of Gironde is [MASK] .,Bordeaux,synth_City/TREx/P36.jsonl
95752,The capital of province of Milan is [MASK] .,Milano,synth_City/TREx/P36.jsonl
95773,The capital of Finland is [MASK] .,Helsinki,synth_City/TREx/P36.jsonl
97865,The capital of Syria is [MASK] .,Damascus,synth_City/TREx/P36.jsonl
98400,The capital of Byelorussian Soviet Socialist Republic is [MASK] .,Minsk,synth_City/TREx/P36.jsonl
98499,The capital of Jerusalem District is [MASK] .,Jerusalem,synth_City/TREx/P36.jsonl
98505,The capital of Belgium is [MASK] .,Brussels,synth_City/TREx/P36.jsonl
98594,The capital of Tirana District is [MASK] .,Tirana,synth_City/TREx/P36.jsonl
98595,The capital of Liguria is [MASK] .,Genoa,synth_City/TREx/P36.jsonl
98667,The capital of Aquitaine is [MASK] .,Bordeaux,synth_City/TREx/P36.jsonl
98703,The capital of Pune district is [MASK] .,Pune,synth_City/TREx/P36.jsonl
98713,The capital of Osona is [MASK] .,Vic,synth_City/TREx/P36.jsonl
98745,The capital of Languedoc is [MASK] .,Toulouse,synth_City/TREx/P36.jsonl
98757,The capital of Austria-Hungary is [MASK] .,Vienna,synth_City/TREx/P36.jsonl
98858,The capital of Province of Rome is [MASK] .,Rome,synth_City/TREx/P36.jsonl
98859,The capital of Stockholm County is [MASK] .,Stockholm,synth_City/TREx/P36.jsonl
98867,The capital of Tatar Autonomous Soviet Socialist Republic is [MASK] .,Kazan,synth_City/TREx/P36.jsonl
98876,The capital of Kingdom of Egypt is [MASK] .,Cairo,synth_City/TREx/P36.jsonl
98916,The capital of Sweden is [MASK] .,Stockholm,synth_City/TREx/P36.jsonl
101751,The capital of Second Spanish Republic is [MASK] .,Madrid,synth_City/TREx/P36.jsonl
101817,The capital of French Algeria is [MASK] .,Algiers,synth_City/TREx/P36.jsonl
101839,The capital of Pagaruyung Kingdom is [MASK] .,Sumatra,synth_City/TREx/P36.jsonl
101850,The capital of Thessaloniki Regional Unit is [MASK] .,Thessaloniki,synth_City/TREx/P36.jsonl
101857,The capital of Aberdeen City Council is [MASK] .,Aberdeen,synth_City/TREx/P36.jsonl
101868,The capital of Kingdom of Mysore is [MASK] .,Mysore,synth_City/TREx/P36.jsonl
101870,The capital of Wellington Region is [MASK] .,Wellington,synth_City/TREx/P36.jsonl
101884,The capital of City of Johannesburg Metropolitan Municipality is [MASK] .,Johannesburg,synth_City/TREx/P36.jsonl
101918,The capital of Realm of Stefan Dragutin is [MASK] .,Belgrade,synth_City/TREx/P36.jsonl
101929,The capital of Kyivska Rus' is [MASK] .,Kiev,synth_City/TREx/P36.jsonl
102354,The capital of Catalonia is [MASK] .,Barcelona,synth_City/TREx/P36.jsonl
103101,The capital of Spanish East Indies is [MASK] .,Manila,synth_City/TREx/P36.jsonl
103109,The capital of Paris Commune is [MASK] .,Paris,synth_City/TREx/P36.jsonl
103134,The capital of Piedmont is [MASK] .,Turin,synth_City/TREx/P36.jsonl
103245,The capital of West Pakistan is [MASK] .,Karachi,synth_City/TREx/P36.jsonl
103248,The capital of Czech Republic is [MASK] .,Prague,synth_City/TREx/P36.jsonl
105776,The capital of Oxfordshire is [MASK] .,Oxford,synth_City/TREx/P36.jsonl
105857,The capital of Socialist Federal Republic of Yugoslavia is [MASK] .,Belgrade,synth_City/TREx/P36.jsonl
106436,The capital of British Raj is [MASK] .,Calcutta,synth_City/TREx/P36.jsonl
107779,The capital of Grand Duchy of Lithuania is [MASK] .,Vilnius,synth_City/TREx/P36.jsonl
107850,The capital of Kingdom of Sardinia is [MASK] .,Turin,synth_City/TREx/P36.jsonl
107960,The capital of British America is [MASK] .,London,synth_City/TREx/P36.jsonl
107965,The capital of Prague-West District is [MASK] .,Prague,synth_City/TREx/P36.jsonl
107985,The capital of Weimar Republic is [MASK] .,Berlin,synth_City/TREx/P36.jsonl
108028,The capital of Neustria is [MASK] .,Paris,synth_City/TREx/P36.jsonl
108040,The capital of Taiwan Province is [MASK] .,Taipei,synth_City/TREx/P36.jsonl
108077,The capital of Bavaria is [MASK] .,Munich,synth_City/TREx/P36.jsonl
108547,The capital of Philadelphia County is [MASK] .,Philadelphia,synth_City/TREx/P36.jsonl
108561,The capital of Hawaii is [MASK] .,Honolulu,synth_City/TREx/P36.jsonl
108771,The capital of Allied-occupied Germany is [MASK] .,Berlin,synth_City/TREx/P36.jsonl
108779,The capital of First Portuguese Republic is [MASK] .,Lisbon,synth_City/TREx/P36.jsonl
108801,The capital of Queensland is [MASK] .,Brisbane,synth_City/TREx/P36.jsonl
109593,The capital of Bohemia is [MASK] .,Prague,synth_City/TREx/P36.jsonl
109736,The capital of Islamic Emirate of Afghanistan is [MASK] .,Kabul,synth_City/TREx/P36.jsonl
109766,The capital of Owari Domain is [MASK] .,Nagoya,synth_City/TREx/P36.jsonl
109768,The capital of Homs Governorate is [MASK] .,Damascus,synth_City/TREx/P36.jsonl
109794,The capital of Kenya is [MASK] .,Nairobi,synth_City/TREx/P36.jsonl
110508,The capital of Southern Tang is [MASK] .,Nanjing,synth_City/TREx/P36.jsonl
110516,The capital of West Germany is [MASK] .,Bonn,synth_City/TREx/P36.jsonl
110585,The capital of Slovenia is [MASK] .,Ljubljana,synth_City/TREx/P36.jsonl
111511,The capital of Otago Region is [MASK] .,Dunedin,synth_City/TREx/P36.jsonl
111645,The capital of Jiangsu is [MASK] .,Nanjing,synth_City/TREx/P36.jsonl
112105,The capital of Schleswig-Holstein is [MASK] .,Kiel,synth_City/TREx/P36.jsonl
112147,The capital of Lithuania is [MASK] .,Vilnius,synth_City/TREx/P36.jsonl
112850,The capital of Grande Porto is [MASK] .,Porto,synth_City/TREx/P36.jsonl
112853,The capital of Anatolia Eyalet is [MASK] .,Ankara,synth_City/TREx/P36.jsonl
112859,The capital of Highland is [MASK] .,Inverness,synth_City/TREx/P36.jsonl
112883,The capital of Lodi dynasty is [MASK] .,Delhi,synth_City/TREx/P36.jsonl
112886,The capital of Borough of Burnley is [MASK] .,Burnley,synth_City/TREx/P36.jsonl
112887,The capital of Dudley is [MASK] .,Dudley,synth_City/TREx/P36.jsonl
112967,The capital of Minsk Region is [MASK] .,Minsk,synth_City/TREx/P36.jsonl
112974,The capital of Seine is [MASK] .,Paris,synth_City/TREx/P36.jsonl
112978,The capital of Umatilla County is [MASK] .,Pendleton,synth_City/TREx/P36.jsonl
112992,The capital of Guangdong is [MASK] .,Guangzhou,synth_City/TREx/P36.jsonl
113343,The capital of Tripolitania is [MASK] .,Tripoli,synth_City/TREx/P36.jsonl
113364,The capital of Roman Republic is [MASK] .,Rome,synth_City/TREx/P36.jsonl
113370,The capital of Kingdom of Prussia is [MASK] .,Berlin,synth_City/TREx/P36.jsonl
113504,The capital of Afghanistan is [MASK] .,Kabul,synth_City/TREx/P36.jsonl
114609,The capital of Yugoslavia is [MASK] .,Belgrade,synth_City/TREx/P36.jsonl
114629,The capital of Leeds is [MASK] .,Leeds,synth_City/TREx/P36.jsonl
114641,The capital of Norfolk is [MASK] .,Norwich,synth_City/TREx/P36.jsonl
115062,The capital of North East Lincolnshire is [MASK] .,Grimsby,synth_City/TREx/P36.jsonl
115125,The capital of Masovian Voivodeship is [MASK] .,Warsaw,synth_City/TREx/P36.jsonl
115173,The capital of Flanders is [MASK] .,Brussels,synth_City/TREx/P36.jsonl
