,sent,gold,filename
0,Monreale shares border with [MASK] .,Palermo,synth_City/TREx/P47.jsonl
12,Germany shares border with [MASK] .,Czechoslovakia,synth_City/TREx/P47.jsonl
27,Missouri shares border with [MASK] .,Nebraska,synth_City/TREx/P47.jsonl
181,Andhra Pradesh shares border with [MASK] .,Telangana,synth_City/TREx/P47.jsonl
514,Leicestershire shares border with [MASK] .,Lincolnshire,synth_City/TREx/P47.jsonl
569,Northamptonshire shares border with [MASK] .,Oxfordshire,synth_City/TREx/P47.jsonl
613,Afghanistan shares border with [MASK] .,Pakistan,synth_City/TREx/P47.jsonl
2022,Democratic Republic of the Congo shares border with [MASK] .,Rwanda,synth_City/TREx/P47.jsonl
2680,Ukraine shares border with [MASK] .,Russia,synth_City/TREx/P47.jsonl
3444,Mauerbach shares border with [MASK] .,Vienna,synth_City/TREx/P47.jsonl
3445,Spain shares border with [MASK] .,Portugal,synth_City/TREx/P47.jsonl
5150,Oregon shares border with [MASK] .,Idaho,synth_City/TREx/P47.jsonl
5718,Democratic Kampuchea shares border with [MASK] .,Thailand,synth_City/TREx/P47.jsonl
5723,Brazil shares border with [MASK] .,Guyana,synth_City/TREx/P47.jsonl
6486,Eastleigh shares border with [MASK] .,Winchester,synth_City/TREx/P47.jsonl
6495,Greater London shares border with [MASK] .,Surrey,synth_City/TREx/P47.jsonl
6727,Ohio shares border with [MASK] .,Indiana,synth_City/TREx/P47.jsonl
7460,Haryana shares border with [MASK] .,Delhi,synth_City/TREx/P47.jsonl
7632,Zambia shares border with [MASK] .,Mozambique,synth_City/TREx/P47.jsonl
8420,New Mexico shares border with [MASK] .,Arizona,synth_City/TREx/P47.jsonl
9742,Yemen shares border with [MASK] .,Oman,synth_City/TREx/P47.jsonl
9964,Kentucky shares border with [MASK] .,Indiana,synth_City/TREx/P47.jsonl
10446,Peschiera Borromeo shares border with [MASK] .,Milan,synth_City/TREx/P47.jsonl
10451,Minnesota shares border with [MASK] .,Iowa,synth_City/TREx/P47.jsonl
10812,Sant Just Desvern shares border with [MASK] .,Barcelona,synth_City/TREx/P47.jsonl
10814,Sehnde shares border with [MASK] .,Hanover,synth_City/TREx/P47.jsonl
10821,Bolivia shares border with [MASK] .,Chile,synth_City/TREx/P47.jsonl
11547,Upper Austria shares border with [MASK] .,Bavaria,synth_City/TREx/P47.jsonl
11552,Hebei shares border with [MASK] .,Beijing,synth_City/TREx/P47.jsonl
11679,Newfoundland and Labrador shares border with [MASK] .,Quebec,synth_City/TREx/P47.jsonl
11929,Trevignano Romano shares border with [MASK] .,Rome,synth_City/TREx/P47.jsonl
11934,Sassello shares border with [MASK] .,Genoa,synth_City/TREx/P47.jsonl
11939,Montrouge shares border with [MASK] .,Paris,synth_City/TREx/P47.jsonl
11951,Czechoslovakia shares border with [MASK] .,Austria,synth_City/TREx/P47.jsonl
12028,Colorado shares border with [MASK] .,Oklahoma,synth_City/TREx/P47.jsonl
12222,Tripura shares border with [MASK] .,Assam,synth_City/TREx/P47.jsonl
12325,Arab League shares border with [MASK] .,Spain,synth_City/TREx/P47.jsonl
12336,Daman and Diu shares border with [MASK] .,Gujarat,synth_City/TREx/P47.jsonl
12416,Malaysia shares border with [MASK] .,Brunei,synth_City/TREx/P47.jsonl
13087,Haute-Savoie shares border with [MASK] .,Ain,synth_City/TREx/P47.jsonl
13091,Romania shares border with [MASK] .,Moldova,synth_City/TREx/P47.jsonl
13544,Pino Torinese shares border with [MASK] .,Turin,synth_City/TREx/P47.jsonl
13545,Staffordshire shares border with [MASK] .,Warwickshire,synth_City/TREx/P47.jsonl
13618,Mizoram shares border with [MASK] .,Assam,synth_City/TREx/P47.jsonl
13721,Scotland shares border with [MASK] .,England,synth_City/TREx/P47.jsonl
14292,Moldova shares border with [MASK] .,Romania,synth_City/TREx/P47.jsonl
14745,European Union shares border with [MASK] .,Moldova,synth_City/TREx/P47.jsonl
14860,Burkina Faso shares border with [MASK] .,Niger,synth_City/TREx/P47.jsonl
15172,Tanzania shares border with [MASK] .,Mozambique,synth_City/TREx/P47.jsonl
16178,Tamil Nadu shares border with [MASK] .,Karnataka,synth_City/TREx/P47.jsonl
16565,Belgium shares border with [MASK] .,France,synth_City/TREx/P47.jsonl
18828,Radnorshire shares border with [MASK] .,Shropshire,synth_City/TREx/P47.jsonl
18834,Malawi shares border with [MASK] .,Tanzania,synth_City/TREx/P47.jsonl
19991,Berkshire shares border with [MASK] .,Oxfordshire,synth_City/TREx/P47.jsonl
20422,Schwabach shares border with [MASK] .,Nuremberg,synth_City/TREx/P47.jsonl
20426,Poland shares border with [MASK] .,Germany,synth_City/TREx/P47.jsonl
21260,Traversetolo shares border with [MASK] .,Parma,synth_City/TREx/P47.jsonl
21267,German Democratic Republic shares border with [MASK] .,Poland,synth_City/TREx/P47.jsonl
21287,Eritrea shares border with [MASK] .,Sudan,synth_City/TREx/P47.jsonl
21522,Zwenkau shares border with [MASK] .,Leipzig,synth_City/TREx/P47.jsonl
21525,Lower Saxony shares border with [MASK] .,Brandenburg,synth_City/TREx/P47.jsonl
21552,Banbury shares border with [MASK] .,Oxford,synth_City/TREx/P47.jsonl
23529,Saxony-Anhalt shares border with [MASK] .,Brandenburg,synth_City/TREx/P47.jsonl
23591,Gloucestershire shares border with [MASK] .,Wiltshire,synth_City/TREx/P47.jsonl
23688,Chukotka Autonomous Okrug shares border with [MASK] .,Alaska,synth_City/TREx/P47.jsonl
23880,Morocco shares border with [MASK] .,Spain,synth_City/TREx/P47.jsonl
24558,Vechelde shares border with [MASK] .,Brunswick,synth_City/TREx/P47.jsonl
24560,Wiltshire shares border with [MASK] .,Hampshire,synth_City/TREx/P47.jsonl
24689,Saudi Arabia shares border with [MASK] .,Oman,synth_City/TREx/P47.jsonl
24982,La Rinconada shares border with [MASK] .,Seville,synth_City/TREx/P47.jsonl
24986,Anif shares border with [MASK] .,Salzburg,synth_City/TREx/P47.jsonl
24990,Oegstgeest shares border with [MASK] .,Leiden,synth_City/TREx/P47.jsonl
25006,Idaho shares border with [MASK] .,Wyoming,synth_City/TREx/P47.jsonl
25315,Turkey shares border with [MASK] .,Syria,synth_City/TREx/P47.jsonl
25964,Montano Lucino shares border with [MASK] .,Como,synth_City/TREx/P47.jsonl
25972,South Dakota shares border with [MASK] .,Nebraska,synth_City/TREx/P47.jsonl
26409,Punjab shares border with [MASK] .,Sindh,synth_City/TREx/P47.jsonl
26418,New Hampshire shares border with [MASK] .,Massachusetts,synth_City/TREx/P47.jsonl
26777,Vietnam shares border with [MASK] .,Laos,synth_City/TREx/P47.jsonl
28040,Syria shares border with [MASK] .,Iraq,synth_City/TREx/P47.jsonl
28694,New Jersey shares border with [MASK] .,Delaware,synth_City/TREx/P47.jsonl
29357,Karnataka shares border with [MASK] .,Telangana,synth_City/TREx/P47.jsonl
29474,Regional Municipality of Peel shares border with [MASK] .,Toronto,synth_City/TREx/P47.jsonl
29502,North Macedonia shares border with [MASK] .,Albania,synth_City/TREx/P47.jsonl
30099,Netherlands shares border with [MASK] .,Germany,synth_City/TREx/P47.jsonl
31406,Louisiana shares border with [MASK] .,Mississippi,synth_City/TREx/P47.jsonl
31742,Holzwickede shares border with [MASK] .,Dortmund,synth_City/TREx/P47.jsonl
31745,"Washington, D.C. shares border with [MASK] .",Virginia,synth_City/TREx/P47.jsonl
31760,Ski shares border with [MASK] .,Oslo,synth_City/TREx/P47.jsonl
31763,Sarawak shares border with [MASK] .,Sabah,synth_City/TREx/P47.jsonl
32262,Vincennes shares border with [MASK] .,Paris,synth_City/TREx/P47.jsonl
32285,Kachin State shares border with [MASK] .,Yunnan,synth_City/TREx/P47.jsonl
32304,Northwest Territories shares border with [MASK] .,Yukon,synth_City/TREx/P47.jsonl
32565,Saint-Pierre-des-Corps shares border with [MASK] .,Tours,synth_City/TREx/P47.jsonl
32577,Hemel Hempstead shares border with [MASK] .,Luton,synth_City/TREx/P47.jsonl
33415,San Giovanni Lupatoto shares border with [MASK] .,Verona,synth_City/TREx/P47.jsonl
33423,Derbyshire shares border with [MASK] .,Leicestershire,synth_City/TREx/P47.jsonl
33477,People's Republic of China shares border with [MASK] .,Tajikistan,synth_City/TREx/P47.jsonl
33637,Nakhchivan Autonomous Republic shares border with [MASK] .,Turkey,synth_City/TREx/P47.jsonl
33663,Hagen shares border with [MASK] .,Dortmund,synth_City/TREx/P47.jsonl
33668,East Java shares border with [MASK] .,Bali,synth_City/TREx/P47.jsonl
33681,Cavallino-Treporti shares border with [MASK] .,Venice,synth_City/TREx/P47.jsonl
33683,Gehrden shares border with [MASK] .,Hanover,synth_City/TREx/P47.jsonl
33685,Thailand shares border with [MASK] .,Cambodia,synth_City/TREx/P47.jsonl
34619,Libya shares border with [MASK] .,Algeria,synth_City/TREx/P47.jsonl
34916,Greater Manchester shares border with [MASK] .,Lancashire,synth_City/TREx/P47.jsonl
35195,Mali shares border with [MASK] .,Niger,synth_City/TREx/P47.jsonl
36788,Gabon shares border with [MASK] .,Cameroon,synth_City/TREx/P47.jsonl
38195,Montenegro shares border with [MASK] .,Kosovo,synth_City/TREx/P47.jsonl
38390,Bremgarten bei Bern shares border with [MASK] .,Bern,synth_City/TREx/P47.jsonl
38391,Andorra shares border with [MASK] .,France,synth_City/TREx/P47.jsonl
38524,Zhongshan shares border with [MASK] .,Guangzhou,synth_City/TREx/P47.jsonl
38532,Kyrgyzstan shares border with [MASK] .,Uzbekistan,synth_City/TREx/P47.jsonl
38942,Wesermarsch shares border with [MASK] .,Bremen,synth_City/TREx/P47.jsonl
38945,Belize shares border with [MASK] .,Mexico,synth_City/TREx/P47.jsonl
39341,Montoggio shares border with [MASK] .,Genoa,synth_City/TREx/P47.jsonl
39343,Ittigen shares border with [MASK] .,Bern,synth_City/TREx/P47.jsonl
39348,Hampshire shares border with [MASK] .,Wiltshire,synth_City/TREx/P47.jsonl
39477,Czech Republic shares border with [MASK] .,Austria,synth_City/TREx/P47.jsonl
40481,Serbia shares border with [MASK] .,Hungary,synth_City/TREx/P47.jsonl
40791,Chiapas shares border with [MASK] .,Veracruz,synth_City/TREx/P47.jsonl
40876,Kistarcsa shares border with [MASK] .,Budapest,synth_City/TREx/P47.jsonl
40878,Mannheim shares border with [MASK] .,Heidelberg,synth_City/TREx/P47.jsonl
40913,Bry land shares border with [MASK] .,Egypt,synth_City/TREx/P47.jsonl
40922,Bavaria shares border with [MASK] .,Hesse,synth_City/TREx/P47.jsonl
40992,San Fernando de Henares shares border with [MASK] .,Madrid,synth_City/TREx/P47.jsonl
40996,Iowa shares border with [MASK] .,Minnesota,synth_City/TREx/P47.jsonl
41357,Goa shares border with [MASK] .,Karnataka,synth_City/TREx/P47.jsonl
41500,Saint-Gilles - Sint-Gillis shares border with [MASK] .,Brussels,synth_City/TREx/P47.jsonl
41501,Papagou shares border with [MASK] .,Athens,synth_City/TREx/P47.jsonl
41506,Queens shares border with [MASK] .,Brooklyn,synth_City/TREx/P47.jsonl
41836,Colombia shares border with [MASK] .,Panama,synth_City/TREx/P47.jsonl
42947,Oman shares border with [MASK] .,Yemen,synth_City/TREx/P47.jsonl
44329,Sweden shares border with [MASK] .,Denmark,synth_City/TREx/P47.jsonl
46345,Luxembourg shares border with [MASK] .,France,synth_City/TREx/P47.jsonl
46736,Fiesole shares border with [MASK] .,Florence,synth_City/TREx/P47.jsonl
47224,Denmark shares border with [MASK] .,Norway,synth_City/TREx/P47.jsonl
48873,Sabah shares border with [MASK] .,Sarawak,synth_City/TREx/P47.jsonl
49078,Herdecke shares border with [MASK] .,Dortmund,synth_City/TREx/P47.jsonl
50611,Mainz-Bingen shares border with [MASK] .,Mainz,synth_City/TREx/P47.jsonl
50614,Bunnik shares border with [MASK] .,Utrecht,synth_City/TREx/P47.jsonl
52474,Mauritania shares border with [MASK] .,Mali,synth_City/TREx/P47.jsonl
55679,Gibraltar shares border with [MASK] .,Spain,synth_City/TREx/P47.jsonl
55854,Somalia shares border with [MASK] .,Ethiopia,synth_City/TREx/P47.jsonl
56431,Jordan shares border with [MASK] .,Israel,synth_City/TREx/P47.jsonl
57080,Pasay shares border with [MASK] .,Manila,synth_City/TREx/P47.jsonl
57093,Wyoming shares border with [MASK] .,Nebraska,synth_City/TREx/P47.jsonl
57257,King shares border with [MASK] .,Vaughan,synth_City/TREx/P47.jsonl
57456,Mississippi shares border with [MASK] .,Tennessee,synth_City/TREx/P47.jsonl
57732,Kenya shares border with [MASK] .,Somalia,synth_City/TREx/P47.jsonl
58319,Slovenia shares border with [MASK] .,Austria,synth_City/TREx/P47.jsonl
59092,Lochristi shares border with [MASK] .,Ghent,synth_City/TREx/P47.jsonl
61294,Peru shares border with [MASK] .,Ecuador,synth_City/TREx/P47.jsonl
63823,Alberta shares border with [MASK] .,Montana,synth_City/TREx/P47.jsonl
64056,Ennepe-Ruhr-Kreis shares border with [MASK] .,Hagen,synth_City/TREx/P47.jsonl
64058,Clitheroe shares border with [MASK] .,Burnley,synth_City/TREx/P47.jsonl
64067,Bagnolet shares border with [MASK] .,Paris,synth_City/TREx/P47.jsonl
64078,Kosovo shares border with [MASK] .,Montenegro,synth_City/TREx/P47.jsonl
64271,United Arab Emirates shares border with [MASK] .,Oman,synth_City/TREx/P47.jsonl
64629,Uttarakhand shares border with [MASK] .,Haryana,synth_City/TREx/P47.jsonl
65454,Bagheria shares border with [MASK] .,Palermo,synth_City/TREx/P47.jsonl
65869,Langhirano shares border with [MASK] .,Parma,synth_City/TREx/P47.jsonl
65873,Lower Austria shares border with [MASK] .,Vienna,synth_City/TREx/P47.jsonl
65954,Russia shares border with [MASK] .,Latvia,synth_City/TREx/P47.jsonl
66123,West Bengal shares border with [MASK] .,Assam,synth_City/TREx/P47.jsonl
66300,Croatia shares border with [MASK] .,Montenegro,synth_City/TREx/P47.jsonl
66692,Witten shares border with [MASK] .,Dortmund,synth_City/TREx/P47.jsonl
66693,Argentina shares border with [MASK] .,Brazil,synth_City/TREx/P47.jsonl
68875,Mozambique shares border with [MASK] .,Malawi,synth_City/TREx/P47.jsonl
69771,Thuringia shares border with [MASK] .,Bavaria,synth_City/TREx/P47.jsonl
69919,Lviv Oblast shares border with [MASK] .,Polish,synth_City/TREx/P47.jsonl
69923,SeaTac shares border with [MASK] .,Seattle,synth_City/TREx/P47.jsonl
69979,Panama shares border with [MASK] .,Colombia,synth_City/TREx/P47.jsonl
71090,Montana shares border with [MASK] .,Idaho,synth_City/TREx/P47.jsonl
71624,France shares border with [MASK] .,Switzerland,synth_City/TREx/P47.jsonl
73610,Indiana shares border with [MASK] .,Kentucky,synth_City/TREx/P47.jsonl
74946,Arkansas shares border with [MASK] .,Louisiana,synth_City/TREx/P47.jsonl
76788,Sint-Martens-Latem shares border with [MASK] .,Ghent,synth_City/TREx/P47.jsonl
76984,Laos shares border with [MASK] .,Cambodia,synth_City/TREx/P47.jsonl
77733,Pozzuoli shares border with [MASK] .,Naples,synth_City/TREx/P47.jsonl
77757,Skedsmo shares border with [MASK] .,Oslo,synth_City/TREx/P47.jsonl
77767,Zimbabwe shares border with [MASK] .,Botswana,synth_City/TREx/P47.jsonl
78398,Djibouti shares border with [MASK] .,Ethiopia,synth_City/TREx/P47.jsonl
78611,Spijkenisse shares border with [MASK] .,Rotterdam,synth_City/TREx/P47.jsonl
78612,Tennessee shares border with [MASK] .,Missouri,synth_City/TREx/P47.jsonl
78833,Egypt shares border with [MASK] .,Sudan,synth_City/TREx/P47.jsonl
79164,Niger shares border with [MASK] .,Mali,synth_City/TREx/P47.jsonl
80538,Nigeria shares border with [MASK] .,Cameroon,synth_City/TREx/P47.jsonl
82767,Kingdom of Westphalia shares border with [MASK] .,France,synth_City/TREx/P47.jsonl
82768,Indonesia shares border with [MASK] .,Singapore,synth_City/TREx/P47.jsonl
83559,Costa Rica shares border with [MASK] .,Nicaragua,synth_City/TREx/P47.jsonl
84486,Chad shares border with [MASK] .,Nigeria,synth_City/TREx/P47.jsonl
84844,North Korea shares border with [MASK] .,Japan,synth_City/TREx/P47.jsonl
85044,Bali Sea shares border with [MASK] .,Bali,synth_City/TREx/P47.jsonl
85682,Lincolnshire shares border with [MASK] .,Leicestershire,synth_City/TREx/P47.jsonl
87713,Samut Prakan shares border with [MASK] .,Bangkok,synth_City/TREx/P47.jsonl
88606,Liechtenstein shares border with [MASK] .,Austria,synth_City/TREx/P47.jsonl
89247,Iran shares border with [MASK] .,Afghanistan,synth_City/TREx/P47.jsonl
90125,Madhya Pradesh shares border with [MASK] .,Gujarat,synth_City/TREx/P47.jsonl
90579,North Carolina shares border with [MASK] .,Tennessee,synth_City/TREx/P47.jsonl
91222,Volyn Oblast shares border with [MASK] .,Poland,synth_City/TREx/P47.jsonl
91225,Tibet Autonomous Region shares border with [MASK] .,Yunnan,synth_City/TREx/P47.jsonl
91462,Soviet Union shares border with [MASK] .,Polish,synth_City/TREx/P47.jsonl
91602,Hochtaunuskreis shares border with [MASK] .,Frankfurt,synth_City/TREx/P47.jsonl
91611,Lower Canada shares border with [MASK] .,Vermont,synth_City/TREx/P47.jsonl
91614,Cambridgeshire shares border with [MASK] .,Suffolk,synth_City/TREx/P47.jsonl
91710,Kyiv Oblast shares border with [MASK] .,Kiev,synth_City/TREx/P47.jsonl
91728,Leidschendam-Voorburg shares border with [MASK] .,Leiden,synth_City/TREx/P47.jsonl
91729,Oder-Spree District shares border with [MASK] .,Berlin,synth_City/TREx/P47.jsonl
91732,Ontario shares border with [MASK] .,Pennsylvania,synth_City/TREx/P47.jsonl
91790,Minsk Region shares border with [MASK] .,Minsk,synth_City/TREx/P47.jsonl
91796,Shropshire shares border with [MASK] .,Staffordshire,synth_City/TREx/P47.jsonl
91897,Chile shares border with [MASK] .,Peru,synth_City/TREx/P47.jsonl
92849,Liberec Region shares border with [MASK] .,Saxony,synth_City/TREx/P47.jsonl
92850,Zaventem shares border with [MASK] .,Brussels,synth_City/TREx/P47.jsonl
92853,Ivry-sur-Seine shares border with [MASK] .,Paris,synth_City/TREx/P47.jsonl
93163,Hungary shares border with [MASK] .,Ukraine,synth_City/TREx/P47.jsonl
93588,Botswana shares border with [MASK] .,Zimbabwe,synth_City/TREx/P47.jsonl
94219,Estonia shares border with [MASK] .,Russia,synth_City/TREx/P47.jsonl
94361,Algeria shares border with [MASK] .,Niger,synth_City/TREx/P47.jsonl
95478,Val-de-Marne shares border with [MASK] .,Paris,synth_City/TREx/P47.jsonl
95531,United States of America shares border with [MASK] .,Canadian,synth_City/TREx/P47.jsonl
113358,Maharashtra shares border with [MASK] .,Karnataka,synth_City/TREx/P47.jsonl
114230,Maryland shares border with [MASK] .,Pennsylvania,synth_City/TREx/P47.jsonl
114630,Guinea shares border with [MASK] .,Liberia,synth_City/TREx/P47.jsonl
115502,El Salvador shares border with [MASK] .,Guatemala,synth_City/TREx/P47.jsonl
116078,Suffolk shares border with [MASK] .,Essex,synth_City/TREx/P47.jsonl
116260,Cheshire shares border with [MASK] .,Shropshire,synth_City/TREx/P47.jsonl
116323,Norfolk shares border with [MASK] .,Cambridgeshire,synth_City/TREx/P47.jsonl
117007,Tunisia shares border with [MASK] .,Libya,synth_City/TREx/P47.jsonl
117283,Belmonte Mezzagno shares border with [MASK] .,Palermo,synth_City/TREx/P47.jsonl
117546,Leduc County shares border with [MASK] .,Edmonton,synth_City/TREx/P47.jsonl
117553,Manhattan shares border with [MASK] .,Brooklyn,synth_City/TREx/P47.jsonl
117798,Nottinghamshire shares border with [MASK] .,Derbyshire,synth_City/TREx/P47.jsonl
117926,Karlovy Vary Region shares border with [MASK] .,Germany,synth_City/TREx/P47.jsonl
118516,Nevada shares border with [MASK] .,Arizona,synth_City/TREx/P47.jsonl
119222,Gujarat shares border with [MASK] .,Rajasthan,synth_City/TREx/P47.jsonl
119447,England shares border with [MASK] .,Wales,synth_City/TREx/P47.jsonl
121350,Leinster shares border with [MASK] .,Ulster,synth_City/TREx/P47.jsonl
121458,Uruguay shares border with [MASK] .,Brazil,synth_City/TREx/P47.jsonl
122202,Palestrina shares border with [MASK] .,Rome,synth_City/TREx/P47.jsonl
122210,West Vancouver shares border with [MASK] .,Vancouver,synth_City/TREx/P47.jsonl
122264,Bulgaria shares border with [MASK] .,Yugoslavia,synth_City/TREx/P47.jsonl
122365,Turkish Republic of Northern Cyprus shares border with [MASK] .,Cyprus,synth_City/TREx/P47.jsonl
122505,Azerbaijan shares border with [MASK] .,Armenia,synth_City/TREx/P47.jsonl
123051,Rwanda shares border with [MASK] .,Uganda,synth_City/TREx/P47.jsonl
125253,Michigan shares border with [MASK] .,Ontario,synth_City/TREx/P47.jsonl
125498,Oppland shares border with [MASK] .,Oslo,synth_City/TREx/P47.jsonl
125519,Donetsk People's Republic shares border with [MASK] .,Russia,synth_City/TREx/P47.jsonl
125527,United Kingdom shares border with [MASK] .,Ireland,synth_City/TREx/P47.jsonl
126133,Brandenburg shares border with [MASK] .,Saxony,synth_City/TREx/P47.jsonl
126291,Senegal shares border with [MASK] .,Guinea,synth_City/TREx/P47.jsonl
126750,Guyana shares border with [MASK] .,Venezuela,synth_City/TREx/P47.jsonl
127480,Illinois shares border with [MASK] .,Kentucky,synth_City/TREx/P47.jsonl
127837,Ivory Coast shares border with [MASK] .,Liberia,synth_City/TREx/P47.jsonl
128921,Villefranche-sur-Mer shares border with [MASK] .,Nice,synth_City/TREx/P47.jsonl
129267,Quebec shares border with [MASK] .,Ontario,synth_City/TREx/P47.jsonl
130719,Tajikistan shares border with [MASK] .,Kyrgyzstan,synth_City/TREx/P47.jsonl
131096,Catalonia shares border with [MASK] .,France,synth_City/TREx/P47.jsonl
131164,Brooklyn shares border with [MASK] .,Queens,synth_City/TREx/P47.jsonl
131489,Essex shares border with [MASK] .,Cambridgeshire,synth_City/TREx/P47.jsonl
131578,Sindh shares border with [MASK] .,Gujarat,synth_City/TREx/P47.jsonl
131650,Kansas shares border with [MASK] .,Colorado,synth_City/TREx/P47.jsonl
131902,Grottaferrata shares border with [MASK] .,Rome,synth_City/TREx/P47.jsonl
132113,Pakistan shares border with [MASK] .,Iran,synth_City/TREx/P47.jsonl
132633,Eurasia shares border with [MASK] .,Africa,synth_City/TREx/P47.jsonl
132835,Hauts-de-Seine shares border with [MASK] .,Paris,synth_City/TREx/P47.jsonl
132888,Uttar Pradesh shares border with [MASK] .,Delhi,synth_City/TREx/P47.jsonl
133050,Munster shares border with [MASK] .,Leinster,synth_City/TREx/P47.jsonl
133090,Zelzate shares border with [MASK] .,Ghent,synth_City/TREx/P47.jsonl
133767,Vermont shares border with [MASK] .,Massachusetts,synth_City/TREx/P47.jsonl
134076,British Columbia shares border with [MASK] .,Yukon,synth_City/TREx/P47.jsonl
134402,Finland shares border with [MASK] .,Russia,synth_City/TREx/P47.jsonl
135662,Nepal shares border with [MASK] .,India,synth_City/TREx/P47.jsonl
137017,Massachusetts shares border with [MASK] .,Vermont,synth_City/TREx/P47.jsonl
137326,Bitonto shares border with [MASK] .,Bari,synth_City/TREx/P47.jsonl
137332,Brunei shares border with [MASK] .,Malaysia,synth_City/TREx/P47.jsonl
138004,Flintshire shares border with [MASK] .,Cheshire,synth_City/TREx/P47.jsonl
139508,Campomorone shares border with [MASK] .,Genoa,synth_City/TREx/P47.jsonl
139516,Manitoba shares border with [MASK] .,Ontario,synth_City/TREx/P47.jsonl
141570,Burnaby shares border with [MASK] .,Vancouver,synth_City/TREx/P47.jsonl
141718,Japan shares border with [MASK] .,Taiwan,synth_City/TREx/P47.jsonl
143298,Impruneta shares border with [MASK] .,Florence,synth_City/TREx/P47.jsonl
144254,Rutland shares border with [MASK] .,Lincolnshire,synth_City/TREx/P47.jsonl
144314,Lincoln Park shares border with [MASK] .,Detroit,synth_City/TREx/P47.jsonl
144529,Rhein-Sieg District shares border with [MASK] .,Cologne,synth_City/TREx/P47.jsonl
144538,Villeurbanne shares border with [MASK] .,Lyon,synth_City/TREx/P47.jsonl
144550,Austria shares border with [MASK] .,Italy,synth_City/TREx/P47.jsonl
145922,Slovakia shares border with [MASK] .,Austria,synth_City/TREx/P47.jsonl
147394,Pennsylvania shares border with [MASK] .,Maryland,synth_City/TREx/P47.jsonl
147794,Francoist Spain shares border with [MASK] .,Moroccan,synth_City/TREx/P47.jsonl
147795,West Virginia shares border with [MASK] .,Pennsylvania,synth_City/TREx/P47.jsonl
148086,Zagarolo shares border with [MASK] .,Rome,synth_City/TREx/P47.jsonl
148097,South Korea shares border with [MASK] .,Japan,synth_City/TREx/P47.jsonl
150622,Makati shares border with [MASK] .,Manila,synth_City/TREx/P47.jsonl
150638,Arizona shares border with [MASK] .,Utah,synth_City/TREx/P47.jsonl
151423,IJsselstein shares border with [MASK] .,Utrecht,synth_City/TREx/P47.jsonl
151430,Anderlecht shares border with [MASK] .,Brussels,synth_City/TREx/P47.jsonl
151440,Grandate shares border with [MASK] .,Como,synth_City/TREx/P47.jsonl
152377,Papua New Guinea shares border with [MASK] .,Indonesia,synth_City/TREx/P47.jsonl
153267,Paraguay shares border with [MASK] .,Argentina,synth_City/TREx/P47.jsonl
154617,Guinea-Bissau shares border with [MASK] .,Guinea,synth_City/TREx/P47.jsonl
154918,Armenia shares border with [MASK] .,Iran,synth_City/TREx/P47.jsonl
155198,West Pomeranian Voivodeship shares border with [MASK] .,Brandenburg,synth_City/TREx/P47.jsonl
155204,Unna shares border with [MASK] .,Dortmund,synth_City/TREx/P47.jsonl
155484,East Riding of Yorkshire shares border with [MASK] .,Lincolnshire,synth_City/TREx/P47.jsonl
155520,Yugoslavia shares border with [MASK] .,Albania,synth_City/TREx/P47.jsonl
155586,Vilvoorde shares border with [MASK] .,Brussels,synth_City/TREx/P47.jsonl
155847,Israel shares border with [MASK] .,Syria,synth_City/TREx/P47.jsonl
156438,Republic of the Congo shares border with [MASK] .,Gabon,synth_City/TREx/P47.jsonl
159810,Virginia shares border with [MASK] .,Maryland,synth_City/TREx/P47.jsonl
160803,Manchester shares border with [MASK] .,Bolton,synth_City/TREx/P47.jsonl
160886,Lublin County shares border with [MASK] .,Lublin,synth_City/TREx/P47.jsonl
160892,Uzbekistan shares border with [MASK] .,Tajikistan,synth_City/TREx/P47.jsonl
161385,Paracuellos de Jarama shares border with [MASK] .,Madrid,synth_City/TREx/P47.jsonl
163920,Emilia-Romagna shares border with [MASK] .,Piedmont,synth_City/TREx/P47.jsonl
163946,Switzerland shares border with [MASK] .,Austria,synth_City/TREx/P47.jsonl
165567,Mexico shares border with [MASK] .,Guatemala,synth_City/TREx/P47.jsonl
166803,Guangxi Zhuang Autonomous Region shares border with [MASK] .,Yunnan,synth_City/TREx/P47.jsonl
167027,Weesp shares border with [MASK] .,Amsterdam,synth_City/TREx/P47.jsonl
167076,Guatemala shares border with [MASK] .,Belize,synth_City/TREx/P47.jsonl
169411,Herefordshire shares border with [MASK] .,Shropshire,synth_City/TREx/P47.jsonl
169492,Denbighshire shares border with [MASK] .,Shropshire,synth_City/TREx/P47.jsonl
169504,Lithuania shares border with [MASK] .,Belarus,synth_City/TREx/P47.jsonl
169890,Lombardy shares border with [MASK] .,Piedmont,synth_City/TREx/P47.jsonl
171131,Otwock County shares border with [MASK] .,Warsaw,synth_City/TREx/P47.jsonl
171262,Mecklenburg-Vorpommern shares border with [MASK] .,Brandenburg,synth_City/TREx/P47.jsonl
171556,Pully shares border with [MASK] .,Lausanne,synth_City/TREx/P47.jsonl
172294,Venezuela shares border with [MASK] .,Brazil,synth_City/TREx/P47.jsonl
174072,Phongsaly Province shares border with [MASK] .,Yunnan,synth_City/TREx/P47.jsonl
175486,Stahnsdorf shares border with [MASK] .,Berlin,synth_City/TREx/P47.jsonl
176625,Katwijk shares border with [MASK] .,Leiden,synth_City/TREx/P47.jsonl
176768,Rhode Island shares border with [MASK] .,Massachusetts,synth_City/TREx/P47.jsonl
177071,Main-Taunus-Kreis shares border with [MASK] .,Frankfurt,synth_City/TREx/P47.jsonl
179270,Alabama shares border with [MASK] .,Mississippi,synth_City/TREx/P47.jsonl
181970,Cradley Heath shares border with [MASK] .,Dudley,synth_City/TREx/P47.jsonl
183725,West Sussex shares border with [MASK] .,Surrey,synth_City/TREx/P47.jsonl
183817,Pantin shares border with [MASK] .,Paris,synth_City/TREx/P47.jsonl
184662,El Prat de Llobregat shares border with [MASK] .,Barcelona,synth_City/TREx/P47.jsonl
185087,Cumbria shares border with [MASK] .,Northumberland,synth_City/TREx/P47.jsonl
185418,Warwickshire shares border with [MASK] .,Leicestershire,synth_City/TREx/P47.jsonl
187129,Saint Paul shares border with [MASK] .,Minneapolis,synth_City/TREx/P47.jsonl
187131,Austria-Hungary shares border with [MASK] .,Switzerland,synth_City/TREx/P47.jsonl
187160,Wijnegem shares border with [MASK] .,Antwerp,synth_City/TREx/P47.jsonl
187764,Bolton shares border with [MASK] .,Manchester,synth_City/TREx/P47.jsonl
187836,Nebraska shares border with [MASK] .,Colorado,synth_City/TREx/P47.jsonl
188018,Mandaluyong shares border with [MASK] .,Manila,synth_City/TREx/P47.jsonl
188026,Bosio shares border with [MASK] .,Genoa,synth_City/TREx/P47.jsonl
188035,Florida shares border with [MASK] .,Alabama,synth_City/TREx/P47.jsonl
188656,East Kalimantan shares border with [MASK] .,Sarawak,synth_City/TREx/P47.jsonl
188668,Sudan shares border with [MASK] .,Chad,synth_City/TREx/P47.jsonl
189368,Gambia shares border with [MASK] .,Senegal,synth_City/TREx/P47.jsonl
189843,Haute-Garonne shares border with [MASK] .,Catalonia,synth_City/TREx/P47.jsonl
192401,Dominican Republic shares border with [MASK] .,Haiti,synth_City/TREx/P47.jsonl
192793,Boulogne-Billancourt shares border with [MASK] .,Paris,synth_City/TREx/P47.jsonl
192837,Chita Oblast shares border with [MASK] .,Mongolia,synth_City/TREx/P47.jsonl
192845,Nunavut shares border with [MASK] .,Quebec,synth_City/TREx/P47.jsonl
192901,Albania shares border with [MASK] .,Serbia,synth_City/TREx/P47.jsonl
193537,Grenada shares border with [MASK] .,Venezuela,synth_City/TREx/P47.jsonl
193920,Lambersart shares border with [MASK] .,Lille,synth_City/TREx/P47.jsonl
193922,Chiba Prefecture shares border with [MASK] .,Tokyo,synth_City/TREx/P47.jsonl
194261,Melito di Napoli shares border with [MASK] .,Naples,synth_City/TREx/P47.jsonl
194646,Wallonia shares border with [MASK] .,Flanders,synth_City/TREx/P47.jsonl
194702,Rhein-Kreis Neuss shares border with [MASK] .,Cologne,synth_City/TREx/P47.jsonl
194709,Faroe Islands shares border with [MASK] .,Iceland,synth_City/TREx/P47.jsonl
194916,Dos Hermanas shares border with [MASK] .,Seville,synth_City/TREx/P47.jsonl
194930,Jiangxi shares border with [MASK] .,Guangdong,synth_City/TREx/P47.jsonl
197645,Vaughan shares border with [MASK] .,Toronto,synth_City/TREx/P47.jsonl
197675,Monmouthshire shares border with [MASK] .,Glamorgan,synth_City/TREx/P47.jsonl
197716,Illkirch-Graffenstaden shares border with [MASK] .,Strasbourg,synth_City/TREx/P47.jsonl
198291,Uganda shares border with [MASK] .,Tanzania,synth_City/TREx/P47.jsonl
200003,Evergem shares border with [MASK] .,Ghent,synth_City/TREx/P47.jsonl
200004,Casalecchio di Reno shares border with [MASK] .,Bologna,synth_City/TREx/P47.jsonl
200224,New South Wales shares border with [MASK] .,Queensland,synth_City/TREx/P47.jsonl
202199,Oklahoma shares border with [MASK] .,Texas,synth_City/TREx/P47.jsonl
203000,Bedworth shares border with [MASK] .,Coventry,synth_City/TREx/P47.jsonl
203017,Sommacampagna shares border with [MASK] .,Verona,synth_City/TREx/P47.jsonl
203439,Saskatchewan shares border with [MASK] .,Alberta,synth_City/TREx/P47.jsonl
204133,Honduras shares border with [MASK] .,Guatemala,synth_City/TREx/P47.jsonl
204910,Sharjah Emirate shares border with [MASK] .,Dubai,synth_City/TREx/P47.jsonl
204964,Oxfordshire shares border with [MASK] .,Warwickshire,synth_City/TREx/P47.jsonl
205013,Caithness shares border with [MASK] .,Sutherland,synth_City/TREx/P47.jsonl
205107,Delaware shares border with [MASK] .,Pennsylvania,synth_City/TREx/P47.jsonl
207849,Glodwick shares border with [MASK] .,Oldham,synth_City/TREx/P47.jsonl
208865,Sainte-Anne-de-Bellevue shares border with [MASK] .,Montreal,synth_City/TREx/P47.jsonl
208879,Lunner shares border with [MASK] .,Oslo,synth_City/TREx/P47.jsonl
208882,Gyeonggi Province shares border with [MASK] .,Seoul,synth_City/TREx/P47.jsonl
208980,Italy shares border with [MASK] .,Switzerland,synth_City/TREx/P47.jsonl
211579,Castrop-Rauxel shares border with [MASK] .,Dortmund,synth_City/TREx/P47.jsonl
211582,Renens shares border with [MASK] .,Lausanne,synth_City/TREx/P47.jsonl
211925,Falicon shares border with [MASK] .,Nice,synth_City/TREx/P47.jsonl
211926,Jiangsu shares border with [MASK] .,Shanghai,synth_City/TREx/P47.jsonl
212206,Pretoria shares border with [MASK] .,Johannesburg,synth_City/TREx/P47.jsonl
212719,Transnistria shares border with [MASK] .,Moldova,synth_City/TREx/P47.jsonl
212933,Asia shares border with [MASK] .,Africa,synth_City/TREx/P47.jsonl
215963,Misilmeri shares border with [MASK] .,Palermo,synth_City/TREx/P47.jsonl
217123,Caluire-et-Cuire shares border with [MASK] .,Lyon,synth_City/TREx/P47.jsonl
217126,Chongqing shares border with [MASK] .,Sichuan,synth_City/TREx/P47.jsonl
219297,Chelmsford shares border with [MASK] .,Harlow,synth_City/TREx/P47.jsonl
219735,Potsdam-Mittelmark District shares border with [MASK] .,Berlin,synth_City/TREx/P47.jsonl
219963,South Carolina shares border with [MASK] .,GA,synth_City/TREx/P47.jsonl
219964,North Kalimantan shares border with [MASK] .,Sabah,synth_City/TREx/P47.jsonl
219982,Mogliano Veneto shares border with [MASK] .,Venice,synth_City/TREx/P47.jsonl
220201,San Donato Milanese shares border with [MASK] .,Milan,synth_City/TREx/P47.jsonl
220749,Belarus shares border with [MASK] .,Lithuania,synth_City/TREx/P47.jsonl
222604,Nazi Germany shares border with [MASK] .,Belgium,synth_City/TREx/P47.jsonl
223208,Iraq shares border with [MASK] .,Iran,synth_City/TREx/P47.jsonl
224016,Chadderton shares border with [MASK] .,Middleton,synth_City/TREx/P47.jsonl
224508,Kingdom of the Netherlands shares border with [MASK] .,France,synth_City/TREx/P47.jsonl
224579,Main-Kinzig-Kreis shares border with [MASK] .,Frankfurt,synth_City/TREx/P47.jsonl
224932,South Africa shares border with [MASK] .,Botswana,synth_City/TREx/P47.jsonl
225627,Balma shares border with [MASK] .,Toulouse,synth_City/TREx/P47.jsonl
225693,Togo shares border with [MASK] .,Benin,synth_City/TREx/P47.jsonl
228189,Guizhou shares border with [MASK] .,Yunnan,synth_City/TREx/P47.jsonl
230440,Schleswig-Holstein shares border with [MASK] .,Hamburg,synth_City/TREx/P47.jsonl
230710,Ixelles shares border with [MASK] .,Brussels,synth_City/TREx/P47.jsonl
237466,Nisku shares border with [MASK] .,Edmonton,synth_City/TREx/P47.jsonl
237469,Delmenhorst shares border with [MASK] .,Bremen,synth_City/TREx/P47.jsonl
237475,Meghalaya shares border with [MASK] .,Assam,synth_City/TREx/P47.jsonl
237687,Korneuburg District shares border with [MASK] .,Vienna,synth_City/TREx/P47.jsonl
237690,Kingdom of Bulgaria shares border with [MASK] .,Turkey,synth_City/TREx/P47.jsonl
237696,Schoten shares border with [MASK] .,Antwerp,synth_City/TREx/P47.jsonl
237703,Espoo shares border with [MASK] .,Helsinki,synth_City/TREx/P47.jsonl
238862,Tianjin shares border with [MASK] .,Beijing,synth_City/TREx/P47.jsonl
238996,Levallois-Perret shares border with [MASK] .,Paris,synth_City/TREx/P47.jsonl
239453,Greece shares border with [MASK] .,Albania,synth_City/TREx/P47.jsonl
241749,Torrelodones shares border with [MASK] .,Madrid,synth_City/TREx/P47.jsonl
241873,Meland shares border with [MASK] .,Bergen,synth_City/TREx/P47.jsonl
241880,Berchtesgadener Land shares border with [MASK] .,Salzburg,synth_City/TREx/P47.jsonl
242334,Cernobbio shares border with [MASK] .,Como,synth_City/TREx/P47.jsonl
243528,Purkersdorf shares border with [MASK] .,Vienna,synth_City/TREx/P47.jsonl
243685,Heidenau shares border with [MASK] .,Dresden,synth_City/TREx/P47.jsonl
243687,Morelos shares border with [MASK] .,Guerrero,synth_City/TREx/P47.jsonl
243720,Kaluga Oblast shares border with [MASK] .,Moscow,synth_City/TREx/P47.jsonl
243723,Wetteraukreis shares border with [MASK] .,Frankfurt,synth_City/TREx/P47.jsonl
243978,Hemiksem shares border with [MASK] .,Antwerp,synth_City/TREx/P47.jsonl
245752,Central African Republic shares border with [MASK] .,Cameroon,synth_City/TREx/P47.jsonl
246983,Baja California shares border with [MASK] .,California,synth_City/TREx/P47.jsonl
248248,Banten shares border with [MASK] .,Jakarta,synth_City/TREx/P47.jsonl
248523,Pest County shares border with [MASK] .,Budapest,synth_City/TREx/P47.jsonl
248585,Sesto San Giovanni shares border with [MASK] .,Milan,synth_City/TREx/P47.jsonl
248590,Singapore shares border with [MASK] .,Indonesia,synth_City/TREx/P47.jsonl
249681,Dominion of Newfoundland shares border with [MASK] .,Canada,synth_City/TREx/P47.jsonl
249703,Mentana shares border with [MASK] .,Rome,synth_City/TREx/P47.jsonl
249713,Hoyo de Manzanares shares border with [MASK] .,Madrid,synth_City/TREx/P47.jsonl
250615,Mount Royal shares border with [MASK] .,Montreal,synth_City/TREx/P47.jsonl
252686,Benelux shares border with [MASK] .,Germany,synth_City/TREx/P47.jsonl
253538,Namibia shares border with [MASK] .,Zambia,synth_City/TREx/P47.jsonl
254057,Gaza Strip shares border with [MASK] .,Egypt,synth_City/TREx/P47.jsonl
254498,Zhejiang shares border with [MASK] .,Shanghai,synth_City/TREx/P47.jsonl
254598,Trezzano sul Naviglio shares border with [MASK] .,Milan,synth_City/TREx/P47.jsonl
254952,Chornomorsk shares border with [MASK] .,Odessa,synth_City/TREx/P47.jsonl
255258,Negrar shares border with [MASK] .,Verona,synth_City/TREx/P47.jsonl
255263,Cameroon shares border with [MASK] .,Nigeria,synth_City/TREx/P47.jsonl
257490,Teylingen shares border with [MASK] .,Leiden,synth_City/TREx/P47.jsonl
257494,Montechiarugolo shares border with [MASK] .,Parma,synth_City/TREx/P47.jsonl
257502,Somerset shares border with [MASK] .,Gloucestershire,synth_City/TREx/P47.jsonl
257574,Lebanon shares border with [MASK] .,Israel,synth_City/TREx/P47.jsonl
258383,Tres Cantos shares border with [MASK] .,Madrid,synth_City/TREx/P47.jsonl
258775,Muri bei Bern shares border with [MASK] .,Bern,synth_City/TREx/P47.jsonl
258778,Campagnano di Roma shares border with [MASK] .,Rome,synth_City/TREx/P47.jsonl
258789,East China Sea shares border with [MASK] .,Taiwan,synth_City/TREx/P47.jsonl
259912,Guidonia Montecelio shares border with [MASK] .,Rome,synth_City/TREx/P47.jsonl
259925,Nogent-sur-Marne shares border with [MASK] .,Paris,synth_City/TREx/P47.jsonl
261648,Chhattisgarh shares border with [MASK] .,Telangana,synth_City/TREx/P47.jsonl
262854,Bussolengo shares border with [MASK] .,Verona,synth_City/TREx/P47.jsonl
262899,Barnsley shares border with [MASK] .,Sheffield,synth_City/TREx/P47.jsonl
262917,Mougins shares border with [MASK] .,Cannes,synth_City/TREx/P47.jsonl
263455,Suriname shares border with [MASK] .,Brazil,synth_City/TREx/P47.jsonl
264308,Anguillara Sabazia shares border with [MASK] .,Rome,synth_City/TREx/P47.jsonl
264314,West Java shares border with [MASK] .,Jakarta,synth_City/TREx/P47.jsonl
264371,Netherlands Antilles shares border with [MASK] .,France,synth_City/TREx/P47.jsonl
265343,Navarre shares border with [MASK] .,Aragon,synth_City/TREx/P47.jsonl
265801,Masone shares border with [MASK] .,Genoa,synth_City/TREx/P47.jsonl
266826,Berlin shares border with [MASK] .,Brandenburg,synth_City/TREx/P47.jsonl
267554,Upper Canada shares border with [MASK] .,Ohio,synth_City/TREx/P47.jsonl
267558,Buckinghamshire shares border with [MASK] .,Hertfordshire,synth_City/TREx/P47.jsonl
268643,Burundi shares border with [MASK] .,Rwanda,synth_City/TREx/P47.jsonl
269580,Campi Bisenzio shares border with [MASK] .,Florence,synth_City/TREx/P47.jsonl
270204,Bedfordshire shares border with [MASK] .,Cambridgeshire,synth_City/TREx/P47.jsonl
270352,Valencian Community shares border with [MASK] .,Aragon,synth_City/TREx/P47.jsonl
270456,Tregnago shares border with [MASK] .,Verona,synth_City/TREx/P47.jsonl
270462,Wassenaar shares border with [MASK] .,Leiden,synth_City/TREx/P47.jsonl
270466,Angola shares border with [MASK] .,Namibia,synth_City/TREx/P47.jsonl
271384,Cercola shares border with [MASK] .,Naples,synth_City/TREx/P47.jsonl
271390,Wisconsin shares border with [MASK] .,Iowa,synth_City/TREx/P47.jsonl
271707,Liguria shares border with [MASK] .,Tuscany,synth_City/TREx/P47.jsonl
279290,Delhi shares border with [MASK] .,Haryana,synth_City/TREx/P47.jsonl
279506,Vaksdal shares border with [MASK] .,Bergen,synth_City/TREx/P47.jsonl
279509,Texas shares border with [MASK] .,Arkansas,synth_City/TREx/P47.jsonl
279918,Saxony shares border with [MASK] .,Bavaria,synth_City/TREx/P47.jsonl
279961,Laatzen shares border with [MASK] .,Hanover,synth_City/TREx/P47.jsonl
280468,Osterholz shares border with [MASK] .,Bremen,synth_City/TREx/P47.jsonl
281915,North Rhine-Westphalia shares border with [MASK] .,Hesse,synth_City/TREx/P47.jsonl
286431,Tabasco shares border with [MASK] .,Veracruz,synth_City/TREx/P47.jsonl
287947,South Australia shares border with [MASK] .,Queensland,synth_City/TREx/P47.jsonl
288420,Coquelles shares border with [MASK] .,Calais,synth_City/TREx/P47.jsonl
288482,Couto Misto shares border with [MASK] .,Spain,synth_City/TREx/P47.jsonl
288483,Kent shares border with [MASK] .,Surrey,synth_City/TREx/P47.jsonl
288955,Coahuila shares border with [MASK] .,Texas,synth_City/TREx/P47.jsonl
290601,Nesodden shares border with [MASK] .,Oslo,synth_City/TREx/P47.jsonl
292600,Neuilly-sur-Seine shares border with [MASK] .,Paris,synth_City/TREx/P47.jsonl
293254,Akershus shares border with [MASK] .,Oslo,synth_City/TREx/P47.jsonl
293363,Buskerud shares border with [MASK] .,Oslo,synth_City/TREx/P47.jsonl
294956,Trinidad and Tobago shares border with [MASK] .,Venezuela,synth_City/TREx/P47.jsonl
295102,Province of Canada shares border with [MASK] .,Michigan,synth_City/TREx/P47.jsonl
295103,Puebla shares border with [MASK] .,Guerrero,synth_City/TREx/P47.jsonl
296027,Giovinazzo shares border with [MASK] .,Bari,synth_City/TREx/P47.jsonl
296029,Bogliasco shares border with [MASK] .,Genoa,synth_City/TREx/P47.jsonl
296598,The Bronx shares border with [MASK] .,Queens,synth_City/TREx/P47.jsonl
296716,Merseyside shares border with [MASK] .,Cheshire,synth_City/TREx/P47.jsonl
296803,Llantrisant shares border with [MASK] .,Cardiff,synth_City/TREx/P47.jsonl
297099,Tiglieto shares border with [MASK] .,Genoa,synth_City/TREx/P47.jsonl
297106,Manipur shares border with [MASK] .,Assam,synth_City/TREx/P47.jsonl
297513,Taiwan shares border with [MASK] .,Philippines,synth_City/TREx/P47.jsonl
298076,Bhutan shares border with [MASK] .,India,synth_City/TREx/P47.jsonl
299588,ASEAN shares border with [MASK] .,Bangladesh,synth_City/TREx/P47.jsonl
299595,Notting Hill shares border with [MASK] .,Kensington,synth_City/TREx/P47.jsonl
299607,Northern Territory shares border with [MASK] .,Queensland,synth_City/TREx/P47.jsonl
300651,Villabate shares border with [MASK] .,Palermo,synth_City/TREx/P47.jsonl
300656,Devon shares border with [MASK] .,Dorset,synth_City/TREx/P47.jsonl
301065,Monte Compatri shares border with [MASK] .,Rome,synth_City/TREx/P47.jsonl
301077,Prilly shares border with [MASK] .,Lausanne,synth_City/TREx/P47.jsonl
301080,Budakeszi shares border with [MASK] .,Budapest,synth_City/TREx/P47.jsonl
304229,Prague-West District shares border with [MASK] .,Prague,synth_City/TREx/P47.jsonl
304231,Central Bedfordshire shares border with [MASK] .,Luton,synth_City/TREx/P47.jsonl
305415,Surrey shares border with [MASK] .,Kent,synth_City/TREx/P47.jsonl
305544,East Frisia shares border with [MASK] .,Netherlands,synth_City/TREx/P47.jsonl
305558,Mississauga shares border with [MASK] .,Toronto,synth_City/TREx/P47.jsonl
305673,Aubagne shares border with [MASK] .,Marseille,synth_City/TREx/P47.jsonl
305965,Ecuador shares border with [MASK] .,Peru,synth_City/TREx/P47.jsonl
310170,North Dakota shares border with [MASK] .,Saskatchewan,synth_City/TREx/P47.jsonl
310491,Saar Protectorate shares border with [MASK] .,Germany,synth_City/TREx/P47.jsonl
310497,Scandicci shares border with [MASK] .,Florence,synth_City/TREx/P47.jsonl
310503,Lehrte shares border with [MASK] .,Hanover,synth_City/TREx/P47.jsonl
310514,Saint-Cloud shares border with [MASK] .,Paris,synth_City/TREx/P47.jsonl
312915,Melchor de Mencos shares border with [MASK] .,Belize,synth_City/TREx/P47.jsonl
313137,Bratislava shares border with [MASK] .,Prague,synth_City/TREx/P47.jsonl
313223,Chechen Republic of Ichkeria shares border with [MASK] .,Russia,synth_City/TREx/P47.jsonl
313942,Latvia shares border with [MASK] .,Belarus,synth_City/TREx/P47.jsonl
314187,Frascati shares border with [MASK] .,Rome,synth_City/TREx/P47.jsonl
314203,Etterbeek shares border with [MASK] .,Brussels,synth_City/TREx/P47.jsonl
