,sent,gold,filename
2,Barren Earth was founded in [MASK] .,Helsinki,synth_City/TREx/P740.jsonl
4,SNCF was founded in [MASK] .,Paris,synth_City/TREx/P740.jsonl
48,Cocteau Twins was founded in [MASK] .,Scottish,synth_City/TREx/P740.jsonl
74,Odex was founded in [MASK] .,Singapore,synth_City/TREx/P740.jsonl
87,Swiss Federal Railways was founded in [MASK] .,Bern,synth_City/TREx/P740.jsonl
91,Scott Paper Company was founded in [MASK] .,Philadelphia,synth_City/TREx/P740.jsonl
93,Comerica was founded in [MASK] .,Detroit,synth_City/TREx/P740.jsonl
101,Lenovo was founded in [MASK] .,Beijing,synth_City/TREx/P740.jsonl
108,Melody Club was founded in [MASK] .,Swedish,synth_City/TREx/P740.jsonl
109,Chvrches was founded in [MASK] .,Glasgow,synth_City/TREx/P740.jsonl
110,The Boat People was founded in [MASK] .,Brisbane,synth_City/TREx/P740.jsonl
111,Dragonette was founded in [MASK] .,Toronto,synth_City/TREx/P740.jsonl
112,Hostage Life was founded in [MASK] .,Toronto,synth_City/TREx/P740.jsonl
118,Ganz Works was founded in [MASK] .,Budapest,synth_City/TREx/P740.jsonl
129,Iran Airtour was founded in [MASK] .,Tehran,synth_City/TREx/P740.jsonl
133,The Parlotones was founded in [MASK] .,Johannesburg,synth_City/TREx/P740.jsonl
136,Sweet Jesus was founded in [MASK] .,Birmingham,synth_City/TREx/P740.jsonl
138,German Alpine Club was founded in [MASK] .,Munich,synth_City/TREx/P740.jsonl
144,Ohbijou was founded in [MASK] .,Toronto,synth_City/TREx/P740.jsonl
149,Morton Salt was founded in [MASK] .,Chicago,synth_City/TREx/P740.jsonl
150,Armani was founded in [MASK] .,Milan,synth_City/TREx/P740.jsonl
152,Malaguti was founded in [MASK] .,Bologna,synth_City/TREx/P740.jsonl
155,The Moody Blues was founded in [MASK] .,Birmingham,synth_City/TREx/P740.jsonl
159,The Besnard Lakes was founded in [MASK] .,Montreal,synth_City/TREx/P740.jsonl
163,Alfaguara was founded in [MASK] .,Madrid,synth_City/TREx/P740.jsonl
166,Hot Cross was founded in [MASK] .,Philadelphia,synth_City/TREx/P740.jsonl
170,Kakao M was founded in [MASK] .,Seoul,synth_City/TREx/P740.jsonl
172,Team Syachihoko was founded in [MASK] .,Nagoya,synth_City/TREx/P740.jsonl
175,Sweet Savage was founded in [MASK] .,Belfast,synth_City/TREx/P740.jsonl
177,Cook da Books was founded in [MASK] .,Liverpool,synth_City/TREx/P740.jsonl
184,Essanay Studios was founded in [MASK] .,Chicago,synth_City/TREx/P740.jsonl
201,Popu Lady was founded in [MASK] .,Taiwan,synth_City/TREx/P740.jsonl
206,Pink Fairies was founded in [MASK] .,London,synth_City/TREx/P740.jsonl
240,Archaeopress was founded in [MASK] .,Oxford,synth_City/TREx/P740.jsonl
242,Piranha Games was founded in [MASK] .,Vancouver,synth_City/TREx/P740.jsonl
244,Constantin Film was founded in [MASK] .,Frankfurt,synth_City/TREx/P740.jsonl
245,The Answering Machine was founded in [MASK] .,Manchester,synth_City/TREx/P740.jsonl
253,Ericsson was founded in [MASK] .,Stockholm,synth_City/TREx/P740.jsonl
262,Kasabian was founded in [MASK] .,Leicester,synth_City/TREx/P740.jsonl
265,Cronian was founded in [MASK] .,Norway,synth_City/TREx/P740.jsonl
285,World Population Foundation was founded in [MASK] .,Netherlands,synth_City/TREx/P740.jsonl
292,Fucked Up was founded in [MASK] .,Toronto,synth_City/TREx/P740.jsonl
303,Persian Risk was founded in [MASK] .,Cardiff,synth_City/TREx/P740.jsonl
305,Econoline Crush was founded in [MASK] .,Vancouver,synth_City/TREx/P740.jsonl
307,Mambo Taxi was founded in [MASK] .,London,synth_City/TREx/P740.jsonl
310,ReVamp was founded in [MASK] .,Netherlands,synth_City/TREx/P740.jsonl
311,The Xcerts was founded in [MASK] .,Aberdeen,synth_City/TREx/P740.jsonl
313,Rosneft was founded in [MASK] .,Moscow,synth_City/TREx/P740.jsonl
331,Brain Records was founded in [MASK] .,Hamburg,synth_City/TREx/P740.jsonl
337,Kasino was founded in [MASK] .,Brazil,synth_City/TREx/P740.jsonl
339,Givenchy was founded in [MASK] .,Paris,synth_City/TREx/P740.jsonl
350,The Pretty Things was founded in [MASK] .,London,synth_City/TREx/P740.jsonl
352,The Rattles was founded in [MASK] .,Hamburg,synth_City/TREx/P740.jsonl
354,The Walkabouts was founded in [MASK] .,Seattle,synth_City/TREx/P740.jsonl
356,INXS was founded in [MASK] .,Sydney,synth_City/TREx/P740.jsonl
366,Fudge Tunnel was founded in [MASK] .,Nottingham,synth_City/TREx/P740.jsonl
371,Filippa K was founded in [MASK] .,Sweden,synth_City/TREx/P740.jsonl
375,CSR Limited was founded in [MASK] .,Sydney,synth_City/TREx/P740.jsonl
379,Suez Environnement was founded in [MASK] .,Paris,synth_City/TREx/P740.jsonl
382,Fuck Buttons was founded in [MASK] .,Bristol,synth_City/TREx/P740.jsonl
390,Hollerado was founded in [MASK] .,Ottawa,synth_City/TREx/P740.jsonl
394,This Town Needs Guns was founded in [MASK] .,Oxford,synth_City/TREx/P740.jsonl
396,Bremer Vulkan was founded in [MASK] .,Bremen,synth_City/TREx/P740.jsonl
408,Was (Not Was) was founded in [MASK] .,Detroit,synth_City/TREx/P740.jsonl
413,Co-operatives UK was founded in [MASK] .,Manchester,synth_City/TREx/P740.jsonl
414,Your Vegas was founded in [MASK] .,Leeds,synth_City/TREx/P740.jsonl
419,Kiss It Goodbye was founded in [MASK] .,Seattle,synth_City/TREx/P740.jsonl
421,Scritti Politti was founded in [MASK] .,Leeds,synth_City/TREx/P740.jsonl
427,KAT-TUN was founded in [MASK] .,Tokyo,synth_City/TREx/P740.jsonl
429,Oscar Peterson was founded in [MASK] .,Montreal,synth_City/TREx/P740.jsonl
431,Maserati was founded in [MASK] .,Bologna,synth_City/TREx/P740.jsonl
440,Betsson was founded in [MASK] .,Sweden,synth_City/TREx/P740.jsonl
444,Sportfreunde Stiller was founded in [MASK] .,Munich,synth_City/TREx/P740.jsonl
446,Five Man Electrical Band was founded in [MASK] .,Ottawa,synth_City/TREx/P740.jsonl
451,Off Course was founded in [MASK] .,Japan,synth_City/TREx/P740.jsonl
456,Louisiana Voodoo was founded in [MASK] .,Louisiana,synth_City/TREx/P740.jsonl
457,Telefunken was founded in [MASK] .,Berlin,synth_City/TREx/P740.jsonl
472,The Big Pink was founded in [MASK] .,London,synth_City/TREx/P740.jsonl
482,Graffiti6 was founded in [MASK] .,London,synth_City/TREx/P740.jsonl
485,Oh Laura was founded in [MASK] .,Stockholm,synth_City/TREx/P740.jsonl
487,NQ Arbuckle was founded in [MASK] .,Toronto,synth_City/TREx/P740.jsonl
488,CSELT was founded in [MASK] .,Turin,synth_City/TREx/P740.jsonl
491,Eni was founded in [MASK] .,Milan,synth_City/TREx/P740.jsonl
493,Forest City Lovers was founded in [MASK] .,Toronto,synth_City/TREx/P740.jsonl
495,Dagong Global Credit Rating was founded in [MASK] .,Beijing,synth_City/TREx/P740.jsonl
497,Slint was founded in [MASK] .,Kentucky,synth_City/TREx/P740.jsonl
500,Thin Lizzy was founded in [MASK] .,Dublin,synth_City/TREx/P740.jsonl
511,Thenewno2 was founded in [MASK] .,London,synth_City/TREx/P740.jsonl
514,Stiff Little Fingers was founded in [MASK] .,Belfast,synth_City/TREx/P740.jsonl
525,Samsung Electronics was founded in [MASK] .,Seoul,synth_City/TREx/P740.jsonl
526,Jewish Publication Society was founded in [MASK] .,Philadelphia,synth_City/TREx/P740.jsonl
530,Youthmovies was founded in [MASK] .,Oxford,synth_City/TREx/P740.jsonl
531,Fiat Chrysler Automobiles was founded in [MASK] .,Turin,synth_City/TREx/P740.jsonl
535,Overkill Software was founded in [MASK] .,Stockholm,synth_City/TREx/P740.jsonl
538,Red Lorry Yellow Lorry was founded in [MASK] .,Leeds,synth_City/TREx/P740.jsonl
540,Codemasters was founded in [MASK] .,Warwickshire,synth_City/TREx/P740.jsonl
542,The Galvatrons was founded in [MASK] .,Geelong,synth_City/TREx/P740.jsonl
548,Kanye West was founded in [MASK] .,Chicago,synth_City/TREx/P740.jsonl
562,Bentvueghels was founded in [MASK] .,Rome,synth_City/TREx/P740.jsonl
570,Winterval was founded in [MASK] .,Birmingham,synth_City/TREx/P740.jsonl
573,The Motors was founded in [MASK] .,London,synth_City/TREx/P740.jsonl
576,The White Stripes was founded in [MASK] .,Detroit,synth_City/TREx/P740.jsonl
600,The Whip was founded in [MASK] .,Oldham,synth_City/TREx/P740.jsonl
602,While She Sleeps was founded in [MASK] .,Sheffield,synth_City/TREx/P740.jsonl
606,Sexion d'Assaut was founded in [MASK] .,Paris,synth_City/TREx/P740.jsonl
608,Suntribe was founded in [MASK] .,Estonia,synth_City/TREx/P740.jsonl
616,SM Prime Holdings was founded in [MASK] .,Manila,synth_City/TREx/P740.jsonl
618,The Cranberries was founded in [MASK] .,Limerick,synth_City/TREx/P740.jsonl
624,Walter Aircraft Engines was founded in [MASK] .,Prague,synth_City/TREx/P740.jsonl
627,M People was founded in [MASK] .,Manchester,synth_City/TREx/P740.jsonl
628,Towers of London was founded in [MASK] .,London,synth_City/TREx/P740.jsonl
629,The Dresden Dolls was founded in [MASK] .,Boston,synth_City/TREx/P740.jsonl
634,Gruntruck was founded in [MASK] .,Seattle,synth_City/TREx/P740.jsonl
637,Karpe was founded in [MASK] .,Oslo,synth_City/TREx/P740.jsonl
639,Daniel Diges was founded in [MASK] .,Spain,synth_City/TREx/P740.jsonl
641,Isotta Fraschini was founded in [MASK] .,Milan,synth_City/TREx/P740.jsonl
647,Celestiial was founded in [MASK] .,Minnesota,synth_City/TREx/P740.jsonl
649,Sonar Kollektiv was founded in [MASK] .,Berlin,synth_City/TREx/P740.jsonl
653,Chipotle Mexican Grill was founded in [MASK] .,Denver,synth_City/TREx/P740.jsonl
654,Realtek was founded in [MASK] .,Taiwan,synth_City/TREx/P740.jsonl
655,Arch Enemy was founded in [MASK] .,Swedish,synth_City/TREx/P740.jsonl
664,OK Go was founded in [MASK] .,Chicago,synth_City/TREx/P740.jsonl
672,Adam and the Ants was founded in [MASK] .,London,synth_City/TREx/P740.jsonl
673,Visma was founded in [MASK] .,Oslo,synth_City/TREx/P740.jsonl
674,Marianne Mendt was founded in [MASK] .,Vienna,synth_City/TREx/P740.jsonl
682,The Clientele was founded in [MASK] .,London,synth_City/TREx/P740.jsonl
684,Metronapoli was founded in [MASK] .,Naples,synth_City/TREx/P740.jsonl
689,Edison Lighthouse was founded in [MASK] .,London,synth_City/TREx/P740.jsonl
699,Caspian Airlines was founded in [MASK] .,Tehran,synth_City/TREx/P740.jsonl
705,Miracle Fortress was founded in [MASK] .,Montreal,synth_City/TREx/P740.jsonl
709,Wolf Gang was founded in [MASK] .,London,synth_City/TREx/P740.jsonl
710,Trenitalia was founded in [MASK] .,Rome,synth_City/TREx/P740.jsonl
715,Coldplay was founded in [MASK] .,London,synth_City/TREx/P740.jsonl
724,Abraham & Straus was founded in [MASK] .,Brooklyn,synth_City/TREx/P740.jsonl
727,Esselte was founded in [MASK] .,Stockholm,synth_City/TREx/P740.jsonl
729,Boucheron was founded in [MASK] .,Paris,synth_City/TREx/P740.jsonl
738,Black Box Recorder was founded in [MASK] .,London,synth_City/TREx/P740.jsonl
739,Mexx was founded in [MASK] .,Dutch,synth_City/TREx/P740.jsonl
743,Carbon Based Lifeforms was founded in [MASK] .,Gothenburg,synth_City/TREx/P740.jsonl
745,LZ7 was founded in [MASK] .,Manchester,synth_City/TREx/P740.jsonl
749,Circa Survive was founded in [MASK] .,Philadelphia,synth_City/TREx/P740.jsonl
751,Bain Capital was founded in [MASK] .,Boston,synth_City/TREx/P740.jsonl
758,Horslips was founded in [MASK] .,Dublin,synth_City/TREx/P740.jsonl
761,The Three Johns was founded in [MASK] .,Leeds,synth_City/TREx/P740.jsonl
763,Mansun was founded in [MASK] .,Chester,synth_City/TREx/P740.jsonl
771,Flotation Toy Warning was founded in [MASK] .,London,synth_City/TREx/P740.jsonl
773,Ayria was founded in [MASK] .,Toronto,synth_City/TREx/P740.jsonl
776,The Real Kids was founded in [MASK] .,Boston,synth_City/TREx/P740.jsonl
788,Stinking Lizaveta was founded in [MASK] .,Philadelphia,synth_City/TREx/P740.jsonl
792,Osibisa was founded in [MASK] .,London,synth_City/TREx/P740.jsonl
796,Akai was founded in [MASK] .,Tokyo,synth_City/TREx/P740.jsonl
798,The Primitives was founded in [MASK] .,Coventry,synth_City/TREx/P740.jsonl
801,16bit was founded in [MASK] .,London,synth_City/TREx/P740.jsonl
807,Siemens was founded in [MASK] .,Berlin,synth_City/TREx/P740.jsonl
826,Class Editori was founded in [MASK] .,Milan,synth_City/TREx/P740.jsonl
828,Stack Waddy was founded in [MASK] .,Manchester,synth_City/TREx/P740.jsonl
830,The Morning Chronicle was founded in [MASK] .,London,synth_City/TREx/P740.jsonl
843,Lands' End was founded in [MASK] .,Chicago,synth_City/TREx/P740.jsonl
844,Denzil was founded in [MASK] .,Bournemouth,synth_City/TREx/P740.jsonl
845,Grocon was founded in [MASK] .,Melbourne,synth_City/TREx/P740.jsonl
847,The Dunwells was founded in [MASK] .,Leeds,synth_City/TREx/P740.jsonl
849,Berliner Maschinenbau was founded in [MASK] .,Berlin,synth_City/TREx/P740.jsonl
853,The Goats was founded in [MASK] .,Philadelphia,synth_City/TREx/P740.jsonl
855,Johnny Foreigner was founded in [MASK] .,Birmingham,synth_City/TREx/P740.jsonl
857,Singer Motors was founded in [MASK] .,Coventry,synth_City/TREx/P740.jsonl
863,Pigface was founded in [MASK] .,Chicago,synth_City/TREx/P740.jsonl
866,July Talk was founded in [MASK] .,Toronto,synth_City/TREx/P740.jsonl
873,Five Stairsteps was founded in [MASK] .,Chicago,synth_City/TREx/P740.jsonl
874,Base Ball Bear was founded in [MASK] .,Tokyo,synth_City/TREx/P740.jsonl
892,Rolls-Royce was founded in [MASK] .,Manchester,synth_City/TREx/P740.jsonl
896,Opeth was founded in [MASK] .,Sweden,synth_City/TREx/P740.jsonl
913,Alex Kapranos was founded in [MASK] .,Glasgow,synth_City/TREx/P740.jsonl
917,Xiaomi was founded in [MASK] .,Beijing,synth_City/TREx/P740.jsonl
919,Starclub was founded in [MASK] .,England,synth_City/TREx/P740.jsonl
921,Fnac was founded in [MASK] .,Paris,synth_City/TREx/P740.jsonl
928,Haemimont Games was founded in [MASK] .,Sofia,synth_City/TREx/P740.jsonl
931,W Motors was founded in [MASK] .,Lebanon,synth_City/TREx/P740.jsonl
935,Ansett Australia was founded in [MASK] .,Melbourne,synth_City/TREx/P740.jsonl
939,Guster was founded in [MASK] .,Boston,synth_City/TREx/P740.jsonl
944,Swedish East India Company was founded in [MASK] .,Gothenburg,synth_City/TREx/P740.jsonl
949,Test Icicles was founded in [MASK] .,London,synth_City/TREx/P740.jsonl
950,Gripin was founded in [MASK] .,Istanbul,synth_City/TREx/P740.jsonl
952,The Duke Spirit was founded in [MASK] .,London,synth_City/TREx/P740.jsonl
956,Smirnoff was founded in [MASK] .,Moscow,synth_City/TREx/P740.jsonl
962,Poor Rich Ones was founded in [MASK] .,Bergen,synth_City/TREx/P740.jsonl
970,Selig Polyscope Company was founded in [MASK] .,Chicago,synth_City/TREx/P740.jsonl
975,Martini & Rossi was founded in [MASK] .,Turin,synth_City/TREx/P740.jsonl
983,John Schumann and the Vagabond Crew was founded in [MASK] .,Adelaide,synth_City/TREx/P740.jsonl
985,FIFA was founded in [MASK] .,Paris,synth_City/TREx/P740.jsonl
998,Gilera was founded in [MASK] .,Milan,synth_City/TREx/P740.jsonl
1001,Tooth & Nail Records was founded in [MASK] .,California,synth_City/TREx/P740.jsonl
1003,The Long Winters was founded in [MASK] .,Seattle,synth_City/TREx/P740.jsonl
1006,Mischief Brew was founded in [MASK] .,Philadelphia,synth_City/TREx/P740.jsonl
1008,Fiorucci was founded in [MASK] .,Milan,synth_City/TREx/P740.jsonl
1010,Simca was founded in [MASK] .,Paris,synth_City/TREx/P740.jsonl
1012,Queenadreena was founded in [MASK] .,London,synth_City/TREx/P740.jsonl
1019,Branobel was founded in [MASK] .,Baku,synth_City/TREx/P740.jsonl
1030,Van der Graaf Generator was founded in [MASK] .,Manchester,synth_City/TREx/P740.jsonl
1032,Madcon was founded in [MASK] .,Oslo,synth_City/TREx/P740.jsonl
1033,Linhof was founded in [MASK] .,Munich,synth_City/TREx/P740.jsonl
1040,The Hollies was founded in [MASK] .,Manchester,synth_City/TREx/P740.jsonl
1048,Union of Lublin was founded in [MASK] .,Lublin,synth_City/TREx/P740.jsonl
1051,The Home Depot was founded in [MASK] .,Atlanta,synth_City/TREx/P740.jsonl
1057,And So I Watch You From Afar was founded in [MASK] .,Belfast,synth_City/TREx/P740.jsonl
1064,Rabbit Junk was founded in [MASK] .,Seattle,synth_City/TREx/P740.jsonl
1066,Stravaganzza was founded in [MASK] .,Madrid,synth_City/TREx/P740.jsonl
1068,Gay Dad was founded in [MASK] .,London,synth_City/TREx/P740.jsonl
1072,Pentagram was founded in [MASK] .,London,synth_City/TREx/P740.jsonl
1080,The U-Men was founded in [MASK] .,Seattle,synth_City/TREx/P740.jsonl
1084,Lavazza was founded in [MASK] .,Turin,synth_City/TREx/P740.jsonl
1086,Altera Enigma was founded in [MASK] .,Melbourne,synth_City/TREx/P740.jsonl
1095,Vega4 was founded in [MASK] .,London,synth_City/TREx/P740.jsonl
1097,Billy Talent was founded in [MASK] .,Canada,synth_City/TREx/P740.jsonl
1109,Eksi Ekso was founded in [MASK] .,Boston,synth_City/TREx/P740.jsonl
1112,Carter the Unstoppable Sex Machine was founded in [MASK] .,London,synth_City/TREx/P740.jsonl
1119,Black Merda was founded in [MASK] .,Detroit,synth_City/TREx/P740.jsonl
1124,Russo-Balt was founded in [MASK] .,Riga,synth_City/TREx/P740.jsonl
1126,Walla! was founded in [MASK] .,Israel,synth_City/TREx/P740.jsonl
1129,Pitsj was founded in [MASK] .,Oslo,synth_City/TREx/P740.jsonl
1131,Scandal'us was founded in [MASK] .,Australia,synth_City/TREx/P740.jsonl
1132,Fatal Flowers was founded in [MASK] .,Amsterdam,synth_City/TREx/P740.jsonl
1134,Shakaya was founded in [MASK] .,Cairns,synth_City/TREx/P740.jsonl
1136,Primal Scream was founded in [MASK] .,Glasgow,synth_City/TREx/P740.jsonl
1140,Electrolux was founded in [MASK] .,Stockholm,synth_City/TREx/P740.jsonl
1143,Lykke Li was founded in [MASK] .,Swedish,synth_City/TREx/P740.jsonl
1144,Lippincott Williams & Wilkins was founded in [MASK] .,Philadelphia,synth_City/TREx/P740.jsonl
1145,Berliner Verkehrsbetriebe was founded in [MASK] .,Berlin,synth_City/TREx/P740.jsonl
1170,Meliah Rage was founded in [MASK] .,Boston,synth_City/TREx/P740.jsonl
1172,Odesza was founded in [MASK] .,Seattle,synth_City/TREx/P740.jsonl
1175,Powerman 5000 was founded in [MASK] .,Boston,synth_City/TREx/P740.jsonl
1176,Husky Rescue was founded in [MASK] .,Helsinki,synth_City/TREx/P740.jsonl
1178,Standard Bank was founded in [MASK] .,London,synth_City/TREx/P740.jsonl
1181,Bonzai Records was founded in [MASK] .,Antwerp,synth_City/TREx/P740.jsonl
1182,Herpa Wings was founded in [MASK] .,Germany,synth_City/TREx/P740.jsonl
1190,Strawbs was founded in [MASK] .,England,synth_City/TREx/P740.jsonl
1194,Furla was founded in [MASK] .,Bologna,synth_City/TREx/P740.jsonl
1200,Delta 5 was founded in [MASK] .,Leeds,synth_City/TREx/P740.jsonl
1204,Finntroll was founded in [MASK] .,Helsinki,synth_City/TREx/P740.jsonl
1206,The Pastels was founded in [MASK] .,Glasgow,synth_City/TREx/P740.jsonl
1210,Jaguar Love was founded in [MASK] .,Seattle,synth_City/TREx/P740.jsonl
1212,Rizzle Kicks was founded in [MASK] .,Brighton,synth_City/TREx/P740.jsonl
1215,Advertising.com was founded in [MASK] .,Baltimore,synth_City/TREx/P740.jsonl
1217,The Onset was founded in [MASK] .,Liverpool,synth_City/TREx/P740.jsonl
1218,Ell & Nikki was founded in [MASK] .,Baku,synth_City/TREx/P740.jsonl
1220,Helloween was founded in [MASK] .,Hamburg,synth_City/TREx/P740.jsonl
1226,The Stingrays was founded in [MASK] .,Bristol,synth_City/TREx/P740.jsonl
1232,Sarke was founded in [MASK] .,Oslo,synth_City/TREx/P740.jsonl
1239,808 State was founded in [MASK] .,Manchester,synth_City/TREx/P740.jsonl
1245,Ducks Deluxe was founded in [MASK] .,London,synth_City/TREx/P740.jsonl
1252,Registro Italiano Navale was founded in [MASK] .,Genoa,synth_City/TREx/P740.jsonl
1262,Tiger Please was founded in [MASK] .,Cardiff,synth_City/TREx/P740.jsonl
1264,Wizzard was founded in [MASK] .,Birmingham,synth_City/TREx/P740.jsonl
1266,Rezonance Q was founded in [MASK] .,Liverpool,synth_City/TREx/P740.jsonl
1268,Native Instruments was founded in [MASK] .,Berlin,synth_City/TREx/P740.jsonl
1274,Sparco was founded in [MASK] .,Turin,synth_City/TREx/P740.jsonl
1276,Ikegami Tsushinki was founded in [MASK] .,Tokyo,synth_City/TREx/P740.jsonl
1282,Verkehrsverbund Berlin-Brandenburg was founded in [MASK] .,Berlin,synth_City/TREx/P740.jsonl
1292,TISM was founded in [MASK] .,Melbourne,synth_City/TREx/P740.jsonl
1300,Banco Popolare was founded in [MASK] .,Verona,synth_City/TREx/P740.jsonl
1314,System Divide was founded in [MASK] .,Belgium,synth_City/TREx/P740.jsonl
1316,Frankfurt School was founded in [MASK] .,Frankfurt,synth_City/TREx/P740.jsonl
1321,Dexys Midnight Runners was founded in [MASK] .,Birmingham,synth_City/TREx/P740.jsonl
1323,BlackGirl was founded in [MASK] .,Atlanta,synth_City/TREx/P740.jsonl
1328,Slade was founded in [MASK] .,Wolverhampton,synth_City/TREx/P740.jsonl
1331,Nevada Bachelors was founded in [MASK] .,Seattle,synth_City/TREx/P740.jsonl
1334,controller.controller was founded in [MASK] .,Canadian,synth_City/TREx/P740.jsonl
1338,Heyday Films was founded in [MASK] .,London,synth_City/TREx/P740.jsonl
1341,Swim Deep was founded in [MASK] .,Birmingham,synth_City/TREx/P740.jsonl
1345,Little Birdy was founded in [MASK] .,Perth,synth_City/TREx/P740.jsonl
1351,Zeds Dead was founded in [MASK] .,Toronto,synth_City/TREx/P740.jsonl
1355,The Long Blondes was founded in [MASK] .,Sheffield,synth_City/TREx/P740.jsonl
1364,scouting was founded in [MASK] .,England,synth_City/TREx/P740.jsonl
1381,Salvatore Ferragamo Italia S.p.A. was founded in [MASK] .,Florence,synth_City/TREx/P740.jsonl
1383,Evry was founded in [MASK] .,Oslo,synth_City/TREx/P740.jsonl
1384,Guilt Machine was founded in [MASK] .,Dutch,synth_City/TREx/P740.jsonl
1385,Qatargas was founded in [MASK] .,Qatar,synth_City/TREx/P740.jsonl
1388,Rogers Media was founded in [MASK] .,Toronto,synth_City/TREx/P740.jsonl
1394,Vignale was founded in [MASK] .,Turin,synth_City/TREx/P740.jsonl
1414,Nico & Vinz was founded in [MASK] .,Oslo,synth_City/TREx/P740.jsonl
1418,Hellenic Broadcasting Corporation was founded in [MASK] .,Athens,synth_City/TREx/P740.jsonl
1429,Rousseau Institute was founded in [MASK] .,Geneva,synth_City/TREx/P740.jsonl
1439,Mingxing Film Company was founded in [MASK] .,Shanghai,synth_City/TREx/P740.jsonl
1445,Wolfson Microelectronics was founded in [MASK] .,Edinburgh,synth_City/TREx/P740.jsonl
1447,The Apartments was founded in [MASK] .,Brisbane,synth_City/TREx/P740.jsonl
1451,The Raconteurs was founded in [MASK] .,Detroit,synth_City/TREx/P740.jsonl
1457,Bee Gees was founded in [MASK] .,Manchester,synth_City/TREx/P740.jsonl
1463,The Poodles was founded in [MASK] .,Swedish,synth_City/TREx/P740.jsonl
1488,NTL Ireland was founded in [MASK] .,Dublin,synth_City/TREx/P740.jsonl
1494,The Rockin' Vickers was founded in [MASK] .,Blackpool,synth_City/TREx/P740.jsonl
1496,Dark Funeral was founded in [MASK] .,Stockholm,synth_City/TREx/P740.jsonl
1498,Orica was founded in [MASK] .,Australia,synth_City/TREx/P740.jsonl
1499,BYG Actuel was founded in [MASK] .,Paris,synth_City/TREx/P740.jsonl
1504,Cadbury was founded in [MASK] .,Birmingham,synth_City/TREx/P740.jsonl
1512,John Player & Sons was founded in [MASK] .,Nottingham,synth_City/TREx/P740.jsonl
1515,Timoteij was founded in [MASK] .,Swedish,synth_City/TREx/P740.jsonl
1516,Pony Up was founded in [MASK] .,Montreal,synth_City/TREx/P740.jsonl
1521,String Driven Thing was founded in [MASK] .,Scottish,synth_City/TREx/P740.jsonl
1524,One Hundred Dollars was founded in [MASK] .,Toronto,synth_City/TREx/P740.jsonl
1527,Mosfilm was founded in [MASK] .,Moscow,synth_City/TREx/P740.jsonl
1530,Theatre of Hate was founded in [MASK] .,London,synth_City/TREx/P740.jsonl
1531,Timber Timbre was founded in [MASK] .,Toronto,synth_City/TREx/P740.jsonl
1536,RM Education was founded in [MASK] .,Oxford,synth_City/TREx/P740.jsonl
1537,Unipol was founded in [MASK] .,Bologna,synth_City/TREx/P740.jsonl
1539,Acrassicauda was founded in [MASK] .,Baghdad,synth_City/TREx/P740.jsonl
1541,Hot Chip was founded in [MASK] .,London,synth_City/TREx/P740.jsonl
1543,Boeing was founded in [MASK] .,Seattle,synth_City/TREx/P740.jsonl
1586,Massachusetts Mutual Life Insurance Company was founded in [MASK] .,Springfield,synth_City/TREx/P740.jsonl
1594,Nakamichi was founded in [MASK] .,Tokyo,synth_City/TREx/P740.jsonl
1598,Lacuna Coil was founded in [MASK] .,Milan,synth_City/TREx/P740.jsonl
1608,Root! was founded in [MASK] .,Melbourne,synth_City/TREx/P740.jsonl
1612,Bank Polska Kasa Opieki was founded in [MASK] .,Warsaw,synth_City/TREx/P740.jsonl
1621,Fayard was founded in [MASK] .,Paris,synth_City/TREx/P740.jsonl
1624,Papa Roach was founded in [MASK] .,California,synth_City/TREx/P740.jsonl
1628,Klopka Za Pionira was founded in [MASK] .,Serbia,synth_City/TREx/P740.jsonl
1639,Procor was founded in [MASK] .,Canada,synth_City/TREx/P740.jsonl
1647,Cosworth was founded in [MASK] .,London,synth_City/TREx/P740.jsonl
1652,Lordi was founded in [MASK] .,Helsinki,synth_City/TREx/P740.jsonl
1654,Howling Bells was founded in [MASK] .,Sydney,synth_City/TREx/P740.jsonl
1656,Bank Negara Indonesia was founded in [MASK] .,Indonesia,synth_City/TREx/P740.jsonl
1657,Loewe AG was founded in [MASK] .,Berlin,synth_City/TREx/P740.jsonl
1660,The Dubliners was founded in [MASK] .,Dublin,synth_City/TREx/P740.jsonl
1668,"Bandai Co., Ltd. was founded in [MASK] .",Tokyo,synth_City/TREx/P740.jsonl
1669,The Pop Group was founded in [MASK] .,Bristol,synth_City/TREx/P740.jsonl
1675,Framestore was founded in [MASK] .,London,synth_City/TREx/P740.jsonl
1682,Eureka Machines was founded in [MASK] .,Leeds,synth_City/TREx/P740.jsonl
1686,Revolverheld was founded in [MASK] .,Hamburg,synth_City/TREx/P740.jsonl
1688,The Idle Race was founded in [MASK] .,Birmingham,synth_City/TREx/P740.jsonl
1692,The Struts was founded in [MASK] .,Derby,synth_City/TREx/P740.jsonl
1694,Bhayanak Maut was founded in [MASK] .,Mumbai,synth_City/TREx/P740.jsonl
1696,The Staves was founded in [MASK] .,Watford,synth_City/TREx/P740.jsonl
1698,The Jezabels was founded in [MASK] .,Sydney,synth_City/TREx/P740.jsonl
1700,The Fleur de Lys was founded in [MASK] .,Southampton,synth_City/TREx/P740.jsonl
1702,Beacon Street Union was founded in [MASK] .,Boston,synth_City/TREx/P740.jsonl
1706,Beat Union was founded in [MASK] .,Birmingham,synth_City/TREx/P740.jsonl
1714,ST Aerospace was founded in [MASK] .,Singapore,synth_City/TREx/P740.jsonl
1716,Atlas Genius was founded in [MASK] .,Adelaide,synth_City/TREx/P740.jsonl
1717,Ozric Tentacles was founded in [MASK] .,Somerset,synth_City/TREx/P740.jsonl
1725,Sohodolls was founded in [MASK] .,London,synth_City/TREx/P740.jsonl
1731,Sidley Austin was founded in [MASK] .,Chicago,synth_City/TREx/P740.jsonl
1735,Chemins de fer du Midi was founded in [MASK] .,Toulouse,synth_City/TREx/P740.jsonl
1737,Los Bravos was founded in [MASK] .,Madrid,synth_City/TREx/P740.jsonl
1739,Marks & Spencer was founded in [MASK] .,Leeds,synth_City/TREx/P740.jsonl
1747,Rammstein was founded in [MASK] .,Berlin,synth_City/TREx/P740.jsonl
1754,Great Western Railway was founded in [MASK] .,Bristol,synth_City/TREx/P740.jsonl
1756,Rough Copy was founded in [MASK] .,Croydon,synth_City/TREx/P740.jsonl
1760,The Original Rudeboys was founded in [MASK] .,Dublin,synth_City/TREx/P740.jsonl
1765,De Press was founded in [MASK] .,Oslo,synth_City/TREx/P740.jsonl
1768,Rich Kids was founded in [MASK] .,London,synth_City/TREx/P740.jsonl
1775,Secret Trial Five was founded in [MASK] .,Vancouver,synth_City/TREx/P740.jsonl
1777,Simple Minds was founded in [MASK] .,Glasgow,synth_City/TREx/P740.jsonl
1792,Bianchi Bicycles was founded in [MASK] .,Milan,synth_City/TREx/P740.jsonl
1800,Electric Light Orchestra was founded in [MASK] .,Birmingham,synth_City/TREx/P740.jsonl
1806,This Et Al was founded in [MASK] .,Leeds,synth_City/TREx/P740.jsonl
1808,Tokyo Metropolitan Bureau of Transportation was founded in [MASK] .,Tokyo,synth_City/TREx/P740.jsonl
1812,Otis Williams was founded in [MASK] .,Detroit,synth_City/TREx/P740.jsonl
1817,Chatto & Windus was founded in [MASK] .,London,synth_City/TREx/P740.jsonl
1828,Urban Outfitters was founded in [MASK] .,Philadelphia,synth_City/TREx/P740.jsonl
1830,Vorkreist was founded in [MASK] .,Paris,synth_City/TREx/P740.jsonl
1838,Aunty Disco Project was founded in [MASK] .,Karachi,synth_City/TREx/P740.jsonl
1840,Bloodshot Records was founded in [MASK] .,Chicago,synth_City/TREx/P740.jsonl
1846,North Side Gang was founded in [MASK] .,Chicago,synth_City/TREx/P740.jsonl
1851,Working for a Nuclear Free City was founded in [MASK] .,Manchester,synth_City/TREx/P740.jsonl
1854,Mudvayne was founded in [MASK] .,Illinois,synth_City/TREx/P740.jsonl
1855,The Chalets was founded in [MASK] .,Dublin,synth_City/TREx/P740.jsonl
1877,Sikth was founded in [MASK] .,Watford,synth_City/TREx/P740.jsonl
1880,The Exploited was founded in [MASK] .,Edinburgh,synth_City/TREx/P740.jsonl
1882,Pride Fighting Championships was founded in [MASK] .,Tokyo,synth_City/TREx/P740.jsonl
1892,Odakyu Electric Railway was founded in [MASK] .,Tokyo,synth_City/TREx/P740.jsonl
1899,Ziff Davis was founded in [MASK] .,Chicago,synth_City/TREx/P740.jsonl
1901,I Am Kloot was founded in [MASK] .,Manchester,synth_City/TREx/P740.jsonl
1906,BC Apollo was founded in [MASK] .,Amsterdam,synth_City/TREx/P740.jsonl
1917,Audioweb was founded in [MASK] .,Manchester,synth_City/TREx/P740.jsonl
1919,EZ Basic was founded in [MASK] .,Budapest,synth_City/TREx/P740.jsonl
1921,Labelle was founded in [MASK] .,Philadelphia,synth_City/TREx/P740.jsonl
1924,Techint was founded in [MASK] .,Milan,synth_City/TREx/P740.jsonl
1930,The Presets was founded in [MASK] .,Sydney,synth_City/TREx/P740.jsonl
1937,Ronan and Erwan Bouroullec was founded in [MASK] .,Paris,synth_City/TREx/P740.jsonl
1939,Hayley Westenra was founded in [MASK] .,Christchurch,synth_City/TREx/P740.jsonl
1953,Alice in Chains was founded in [MASK] .,Seattle,synth_City/TREx/P740.jsonl
1956,Anaal Nathrakh was founded in [MASK] .,Birmingham,synth_City/TREx/P740.jsonl
1958,Les Discrets was founded in [MASK] .,France,synth_City/TREx/P740.jsonl
1959,Nylon was founded in [MASK] .,Icelandic,synth_City/TREx/P740.jsonl
1963,Clonaid was founded in [MASK] .,Bahamas,synth_City/TREx/P740.jsonl
1965,Institut d'Estudis Catalans was founded in [MASK] .,Barcelona,synth_City/TREx/P740.jsonl
1966,I Monster was founded in [MASK] .,Sheffield,synth_City/TREx/P740.jsonl
1969,The Cape Race was founded in [MASK] .,Manchester,synth_City/TREx/P740.jsonl
1988,United State of Electronica was founded in [MASK] .,Seattle,synth_City/TREx/P740.jsonl
1993,SHINee was founded in [MASK] .,Seoul,synth_City/TREx/P740.jsonl
1996,Send More Paramedics was founded in [MASK] .,Leeds,synth_City/TREx/P740.jsonl
1999,Opal Butterfly was founded in [MASK] .,Oxfordshire,synth_City/TREx/P740.jsonl
2001,Bultaco was founded in [MASK] .,Barcelona,synth_City/TREx/P740.jsonl
2003,The Pictures was founded in [MASK] .,Melbourne,synth_City/TREx/P740.jsonl
2005,Long Fin Killie was founded in [MASK] .,Scottish,synth_City/TREx/P740.jsonl
2007,Dead Milkmen was founded in [MASK] .,Philadelphia,synth_City/TREx/P740.jsonl
2012,Wizard Sleeve was founded in [MASK] .,Miami,synth_City/TREx/P740.jsonl
2015,The Sunshine Underground was founded in [MASK] .,Leeds,synth_City/TREx/P740.jsonl
2026,News Corp Australia was founded in [MASK] .,Adelaide,synth_City/TREx/P740.jsonl
2039,The Cribs was founded in [MASK] .,Wakefield,synth_City/TREx/P740.jsonl
2048,The Waking Eyes was founded in [MASK] .,Winnipeg,synth_City/TREx/P740.jsonl
2051,Escada SE was founded in [MASK] .,Munich,synth_City/TREx/P740.jsonl
2053,Kahvas Jute was founded in [MASK] .,Sydney,synth_City/TREx/P740.jsonl
2054,The Electric Soft Parade was founded in [MASK] .,Brighton,synth_City/TREx/P740.jsonl
2059,Attic Lights was founded in [MASK] .,Glasgow,synth_City/TREx/P740.jsonl
2061,AIDS Wolf was founded in [MASK] .,Montreal,synth_City/TREx/P740.jsonl
2071,Quirk Books was founded in [MASK] .,Philadelphia,synth_City/TREx/P740.jsonl
2073,Tolly Cobbold was founded in [MASK] .,Ipswich,synth_City/TREx/P740.jsonl
2074,Scars was founded in [MASK] .,Edinburgh,synth_City/TREx/P740.jsonl
2076,Meitetsu was founded in [MASK] .,Nagoya,synth_City/TREx/P740.jsonl
2092,Ikarus was founded in [MASK] .,Budapest,synth_City/TREx/P740.jsonl
2097,Yves Klein Blue was founded in [MASK] .,Brisbane,synth_City/TREx/P740.jsonl
2101,Jazzpunkensemblet was founded in [MASK] .,Oslo,synth_City/TREx/P740.jsonl
2103,Rotterdam Trojans was founded in [MASK] .,Rotterdam,synth_City/TREx/P740.jsonl
2105,The Fratellis was founded in [MASK] .,Glasgow,synth_City/TREx/P740.jsonl
2108,IndusInd Bank was founded in [MASK] .,Mumbai,synth_City/TREx/P740.jsonl
2112,Pentacon was founded in [MASK] .,Dresden,synth_City/TREx/P740.jsonl
2121,McFadden & Whitehead was founded in [MASK] .,Philadelphia,synth_City/TREx/P740.jsonl
2123,Anvil Publishing was founded in [MASK] .,Philippines,synth_City/TREx/P740.jsonl
2125,Chunghwa Telecom was founded in [MASK] .,Taipei,synth_City/TREx/P740.jsonl
2127,Fantasia Festival was founded in [MASK] .,Montreal,synth_City/TREx/P740.jsonl
2153,Banco di Napoli was founded in [MASK] .,Naples,synth_City/TREx/P740.jsonl
2156,Crate & Barrel was founded in [MASK] .,Chicago,synth_City/TREx/P740.jsonl
2158,Pizzicato Five was founded in [MASK] .,Tokyo,synth_City/TREx/P740.jsonl
2171,Brothers Past was founded in [MASK] .,Philadelphia,synth_City/TREx/P740.jsonl
2174,Mitsubishi Electric was founded in [MASK] .,Tokyo,synth_City/TREx/P740.jsonl
2184,Liberty X was founded in [MASK] .,London,synth_City/TREx/P740.jsonl
2187,Delhi 2 Dublin was founded in [MASK] .,Vancouver,synth_City/TREx/P740.jsonl
2189,The Prefects was founded in [MASK] .,Birmingham,synth_City/TREx/P740.jsonl
2197,Accademia Pontaniana was founded in [MASK] .,Naples,synth_City/TREx/P740.jsonl
2201,Chamillionaire was founded in [MASK] .,Houston,synth_City/TREx/P740.jsonl
2209,Horsehead Corporation was founded in [MASK] .,Pittsburgh,synth_City/TREx/P740.jsonl
2212,Concrete Sox was founded in [MASK] .,Nottingham,synth_City/TREx/P740.jsonl
2214,Foo Fighters was founded in [MASK] .,Seattle,synth_City/TREx/P740.jsonl
2220,Cerebral Bore was founded in [MASK] .,Glasgow,synth_City/TREx/P740.jsonl
2222,San Miguel Corporation was founded in [MASK] .,Manila,synth_City/TREx/P740.jsonl
2223,This Day Forward was founded in [MASK] .,Philadelphia,synth_City/TREx/P740.jsonl
2225,The Who was founded in [MASK] .,London,synth_City/TREx/P740.jsonl
2241,Beshara was founded in [MASK] .,Birmingham,synth_City/TREx/P740.jsonl
2245,MSC Cruises was founded in [MASK] .,Naples,synth_City/TREx/P740.jsonl
2250,Bandai Channel was founded in [MASK] .,Japan,synth_City/TREx/P740.jsonl
2251,Red Robin was founded in [MASK] .,Seattle,synth_City/TREx/P740.jsonl
2256,Amaranthe was founded in [MASK] .,Gothenburg,synth_City/TREx/P740.jsonl
2257,Feyenoord was founded in [MASK] .,Rotterdam,synth_City/TREx/P740.jsonl
2299,The Rural Alberta Advantage was founded in [MASK] .,Toronto,synth_City/TREx/P740.jsonl
2302,The Bevis Frond was founded in [MASK] .,London,synth_City/TREx/P740.jsonl
2305,Seventh Wonder was founded in [MASK] .,Stockholm,synth_City/TREx/P740.jsonl
2308,"Eddie Bauer Holdings, Inc. was founded in [MASK] .",Seattle,synth_City/TREx/P740.jsonl
2311,Bromheads Jacket was founded in [MASK] .,Sheffield,synth_City/TREx/P740.jsonl
2318,Amiata Records was founded in [MASK] .,Florence,synth_City/TREx/P740.jsonl
2321,Ooberman was founded in [MASK] .,Liverpool,synth_City/TREx/P740.jsonl
2324,Radiotelevizija Slovenija was founded in [MASK] .,Ljubljana,synth_City/TREx/P740.jsonl
2335,Murata Manufacturing was founded in [MASK] .,Kyoto,synth_City/TREx/P740.jsonl
2342,Cinnabon was founded in [MASK] .,Seattle,synth_City/TREx/P740.jsonl
2344,La Bouche was founded in [MASK] .,Frankfurt,synth_City/TREx/P740.jsonl
2346,A Bathing Ape was founded in [MASK] .,Japan,synth_City/TREx/P740.jsonl
2350,Disco Biscuits was founded in [MASK] .,Philadelphia,synth_City/TREx/P740.jsonl
2355,We Are Wolves was founded in [MASK] .,Montreal,synth_City/TREx/P740.jsonl
2357,Joell Ortiz was founded in [MASK] .,Brooklyn,synth_City/TREx/P740.jsonl
2358,Avedis Zildjian Company was founded in [MASK] .,Istanbul,synth_City/TREx/P740.jsonl
2364,Radical Axis was founded in [MASK] .,Atlanta,synth_City/TREx/P740.jsonl
2368,Rheinmetall MAN Military Vehicles was founded in [MASK] .,Munich,synth_City/TREx/P740.jsonl
2381,Grand General was founded in [MASK] .,Norway,synth_City/TREx/P740.jsonl
2384,The Pinker Tones was founded in [MASK] .,Barcelona,synth_City/TREx/P740.jsonl
2386,Majorette was founded in [MASK] .,Lyon,synth_City/TREx/P740.jsonl
2388,Biff Bang Pow! was founded in [MASK] .,London,synth_City/TREx/P740.jsonl
2394,A.F.C. Ajax was founded in [MASK] .,Amsterdam,synth_City/TREx/P740.jsonl
2478,Deutsche Bahn was founded in [MASK] .,Berlin,synth_City/TREx/P740.jsonl
2486,Rock Plaza Central was founded in [MASK] .,Toronto,synth_City/TREx/P740.jsonl
2490,Costa Cruises was founded in [MASK] .,Genoa,synth_City/TREx/P740.jsonl
2495,Man Must Die was founded in [MASK] .,Glasgow,synth_City/TREx/P740.jsonl
2497,Sega was founded in [MASK] .,Tokyo,synth_City/TREx/P740.jsonl
2509,The Woodentops was founded in [MASK] .,London,synth_City/TREx/P740.jsonl
2517,Grundig was founded in [MASK] .,Nuremberg,synth_City/TREx/P740.jsonl
2518,Nintendo Software Planning & Development was founded in [MASK] .,Japan,synth_City/TREx/P740.jsonl
2524,The Wilde Flowers was founded in [MASK] .,Canterbury,synth_City/TREx/P740.jsonl
2529,Brookes Brothers was founded in [MASK] .,London,synth_City/TREx/P740.jsonl
2531,The Idoru was founded in [MASK] .,Budapest,synth_City/TREx/P740.jsonl
2535,The Vaselines was founded in [MASK] .,Glasgow,synth_City/TREx/P740.jsonl
2543,Propellerhead Software was founded in [MASK] .,Stockholm,synth_City/TREx/P740.jsonl
2546,British-India Steam Navigation Company was founded in [MASK] .,Calcutta,synth_City/TREx/P740.jsonl
2549,Gugun Blues Shelter was founded in [MASK] .,Jakarta,synth_City/TREx/P740.jsonl
2553,Inventel was founded in [MASK] .,Paris,synth_City/TREx/P740.jsonl
2556,Transports Metropolitans de Barcelona was founded in [MASK] .,Barcelona,synth_City/TREx/P740.jsonl
2565,Manischewitz was founded in [MASK] .,Cincinnati,synth_City/TREx/P740.jsonl
2566,Aston Martin Lagonda was founded in [MASK] .,London,synth_City/TREx/P740.jsonl
2569,MTU Aero Engines was founded in [MASK] .,Munich,synth_City/TREx/P740.jsonl
2574,The Kinetiks was founded in [MASK] .,Dublin,synth_City/TREx/P740.jsonl
2576,Telarc International Corporation was founded in [MASK] .,Cleveland,synth_City/TREx/P740.jsonl
2580,Platnum was founded in [MASK] .,Manchester,synth_City/TREx/P740.jsonl
2592,Ballboy was founded in [MASK] .,Edinburgh,synth_City/TREx/P740.jsonl
2596,Roxy Music was founded in [MASK] .,London,synth_City/TREx/P740.jsonl
2599,RBC Information Systems was founded in [MASK] .,Moscow,synth_City/TREx/P740.jsonl
2600,Fratelli Fabbri Editori was founded in [MASK] .,Milan,synth_City/TREx/P740.jsonl
2601,Crispy Ambulance was founded in [MASK] .,Manchester,synth_City/TREx/P740.jsonl
2603,Magneta Lane was founded in [MASK] .,Toronto,synth_City/TREx/P740.jsonl
2605,Polish Press Agency was founded in [MASK] .,Warsaw,synth_City/TREx/P740.jsonl
2608,Animal Alpha was founded in [MASK] .,Norwegian,synth_City/TREx/P740.jsonl
2611,The Shizit was founded in [MASK] .,Seattle,synth_City/TREx/P740.jsonl
2614,Simian Mobile Disco was founded in [MASK] .,London,synth_City/TREx/P740.jsonl
2616,Tender Trap was founded in [MASK] .,London,synth_City/TREx/P740.jsonl
2618,Business Development Bank of Canada was founded in [MASK] .,Montreal,synth_City/TREx/P740.jsonl
2619,1300 Oslo was founded in [MASK] .,Oslo,synth_City/TREx/P740.jsonl
2628,Arctic Monkeys was founded in [MASK] .,Sheffield,synth_City/TREx/P740.jsonl
2641,Gloria Estefan was founded in [MASK] .,Miami,synth_City/TREx/P740.jsonl
2645,The Membranes was founded in [MASK] .,Blackpool,synth_City/TREx/P740.jsonl
2651,myGRAIN was founded in [MASK] .,Helsinki,synth_City/TREx/P740.jsonl
2653,Kataklysm was founded in [MASK] .,Montreal,synth_City/TREx/P740.jsonl
2654,Echo Orbiter was founded in [MASK] .,Philadelphia,synth_City/TREx/P740.jsonl
2662,Sledgeback was founded in [MASK] .,Seattle,synth_City/TREx/P740.jsonl
2671,Recycled Paper Greetings was founded in [MASK] .,Chicago,synth_City/TREx/P740.jsonl
2672,Trollfest was founded in [MASK] .,Oslo,synth_City/TREx/P740.jsonl
2673,Krauss-Maffei was founded in [MASK] .,Munich,synth_City/TREx/P740.jsonl
2680,Demonic Resurrection was founded in [MASK] .,Mumbai,synth_City/TREx/P740.jsonl
2684,Dungeon Family was founded in [MASK] .,Atlanta,synth_City/TREx/P740.jsonl
2688,Boomzap Entertainment was founded in [MASK] .,Singapore,synth_City/TREx/P740.jsonl
2692,Die Goldenen Zitronen was founded in [MASK] .,Hamburg,synth_City/TREx/P740.jsonl
2697,Conrad Editora was founded in [MASK] .,Brazil,synth_City/TREx/P740.jsonl
2716,Sam Cooke was founded in [MASK] .,Chicago,synth_City/TREx/P740.jsonl
2725,Pale Saints was founded in [MASK] .,Leeds,synth_City/TREx/P740.jsonl
2728,Weber carburetor was founded in [MASK] .,Bologna,synth_City/TREx/P740.jsonl
2730,Earthride was founded in [MASK] .,Maryland,synth_City/TREx/P740.jsonl
2741,Cerebral Fix was founded in [MASK] .,Birmingham,synth_City/TREx/P740.jsonl
2745,Sound Transit was founded in [MASK] .,Seattle,synth_City/TREx/P740.jsonl
2754,The Wanted was founded in [MASK] .,England,synth_City/TREx/P740.jsonl
2755,Itala was founded in [MASK] .,Torino,synth_City/TREx/P740.jsonl
2758,Sieges Even was founded in [MASK] .,Munich,synth_City/TREx/P740.jsonl
2764,Olympia Press was founded in [MASK] .,Paris,synth_City/TREx/P740.jsonl
2766,Webley & Scott was founded in [MASK] .,Birmingham,synth_City/TREx/P740.jsonl
2770,Section 25 was founded in [MASK] .,Blackpool,synth_City/TREx/P740.jsonl
2774,Napalm Death was founded in [MASK] .,Birmingham,synth_City/TREx/P740.jsonl
2782,Les Colocs was founded in [MASK] .,Montreal,synth_City/TREx/P740.jsonl
2784,OSRAM Licht AG was founded in [MASK] .,Munich,synth_City/TREx/P740.jsonl
2786,Nippon Yusen was founded in [MASK] .,Tokyo,synth_City/TREx/P740.jsonl
2789,Charanga Habanera was founded in [MASK] .,Havana,synth_City/TREx/P740.jsonl
2791,Falck Group was founded in [MASK] .,Milan,synth_City/TREx/P740.jsonl
2792,Boss Volenti was founded in [MASK] .,Dublin,synth_City/TREx/P740.jsonl
2794,The Blue Nile was founded in [MASK] .,Glasgow,synth_City/TREx/P740.jsonl
2796,Rollerblade was founded in [MASK] .,Minneapolis,synth_City/TREx/P740.jsonl
2801,Rogers Radio was founded in [MASK] .,Toronto,synth_City/TREx/P740.jsonl
2802,Mark Jansen was founded in [MASK] .,Netherlands,synth_City/TREx/P740.jsonl
2806,Union Films was founded in [MASK] .,Jakarta,synth_City/TREx/P740.jsonl
2808,Organized Noize was founded in [MASK] .,Atlanta,synth_City/TREx/P740.jsonl
2812,UFX was founded in [MASK] .,Blackpool,synth_City/TREx/P740.jsonl
2816,Afro-dite was founded in [MASK] .,Sweden,synth_City/TREx/P740.jsonl
2819,EMI was founded in [MASK] .,London,synth_City/TREx/P740.jsonl
2853,Peckett and Sons was founded in [MASK] .,Bristol,synth_City/TREx/P740.jsonl
2854,Dole Food Company was founded in [MASK] .,Hawaii,synth_City/TREx/P740.jsonl
2861,Half Japanese was founded in [MASK] .,Maryland,synth_City/TREx/P740.jsonl
2865,Grasim Industries was founded in [MASK] .,Mumbai,synth_City/TREx/P740.jsonl
2867,Gallon Drunk was founded in [MASK] .,London,synth_City/TREx/P740.jsonl
2869,Sister Sin was founded in [MASK] .,Gothenburg,synth_City/TREx/P740.jsonl
2871,Johnny Panic was founded in [MASK] .,London,synth_City/TREx/P740.jsonl
2873,Toei Company was founded in [MASK] .,Tokyo,synth_City/TREx/P740.jsonl
2878,Grupo Globo was founded in [MASK] .,Brasil,synth_City/TREx/P740.jsonl
2896,Modern Love Records was founded in [MASK] .,Manchester,synth_City/TREx/P740.jsonl
2898,Stonegard was founded in [MASK] .,Oslo,synth_City/TREx/P740.jsonl
2901,Eagulls was founded in [MASK] .,Leeds,synth_City/TREx/P740.jsonl
2903,Buhl Aircraft Company was founded in [MASK] .,Detroit,synth_City/TREx/P740.jsonl
2907,Pillsbury Company was founded in [MASK] .,Minneapolis,synth_City/TREx/P740.jsonl
2913,Peab was founded in [MASK] .,Sweden,synth_City/TREx/P740.jsonl
2916,The Distractions was founded in [MASK] .,Manchester,synth_City/TREx/P740.jsonl
2919,Lhasa de Sela was founded in [MASK] .,Mexico,synth_City/TREx/P740.jsonl
2921,Big Leaves was founded in [MASK] .,Wales,synth_City/TREx/P740.jsonl
2922,Spin Master was founded in [MASK] .,Toronto,synth_City/TREx/P740.jsonl
2924,Murlyn Music Group was founded in [MASK] .,Swedish,synth_City/TREx/P740.jsonl
2926,Chin Up Chin Up was founded in [MASK] .,Chicago,synth_City/TREx/P740.jsonl
2929,Blakfish was founded in [MASK] .,Birmingham,synth_City/TREx/P740.jsonl
2931,The Qemists was founded in [MASK] .,Brighton,synth_City/TREx/P740.jsonl
2933,Rhema Broadcasting Group was founded in [MASK] .,Christchurch,synth_City/TREx/P740.jsonl
2935,Ultrabeat was founded in [MASK] .,Liverpool,synth_City/TREx/P740.jsonl
2936,TD Canada Trust was founded in [MASK] .,Toronto,synth_City/TREx/P740.jsonl
2938,Royal Gibraltar Post Office was founded in [MASK] .,Gibraltar,synth_City/TREx/P740.jsonl
2941,Duran Duran was founded in [MASK] .,Birmingham,synth_City/TREx/P740.jsonl
2946,Man from Delmonte was founded in [MASK] .,Manchester,synth_City/TREx/P740.jsonl
2950,Virt Records was founded in [MASK] .,Seattle,synth_City/TREx/P740.jsonl
2957,Batagraf was founded in [MASK] .,Oslo,synth_City/TREx/P740.jsonl
2960,PLDT was founded in [MASK] .,Manila,synth_City/TREx/P740.jsonl
2968,Mango Groove was founded in [MASK] .,Johannesburg,synth_City/TREx/P740.jsonl
2972,BLK JKS was founded in [MASK] .,Johannesburg,synth_City/TREx/P740.jsonl
2976,East Japan Railway Company was founded in [MASK] .,Tokyo,synth_City/TREx/P740.jsonl
2979,The Steepwater Band was founded in [MASK] .,Chicago,synth_City/TREx/P740.jsonl
2981,REWE Group was founded in [MASK] .,Cologne,synth_City/TREx/P740.jsonl
2986,NRJ Group was founded in [MASK] .,Paris,synth_City/TREx/P740.jsonl
2987,Officine Stampaggi Industriali was founded in [MASK] .,Turin,synth_City/TREx/P740.jsonl
2992,The Mighty Mighty Bosstones was founded in [MASK] .,Boston,synth_City/TREx/P740.jsonl
3001,Pitchshifter was founded in [MASK] .,Nottingham,synth_City/TREx/P740.jsonl
3004,Reverie Sound Revue was founded in [MASK] .,Calgary,synth_City/TREx/P740.jsonl
3006,Aerosvit Airlines was founded in [MASK] .,Kiev,synth_City/TREx/P740.jsonl
3039,Xmal Deutschland was founded in [MASK] .,Hamburg,synth_City/TREx/P740.jsonl
3042,Italian National Labor Bank was founded in [MASK] .,Rome,synth_City/TREx/P740.jsonl
3046,GEDI Gruppo Editoriale was founded in [MASK] .,Rome,synth_City/TREx/P740.jsonl
3048,Gluecifer was founded in [MASK] .,Oslo,synth_City/TREx/P740.jsonl
3054,Lights & Motion was founded in [MASK] .,Gothenburg,synth_City/TREx/P740.jsonl
3057,Die Apokalyptischen Reiter was founded in [MASK] .,Weimar,synth_City/TREx/P740.jsonl
3059,The Waltones was founded in [MASK] .,Manchester,synth_City/TREx/P740.jsonl
3061,Pony Canyon was founded in [MASK] .,Tokyo,synth_City/TREx/P740.jsonl
3062,"Sharp, Stewart and Company was founded in [MASK] .",Manchester,synth_City/TREx/P740.jsonl
3070,Irrational Games was founded in [MASK] .,Boston,synth_City/TREx/P740.jsonl
3077,Transport for London was founded in [MASK] .,London,synth_City/TREx/P740.jsonl
3111,Hydro One was founded in [MASK] .,Toronto,synth_City/TREx/P740.jsonl
3119,The Courteeners was founded in [MASK] .,Middleton,synth_City/TREx/P740.jsonl
3123,Pekinel sisters was founded in [MASK] .,Istanbul,synth_City/TREx/P740.jsonl
3126,Orange Juice was founded in [MASK] .,Glasgow,synth_City/TREx/P740.jsonl
3131,Echo & the Bunnymen was founded in [MASK] .,Liverpool,synth_City/TREx/P740.jsonl
3132,Embryo was founded in [MASK] .,Munich,synth_City/TREx/P740.jsonl
3134,Eastern Conference Champions was founded in [MASK] .,Philadelphia,synth_City/TREx/P740.jsonl
3136,LBi was founded in [MASK] .,Amsterdam,synth_City/TREx/P740.jsonl
3138,Larsen & Toubro was founded in [MASK] .,Mumbai,synth_City/TREx/P740.jsonl
3144,Ladies' Alpine Club was founded in [MASK] .,London,synth_City/TREx/P740.jsonl
3148,London Stock Exchange was founded in [MASK] .,London,synth_City/TREx/P740.jsonl
3174,TELUS Mobility was founded in [MASK] .,Edmonton,synth_City/TREx/P740.jsonl
3175,Echolyn was founded in [MASK] .,Pennsylvania,synth_City/TREx/P740.jsonl
3177,Perkins Engines was founded in [MASK] .,Peterborough,synth_City/TREx/P740.jsonl
3178,Institut de Droit International was founded in [MASK] .,Ghent,synth_City/TREx/P740.jsonl
3179,Eclection was founded in [MASK] .,London,synth_City/TREx/P740.jsonl
3188,The Stone Roses was founded in [MASK] .,Manchester,synth_City/TREx/P740.jsonl
3207,CIR Group was founded in [MASK] .,Torino,synth_City/TREx/P740.jsonl
3209,Ducati Motor Holding S.p.A. was founded in [MASK] .,Bologna,synth_City/TREx/P740.jsonl
3218,Silicon Graphics was founded in [MASK] .,California,synth_City/TREx/P740.jsonl
3220,I Fight Dragons was founded in [MASK] .,Chicago,synth_City/TREx/P740.jsonl
3222,Shubb was founded in [MASK] .,California,synth_City/TREx/P740.jsonl
3226,Spectrum-X was founded in [MASK] .,Italy,synth_City/TREx/P740.jsonl
3227,Nation of Gods and Earths was founded in [MASK] .,Harlem,synth_City/TREx/P740.jsonl
3232,Chanel was founded in [MASK] .,Paris,synth_City/TREx/P740.jsonl
3239,Groove Armada was founded in [MASK] .,London,synth_City/TREx/P740.jsonl
3249,These Arms Are Snakes was founded in [MASK] .,Seattle,synth_City/TREx/P740.jsonl
3252,The Rasmus was founded in [MASK] .,Helsinki,synth_City/TREx/P740.jsonl
3254,Ensiferum was founded in [MASK] .,Helsinki,synth_City/TREx/P740.jsonl
3258,Sug was founded in [MASK] .,Japan,synth_City/TREx/P740.jsonl
3265,Sugababes was founded in [MASK] .,London,synth_City/TREx/P740.jsonl
3268,Tōhō was founded in [MASK] .,Tokyo,synth_City/TREx/P740.jsonl
3283,Deaf School was founded in [MASK] .,Liverpool,synth_City/TREx/P740.jsonl
3284,The Enright House was founded in [MASK] .,Christchurch,synth_City/TREx/P740.jsonl
3285,Dem Franchize Boyz was founded in [MASK] .,Atlanta,synth_City/TREx/P740.jsonl
3288,China National Nuclear Corporation was founded in [MASK] .,Beijing,synth_City/TREx/P740.jsonl
3295,National Iranian Oil Company was founded in [MASK] .,Tehran,synth_City/TREx/P740.jsonl
3299,Deacon Blue was founded in [MASK] .,Glasgow,synth_City/TREx/P740.jsonl
3307,Kid British was founded in [MASK] .,Manchester,synth_City/TREx/P740.jsonl
3316,Girls' Generation was founded in [MASK] .,Seoul,synth_City/TREx/P740.jsonl
3322,Midnight Youth was founded in [MASK] .,Auckland,synth_City/TREx/P740.jsonl
3323,Dominion was founded in [MASK] .,Toronto,synth_City/TREx/P740.jsonl
3325,Royal Mint was founded in [MASK] .,London,synth_City/TREx/P740.jsonl
3345,Nikon was founded in [MASK] .,Tokyo,synth_City/TREx/P740.jsonl
3350,Shirehorses was founded in [MASK] .,Manchester,synth_City/TREx/P740.jsonl
