,sent,gold,filename
0,Howard Florey used to work in [MASK] .,London,synth_City/TREx/P937.jsonl
1,Enki Bilal used to work in [MASK] .,Paris,synth_City/TREx/P937.jsonl
2,Pedro de Ribera used to work in [MASK] .,Madrid,synth_City/TREx/P937.jsonl
7,Robert Raikes used to work in [MASK] .,Gloucester,synth_City/TREx/P937.jsonl
8,Alberts Kviesis used to work in [MASK] .,Riga,synth_City/TREx/P937.jsonl
10,Ramsay MacDonald used to work in [MASK] .,London,synth_City/TREx/P937.jsonl
11,George Albertus Cox used to work in [MASK] .,Ottawa,synth_City/TREx/P937.jsonl
12,Superpitcher used to work in [MASK] .,Cologne,synth_City/TREx/P937.jsonl
14,Johan Christian Dahl used to work in [MASK] .,Dresden,synth_City/TREx/P937.jsonl
15,Charles Jean Marie Barbaroux used to work in [MASK] .,Paris,synth_City/TREx/P937.jsonl
20,Henry Calvert Simons used to work in [MASK] .,Chicago,synth_City/TREx/P937.jsonl
22,Hinrich Wilhelm Kopf used to work in [MASK] .,Hanover,synth_City/TREx/P937.jsonl
24,Cari Lekebusch used to work in [MASK] .,Stockholm,synth_City/TREx/P937.jsonl
26,Michael Fitzhardinge Berkeley used to work in [MASK] .,London,synth_City/TREx/P937.jsonl
27,George Reid used to work in [MASK] .,London,synth_City/TREx/P937.jsonl
28,Christian Ude used to work in [MASK] .,Munich,synth_City/TREx/P937.jsonl
38,Emil Schallopp used to work in [MASK] .,Berlin,synth_City/TREx/P937.jsonl
50,Giorgio Amendola used to work in [MASK] .,Rome,synth_City/TREx/P937.jsonl
51,Antonio Magliabechi used to work in [MASK] .,Florence,synth_City/TREx/P937.jsonl
52,Robert Bosch used to work in [MASK] .,Stuttgart,synth_City/TREx/P937.jsonl
59,Hasekura Tsunenaga used to work in [MASK] .,Rome,synth_City/TREx/P937.jsonl
63,Ernst Klee used to work in [MASK] .,Frankfurt,synth_City/TREx/P937.jsonl
67,Abba Eban used to work in [MASK] .,Jerusalem,synth_City/TREx/P937.jsonl
68,Freddie Mercury used to work in [MASK] .,Munich,synth_City/TREx/P937.jsonl
69,Edgeworth David used to work in [MASK] .,Sydney,synth_City/TREx/P937.jsonl
72,Giuseppe Motta used to work in [MASK] .,Bern,synth_City/TREx/P937.jsonl
73,Juan March used to work in [MASK] .,Madrid,synth_City/TREx/P937.jsonl
77,Albert Ballin used to work in [MASK] .,Hamburg,synth_City/TREx/P937.jsonl
84,Jack Straw used to work in [MASK] .,London,synth_City/TREx/P937.jsonl
86,Duncan Sandys used to work in [MASK] .,London,synth_City/TREx/P937.jsonl
87,Robert Borden used to work in [MASK] .,Ottawa,synth_City/TREx/P937.jsonl
88,Carla Bruni used to work in [MASK] .,Paris,synth_City/TREx/P937.jsonl
89,Marie François Oscar Bardy de Fourtou used to work in [MASK] .,Paris,synth_City/TREx/P937.jsonl
91,Emil Adolf von Behring used to work in [MASK] .,Berlin,synth_City/TREx/P937.jsonl
92,Werner von Blomberg used to work in [MASK] .,Berlin,synth_City/TREx/P937.jsonl
93,Gustav Schreck used to work in [MASK] .,Leipzig,synth_City/TREx/P937.jsonl
95,Georges Bidault used to work in [MASK] .,Paris,synth_City/TREx/P937.jsonl
96,Simon Rattle used to work in [MASK] .,Birmingham,synth_City/TREx/P937.jsonl
105,Ignaz von Born used to work in [MASK] .,Vienna,synth_City/TREx/P937.jsonl
108,Adolphe Thiers used to work in [MASK] .,Paris,synth_City/TREx/P937.jsonl
119,Paul Schultze-Naumburg used to work in [MASK] .,Berlin,synth_City/TREx/P937.jsonl
120,Fritz Reiner used to work in [MASK] .,Dresden,synth_City/TREx/P937.jsonl
122,"George Glyn, 1st Baron Wolverton used to work in [MASK] .",London,synth_City/TREx/P937.jsonl
124,Karl-August Fagerholm used to work in [MASK] .,Helsinki,synth_City/TREx/P937.jsonl
126,Friedrich Hirzebruch used to work in [MASK] .,Bonn,synth_City/TREx/P937.jsonl
127,Pehr Henrik Ling used to work in [MASK] .,Stockholm,synth_City/TREx/P937.jsonl
132,Vladimir Putin used to work in [MASK] .,Dresden,synth_City/TREx/P937.jsonl
133,Romain Rolland used to work in [MASK] .,Paris,synth_City/TREx/P937.jsonl
134,Udo Lindenberg used to work in [MASK] .,Hamburg,synth_City/TREx/P937.jsonl
135,Joan Ruddock used to work in [MASK] .,London,synth_City/TREx/P937.jsonl
136,Clara Campoamor used to work in [MASK] .,Madrid,synth_City/TREx/P937.jsonl
138,Pierre Trudeau used to work in [MASK] .,Ottawa,synth_City/TREx/P937.jsonl
149,"William Scott, 1st Baron Stowell used to work in [MASK] .",London,synth_City/TREx/P937.jsonl
151,Yehudi Menuhin used to work in [MASK] .,London,synth_City/TREx/P937.jsonl
161,Henry Colburn used to work in [MASK] .,London,synth_City/TREx/P937.jsonl
162,"Tom King, Baron King of Bridgwater used to work in [MASK] .",London,synth_City/TREx/P937.jsonl
167,Maktoum bin Rashid Al Maktoum used to work in [MASK] .,Dubai,synth_City/TREx/P937.jsonl
180,Vlaho Bukovac used to work in [MASK] .,Prague,synth_City/TREx/P937.jsonl
181,Vincent van Gogh used to work in [MASK] .,Antwerp,synth_City/TREx/P937.jsonl
187,Gabriel Piemonte used to work in [MASK] .,Boston,synth_City/TREx/P937.jsonl
189,Jean-Charles Pichegru used to work in [MASK] .,Paris,synth_City/TREx/P937.jsonl
190,"James Hannen, Baron Hannen used to work in [MASK] .",London,synth_City/TREx/P937.jsonl
192,Lemuel Shaw used to work in [MASK] .,Boston,synth_City/TREx/P937.jsonl
193,Pavlo Skoropadskyi used to work in [MASK] .,Kiev,synth_City/TREx/P937.jsonl
198,Pierre Marie Auguste Broussonet used to work in [MASK] .,Paris,synth_City/TREx/P937.jsonl
204,Egon Petri used to work in [MASK] .,Berlin,synth_City/TREx/P937.jsonl
206,Adolfo Hohenstein used to work in [MASK] .,Bonn,synth_City/TREx/P937.jsonl
208,"Frederick Banbury, 1st Baron Banbury of Southam used to work in [MASK] .",London,synth_City/TREx/P937.jsonl
209,Gianfranco Fini used to work in [MASK] .,Rome,synth_City/TREx/P937.jsonl
211,Juho Kusti Paasikivi used to work in [MASK] .,Helsinki,synth_City/TREx/P937.jsonl
213,"Walter Long, 1st Viscount Long used to work in [MASK] .",London,synth_City/TREx/P937.jsonl
214,Jodocus Hondius used to work in [MASK] .,Amsterdam,synth_City/TREx/P937.jsonl
220,Justin Trudeau used to work in [MASK] .,Ottawa,synth_City/TREx/P937.jsonl
221,Georges Cuvier used to work in [MASK] .,Paris,synth_City/TREx/P937.jsonl
232,Gerolamo Cardano used to work in [MASK] .,Milan,synth_City/TREx/P937.jsonl
233,Robert James Manion used to work in [MASK] .,Ottawa,synth_City/TREx/P937.jsonl
235,Robert Stanfield used to work in [MASK] .,Ottawa,synth_City/TREx/P937.jsonl
236,Conrad Graf used to work in [MASK] .,Vienna,synth_City/TREx/P937.jsonl
238,Walter Momper used to work in [MASK] .,Berlin,synth_City/TREx/P937.jsonl
242,Jean Paul used to work in [MASK] .,Berlin,synth_City/TREx/P937.jsonl
244,Shakira used to work in [MASK] .,Barcelona,synth_City/TREx/P937.jsonl
245,Patti Smith used to work in [MASK] .,Detroit,synth_City/TREx/P937.jsonl
246,Daniel Bernoulli used to work in [MASK] .,Basel,synth_City/TREx/P937.jsonl
252,Henry Jacob Bigelow used to work in [MASK] .,Boston,synth_City/TREx/P937.jsonl
258,Saint Boniface used to work in [MASK] .,Mainz,synth_City/TREx/P937.jsonl
264,Albert Einstein used to work in [MASK] .,Bern,synth_City/TREx/P937.jsonl
273,Allison Nelson used to work in [MASK] .,Atlanta,synth_City/TREx/P937.jsonl
276,Joseph Goebbels used to work in [MASK] .,Berlin,synth_City/TREx/P937.jsonl
281,Ursula Dubosarsky used to work in [MASK] .,Sydney,synth_City/TREx/P937.jsonl
284,"Francis I, Holy Roman Emperor used to work in [MASK] .",Vienna,synth_City/TREx/P937.jsonl
286,Nick Clegg used to work in [MASK] .,London,synth_City/TREx/P937.jsonl
289,Auguste Champetier de Ribes used to work in [MASK] .,Paris,synth_City/TREx/P937.jsonl
291,Tycho Brahe used to work in [MASK] .,Prague,synth_City/TREx/P937.jsonl
297,Piet Mondrian used to work in [MASK] .,Amsterdam,synth_City/TREx/P937.jsonl
300,Arthur Balfour used to work in [MASK] .,London,synth_City/TREx/P937.jsonl
308,Leonhard Euler used to work in [MASK] .,Berlin,synth_City/TREx/P937.jsonl
310,"John Buchan, 1st Baron Tweedsmuir used to work in [MASK] .",London,synth_City/TREx/P937.jsonl
316,Johann Christoph Wolf used to work in [MASK] .,Hamburg,synth_City/TREx/P937.jsonl
318,"Robert Sanders, 1st Baron Bayford used to work in [MASK] .",London,synth_City/TREx/P937.jsonl
319,Gudrun Gut used to work in [MASK] .,Berlin,synth_City/TREx/P937.jsonl
323,Johann van Beethoven used to work in [MASK] .,Bonn,synth_City/TREx/P937.jsonl
324,Bali Rai used to work in [MASK] .,Leicester,synth_City/TREx/P937.jsonl
327,Karl Wittgenstein used to work in [MASK] .,Vienna,synth_City/TREx/P937.jsonl
329,Joachim von Sandrart used to work in [MASK] .,Amsterdam,synth_City/TREx/P937.jsonl
334,Giulio Andreotti used to work in [MASK] .,Rome,synth_City/TREx/P937.jsonl
335,Noel Pemberton Billing used to work in [MASK] .,London,synth_City/TREx/P937.jsonl
336,Allen Shawn used to work in [MASK] .,Vermont,synth_City/TREx/P937.jsonl
338,Alois Senefelder used to work in [MASK] .,Munich,synth_City/TREx/P937.jsonl
339,Joseph Priestley used to work in [MASK] .,Paris,synth_City/TREx/P937.jsonl
341,Arthur Meighen used to work in [MASK] .,Ottawa,synth_City/TREx/P937.jsonl
342,Bob Rae used to work in [MASK] .,Ottawa,synth_City/TREx/P937.jsonl
343,"Arthur Wellesley, 1st Duke of Wellington used to work in [MASK] .",London,synth_City/TREx/P937.jsonl
345,Paul Klee used to work in [MASK] .,Munich,synth_City/TREx/P937.jsonl
346,Thomas van Erpe used to work in [MASK] .,Leiden,synth_City/TREx/P937.jsonl
350,Renata Polverini used to work in [MASK] .,Rome,synth_City/TREx/P937.jsonl
352,Aleksandr Maltsev used to work in [MASK] .,Moscow,synth_City/TREx/P937.jsonl
353,Anthony Fisher used to work in [MASK] .,Sydney,synth_City/TREx/P937.jsonl
358,Otto van Veen used to work in [MASK] .,Antwerp,synth_City/TREx/P937.jsonl
361,Paul Ehrlich used to work in [MASK] .,Frankfurt,synth_City/TREx/P937.jsonl
368,Massimo D'Alema used to work in [MASK] .,Rome,synth_City/TREx/P937.jsonl
369,John Calvin used to work in [MASK] .,Geneva,synth_City/TREx/P937.jsonl
400,William Home Lizars used to work in [MASK] .,Edinburgh,synth_City/TREx/P937.jsonl
401,Jean-Louis Roux used to work in [MASK] .,Ottawa,synth_City/TREx/P937.jsonl
402,Jean Sibelius used to work in [MASK] .,Helsinki,synth_City/TREx/P937.jsonl
412,Lucio Colletti used to work in [MASK] .,Rome,synth_City/TREx/P937.jsonl
414,John Prescott used to work in [MASK] .,London,synth_City/TREx/P937.jsonl
415,Gloria Estefan used to work in [MASK] .,Miami,synth_City/TREx/P937.jsonl
419,Adolf Hitler used to work in [MASK] .,Vienna,synth_City/TREx/P937.jsonl
442,Marcus Musurus used to work in [MASK] .,Venice,synth_City/TREx/P937.jsonl
444,Frederik Kaiser used to work in [MASK] .,Leiden,synth_City/TREx/P937.jsonl
448,William Wilberforce used to work in [MASK] .,London,synth_City/TREx/P937.jsonl
449,Golda Meir used to work in [MASK] .,Jerusalem,synth_City/TREx/P937.jsonl
464,Gottfried August Homilius used to work in [MASK] .,Dresden,synth_City/TREx/P937.jsonl
465,Pierre Mauroy used to work in [MASK] .,Paris,synth_City/TREx/P937.jsonl
466,Menachem Begin used to work in [MASK] .,Jerusalem,synth_City/TREx/P937.jsonl
468,Xavier Zubiri used to work in [MASK] .,Madrid,synth_City/TREx/P937.jsonl
472,Herbert von Bismarck used to work in [MASK] .,Berlin,synth_City/TREx/P937.jsonl
473,Christian Rudolph Wilhelm Wiedemann used to work in [MASK] .,Kiel,synth_City/TREx/P937.jsonl
476,Adam Makowicz used to work in [MASK] .,Toronto,synth_City/TREx/P937.jsonl
478,Pierre Audi used to work in [MASK] .,Amsterdam,synth_City/TREx/P937.jsonl
479,Eduard Marxsen used to work in [MASK] .,Hamburg,synth_City/TREx/P937.jsonl
480,Erasmus used to work in [MASK] .,Rotterdam,synth_City/TREx/P937.jsonl
514,Tobias Rehberger used to work in [MASK] .,Frankfurt,synth_City/TREx/P937.jsonl
515,Aldus Manutius used to work in [MASK] .,Venice,synth_City/TREx/P937.jsonl
530,Jacques Gillot used to work in [MASK] .,Paris,synth_City/TREx/P937.jsonl
531,Giacomo Devoto used to work in [MASK] .,Florence,synth_City/TREx/P937.jsonl
532,Wilfrid Laurier used to work in [MASK] .,Ottawa,synth_City/TREx/P937.jsonl
541,Pasquale Cicogna used to work in [MASK] .,Venice,synth_City/TREx/P937.jsonl
544,Martin Carlin used to work in [MASK] .,Paris,synth_City/TREx/P937.jsonl
546,Carolyn Christov-Bakargiev used to work in [MASK] .,Turin,synth_City/TREx/P937.jsonl
547,John Munch used to work in [MASK] .,Baltimore,synth_City/TREx/P937.jsonl
549,Ernest Picard used to work in [MASK] .,Paris,synth_City/TREx/P937.jsonl
552,Alfred Hettner used to work in [MASK] .,Heidelberg,synth_City/TREx/P937.jsonl
554,Paul Bonatz used to work in [MASK] .,Stuttgart,synth_City/TREx/P937.jsonl
555,Johan Theorin used to work in [MASK] .,Gothenburg,synth_City/TREx/P937.jsonl
557,Adolf Brand used to work in [MASK] .,Berlin,synth_City/TREx/P937.jsonl
561,Mac Harb used to work in [MASK] .,Ottawa,synth_City/TREx/P937.jsonl
562,John Sparrow David Thompson used to work in [MASK] .,Ottawa,synth_City/TREx/P937.jsonl
563,Pierre Laval used to work in [MASK] .,Paris,synth_City/TREx/P937.jsonl
565,Athanase David used to work in [MASK] .,Montreal,synth_City/TREx/P937.jsonl
573,Jean-Victor Poncelet used to work in [MASK] .,Metz,synth_City/TREx/P937.jsonl
574,"David Maxwell Fyfe, 1st Earl of Kilmuir used to work in [MASK] .",London,synth_City/TREx/P937.jsonl
576,Joseph Roth used to work in [MASK] .,Berlin,synth_City/TREx/P937.jsonl
578,"William Wills, 1st Baron Winterstoke used to work in [MASK] .",London,synth_City/TREx/P937.jsonl
579,James Watt used to work in [MASK] .,Glasgow,synth_City/TREx/P937.jsonl
580,Peter Novick used to work in [MASK] .,Chicago,synth_City/TREx/P937.jsonl
584,Otto Hauser used to work in [MASK] .,Berlin,synth_City/TREx/P937.jsonl
586,Solange Fernex used to work in [MASK] .,Strasbourg,synth_City/TREx/P937.jsonl
588,Magnus Hirschfeld used to work in [MASK] .,Berlin,synth_City/TREx/P937.jsonl
590,John D. Rockefeller used to work in [MASK] .,Cleveland,synth_City/TREx/P937.jsonl
599,Pablo Picasso used to work in [MASK] .,Paris,synth_City/TREx/P937.jsonl
658,Arno Holz used to work in [MASK] .,Berlin,synth_City/TREx/P937.jsonl
660,David Owen used to work in [MASK] .,London,synth_City/TREx/P937.jsonl
665,Philipp Otto Runge used to work in [MASK] .,Hamburg,synth_City/TREx/P937.jsonl
668,Reinhard Goebel used to work in [MASK] .,Salzburg,synth_City/TREx/P937.jsonl
670,"Dudley Marjoribanks, 1st Baron Tweedmouth used to work in [MASK] .",London,synth_City/TREx/P937.jsonl
671,Rudolf Carnap used to work in [MASK] .,Prague,synth_City/TREx/P937.jsonl
672,Arthur Griffith used to work in [MASK] .,London,synth_City/TREx/P937.jsonl
673,William Tudor used to work in [MASK] .,Boston,synth_City/TREx/P937.jsonl
676,Antonio Gava used to work in [MASK] .,Rome,synth_City/TREx/P937.jsonl
678,Marcelo Caetano used to work in [MASK] .,Portugal,synth_City/TREx/P937.jsonl
681,Josef Hofmann used to work in [MASK] .,Philadelphia,synth_City/TREx/P937.jsonl
682,Laurent Cars used to work in [MASK] .,Paris,synth_City/TREx/P937.jsonl
684,Philip Pullman used to work in [MASK] .,Oxford,synth_City/TREx/P937.jsonl
685,Daniele Capezzone used to work in [MASK] .,Rome,synth_City/TREx/P937.jsonl
687,George Walden used to work in [MASK] .,London,synth_City/TREx/P937.jsonl
688,Reginald Maudling used to work in [MASK] .,London,synth_City/TREx/P937.jsonl
689,Rosa Luxemburg used to work in [MASK] .,Berlin,synth_City/TREx/P937.jsonl
698,Hilaire Belloc used to work in [MASK] .,London,synth_City/TREx/P937.jsonl
702,Wolfgang Capito used to work in [MASK] .,Basel,synth_City/TREx/P937.jsonl
704,Viktor Mikhailovich Vasnetsov used to work in [MASK] .,Kiev,synth_City/TREx/P937.jsonl
706,Daniel Ernst Jablonski used to work in [MASK] .,Berlin,synth_City/TREx/P937.jsonl
711,Davie Fulton used to work in [MASK] .,Ottawa,synth_City/TREx/P937.jsonl
712,Antoine Coypel used to work in [MASK] .,Paris,synth_City/TREx/P937.jsonl
714,Pierre Bayle used to work in [MASK] .,Rotterdam,synth_City/TREx/P937.jsonl
715,Helle Thorning-Schmidt used to work in [MASK] .,Copenhagen,synth_City/TREx/P937.jsonl
716,Hans Fallada used to work in [MASK] .,Berlin,synth_City/TREx/P937.jsonl
720,Axel Honneth used to work in [MASK] .,Frankfurt,synth_City/TREx/P937.jsonl
723,Gunnar Garbo used to work in [MASK] .,Oslo,synth_City/TREx/P937.jsonl
724,"Peter Walker, Baron Walker of Worcester used to work in [MASK] .",London,synth_City/TREx/P937.jsonl
725,John Henry Newman used to work in [MASK] .,Rome,synth_City/TREx/P937.jsonl
726,Ed Broadbent used to work in [MASK] .,Ottawa,synth_City/TREx/P937.jsonl
727,Friedrich Gottlob Hayne used to work in [MASK] .,Berlin,synth_City/TREx/P937.jsonl
730,Kid Rock used to work in [MASK] .,Detroit,synth_City/TREx/P937.jsonl
735,Raymond Flynn used to work in [MASK] .,Boston,synth_City/TREx/P937.jsonl
745,Martin Buber used to work in [MASK] .,Jerusalem,synth_City/TREx/P937.jsonl
746,Robert Keayne used to work in [MASK] .,Boston,synth_City/TREx/P937.jsonl
750,Juliusz Kossak used to work in [MASK] .,Paris,synth_City/TREx/P937.jsonl
752,Moshe Dayan used to work in [MASK] .,Jerusalem,synth_City/TREx/P937.jsonl
754,Johann Heinrich Roos used to work in [MASK] .,Frankfurt,synth_City/TREx/P937.jsonl
756,Heinrich Graetz used to work in [MASK] .,Munich,synth_City/TREx/P937.jsonl
757,George Osborne used to work in [MASK] .,London,synth_City/TREx/P937.jsonl
760,"George Cadogan, 5th Earl Cadogan used to work in [MASK] .",London,synth_City/TREx/P937.jsonl
763,Cesare Brandi used to work in [MASK] .,Siena,synth_City/TREx/P937.jsonl
765,Joseph Whitworth used to work in [MASK] .,Manchester,synth_City/TREx/P937.jsonl
771,Karl Farkas used to work in [MASK] .,Vienna,synth_City/TREx/P937.jsonl
772,Lord George Russell used to work in [MASK] .,London,synth_City/TREx/P937.jsonl
773,Roy Barnes used to work in [MASK] .,Atlanta,synth_City/TREx/P937.jsonl
774,"Sir Thomas Buxton, 1st Baronet used to work in [MASK] .",London,synth_City/TREx/P937.jsonl
776,Hermann Schwarz used to work in [MASK] .,Berlin,synth_City/TREx/P937.jsonl
778,Heinrich Simroth used to work in [MASK] .,Leipzig,synth_City/TREx/P937.jsonl
781,Hermann Hesse used to work in [MASK] .,Bern,synth_City/TREx/P937.jsonl
782,Karl May used to work in [MASK] .,Dresden,synth_City/TREx/P937.jsonl
785,Angela Merkel used to work in [MASK] .,Berlin,synth_City/TREx/P937.jsonl
787,Jonathan Meese used to work in [MASK] .,Hamburg,synth_City/TREx/P937.jsonl
789,Pascual Cervera y Topete used to work in [MASK] .,Madrid,synth_City/TREx/P937.jsonl
790,Thorvald Stauning used to work in [MASK] .,Copenhagen,synth_City/TREx/P937.jsonl
881,"John Hamilton-Gordon, 1st Marquess of Aberdeen and Temair used to work in [MASK] .",London,synth_City/TREx/P937.jsonl
882,Marco Pannella used to work in [MASK] .,Rome,synth_City/TREx/P937.jsonl
883,Edward Shortt used to work in [MASK] .,London,synth_City/TREx/P937.jsonl
884,Jean-Baptiste Henri Lacordaire used to work in [MASK] .,Paris,synth_City/TREx/P937.jsonl
887,Louis Jules Trochu used to work in [MASK] .,Paris,synth_City/TREx/P937.jsonl
893,Yehuda Leib Maimon used to work in [MASK] .,Jerusalem,synth_City/TREx/P937.jsonl
894,Carl Ritter used to work in [MASK] .,Berlin,synth_City/TREx/P937.jsonl
895,"Thomas Wynn, 1st Baron Newborough used to work in [MASK] .",London,synth_City/TREx/P937.jsonl
896,Wolfgang Niedecken used to work in [MASK] .,Cologne,synth_City/TREx/P937.jsonl
899,Lionel Nathan de Rothschild used to work in [MASK] .,London,synth_City/TREx/P937.jsonl
903,Asger Hamerik used to work in [MASK] .,Copenhagen,synth_City/TREx/P937.jsonl
904,Tribuno Memmo used to work in [MASK] .,Venice,synth_City/TREx/P937.jsonl
906,Johann Fust used to work in [MASK] .,Mainz,synth_City/TREx/P937.jsonl
908,Franz Xaver Gabelsberger used to work in [MASK] .,Munich,synth_City/TREx/P937.jsonl
911,Pierre Soulages used to work in [MASK] .,Paris,synth_City/TREx/P937.jsonl
914,Norbert Bisky used to work in [MASK] .,Berlin,synth_City/TREx/P937.jsonl
916,John Redmond used to work in [MASK] .,London,synth_City/TREx/P937.jsonl
918,Giovanni Bassano used to work in [MASK] .,Venice,synth_City/TREx/P937.jsonl
921,Julio Le Parc used to work in [MASK] .,Paris,synth_City/TREx/P937.jsonl
923,Fouad Twal used to work in [MASK] .,Jerusalem,synth_City/TREx/P937.jsonl
927,B.o.B used to work in [MASK] .,Atlanta,synth_City/TREx/P937.jsonl
930,Pierre Joxe used to work in [MASK] .,Paris,synth_City/TREx/P937.jsonl
932,Andrew Card used to work in [MASK] .,Boston,synth_City/TREx/P937.jsonl
933,Jules Moch used to work in [MASK] .,Paris,synth_City/TREx/P937.jsonl
934,Dietrich Brandis used to work in [MASK] .,Bonn,synth_City/TREx/P937.jsonl
939,Joachim Murat used to work in [MASK] .,Paris,synth_City/TREx/P937.jsonl
946,Eleftherios Venizelos used to work in [MASK] .,Athens,synth_City/TREx/P937.jsonl
953,Gerard Mortier used to work in [MASK] .,Paris,synth_City/TREx/P937.jsonl
954,Wolfgang Schuster used to work in [MASK] .,Stuttgart,synth_City/TREx/P937.jsonl
957,"Liutbert, Archbishop of Mainz used to work in [MASK] .",Mainz,synth_City/TREx/P937.jsonl
970,Johan Christian Heuch used to work in [MASK] .,Oslo,synth_City/TREx/P937.jsonl
971,Gaston d'Audiffret-Pasquier used to work in [MASK] .,Paris,synth_City/TREx/P937.jsonl
974,Iain Macleod used to work in [MASK] .,London,synth_City/TREx/P937.jsonl
975,Charles Clarke used to work in [MASK] .,London,synth_City/TREx/P937.jsonl
978,Robert Bellarmine used to work in [MASK] .,Rome,synth_City/TREx/P937.jsonl
986,Mona Mur used to work in [MASK] .,Berlin,synth_City/TREx/P937.jsonl
988,Archduke Franz Ferdinand used to work in [MASK] .,Vienna,synth_City/TREx/P937.jsonl
990,Abraham Berliner used to work in [MASK] .,Berlin,synth_City/TREx/P937.jsonl
992,Carl Gustav Carus used to work in [MASK] .,Dresden,synth_City/TREx/P937.jsonl
994,Hans Litten used to work in [MASK] .,Berlin,synth_City/TREx/P937.jsonl
995,Wols used to work in [MASK] .,Paris,synth_City/TREx/P937.jsonl
998,Otto Harrassowitz used to work in [MASK] .,Leipzig,synth_City/TREx/P937.jsonl
1033,Paulus Manutius used to work in [MASK] .,Venice,synth_City/TREx/P937.jsonl
1034,Hans Erich Apostel used to work in [MASK] .,Vienna,synth_City/TREx/P937.jsonl
1036,"Robert Grosvenor, 1st Baron Ebury used to work in [MASK] .",London,synth_City/TREx/P937.jsonl
1037,Rory Stewart used to work in [MASK] .,Kabul,synth_City/TREx/P937.jsonl
1043,Roland Freisler used to work in [MASK] .,Berlin,synth_City/TREx/P937.jsonl
1051,Robby Maria used to work in [MASK] .,Berlin,synth_City/TREx/P937.jsonl
1057,Robert Charles Winthrop used to work in [MASK] .,Boston,synth_City/TREx/P937.jsonl
1058,Jean-Jacques Grunenwald used to work in [MASK] .,Paris,synth_City/TREx/P937.jsonl
1059,Hinrich Lichtenstein used to work in [MASK] .,Berlin,synth_City/TREx/P937.jsonl
1063,Elisabeth Kopp used to work in [MASK] .,Bern,synth_City/TREx/P937.jsonl
1066,Christian Bohr used to work in [MASK] .,Copenhagen,synth_City/TREx/P937.jsonl
1068,Boris Nemtsov used to work in [MASK] .,Moscow,synth_City/TREx/P937.jsonl
1069,Sebastiano Timpanaro used to work in [MASK] .,Florence,synth_City/TREx/P937.jsonl
1071,Adolph Kolping used to work in [MASK] .,Cologne,synth_City/TREx/P937.jsonl
1073,Carl Flesch used to work in [MASK] .,Berlin,synth_City/TREx/P937.jsonl
1075,Ferdinand Brokoff used to work in [MASK] .,Prague,synth_City/TREx/P937.jsonl
1077,Alessandro Achillini used to work in [MASK] .,Bologna,synth_City/TREx/P937.jsonl
1078,Christoph Bernhard used to work in [MASK] .,Dresden,synth_City/TREx/P937.jsonl
1080,Eduard Devrient used to work in [MASK] .,Dresden,synth_City/TREx/P937.jsonl
1084,Baldur von Schirach used to work in [MASK] .,Berlin,synth_City/TREx/P937.jsonl
1085,Joseph Daul used to work in [MASK] .,Strasbourg,synth_City/TREx/P937.jsonl
1087,Georges Aperghis used to work in [MASK] .,Paris,synth_City/TREx/P937.jsonl
1088,Hieronymus Andreae used to work in [MASK] .,Nuremberg,synth_City/TREx/P937.jsonl
1091,"Archie Hamilton, Baron Hamilton of Epsom used to work in [MASK] .",London,synth_City/TREx/P937.jsonl
1094,Francesco Morosini used to work in [MASK] .,Venice,synth_City/TREx/P937.jsonl
1096,Isaac Casaubon used to work in [MASK] .,Geneva,synth_City/TREx/P937.jsonl
1097,Carl Mayer used to work in [MASK] .,Berlin,synth_City/TREx/P937.jsonl
1100,Jacques Auguste de Thou used to work in [MASK] .,Paris,synth_City/TREx/P937.jsonl
1107,James Joyce used to work in [MASK] .,Paris,synth_City/TREx/P937.jsonl
1111,Giovanni Dolfin used to work in [MASK] .,Venice,synth_City/TREx/P937.jsonl
1112,Theo Mackeben used to work in [MASK] .,Berlin,synth_City/TREx/P937.jsonl
1114,William Kentridge used to work in [MASK] .,Johannesburg,synth_City/TREx/P937.jsonl
1116,Mustafa Khalil used to work in [MASK] .,Cairo,synth_City/TREx/P937.jsonl
1118,Philipp Scheidemann used to work in [MASK] .,Berlin,synth_City/TREx/P937.jsonl
1119,Jean Alaux used to work in [MASK] .,Rome,synth_City/TREx/P937.jsonl
1121,Michael Gerard Bauer used to work in [MASK] .,Brisbane,synth_City/TREx/P937.jsonl
1123,Willie Whitelaw used to work in [MASK] .,London,synth_City/TREx/P937.jsonl
1124,Waldemar Kraft used to work in [MASK] .,Bonn,synth_City/TREx/P937.jsonl
1126,Nicolas Bergasse used to work in [MASK] .,Paris,synth_City/TREx/P937.jsonl
1128,Pieter Codde used to work in [MASK] .,Amsterdam,synth_City/TREx/P937.jsonl
1129,Antonio Francesco Gori used to work in [MASK] .,Florence,synth_City/TREx/P937.jsonl
1134,Harry Harkimo used to work in [MASK] .,Helsinki,synth_City/TREx/P937.jsonl
1135,Ferdinand Boberg used to work in [MASK] .,Stockholm,synth_City/TREx/P937.jsonl
1136,Emmanuel Servais used to work in [MASK] .,Luxembourg,synth_City/TREx/P937.jsonl
1139,Jonathan Kozol used to work in [MASK] .,Boston,synth_City/TREx/P937.jsonl
1140,Islamic State of Iraq used to work in [MASK] .,Iraq,synth_City/TREx/P937.jsonl
1156,Gyles Brandreth used to work in [MASK] .,London,synth_City/TREx/P937.jsonl
1157,"Henry Brougham, 1st Baron Brougham and Vaux used to work in [MASK] .",London,synth_City/TREx/P937.jsonl
1158,Dimitrios Gounaris used to work in [MASK] .,Athens,synth_City/TREx/P937.jsonl
1161,Jean-Baptiste Teste used to work in [MASK] .,Paris,synth_City/TREx/P937.jsonl
1163,Kool Savas used to work in [MASK] .,Berlin,synth_City/TREx/P937.jsonl
1164,Friedrich Goldmann used to work in [MASK] .,Berlin,synth_City/TREx/P937.jsonl
1166,Bruno Kreisky used to work in [MASK] .,Vienna,synth_City/TREx/P937.jsonl
1167,Bastian Pastewka used to work in [MASK] .,Cologne,synth_City/TREx/P937.jsonl
1168,Hedda Hopper used to work in [MASK] .,Hollywood,synth_City/TREx/P937.jsonl
1182,Hildebold used to work in [MASK] .,Cologne,synth_City/TREx/P937.jsonl
1186,Jennifer Granholm used to work in [MASK] .,Michigan,synth_City/TREx/P937.jsonl
1203,Joseph Locke used to work in [MASK] .,London,synth_City/TREx/P937.jsonl
1205,Frans Floris I used to work in [MASK] .,Antwerp,synth_City/TREx/P937.jsonl
1208,Urwah ibn Zubayr used to work in [MASK] .,Medina,synth_City/TREx/P937.jsonl
1210,Javier Solana used to work in [MASK] .,Madrid,synth_City/TREx/P937.jsonl
1211,Michael Foot used to work in [MASK] .,London,synth_City/TREx/P937.jsonl
1212,Antonio Bertoloni used to work in [MASK] .,Bologna,synth_City/TREx/P937.jsonl
1215,Gustav Lindau used to work in [MASK] .,Berlin,synth_City/TREx/P937.jsonl
1217,Giovanni Battista Grassi used to work in [MASK] .,Rome,synth_City/TREx/P937.jsonl
1219,Josef Bohuslav Foerster used to work in [MASK] .,Prague,synth_City/TREx/P937.jsonl
1220,Francesco Rutelli used to work in [MASK] .,Rome,synth_City/TREx/P937.jsonl
1226,"Walter Rothschild, 2nd Baron Rothschild used to work in [MASK] .",London,synth_City/TREx/P937.jsonl
1227,Ludwig Gies used to work in [MASK] .,Berlin,synth_City/TREx/P937.jsonl
1228,Albertus Magnus used to work in [MASK] .,Cologne,synth_City/TREx/P937.jsonl
1229,Samuel Naumbourg used to work in [MASK] .,Paris,synth_City/TREx/P937.jsonl
1231,Gerakan Pramuka Indonesia used to work in [MASK] .,Indonesia,synth_City/TREx/P937.jsonl
1233,Tullio De Mauro used to work in [MASK] .,Rome,synth_City/TREx/P937.jsonl
1235,Conrad von Soest used to work in [MASK] .,Dortmund,synth_City/TREx/P937.jsonl
1237,Johann Hinrich Wichern used to work in [MASK] .,Hamburg,synth_City/TREx/P937.jsonl
1241,Otto Suhr used to work in [MASK] .,Berlin,synth_City/TREx/P937.jsonl
1244,Fredrika Bremer used to work in [MASK] .,Stockholm,synth_City/TREx/P937.jsonl
1245,Karl Krumbacher used to work in [MASK] .,Munich,synth_City/TREx/P937.jsonl
1246,Otto von Bismarck used to work in [MASK] .,Berlin,synth_City/TREx/P937.jsonl
1283,Alexander von Nordmann used to work in [MASK] .,Helsinki,synth_City/TREx/P937.jsonl
1285,Francesco Guardi used to work in [MASK] .,Venetian,synth_City/TREx/P937.jsonl
1288,Dominique Joseph Garat used to work in [MASK] .,Paris,synth_City/TREx/P937.jsonl
1290,Trilussa used to work in [MASK] .,Rome,synth_City/TREx/P937.jsonl
1329,"Nancy Astor, Viscountess Astor used to work in [MASK] .",London,synth_City/TREx/P937.jsonl
1330,Nitzan Horowitz used to work in [MASK] .,Jerusalem,synth_City/TREx/P937.jsonl
1331,Andrew Lloyd Webber used to work in [MASK] .,London,synth_City/TREx/P937.jsonl
1332,Imke Duplitzer used to work in [MASK] .,Bonn,synth_City/TREx/P937.jsonl
1333,Joseph Fourier used to work in [MASK] .,Paris,synth_City/TREx/P937.jsonl
1334,Ashbel P. Willard used to work in [MASK] .,Indianapolis,synth_City/TREx/P937.jsonl
1335,Fritz Simrock used to work in [MASK] .,Berlin,synth_City/TREx/P937.jsonl
1340,Charles James Fox used to work in [MASK] .,London,synth_City/TREx/P937.jsonl
1342,Arvid Lindman used to work in [MASK] .,Stockholm,synth_City/TREx/P937.jsonl
1343,Christoph Willibald von Gluck used to work in [MASK] .,Vienna,synth_City/TREx/P937.jsonl
1364,Johann von Berenberg-Gossler used to work in [MASK] .,Hamburg,synth_City/TREx/P937.jsonl
1373,Karl von Habsburg used to work in [MASK] .,Salzburg,synth_City/TREx/P937.jsonl
1374,Marek Edelman used to work in [MASK] .,Warsaw,synth_City/TREx/P937.jsonl
1379,Carl Philipp Emanuel Bach used to work in [MASK] .,Hamburg,synth_City/TREx/P937.jsonl
1380,Joseph Bergler the Younger used to work in [MASK] .,Prague,synth_City/TREx/P937.jsonl
1383,Cedric Drewe used to work in [MASK] .,London,synth_City/TREx/P937.jsonl
1384,Ernest Lapointe used to work in [MASK] .,Ottawa,synth_City/TREx/P937.jsonl
1385,Anton Heiller used to work in [MASK] .,Vienna,synth_City/TREx/P937.jsonl
1390,Jacques Pierre Brissot used to work in [MASK] .,Paris,synth_City/TREx/P937.jsonl
1392,Johann Friedrich Reichardt used to work in [MASK] .,Berlin,synth_City/TREx/P937.jsonl
1393,Ernst Reuter used to work in [MASK] .,Berlin,synth_City/TREx/P937.jsonl
1397,Edward Blake used to work in [MASK] .,London,synth_City/TREx/P937.jsonl
1398,Joseph Helffrich used to work in [MASK] .,Heidelberg,synth_City/TREx/P937.jsonl
1399,Helmut Schmidt used to work in [MASK] .,Berlin,synth_City/TREx/P937.jsonl
1400,Litsa Spathi used to work in [MASK] .,Heidelberg,synth_City/TREx/P937.jsonl
1404,Luke Hansard used to work in [MASK] .,Norwich,synth_City/TREx/P937.jsonl
1406,Gustave Paul Cluseret used to work in [MASK] .,Paris,synth_City/TREx/P937.jsonl
1407,Christian Doppler used to work in [MASK] .,Prague,synth_City/TREx/P937.jsonl
1408,Bedford Master used to work in [MASK] .,Paris,synth_City/TREx/P937.jsonl
1410,Claudio Abbado used to work in [MASK] .,Berlin,synth_City/TREx/P937.jsonl
1413,Armand Marrast used to work in [MASK] .,Paris,synth_City/TREx/P937.jsonl
1414,Joan Lingard used to work in [MASK] .,Edinburgh,synth_City/TREx/P937.jsonl
1416,Jerzy Borejsza used to work in [MASK] .,Warsaw,synth_City/TREx/P937.jsonl
1420,Jacob Hamblin used to work in [MASK] .,Utah,synth_City/TREx/P937.jsonl
1421,Zhores Alfyorov used to work in [MASK] .,Moscow,synth_City/TREx/P937.jsonl
1422,Romano Prodi used to work in [MASK] .,Rome,synth_City/TREx/P937.jsonl
1423,Hussein Chalayan used to work in [MASK] .,London,synth_City/TREx/P937.jsonl
1424,"George Cubitt, 1st Baron Ashcombe used to work in [MASK] .",London,synth_City/TREx/P937.jsonl
1426,Francisco Largo Caballero used to work in [MASK] .,Madrid,synth_City/TREx/P937.jsonl
1428,Gerald Mayr used to work in [MASK] .,Frankfurt,synth_City/TREx/P937.jsonl
1430,Merlin James used to work in [MASK] .,Glasgow,synth_City/TREx/P937.jsonl
1432,Willy Brandt used to work in [MASK] .,Bonn,synth_City/TREx/P937.jsonl
1434,Geert Lovink used to work in [MASK] .,Amsterdam,synth_City/TREx/P937.jsonl
1436,Carl Lindhagen used to work in [MASK] .,Stockholm,synth_City/TREx/P937.jsonl
1440,Simon Hughes used to work in [MASK] .,London,synth_City/TREx/P937.jsonl
1441,Napoleon III used to work in [MASK] .,Paris,synth_City/TREx/P937.jsonl
1481,Ignazio Danti used to work in [MASK] .,Rome,synth_City/TREx/P937.jsonl
1482,Ludolf von Krehl used to work in [MASK] .,Heidelberg,synth_City/TREx/P937.jsonl
1483,"John Russell, 1st Earl Russell used to work in [MASK] .",London,synth_City/TREx/P937.jsonl
1487,Adam Bartsch used to work in [MASK] .,Vienna,synth_City/TREx/P937.jsonl
1495,Mohammad Hussein Fadlallah used to work in [MASK] .,Beirut,synth_City/TREx/P937.jsonl
1497,Walter Audisio used to work in [MASK] .,Rome,synth_City/TREx/P937.jsonl
1499,Edward Flatau used to work in [MASK] .,Warsaw,synth_City/TREx/P937.jsonl
1501,Javier de Burgos used to work in [MASK] .,Madrid,synth_City/TREx/P937.jsonl
1504,"David Sainsbury, Baron Sainsbury of Turville used to work in [MASK] .",London,synth_City/TREx/P937.jsonl
1505,"Henry Somerset, 7th Duke of Beaufort used to work in [MASK] .",London,synth_City/TREx/P937.jsonl
1509,Nils Hjalmar Odhner used to work in [MASK] .,Stockholm,synth_City/TREx/P937.jsonl
1510,Viktor Chernomyrdin used to work in [MASK] .,Moscow,synth_City/TREx/P937.jsonl
1511,Laura Bassi used to work in [MASK] .,Bologna,synth_City/TREx/P937.jsonl
1512,Johannes Schilling used to work in [MASK] .,Dresden,synth_City/TREx/P937.jsonl
1514,Kurt Tucholsky used to work in [MASK] .,Berlin,synth_City/TREx/P937.jsonl
1515,Adam Jerzy Czartoryski used to work in [MASK] .,Paris,synth_City/TREx/P937.jsonl
1516,Ilja Richter used to work in [MASK] .,Berlin,synth_City/TREx/P937.jsonl
1518,Ulrich Wilcken used to work in [MASK] .,Berlin,synth_City/TREx/P937.jsonl
1520,Ludger Lohmann used to work in [MASK] .,Stuttgart,synth_City/TREx/P937.jsonl
1521,Nicola Perscheid used to work in [MASK] .,Leipzig,synth_City/TREx/P937.jsonl
1522,Otto Hesse used to work in [MASK] .,Heidelberg,synth_City/TREx/P937.jsonl
1523,Ossip Bernstein used to work in [MASK] .,Paris,synth_City/TREx/P937.jsonl
1526,Henrik Lax used to work in [MASK] .,Helsinki,synth_City/TREx/P937.jsonl
1528,Paul Lensch used to work in [MASK] .,Berlin,synth_City/TREx/P937.jsonl
1530,Ana Mato Adrover used to work in [MASK] .,Madrid,synth_City/TREx/P937.jsonl
1532,Leonardo da Vinci used to work in [MASK] .,Rome,synth_City/TREx/P937.jsonl
1553,Richard Sharp used to work in [MASK] .,London,synth_City/TREx/P937.jsonl
1555,"Henry Labouchere, 1st Baron Taunton used to work in [MASK] .",London,synth_City/TREx/P937.jsonl
1557,Harvie Andre used to work in [MASK] .,Ottawa,synth_City/TREx/P937.jsonl
1558,Theobald Boehm used to work in [MASK] .,Munich,synth_City/TREx/P937.jsonl
1559,Jacques Laffitte used to work in [MASK] .,Paris,synth_City/TREx/P937.jsonl
1567,Herbert von Karajan used to work in [MASK] .,Berlin,synth_City/TREx/P937.jsonl
1574,Gérard Desargues used to work in [MASK] .,Paris,synth_City/TREx/P937.jsonl
1576,Eduardo Zaplana used to work in [MASK] .,Madrid,synth_City/TREx/P937.jsonl
1578,Josef Klaus used to work in [MASK] .,Wien,synth_City/TREx/P937.jsonl
1579,Kilián Ignaz Dientzenhofer used to work in [MASK] .,Prague,synth_City/TREx/P937.jsonl
1583,Johann Froben used to work in [MASK] .,Basel,synth_City/TREx/P937.jsonl
1592,Adams George Archibald used to work in [MASK] .,Ottawa,synth_City/TREx/P937.jsonl
1593,Selig Brodetsky used to work in [MASK] .,Jerusalem,synth_City/TREx/P937.jsonl
1595,"Kenneth Baker, Baron Baker of Dorking used to work in [MASK] .",London,synth_City/TREx/P937.jsonl
1596,Friedrich Engels used to work in [MASK] .,Manchester,synth_City/TREx/P937.jsonl
1605,William Henry Gladstone used to work in [MASK] .,London,synth_City/TREx/P937.jsonl
1606,Pietro Ziani used to work in [MASK] .,Venice,synth_City/TREx/P937.jsonl
1607,Alexander Mosolov used to work in [MASK] .,Moscow,synth_City/TREx/P937.jsonl
1608,Franco Zeffirelli used to work in [MASK] .,Rome,synth_City/TREx/P937.jsonl
1610,Moritz von Schwind used to work in [MASK] .,Vienna,synth_City/TREx/P937.jsonl
1612,Friedrich Nietzsche used to work in [MASK] .,Leipzig,synth_City/TREx/P937.jsonl
1618,Martin Bucer used to work in [MASK] .,Strasbourg,synth_City/TREx/P937.jsonl
1625,Gro Harlem Brundtland used to work in [MASK] .,Oslo,synth_City/TREx/P937.jsonl
1628,Johann Gottlieb Fichte used to work in [MASK] .,Berlin,synth_City/TREx/P937.jsonl
1633,Anton Cajetan Adlgasser used to work in [MASK] .,Salzburg,synth_City/TREx/P937.jsonl
1634,Jean Marc Gaspard Itard used to work in [MASK] .,Paris,synth_City/TREx/P937.jsonl
1636,Gloria Coates used to work in [MASK] .,Munich,synth_City/TREx/P937.jsonl
1638,Dominique Strauss-Kahn used to work in [MASK] .,Paris,synth_City/TREx/P937.jsonl
1639,Joachim Barrande used to work in [MASK] .,Prague,synth_City/TREx/P937.jsonl
1644,Karl Liebknecht used to work in [MASK] .,Berlin,synth_City/TREx/P937.jsonl
1651,Alfred Philippson used to work in [MASK] .,Bonn,synth_City/TREx/P937.jsonl
1653,Paul Hindemith used to work in [MASK] .,Berlin,synth_City/TREx/P937.jsonl
1655,"Sir Sydney Waterlow, 1st Baronet used to work in [MASK] .",London,synth_City/TREx/P937.jsonl
1657,"Cecil Harmsworth, 1st Baron Harmsworth used to work in [MASK] .",London,synth_City/TREx/P937.jsonl
1658,Greta Garbo used to work in [MASK] .,Hollywood,synth_City/TREx/P937.jsonl
1670,William Lyon Mackenzie King used to work in [MASK] .,Ottawa,synth_City/TREx/P937.jsonl
1674,Grand Duchess Xenia Alexandrovna of Russia used to work in [MASK] .,Denmark,synth_City/TREx/P937.jsonl
1681,Max Brauer used to work in [MASK] .,Hamburg,synth_City/TREx/P937.jsonl
1682,Renato Schifani used to work in [MASK] .,Rome,synth_City/TREx/P937.jsonl
1684,Beat Furrer used to work in [MASK] .,Wien,synth_City/TREx/P937.jsonl
1685,John Major used to work in [MASK] .,London,synth_City/TREx/P937.jsonl
1689,Henri Marteau used to work in [MASK] .,Berlin,synth_City/TREx/P937.jsonl
1690,Friedrich Kalkbrenner used to work in [MASK] .,Paris,synth_City/TREx/P937.jsonl
1698,Margaret Atwood used to work in [MASK] .,Toronto,synth_City/TREx/P937.jsonl
1700,Ulrike Haage used to work in [MASK] .,Berlin,synth_City/TREx/P937.jsonl
1702,Nicolas Chopin used to work in [MASK] .,Warsaw,synth_City/TREx/P937.jsonl
1703,Hjalmar Frisk used to work in [MASK] .,Gothenburg,synth_City/TREx/P937.jsonl
1707,Edward Bulwer-Lytton used to work in [MASK] .,London,synth_City/TREx/P937.jsonl
1709,Dalia Rabin-Pelossof used to work in [MASK] .,Jerusalem,synth_City/TREx/P937.jsonl
1710,Thomas Crerar used to work in [MASK] .,Ottawa,synth_City/TREx/P937.jsonl
1711,Bernhard von Gudden used to work in [MASK] .,Munich,synth_City/TREx/P937.jsonl
1712,Tony Benn used to work in [MASK] .,London,synth_City/TREx/P937.jsonl
1714,Georg Hajdu used to work in [MASK] .,Hamburg,synth_City/TREx/P937.jsonl
1715,Jacob Bernoulli used to work in [MASK] .,Geneva,synth_City/TREx/P937.jsonl
1717,Jean-Marie Le Pen used to work in [MASK] .,Strasbourg,synth_City/TREx/P937.jsonl
1718,Theophil Hansen used to work in [MASK] .,Vienna,synth_City/TREx/P937.jsonl
1720,"Abraham Hume, 2nd Baronet used to work in [MASK] .",London,synth_City/TREx/P937.jsonl
1722,James Milnes Gaskell used to work in [MASK] .,London,synth_City/TREx/P937.jsonl
1723,Francis Wurtz used to work in [MASK] .,Strasbourg,synth_City/TREx/P937.jsonl
1725,David Ben-Gurion used to work in [MASK] .,Jerusalem,synth_City/TREx/P937.jsonl
1732,Neil Finn used to work in [MASK] .,Auckland,synth_City/TREx/P937.jsonl
1738,Sebastian Ingrosso used to work in [MASK] .,Stockholm,synth_City/TREx/P937.jsonl
1739,Ferdinand Bruckner used to work in [MASK] .,Berlin,synth_City/TREx/P937.jsonl
1741,Per Ditlev-Simonsen used to work in [MASK] .,Oslo,synth_City/TREx/P937.jsonl
1743,Yigael Yadin used to work in [MASK] .,Jerusalem,synth_City/TREx/P937.jsonl
1744,Chris Philp used to work in [MASK] .,London,synth_City/TREx/P937.jsonl
1746,Bavaria used to work in [MASK] .,Berlin,synth_City/TREx/P937.jsonl
1780,Urbain Le Verrier used to work in [MASK] .,Paris,synth_City/TREx/P937.jsonl
1781,Rudolf Steiner used to work in [MASK] .,Berlin,synth_City/TREx/P937.jsonl
1785,Ludwik Dorn used to work in [MASK] .,Warsaw,synth_City/TREx/P937.jsonl
1787,Claire Waldoff used to work in [MASK] .,Berlin,synth_City/TREx/P937.jsonl
1788,Carl Friedrich Goerdeler used to work in [MASK] .,Leipzig,synth_City/TREx/P937.jsonl
1789,Jean-Charles de Borda used to work in [MASK] .,Paris,synth_City/TREx/P937.jsonl
1790,Johann Andreas Schmeller used to work in [MASK] .,Munich,synth_City/TREx/P937.jsonl
1792,Yuri Shchekochikhin used to work in [MASK] .,Moscow,synth_City/TREx/P937.jsonl
1793,Peter Frederik Suhm used to work in [MASK] .,Copenhagen,synth_City/TREx/P937.jsonl
1795,Paul Gauguin used to work in [MASK] .,Paris,synth_City/TREx/P937.jsonl
1806,Ferdinand Hiller used to work in [MASK] .,Cologne,synth_City/TREx/P937.jsonl
1807,Edward Watkin used to work in [MASK] .,London,synth_City/TREx/P937.jsonl
1809,Otmar Suitner used to work in [MASK] .,Berlin,synth_City/TREx/P937.jsonl
1811,Lise Meitner used to work in [MASK] .,Stockholm,synth_City/TREx/P937.jsonl
1812,"Henry Manners, 8th Duke of Rutland used to work in [MASK] .",London,synth_City/TREx/P937.jsonl
1813,Marsilio Ficino used to work in [MASK] .,Florence,synth_City/TREx/P937.jsonl
1822,William Lee Knous used to work in [MASK] .,Denver,synth_City/TREx/P937.jsonl
1823,George Newnes used to work in [MASK] .,London,synth_City/TREx/P937.jsonl
1831,Salomon Mayer von Rothschild used to work in [MASK] .,Vienna,synth_City/TREx/P937.jsonl
1836,Lionel Jospin used to work in [MASK] .,Strasbourg,synth_City/TREx/P937.jsonl
1838,"Frederick Lindemann, 1st Viscount Cherwell used to work in [MASK] .",London,synth_City/TREx/P937.jsonl
1839,Eduardo De Filippo used to work in [MASK] .,Rome,synth_City/TREx/P937.jsonl
1841,"Gordon Slynn, Baron Slynn of Hadley used to work in [MASK] .",London,synth_City/TREx/P937.jsonl
1842,Maurice Galbraith Cullen used to work in [MASK] .,Montreal,synth_City/TREx/P937.jsonl
1850,Frank Pembleton used to work in [MASK] .,Baltimore,synth_City/TREx/P937.jsonl
1853,Olafur Eliasson used to work in [MASK] .,Berlin,synth_City/TREx/P937.jsonl
1855,Ehud Olmert used to work in [MASK] .,Jerusalem,synth_City/TREx/P937.jsonl
1859,James Callaghan used to work in [MASK] .,London,synth_City/TREx/P937.jsonl
1860,Fabrizio Cicchitto used to work in [MASK] .,Rome,synth_City/TREx/P937.jsonl
1862,Ali Sadikin used to work in [MASK] .,Jakarta,synth_City/TREx/P937.jsonl
1864,Francisco Silvela used to work in [MASK] .,Madrid,synth_City/TREx/P937.jsonl
1869,Anna Maria Luisa de' Medici used to work in [MASK] .,Florence,synth_City/TREx/P937.jsonl
1871,Louis Nicolas Vauquelin used to work in [MASK] .,Paris,synth_City/TREx/P937.jsonl
1872,Neo Rauch used to work in [MASK] .,Leipzig,synth_City/TREx/P937.jsonl
1876,Jean-Paul Marat used to work in [MASK] .,Paris,synth_City/TREx/P937.jsonl
1880,Karl Gruber used to work in [MASK] .,Vienna,synth_City/TREx/P937.jsonl
1882,George Elliott Clarke used to work in [MASK] .,Toronto,synth_City/TREx/P937.jsonl
1883,Daniel Bomberg used to work in [MASK] .,Venice,synth_City/TREx/P937.jsonl
1886,Peter Thomas Bauer used to work in [MASK] .,London,synth_City/TREx/P937.jsonl
1892,Pino Rauti used to work in [MASK] .,Rome,synth_City/TREx/P937.jsonl
1893,Heinz-Christian Strache used to work in [MASK] .,Vienna,synth_City/TREx/P937.jsonl
1895,Carlo Azeglio Ciampi used to work in [MASK] .,Rome,synth_City/TREx/P937.jsonl
1897,Ruth Rendell used to work in [MASK] .,London,synth_City/TREx/P937.jsonl
1898,Pierre-Jean Mariette used to work in [MASK] .,Paris,synth_City/TREx/P937.jsonl
1902,Benjamin Britten used to work in [MASK] .,London,synth_City/TREx/P937.jsonl
1907,Albert Camus used to work in [MASK] .,Paris,synth_City/TREx/P937.jsonl
1910,Nicholas Fairbairn used to work in [MASK] .,London,synth_City/TREx/P937.jsonl
1911,Imre Nagy used to work in [MASK] .,Budapest,synth_City/TREx/P937.jsonl
1914,Rehavam Ze'evi used to work in [MASK] .,Jerusalem,synth_City/TREx/P937.jsonl
1915,Alfred Flechtheim used to work in [MASK] .,Berlin,synth_City/TREx/P937.jsonl
1920,Sylvain Cambreling used to work in [MASK] .,Stuttgart,synth_City/TREx/P937.jsonl
1921,"Christopher Tugendhat, Baron Tugendhat used to work in [MASK] .",London,synth_City/TREx/P937.jsonl
1922,Adele Faccio used to work in [MASK] .,Rome,synth_City/TREx/P937.jsonl
1924,Peter I. Blute used to work in [MASK] .,Boston,synth_City/TREx/P937.jsonl
1925,Nicolas Jenson used to work in [MASK] .,Venice,synth_City/TREx/P937.jsonl
1931,Jules Ferry used to work in [MASK] .,Paris,synth_City/TREx/P937.jsonl
1933,Giuseppe Longhi used to work in [MASK] .,Milan,synth_City/TREx/P937.jsonl
1939,Jens Rohde used to work in [MASK] .,Copenhagen,synth_City/TREx/P937.jsonl
1941,Otto Blehr used to work in [MASK] .,Oslo,synth_City/TREx/P937.jsonl
1943,Nitish Kumar used to work in [MASK] .,Bihar,synth_City/TREx/P937.jsonl
1969,Daniel Auster used to work in [MASK] .,Jerusalem,synth_City/TREx/P937.jsonl
1973,Peter Andreas Heiberg used to work in [MASK] .,Copenhagen,synth_City/TREx/P937.jsonl
1974,Hedwig Dohm used to work in [MASK] .,Berlin,synth_City/TREx/P937.jsonl
1976,Georg Apenes used to work in [MASK] .,Oslo,synth_City/TREx/P937.jsonl
1977,"Elizabeth Butler-Sloss, Baroness Butler-Sloss used to work in [MASK] .",London,synth_City/TREx/P937.jsonl
1982,August Wilhelm Iffland used to work in [MASK] .,Berlin,synth_City/TREx/P937.jsonl
1984,Abraham Blooteling used to work in [MASK] .,Amsterdam,synth_City/TREx/P937.jsonl
1985,Friedrich Peter used to work in [MASK] .,Vienna,synth_City/TREx/P937.jsonl
1987,Vytautas Juozapaitis used to work in [MASK] .,Vilnius,synth_City/TREx/P937.jsonl
1992,Amel Bent used to work in [MASK] .,Paris,synth_City/TREx/P937.jsonl
1994,Johann Sebastian Bach used to work in [MASK] .,Leipzig,synth_City/TREx/P937.jsonl
2130,Thomas Gibson Bowles used to work in [MASK] .,London,synth_City/TREx/P937.jsonl
2131,Ludwig Tieck used to work in [MASK] .,Dresden,synth_City/TREx/P937.jsonl
2142,Xavier Trias used to work in [MASK] .,Barcelona,synth_City/TREx/P937.jsonl
2146,Giambattista Bodoni used to work in [MASK] .,Parma,synth_City/TREx/P937.jsonl
2150,Heide Simonis used to work in [MASK] .,Bonn,synth_City/TREx/P937.jsonl
2152,Lewis Hayden used to work in [MASK] .,Boston,synth_City/TREx/P937.jsonl
2155,Veturia used to work in [MASK] .,Rome,synth_City/TREx/P937.jsonl
2157,Vladimir Zhirinovsky used to work in [MASK] .,Moscow,synth_City/TREx/P937.jsonl
2159,Adam Elsheimer used to work in [MASK] .,Rome,synth_City/TREx/P937.jsonl
2164,Tage Erlander used to work in [MASK] .,Stockholm,synth_City/TREx/P937.jsonl
2165,Cosimo de' Medici used to work in [MASK] .,Florence,synth_City/TREx/P937.jsonl
2178,Angelika Beer used to work in [MASK] .,Kiel,synth_City/TREx/P937.jsonl
2180,Brian Paddick used to work in [MASK] .,London,synth_City/TREx/P937.jsonl
2181,Svenn Stray used to work in [MASK] .,Oslo,synth_City/TREx/P937.jsonl
2183,Lajos Kossuth used to work in [MASK] .,Budapest,synth_City/TREx/P937.jsonl
2188,"Sir James Whitehead, 1st Baronet used to work in [MASK] .",London,synth_City/TREx/P937.jsonl
2189,Philipp Jakob Spener used to work in [MASK] .,Berlin,synth_City/TREx/P937.jsonl
2193,Noam Chomsky used to work in [MASK] .,Pennsylvania,synth_City/TREx/P937.jsonl
2194,Charles Stewart Parnell used to work in [MASK] .,London,synth_City/TREx/P937.jsonl
2199,Fyodor Ivanovich Shalyapin used to work in [MASK] .,Moscow,synth_City/TREx/P937.jsonl
2200,Hubert Marischka used to work in [MASK] .,Vienna,synth_City/TREx/P937.jsonl
2202,Nigel Lawson used to work in [MASK] .,London,synth_City/TREx/P937.jsonl
2203,Stuart Pigott used to work in [MASK] .,Berlin,synth_City/TREx/P937.jsonl
2206,Ernst Ludwig von Gerlach used to work in [MASK] .,Berlin,synth_City/TREx/P937.jsonl
2207,Ernest Friedrich Gilg used to work in [MASK] .,Berlin,synth_City/TREx/P937.jsonl
2209,Antoni Brodowski used to work in [MASK] .,Warsaw,synth_City/TREx/P937.jsonl
2210,Erwin Blumenfeld used to work in [MASK] .,Paris,synth_City/TREx/P937.jsonl
2211,Simon Islip used to work in [MASK] .,Canterbury,synth_City/TREx/P937.jsonl
2212,Fred Wah used to work in [MASK] .,Vancouver,synth_City/TREx/P937.jsonl
2213,Vicki Baum used to work in [MASK] .,Berlin,synth_City/TREx/P937.jsonl
2222,John Baskerville used to work in [MASK] .,Birmingham,synth_City/TREx/P937.jsonl
2224,Maurice Quentin de La Tour used to work in [MASK] .,Paris,synth_City/TREx/P937.jsonl
2225,Pierre Poilievre used to work in [MASK] .,Ottawa,synth_City/TREx/P937.jsonl
2226,Robert Haythorne used to work in [MASK] .,Ottawa,synth_City/TREx/P937.jsonl
2227,Willy Millowitsch used to work in [MASK] .,Cologne,synth_City/TREx/P937.jsonl
2229,Ellen Wilkinson used to work in [MASK] .,London,synth_City/TREx/P937.jsonl
2233,Renzo Piano used to work in [MASK] .,Rome,synth_City/TREx/P937.jsonl
2234,John and Edith Kilbuck used to work in [MASK] .,Alaska,synth_City/TREx/P937.jsonl
2236,"Charles, Prince of Wales used to work in [MASK] .",London,synth_City/TREx/P937.jsonl
2240,Billy Corgan used to work in [MASK] .,Chicago,synth_City/TREx/P937.jsonl
2243,"John Morris, Baron Morris of Borth-y-Gest used to work in [MASK] .",London,synth_City/TREx/P937.jsonl
2244,Giovanni Giolitti used to work in [MASK] .,Rome,synth_City/TREx/P937.jsonl
2251,Frank Markham used to work in [MASK] .,London,synth_City/TREx/P937.jsonl
2252,James Michael Curley used to work in [MASK] .,Boston,synth_City/TREx/P937.jsonl
2259,Yitzhak Ben-Zvi used to work in [MASK] .,Jerusalem,synth_City/TREx/P937.jsonl
2266,Gaetano Rossi used to work in [MASK] .,Venice,synth_City/TREx/P937.jsonl
2267,Kristin Clemet used to work in [MASK] .,Oslo,synth_City/TREx/P937.jsonl
2268,Yuli Gusman used to work in [MASK] .,Moscow,synth_City/TREx/P937.jsonl
2269,Salentin IX of Isenburg-Grenzau used to work in [MASK] .,Cologne,synth_City/TREx/P937.jsonl
2271,Ture Nerman used to work in [MASK] .,Stockholm,synth_City/TREx/P937.jsonl
2273,Fritz Schramma used to work in [MASK] .,Cologne,synth_City/TREx/P937.jsonl
2275,"Andrew Blayney, 11th Baron Blayney used to work in [MASK] .",London,synth_City/TREx/P937.jsonl
2278,Peter Planyavsky used to work in [MASK] .,Vienna,synth_City/TREx/P937.jsonl
2279,Louis Hjelmslev used to work in [MASK] .,Copenhagen,synth_City/TREx/P937.jsonl
2288,Samuel von Fischer used to work in [MASK] .,Berlin,synth_City/TREx/P937.jsonl
2289,John Goodsir used to work in [MASK] .,Edinburgh,synth_City/TREx/P937.jsonl
2295,Louis Blanc used to work in [MASK] .,Paris,synth_City/TREx/P937.jsonl
2296,Jean Papineau-Couture used to work in [MASK] .,Montreal,synth_City/TREx/P937.jsonl
2298,Indulis Emsis used to work in [MASK] .,Riga,synth_City/TREx/P937.jsonl
2300,Levi Eshkol used to work in [MASK] .,Jerusalem,synth_City/TREx/P937.jsonl
2301,Bruno Schmitz used to work in [MASK] .,Leipzig,synth_City/TREx/P937.jsonl
2303,Jules Paul Benjamin Delessert used to work in [MASK] .,Paris,synth_City/TREx/P937.jsonl
2304,James LaBrie used to work in [MASK] .,Toronto,synth_City/TREx/P937.jsonl
2305,Samuel Schmid used to work in [MASK] .,Bern,synth_City/TREx/P937.jsonl
2306,Alban Berg used to work in [MASK] .,Vienna,synth_City/TREx/P937.jsonl
2310,"Harold Harmsworth, 1st Viscount Rothermere used to work in [MASK] .",London,synth_City/TREx/P937.jsonl
2312,Hans Hofmann used to work in [MASK] .,Paris,synth_City/TREx/P937.jsonl
2316,"Henry Bentinck, 11th Earl of Portland used to work in [MASK] .",London,synth_City/TREx/P937.jsonl
2317,Eberhard Diepgen used to work in [MASK] .,Berlin,synth_City/TREx/P937.jsonl
2319,Santiago Carrillo used to work in [MASK] .,Madrid,synth_City/TREx/P937.jsonl
2321,Guntars Krasts used to work in [MASK] .,Riga,synth_City/TREx/P937.jsonl
2323,Angelo Amato used to work in [MASK] .,Rome,synth_City/TREx/P937.jsonl
2324,Georges Darboy used to work in [MASK] .,Paris,synth_City/TREx/P937.jsonl
2328,Alois Hudal used to work in [MASK] .,Rome,synth_City/TREx/P937.jsonl
2332,Andreas Peter Bernstorff used to work in [MASK] .,Copenhagen,synth_City/TREx/P937.jsonl
2333,Jules Favre used to work in [MASK] .,Paris,synth_City/TREx/P937.jsonl
2334,Georg Joseph Beer used to work in [MASK] .,Vienna,synth_City/TREx/P937.jsonl
2335,"Walter Runciman, 1st Viscount Runciman of Doxford used to work in [MASK] .",London,synth_City/TREx/P937.jsonl
2336,Janet Ross used to work in [MASK] .,Florence,synth_City/TREx/P937.jsonl
2337,Carl August Walbrodt used to work in [MASK] .,Berlin,synth_City/TREx/P937.jsonl
2341,Alexander William Kinglake used to work in [MASK] .,London,synth_City/TREx/P937.jsonl
2343,Fridtjof Frank Gundersen used to work in [MASK] .,Oslo,synth_City/TREx/P937.jsonl
2344,Austen Henry Layard used to work in [MASK] .,London,synth_City/TREx/P937.jsonl
2346,Bruno Pittermann used to work in [MASK] .,Vienna,synth_City/TREx/P937.jsonl
2350,Ruth Berlau used to work in [MASK] .,Berlin,synth_City/TREx/P937.jsonl
2352,Ulrich Karger used to work in [MASK] .,Berlin,synth_City/TREx/P937.jsonl
2356,Georges Danton used to work in [MASK] .,Paris,synth_City/TREx/P937.jsonl
2359,Guillaume Henri Dufour used to work in [MASK] .,Geneva,synth_City/TREx/P937.jsonl
2362,Galeazzo I Visconti used to work in [MASK] .,Milan,synth_City/TREx/P937.jsonl
2364,Thomas Browne used to work in [MASK] .,Norwich,synth_City/TREx/P937.jsonl
2366,Theodor Fritsch used to work in [MASK] .,Berlin,synth_City/TREx/P937.jsonl
2367,Anthony Steen used to work in [MASK] .,London,synth_City/TREx/P937.jsonl
2368,Rabih Alameddine used to work in [MASK] .,Beirut,synth_City/TREx/P937.jsonl
2372,"Rufus Isaacs, 1st Marquess of Reading used to work in [MASK] .",London,synth_City/TREx/P937.jsonl
2373,Emma Bonino used to work in [MASK] .,Rome,synth_City/TREx/P937.jsonl
2376,Leser Landshuth used to work in [MASK] .,Berlin,synth_City/TREx/P937.jsonl
2380,Prince Franz de Paula of Liechtenstein used to work in [MASK] .,Prague,synth_City/TREx/P937.jsonl
2381,Leopold Auenbrugger used to work in [MASK] .,Vienna,synth_City/TREx/P937.jsonl
2382,Sebastian Coe used to work in [MASK] .,London,synth_City/TREx/P937.jsonl
2388,William Claflin used to work in [MASK] .,Boston,synth_City/TREx/P937.jsonl
2389,Henri de Toulouse-Lautrec used to work in [MASK] .,Paris,synth_City/TREx/P937.jsonl
2402,Olof Palme used to work in [MASK] .,Stockholm,synth_City/TREx/P937.jsonl
2408,Fritz Graebner used to work in [MASK] .,Berlin,synth_City/TREx/P937.jsonl
2412,Paul Citroen used to work in [MASK] .,Amsterdam,synth_City/TREx/P937.jsonl
2415,Marina Tsvetaeva used to work in [MASK] .,Paris,synth_City/TREx/P937.jsonl
2417,Selma Kurz used to work in [MASK] .,Vienna,synth_City/TREx/P937.jsonl
2419,Ingrid van Houten-Groeneveld used to work in [MASK] .,Leiden,synth_City/TREx/P937.jsonl
2425,"William Waldegrave, Baron Waldegrave of North Hill used to work in [MASK] .",London,synth_City/TREx/P937.jsonl
2426,John Quincy Adams II used to work in [MASK] .,Boston,synth_City/TREx/P937.jsonl
2427,Ana Botella used to work in [MASK] .,Madrid,synth_City/TREx/P937.jsonl
2429,Lucian Bernhard used to work in [MASK] .,Berlin,synth_City/TREx/P937.jsonl
2430,Joseph de la Vega used to work in [MASK] .,Amsterdam,synth_City/TREx/P937.jsonl
2436,Franz Petrak used to work in [MASK] .,Vienna,synth_City/TREx/P937.jsonl
2440,Ivan Vazov used to work in [MASK] .,Sofia,synth_City/TREx/P937.jsonl
2442,Donna Leon used to work in [MASK] .,Venice,synth_City/TREx/P937.jsonl
2447,Pietro III Candiano used to work in [MASK] .,Venice,synth_City/TREx/P937.jsonl
2451,Christian Egenolff used to work in [MASK] .,Frankfurt,synth_City/TREx/P937.jsonl
2453,Wilhelm Pieck used to work in [MASK] .,Berlin,synth_City/TREx/P937.jsonl
2454,Hans Freyer used to work in [MASK] .,Leipzig,synth_City/TREx/P937.jsonl
2456,Adolfo Farsari used to work in [MASK] .,Yokohama,synth_City/TREx/P937.jsonl
2458,Gleb Yakunin used to work in [MASK] .,Moscow,synth_City/TREx/P937.jsonl
2461,Erich Mendelsohn used to work in [MASK] .,Berlin,synth_City/TREx/P937.jsonl
2464,David Cameron used to work in [MASK] .,London,synth_City/TREx/P937.jsonl
2473,Gottfried Semper used to work in [MASK] .,Dresden,synth_City/TREx/P937.jsonl
2480,Jan Petersen used to work in [MASK] .,Oslo,synth_City/TREx/P937.jsonl
2482,Norman Lamont used to work in [MASK] .,London,synth_City/TREx/P937.jsonl
2483,Alva Myrdal used to work in [MASK] .,Stockholm,synth_City/TREx/P937.jsonl
2484,Astrid Thors used to work in [MASK] .,Helsinki,synth_City/TREx/P937.jsonl
2486,Nikolaus Simrock used to work in [MASK] .,Bonn,synth_City/TREx/P937.jsonl
2493,Oliver Friggieri used to work in [MASK] .,Malta,synth_City/TREx/P937.jsonl
2498,Andy Burnham used to work in [MASK] .,London,synth_City/TREx/P937.jsonl
2500,"Herbert Plumer, 1st Viscount Plumer used to work in [MASK] .",London,synth_City/TREx/P937.jsonl
2501,Cyril Smith used to work in [MASK] .,London,synth_City/TREx/P937.jsonl
2503,August Hirt used to work in [MASK] .,Strasbourg,synth_City/TREx/P937.jsonl
2505,Gabriel Riesser used to work in [MASK] .,Hamburg,synth_City/TREx/P937.jsonl
2506,Friedrich Harkort used to work in [MASK] .,Berlin,synth_City/TREx/P937.jsonl
2507,Paul Meurice used to work in [MASK] .,Paris,synth_City/TREx/P937.jsonl
2508,Philip Magnus used to work in [MASK] .,London,synth_City/TREx/P937.jsonl
2509,Diederik Wissels used to work in [MASK] .,Belgium,synth_City/TREx/P937.jsonl
2525,Wilhelm von Gloeden used to work in [MASK] .,Italy,synth_City/TREx/P937.jsonl
2527,Jeffrey Archer used to work in [MASK] .,London,synth_City/TREx/P937.jsonl
2528,Edvard Westermarck used to work in [MASK] .,Helsinki,synth_City/TREx/P937.jsonl
2529,Sergey Lukyanenko used to work in [MASK] .,Moscow,synth_City/TREx/P937.jsonl
2530,"Juan Prim, 1st Marquis of los Castillejos used to work in [MASK] .",Madrid,synth_City/TREx/P937.jsonl
2532,Robertson Davies used to work in [MASK] .,Toronto,synth_City/TREx/P937.jsonl
2534,"Arnold Goodman, Baron Goodman used to work in [MASK] .",London,synth_City/TREx/P937.jsonl
2535,Antoine-Louis Barye used to work in [MASK] .,Paris,synth_City/TREx/P937.jsonl
2538,Louise Schroeder used to work in [MASK] .,Berlin,synth_City/TREx/P937.jsonl
2539,Sebastian Henricpetri used to work in [MASK] .,Basel,synth_City/TREx/P937.jsonl
2548,David Salomons used to work in [MASK] .,London,synth_City/TREx/P937.jsonl
2550,Jean Tinguely used to work in [MASK] .,Paris,synth_City/TREx/P937.jsonl
2551,Dominik Duka used to work in [MASK] .,Prague,synth_City/TREx/P937.jsonl
2552,Bernard Haitink used to work in [MASK] .,Amsterdam,synth_City/TREx/P937.jsonl
2554,David Gaider used to work in [MASK] .,Edmonton,synth_City/TREx/P937.jsonl
2557,Kathryn Casey used to work in [MASK] .,Houston,synth_City/TREx/P937.jsonl
2558,Paul Gervais used to work in [MASK] .,Paris,synth_City/TREx/P937.jsonl
2561,Kurt Hessenberg used to work in [MASK] .,Frankfurt,synth_City/TREx/P937.jsonl
2563,Gustav Stresemann used to work in [MASK] .,Berlin,synth_City/TREx/P937.jsonl
2564,Gotthold Ephraim Lessing used to work in [MASK] .,Hamburg,synth_City/TREx/P937.jsonl
2565,Catherine Trautmann used to work in [MASK] .,Strasbourg,synth_City/TREx/P937.jsonl
2575,Count Leopold Joseph von Daun used to work in [MASK] .,Vienna,synth_City/TREx/P937.jsonl
2576,Alcman used to work in [MASK] .,Spartan,synth_City/TREx/P937.jsonl
2577,"Thomas Beaufort, Duke of Exeter used to work in [MASK] .",London,synth_City/TREx/P937.jsonl
2578,Anna Lindh used to work in [MASK] .,Stockholm,synth_City/TREx/P937.jsonl
2582,Vladimir Lenin used to work in [MASK] .,Moscow,synth_City/TREx/P937.jsonl
2630,Charles Kennedy used to work in [MASK] .,London,synth_City/TREx/P937.jsonl
2632,Otto Brahm used to work in [MASK] .,Berlin,synth_City/TREx/P937.jsonl
2634,Julius Friedrich Cohnheim used to work in [MASK] .,Leipzig,synth_City/TREx/P937.jsonl
2635,Johann Christoph Gottsched used to work in [MASK] .,Leipzig,synth_City/TREx/P937.jsonl
2636,Thomas Picton used to work in [MASK] .,London,synth_City/TREx/P937.jsonl
2637,"Donald Kaberry, Baron Kaberry of Adel used to work in [MASK] .",London,synth_City/TREx/P937.jsonl
2639,Bahamas used to work in [MASK] .,Toronto,synth_City/TREx/P937.jsonl
2641,Ivan Franko used to work in [MASK] .,Lviv,synth_City/TREx/P937.jsonl
2646,Francisco Franco used to work in [MASK] .,Madrid,synth_City/TREx/P937.jsonl
2713,Heinrich Himmler used to work in [MASK] .,Berlin,synth_City/TREx/P937.jsonl
2721,Gaetano Donizetti used to work in [MASK] .,Vienna,synth_City/TREx/P937.jsonl
2723,Daniel Heinsius used to work in [MASK] .,Leiden,synth_City/TREx/P937.jsonl
2730,Zeng Fanzhi used to work in [MASK] .,Beijing,synth_City/TREx/P937.jsonl
2732,Gilles Duceppe used to work in [MASK] .,Ottawa,synth_City/TREx/P937.jsonl
2733,Annette Kolb used to work in [MASK] .,Munich,synth_City/TREx/P937.jsonl
2737,Moses Shapira used to work in [MASK] .,Jerusalem,synth_City/TREx/P937.jsonl
2739,Giovanni Valentini used to work in [MASK] .,Vienna,synth_City/TREx/P937.jsonl
2740,Jean Denis Attiret used to work in [MASK] .,Beijing,synth_City/TREx/P937.jsonl
2741,Nigel Nicolson used to work in [MASK] .,London,synth_City/TREx/P937.jsonl
2749,John Pye used to work in [MASK] .,London,synth_City/TREx/P937.jsonl
2751,Karl Barth used to work in [MASK] .,Berlin,synth_City/TREx/P937.jsonl
2753,Marco Minghetti used to work in [MASK] .,Rome,synth_City/TREx/P937.jsonl
2754,Jaan Poska used to work in [MASK] .,Tallinn,synth_City/TREx/P937.jsonl
2757,Tony Wilson used to work in [MASK] .,Manchester,synth_City/TREx/P937.jsonl
2763,Marie Charette-Poulin used to work in [MASK] .,Ottawa,synth_City/TREx/P937.jsonl
2764,Rudolf Hess used to work in [MASK] .,Berlin,synth_City/TREx/P937.jsonl
2765,"George Curzon, 1st Marquess Curzon of Kedleston used to work in [MASK] .",London,synth_City/TREx/P937.jsonl
2766,"Josiah Quincy, Jr. used to work in [MASK] .",Boston,synth_City/TREx/P937.jsonl
2769,Dietmar Feichtinger used to work in [MASK] .,Paris,synth_City/TREx/P937.jsonl
2771,Joseph Reinach used to work in [MASK] .,Paris,synth_City/TREx/P937.jsonl
2772,Carol I of Romania used to work in [MASK] .,Bucharest,synth_City/TREx/P937.jsonl
2790,Anatoly Karpov used to work in [MASK] .,Moscow,synth_City/TREx/P937.jsonl
2796,Max Brod used to work in [MASK] .,Prague,synth_City/TREx/P937.jsonl
2797,Louis Loucheur used to work in [MASK] .,Paris,synth_City/TREx/P937.jsonl
2799,Jacob Boreel used to work in [MASK] .,Amsterdam,synth_City/TREx/P937.jsonl
2806,Fanny Mendelssohn used to work in [MASK] .,Berlin,synth_City/TREx/P937.jsonl
2811,Abraham Ortelius used to work in [MASK] .,Antwerp,synth_City/TREx/P937.jsonl
2813,Thomas Cranmer used to work in [MASK] .,Canterbury,synth_City/TREx/P937.jsonl
2817,Bundestag of Germany used to work in [MASK] .,Bonn,synth_City/TREx/P937.jsonl
2826,Chaim Herzog used to work in [MASK] .,Jerusalem,synth_City/TREx/P937.jsonl
2829,Markus Feldmann used to work in [MASK] .,Bern,synth_City/TREx/P937.jsonl
2830,Stephen Harper used to work in [MASK] .,Ottawa,synth_City/TREx/P937.jsonl
2837,Heinrich Heine used to work in [MASK] .,Hamburg,synth_City/TREx/P937.jsonl
2843,Theuderic III used to work in [MASK] .,Paris,synth_City/TREx/P937.jsonl
2844,John Singer Sargent used to work in [MASK] .,Paris,synth_City/TREx/P937.jsonl
2847,Trine Skei Grande used to work in [MASK] .,Oslo,synth_City/TREx/P937.jsonl
2848,Stanley Baldwin used to work in [MASK] .,London,synth_City/TREx/P937.jsonl
2852,Gaspard Gourgaud used to work in [MASK] .,Paris,synth_City/TREx/P937.jsonl
2855,Nicolas Born used to work in [MASK] .,Berlin,synth_City/TREx/P937.jsonl
2856,Carlo Domeniconi used to work in [MASK] .,Berlin,synth_City/TREx/P937.jsonl
2857,Hadia Tajik used to work in [MASK] .,Oslo,synth_City/TREx/P937.jsonl
2858,George Auriol used to work in [MASK] .,Paris,synth_City/TREx/P937.jsonl
2862,Wiz Khalifa used to work in [MASK] .,Pittsburgh,synth_City/TREx/P937.jsonl
2865,Jeff Tweedy used to work in [MASK] .,Chicago,synth_City/TREx/P937.jsonl
2867,Samuel Turell Armstrong used to work in [MASK] .,Boston,synth_City/TREx/P937.jsonl
2870,Edward Said used to work in [MASK] .,Cairo,synth_City/TREx/P937.jsonl
2874,"Sir Charles Cayzer, 1st Baronet used to work in [MASK] .",London,synth_City/TREx/P937.jsonl
2877,Embrik Strand used to work in [MASK] .,Berlin,synth_City/TREx/P937.jsonl
2878,Johann Christian Bach used to work in [MASK] .,Milan,synth_City/TREx/P937.jsonl
2879,Firmin Didot used to work in [MASK] .,Paris,synth_City/TREx/P937.jsonl
2881,Eminem used to work in [MASK] .,Detroit,synth_City/TREx/P937.jsonl
2900,"Henry Brooke, Baron Brooke of Cumnor used to work in [MASK] .",London,synth_City/TREx/P937.jsonl
2901,Douglas Sirk used to work in [MASK] .,Leipzig,synth_City/TREx/P937.jsonl
2902,Steven Spielberg used to work in [MASK] .,Hollywood,synth_City/TREx/P937.jsonl
2906,David Mellor used to work in [MASK] .,London,synth_City/TREx/P937.jsonl
2907,"Hugh Cairns, 1st Earl Cairns used to work in [MASK] .",London,synth_City/TREx/P937.jsonl
2908,Heinrich Schliemann used to work in [MASK] .,Athens,synth_City/TREx/P937.jsonl
2910,Giacomo Doria used to work in [MASK] .,Rome,synth_City/TREx/P937.jsonl
2914,Galina Starovoytova used to work in [MASK] .,Moscow,synth_City/TREx/P937.jsonl
2915,Otto Frank used to work in [MASK] .,Amsterdam,synth_City/TREx/P937.jsonl
2920,Ursula Caberta used to work in [MASK] .,Hamburg,synth_City/TREx/P937.jsonl
2926,Franz Baader used to work in [MASK] .,Dresden,synth_City/TREx/P937.jsonl
2928,Georges Couthon used to work in [MASK] .,Paris,synth_City/TREx/P937.jsonl
2929,Dominicus Custos used to work in [MASK] .,Prague,synth_City/TREx/P937.jsonl
2931,Marlene Dietrich used to work in [MASK] .,Berlin,synth_City/TREx/P937.jsonl
2942,Maria Reining used to work in [MASK] .,Vienna,synth_City/TREx/P937.jsonl
2944,Pierre Augereau used to work in [MASK] .,Paris,synth_City/TREx/P937.jsonl
2945,Anne Grant used to work in [MASK] .,Scotland,synth_City/TREx/P937.jsonl
2946,Francis Palmer Smith used to work in [MASK] .,Atlanta,synth_City/TREx/P937.jsonl
2950,Georges Ernest Boulanger used to work in [MASK] .,Paris,synth_City/TREx/P937.jsonl
2957,Daniel Vaillant used to work in [MASK] .,Paris,synth_City/TREx/P937.jsonl
2958,Conrad Schick used to work in [MASK] .,Jerusalem,synth_City/TREx/P937.jsonl
2962,Philippus van Limborch used to work in [MASK] .,Amsterdam,synth_City/TREx/P937.jsonl
2964,Paschal Grousset used to work in [MASK] .,Paris,synth_City/TREx/P937.jsonl
2966,"Sir Francis Baring, 1st Baronet used to work in [MASK] .",London,synth_City/TREx/P937.jsonl
2968,Carl Theodor Zahle used to work in [MASK] .,Copenhagen,synth_City/TREx/P937.jsonl
2971,"John Coleridge, 1st Baron Coleridge used to work in [MASK] .",London,synth_City/TREx/P937.jsonl
2972,Walter Ulbricht used to work in [MASK] .,Berlin,synth_City/TREx/P937.jsonl
2973,Tankred Dorst used to work in [MASK] .,Munich,synth_City/TREx/P937.jsonl
2975,Adam Friedrich Oeser used to work in [MASK] .,Leipzig,synth_City/TREx/P937.jsonl
2979,Charles Hale used to work in [MASK] .,Boston,synth_City/TREx/P937.jsonl
2981,Walter Schwimmer used to work in [MASK] .,Vienna,synth_City/TREx/P937.jsonl
2983,Newton Moore used to work in [MASK] .,London,synth_City/TREx/P937.jsonl
2985,Charles Joseph Hullmandel used to work in [MASK] .,London,synth_City/TREx/P937.jsonl
2989,Pasqual Maragall i Mira used to work in [MASK] .,Barcelona,synth_City/TREx/P937.jsonl
2992,Maine de Biran used to work in [MASK] .,Paris,synth_City/TREx/P937.jsonl
2993,Johannes Burman used to work in [MASK] .,Amsterdam,synth_City/TREx/P937.jsonl
2998,Jean Nicolas Pierre Hachette used to work in [MASK] .,Paris,synth_City/TREx/P937.jsonl
3002,Jorge Oteiza used to work in [MASK] .,Madrid,synth_City/TREx/P937.jsonl
3003,Jean Tiberi used to work in [MASK] .,Paris,synth_City/TREx/P937.jsonl
3012,Friedrich Christoph Perthes used to work in [MASK] .,Hamburg,synth_City/TREx/P937.jsonl
3013,Robert Stawell Ball used to work in [MASK] .,Dublin,synth_City/TREx/P937.jsonl
3014,Lewis Milestone used to work in [MASK] .,Hollywood,synth_City/TREx/P937.jsonl
3015,Thomas Birkett used to work in [MASK] .,Ottawa,synth_City/TREx/P937.jsonl
3023,Josef Tal used to work in [MASK] .,Jerusalem,synth_City/TREx/P937.jsonl
3026,"Francisco Serrano, 1st Duke of la Torre used to work in [MASK] .",Madrid,synth_City/TREx/P937.jsonl
3027,Paul Deschanel used to work in [MASK] .,Paris,synth_City/TREx/P937.jsonl
3029,Carlos Cruz-Díez used to work in [MASK] .,Caracas,synth_City/TREx/P937.jsonl
3033,Johann Friedrich Cotta used to work in [MASK] .,Stuttgart,synth_City/TREx/P937.jsonl
3034,"Alfred Harmsworth, 1st Viscount Northcliffe used to work in [MASK] .",London,synth_City/TREx/P937.jsonl
3039,Hans Leo Hassler used to work in [MASK] .,Nuremberg,synth_City/TREx/P937.jsonl
3041,Max Richter used to work in [MASK] .,Edinburgh,synth_City/TREx/P937.jsonl
3042,"Lynda Clark, Baroness Clark of Calton used to work in [MASK] .",London,synth_City/TREx/P937.jsonl
3046,Wilson Lumpkin used to work in [MASK] .,Atlanta,synth_City/TREx/P937.jsonl
3048,librarian used to work in [MASK] .,library,synth_City/TREx/P937.jsonl
3195,Karel Bendl used to work in [MASK] .,Prague,synth_City/TREx/P937.jsonl
3200,Aimo Cajander used to work in [MASK] .,Helsinki,synth_City/TREx/P937.jsonl
3202,Agostino Steffani used to work in [MASK] .,Munich,synth_City/TREx/P937.jsonl
3203,Armand Trousseau used to work in [MASK] .,Paris,synth_City/TREx/P937.jsonl
3206,Leo Mittler used to work in [MASK] .,Paris,synth_City/TREx/P937.jsonl
3207,Derek Conway used to work in [MASK] .,London,synth_City/TREx/P937.jsonl
3211,Mayer Carl von Rothschild used to work in [MASK] .,Frankfurt,synth_City/TREx/P937.jsonl
3212,Joseph Schmitt used to work in [MASK] .,Amsterdam,synth_City/TREx/P937.jsonl
3214,"Jennie Lee, Baroness Lee of Asheridge used to work in [MASK] .",London,synth_City/TREx/P937.jsonl
3215,Henri Estienne used to work in [MASK] .,Paris,synth_City/TREx/P937.jsonl
3220,Lord Henry FitzGerald used to work in [MASK] .,London,synth_City/TREx/P937.jsonl
3221,Georg Sverdrup used to work in [MASK] .,Oslo,synth_City/TREx/P937.jsonl
3222,Oscar Troplowitz used to work in [MASK] .,Hamburg,synth_City/TREx/P937.jsonl
3224,"Sir William Pearce, 1st Baronet used to work in [MASK] .",London,synth_City/TREx/P937.jsonl
3225,Richard Brinsley Sheridan used to work in [MASK] .,London,synth_City/TREx/P937.jsonl
3231,Hanns Heinz Ewers used to work in [MASK] .,Berlin,synth_City/TREx/P937.jsonl
3233,Reinhart Dozy used to work in [MASK] .,Leiden,synth_City/TREx/P937.jsonl
3240,William Pitt the Younger used to work in [MASK] .,London,synth_City/TREx/P937.jsonl
3257,Arthur Headlam used to work in [MASK] .,Gloucester,synth_City/TREx/P937.jsonl
3260,Carl Joseph Begas used to work in [MASK] .,Berlin,synth_City/TREx/P937.jsonl
3261,Eugen Roth used to work in [MASK] .,Munich,synth_City/TREx/P937.jsonl
3265,Joseph Chamberlain used to work in [MASK] .,London,synth_City/TREx/P937.jsonl
