,sent,gold,filename
0,president of the French Republic is a legal term in [MASK] .,France,synth_Country/TREx/P1001.jsonl
213,Prime Minister of Canada is a legal term in [MASK] .,Canada,synth_Country/TREx/P1001.jsonl
957,Australian Labor Party is a legal term in [MASK] .,Australia,synth_Country/TREx/P1001.jsonl
1289,President of Mexico is a legal term in [MASK] .,Mexico,synth_Country/TREx/P1001.jsonl
1448,Senate of Australia is a legal term in [MASK] .,Australia,synth_Country/TREx/P1001.jsonl
1520,Governor of California is a legal term in [MASK] .,California,synth_Country/TREx/P1001.jsonl
1919,Supreme Court of Canada is a legal term in [MASK] .,Canada,synth_Country/TREx/P1001.jsonl
2556,Chancellor of Germany is a legal term in [MASK] .,Germany,synth_Country/TREx/P1001.jsonl
2610,Basic Law for the Federal Republic of Germany is a legal term in [MASK] .,Germany,synth_Country/TREx/P1001.jsonl
2632,President of Brazil is a legal term in [MASK] .,Brazil,synth_Country/TREx/P1001.jsonl
2781,Jatiya Sangshad is a legal term in [MASK] .,Bangladesh,synth_Country/TREx/P1001.jsonl
2807,Prime Minister of Israel is a legal term in [MASK] .,Israel,synth_Country/TREx/P1001.jsonl
3035,Prime Minister of Australia is a legal term in [MASK] .,Australia,synth_Country/TREx/P1001.jsonl
3492,Polish United Workers' Party is a legal term in [MASK] .,Poland,synth_Country/TREx/P1001.jsonl
3505,Parliament of Croatia is a legal term in [MASK] .,Croatia,synth_Country/TREx/P1001.jsonl
3559,Parliament of Canada is a legal term in [MASK] .,Canadian,synth_Country/TREx/P1001.jsonl
4263,Government of Canada is a legal term in [MASK] .,Canada,synth_Country/TREx/P1001.jsonl
4481,"Constitution Act, 1982 is a legal term in [MASK] .",Canada,synth_Country/TREx/P1001.jsonl
4509,Canada Act 1982 is a legal term in [MASK] .,Canada,synth_Country/TREx/P1001.jsonl
4535,Legislative Yuan is a legal term in [MASK] .,Taiwan,synth_Country/TREx/P1001.jsonl
4551,Constitution of Canada is a legal term in [MASK] .,Canada,synth_Country/TREx/P1001.jsonl
4572,Section Twenty-five of the Canadian Charter of Rights and Freedoms is a legal term in [MASK] .,Canada,synth_Country/TREx/P1001.jsonl
4576,Governor of Massachusetts is a legal term in [MASK] .,Massachusetts,synth_Country/TREx/P1001.jsonl
4904,Lok Sabha is a legal term in [MASK] .,India,synth_Country/TREx/P1001.jsonl
5890,Knesset is a legal term in [MASK] .,Israel,synth_Country/TREx/P1001.jsonl
6029,Parliament of Greenland is a legal term in [MASK] .,Greenland,synth_Country/TREx/P1001.jsonl
6059,Prime Minister of Italy is a legal term in [MASK] .,Italy,synth_Country/TREx/P1001.jsonl
6143,Governor General of Canada is a legal term in [MASK] .,Canada,synth_Country/TREx/P1001.jsonl
6878,Governor-General of Australia is a legal term in [MASK] .,Australia,synth_Country/TREx/P1001.jsonl
7100,Monarchy of Australia is a legal term in [MASK] .,Australia,synth_Country/TREx/P1001.jsonl
7110,Glasgow City Council is a legal term in [MASK] .,Glasgow,synth_Country/TREx/P1001.jsonl
7142,Declaration of the Establishment of the State of Israel is a legal term in [MASK] .,Israel,synth_Country/TREx/P1001.jsonl
7146,Taoiseach is a legal term in [MASK] .,Ireland,synth_Country/TREx/P1001.jsonl
7237,Iowa General Assembly is a legal term in [MASK] .,Iowa,synth_Country/TREx/P1001.jsonl
7260,Prime Minister of Japan is a legal term in [MASK] .,Japan,synth_Country/TREx/P1001.jsonl
7465,Governor of Texas is a legal term in [MASK] .,Texas,synth_Country/TREx/P1001.jsonl
7668,"Manitoba Act, 1870 is a legal term in [MASK] .",Canada,synth_Country/TREx/P1001.jsonl
7677,Yang di-Pertuan Agong is a legal term in [MASK] .,Malaysia,synth_Country/TREx/P1001.jsonl
7759,Constitution of Michigan is a legal term in [MASK] .,Michigan,synth_Country/TREx/P1001.jsonl
7765,Sejm of the Republic of Poland is a legal term in [MASK] .,Poland,synth_Country/TREx/P1001.jsonl
7913,President of Ireland is a legal term in [MASK] .,Ireland,synth_Country/TREx/P1001.jsonl
7920,Australian dollar is a legal term in [MASK] .,Australia,synth_Country/TREx/P1001.jsonl
7946,Oregon House of Representatives is a legal term in [MASK] .,Oregon,synth_Country/TREx/P1001.jsonl
7986,Oregon Legislative Assembly is a legal term in [MASK] .,Oregon,synth_Country/TREx/P1001.jsonl
8016,Vice President of Iraq is a legal term in [MASK] .,Iraq,synth_Country/TREx/P1001.jsonl
8019,Wyandotte Constitution is a legal term in [MASK] .,Kansas,synth_Country/TREx/P1001.jsonl
8031,Scottish Parliament is a legal term in [MASK] .,Scotland,synth_Country/TREx/P1001.jsonl
8282,National Assembly for Wales is a legal term in [MASK] .,Wales,synth_Country/TREx/P1001.jsonl
8315,Mayor of Chicago is a legal term in [MASK] .,Chicago,synth_Country/TREx/P1001.jsonl
8393,President of Pakistan is a legal term in [MASK] .,Pakistan,synth_Country/TREx/P1001.jsonl
8558,Chief Justice of Pakistan is a legal term in [MASK] .,Pakistan,synth_Country/TREx/P1001.jsonl
8603,Senate of the Philippines is a legal term in [MASK] .,Philippines,synth_Country/TREx/P1001.jsonl
8670,Government of Ireland is a legal term in [MASK] .,Ireland,synth_Country/TREx/P1001.jsonl
8732,Constitution of Florida is a legal term in [MASK] .,Florida,synth_Country/TREx/P1001.jsonl
8744,Belgian Senate is a legal term in [MASK] .,Belgian,synth_Country/TREx/P1001.jsonl
8754,President of Russia is a legal term in [MASK] .,Russia,synth_Country/TREx/P1001.jsonl
9081,Vermont Senate is a legal term in [MASK] .,Vermont,synth_Country/TREx/P1001.jsonl
9166,Vermont General Assembly is a legal term in [MASK] .,Vermont,synth_Country/TREx/P1001.jsonl
9182,President of the Philippines is a legal term in [MASK] .,Philippines,synth_Country/TREx/P1001.jsonl
9662,Rajya Sabha is a legal term in [MASK] .,India,synth_Country/TREx/P1001.jsonl
9923,aktiebolag is a legal term in [MASK] .,Swedish,synth_Country/TREx/P1001.jsonl
10162,Naamloze vennootschap is a legal term in [MASK] .,Dutch,synth_Country/TREx/P1001.jsonl
10189,Premier of Queensland is a legal term in [MASK] .,Queensland,synth_Country/TREx/P1001.jsonl
10373,Premier of Quebec is a legal term in [MASK] .,Quebec,synth_Country/TREx/P1001.jsonl
10530,Althing is a legal term in [MASK] .,Iceland,synth_Country/TREx/P1001.jsonl
10662,Governor-General of the Philippines is a legal term in [MASK] .,Philippines,synth_Country/TREx/P1001.jsonl
10740,Storting is a legal term in [MASK] .,Norway,synth_Country/TREx/P1001.jsonl
10800,aksjeselskap is a legal term in [MASK] .,Norway,synth_Country/TREx/P1001.jsonl
11019,Lord Mayor of Dublin is a legal term in [MASK] .,Dublin,synth_Country/TREx/P1001.jsonl
11073,Welsh Government is a legal term in [MASK] .,Wales,synth_Country/TREx/P1001.jsonl
11191,Member of the National Assembly for Wales is a legal term in [MASK] .,Wales,synth_Country/TREx/P1001.jsonl
11216,Aktiengesellschaft is a legal term in [MASK] .,Germany,synth_Country/TREx/P1001.jsonl
11336,President of Afghanistan is a legal term in [MASK] .,Afghanistan,synth_Country/TREx/P1001.jsonl
11346,Prime Minister of Rhodesia is a legal term in [MASK] .,Rhodesia,synth_Country/TREx/P1001.jsonl
11351,First Minister of Wales is a legal term in [MASK] .,Wales,synth_Country/TREx/P1001.jsonl
11375,Parliament of Finland is a legal term in [MASK] .,Finland,synth_Country/TREx/P1001.jsonl
11411,Bloc pot is a legal term in [MASK] .,Quebec,synth_Country/TREx/P1001.jsonl
11414,National Assembly of Quebec is a legal term in [MASK] .,Quebec,synth_Country/TREx/P1001.jsonl
12479,Federal Chancellor of Austria is a legal term in [MASK] .,Austria,synth_Country/TREx/P1001.jsonl
12501,kabushiki gaisha is a legal term in [MASK] .,Japan,synth_Country/TREx/P1001.jsonl
12544,Minister President of Prussia is a legal term in [MASK] .,Prussia,synth_Country/TREx/P1001.jsonl
12549,Prime Minister of India is a legal term in [MASK] .,India,synth_Country/TREx/P1001.jsonl
12946,Legislative Assembly of Queensland is a legal term in [MASK] .,Queensland,synth_Country/TREx/P1001.jsonl
13701,Treasurer of Australia is a legal term in [MASK] .,Australia,synth_Country/TREx/P1001.jsonl
13733,monarch of Sweden is a legal term in [MASK] .,Sweden,synth_Country/TREx/P1001.jsonl
13740,President of Singapore is a legal term in [MASK] .,Singapore,synth_Country/TREx/P1001.jsonl
13812,Constitution of Syria is a legal term in [MASK] .,Syria,synth_Country/TREx/P1001.jsonl
13815,First Minister of Scotland is a legal term in [MASK] .,Scotland,synth_Country/TREx/P1001.jsonl
13881,Australian Security Intelligence Organisation is a legal term in [MASK] .,Australia,synth_Country/TREx/P1001.jsonl
13901,Parliament of Sweden is a legal term in [MASK] .,Swedish,synth_Country/TREx/P1001.jsonl
14065,Chief of General Staff is a legal term in [MASK] .,Israel,synth_Country/TREx/P1001.jsonl
14066,Oklahoma Senate is a legal term in [MASK] .,Oklahoma,synth_Country/TREx/P1001.jsonl
14220,Oregon State Senate is a legal term in [MASK] .,Oregon,synth_Country/TREx/P1001.jsonl
14257,Pittsburgh Police is a legal term in [MASK] .,Pittsburgh,synth_Country/TREx/P1001.jsonl
14260,President of Cuba is a legal term in [MASK] .,Cuba,synth_Country/TREx/P1001.jsonl
14265,Massachusetts Senate is a legal term in [MASK] .,Massachusetts,synth_Country/TREx/P1001.jsonl
14431,Governor of Tennessee is a legal term in [MASK] .,Tennessee,synth_Country/TREx/P1001.jsonl
14444,Chief Rabbinate of Israel is a legal term in [MASK] .,Israel,synth_Country/TREx/P1001.jsonl
14483,Lieutenant Governor of Massachusetts is a legal term in [MASK] .,Massachusetts,synth_Country/TREx/P1001.jsonl
14499,Deputy Prime Minister of Malaysia is a legal term in [MASK] .,Malaysia,synth_Country/TREx/P1001.jsonl
14514,Parks Canada is a legal term in [MASK] .,Canada,synth_Country/TREx/P1001.jsonl
14551,Michigan House of Representatives is a legal term in [MASK] .,Michigan,synth_Country/TREx/P1001.jsonl
14620,Florida Department of Law Enforcement is a legal term in [MASK] .,Florida,synth_Country/TREx/P1001.jsonl
14627,Tennessee Senate is a legal term in [MASK] .,Tennessee,synth_Country/TREx/P1001.jsonl
14674,Dublin City Council is a legal term in [MASK] .,Dublin,synth_Country/TREx/P1001.jsonl
14687,Utah House of Representatives is a legal term in [MASK] .,Utah,synth_Country/TREx/P1001.jsonl
14696,High Court is a legal term in [MASK] .,Ireland,synth_Country/TREx/P1001.jsonl
14698,Connecticut Senate is a legal term in [MASK] .,Connecticut,synth_Country/TREx/P1001.jsonl
14770,Vice-Chancellor of Germany is a legal term in [MASK] .,Germany,synth_Country/TREx/P1001.jsonl
14781,Premier of Ontario is a legal term in [MASK] .,Ontario,synth_Country/TREx/P1001.jsonl
15016,Legislative Assembly of Saskatchewan is a legal term in [MASK] .,Saskatchewan,synth_Country/TREx/P1001.jsonl
15643,Idaho Senate is a legal term in [MASK] .,Idaho,synth_Country/TREx/P1001.jsonl
15696,Minnesota Senate is a legal term in [MASK] .,Minnesota,synth_Country/TREx/P1001.jsonl
15901,Louisiana House of Representatives is a legal term in [MASK] .,Louisiana,synth_Country/TREx/P1001.jsonl
15906,Philadelphia City Council is a legal term in [MASK] .,Philadelphia,synth_Country/TREx/P1001.jsonl
15914,Kansas Senate is a legal term in [MASK] .,Kansas,synth_Country/TREx/P1001.jsonl
15938,Governor of Oklahoma is a legal term in [MASK] .,Oklahoma,synth_Country/TREx/P1001.jsonl
16269,Islamic Consultative Assembly is a legal term in [MASK] .,Iran,synth_Country/TREx/P1001.jsonl
16311,Constitution of Maryland is a legal term in [MASK] .,Maryland,synth_Country/TREx/P1001.jsonl
16319,Ohio Attorney General is a legal term in [MASK] .,Ohio,synth_Country/TREx/P1001.jsonl
16337,Federal Court of Canada is a legal term in [MASK] .,Canada,synth_Country/TREx/P1001.jsonl
16503,Australian Electoral Commission is a legal term in [MASK] .,Australia,synth_Country/TREx/P1001.jsonl
16511,Government of Russia is a legal term in [MASK] .,Russia,synth_Country/TREx/P1001.jsonl
16521,Vice President of India is a legal term in [MASK] .,India,synth_Country/TREx/P1001.jsonl
16556,Riigikogu is a legal term in [MASK] .,Estonia,synth_Country/TREx/P1001.jsonl
16585,Seimas is a legal term in [MASK] .,Lithuania,synth_Country/TREx/P1001.jsonl
16664,Attorney-General for Australia is a legal term in [MASK] .,Australia,synth_Country/TREx/P1001.jsonl
16711,Canada Health Act is a legal term in [MASK] .,Canada,synth_Country/TREx/P1001.jsonl
16716,Pennsylvania State Senate is a legal term in [MASK] .,Pennsylvania,synth_Country/TREx/P1001.jsonl
16767,Toronto City Council is a legal term in [MASK] .,Toronto,synth_Country/TREx/P1001.jsonl
16800,Lieutenant Governor of California is a legal term in [MASK] .,California,synth_Country/TREx/P1001.jsonl
16808,flag of Spain is a legal term in [MASK] .,Spain,synth_Country/TREx/P1001.jsonl
16810,Prime Minister of Iraq is a legal term in [MASK] .,Iraq,synth_Country/TREx/P1001.jsonl
16819,Counsel General for Wales is a legal term in [MASK] .,Wales,synth_Country/TREx/P1001.jsonl
16835,Louisiana State Senate is a legal term in [MASK] .,Louisiana,synth_Country/TREx/P1001.jsonl
16875,Wisconsin State Senate is a legal term in [MASK] .,Wisconsin,synth_Country/TREx/P1001.jsonl
16970,Constitution of Texas is a legal term in [MASK] .,Texas,synth_Country/TREx/P1001.jsonl
16982,Government of Australia is a legal term in [MASK] .,Australia,synth_Country/TREx/P1001.jsonl
17172,Legislative Assembly of Alberta is a legal term in [MASK] .,Alberta,synth_Country/TREx/P1001.jsonl
17176,Florida Senate is a legal term in [MASK] .,Florida,synth_Country/TREx/P1001.jsonl
17283,Samhain is a legal term in [MASK] .,Scotland,synth_Country/TREx/P1001.jsonl
17284,Singapore Democratic Party is a legal term in [MASK] .,Singapore,synth_Country/TREx/P1001.jsonl
17292,California State Assembly is a legal term in [MASK] .,California,synth_Country/TREx/P1001.jsonl
17446,Texas House of Representatives is a legal term in [MASK] .,Texas,synth_Country/TREx/P1001.jsonl
17452,People's Mujahedin of Iran is a legal term in [MASK] .,Iran,synth_Country/TREx/P1001.jsonl
17529,Kentucky Constitution is a legal term in [MASK] .,Kentucky,synth_Country/TREx/P1001.jsonl
17546,flag of France is a legal term in [MASK] .,France,synth_Country/TREx/P1001.jsonl
17564,Vice President of Brazil is a legal term in [MASK] .,Brazil,synth_Country/TREx/P1001.jsonl
17572,Maryland Senate is a legal term in [MASK] .,Maryland,synth_Country/TREx/P1001.jsonl
17657,President of Ukraine is a legal term in [MASK] .,Ukraine,synth_Country/TREx/P1001.jsonl
17673,Government of Tasmania is a legal term in [MASK] .,Tasmania,synth_Country/TREx/P1001.jsonl
17686,Chicago City Council is a legal term in [MASK] .,Chicago,synth_Country/TREx/P1001.jsonl
17788,Michigan Senate is a legal term in [MASK] .,Michigan,synth_Country/TREx/P1001.jsonl
17807,monarch of Norway is a legal term in [MASK] .,Norway,synth_Country/TREx/P1001.jsonl
17815,President of Tanzania is a legal term in [MASK] .,Tanzania,synth_Country/TREx/P1001.jsonl
17817,Pennsylvania General Assembly is a legal term in [MASK] .,Pennsylvania,synth_Country/TREx/P1001.jsonl
17842,Vice President of the Philippines is a legal term in [MASK] .,Philippines,synth_Country/TREx/P1001.jsonl
17943,Lord High Constable of Sweden is a legal term in [MASK] .,Sweden,synth_Country/TREx/P1001.jsonl
17954,Governor of Maryland is a legal term in [MASK] .,Maryland,synth_Country/TREx/P1001.jsonl
17965,Chief Justice of the Supreme Court of the Philippines is a legal term in [MASK] .,Philippines,synth_Country/TREx/P1001.jsonl
18011,Bristol City Council is a legal term in [MASK] .,Bristol,synth_Country/TREx/P1001.jsonl
18033,Lieutenant Governor of Texas is a legal term in [MASK] .,Texas,synth_Country/TREx/P1001.jsonl
18106,North American Industry Classification System is a legal term in [MASK] .,Canada,synth_Country/TREx/P1001.jsonl
18122,Prime Minister of France is a legal term in [MASK] .,France,synth_Country/TREx/P1001.jsonl
18129,Canadian Human Rights Act is a legal term in [MASK] .,Canada,synth_Country/TREx/P1001.jsonl
18134,National Council of Switzerland is a legal term in [MASK] .,Swiss,synth_Country/TREx/P1001.jsonl
18189,Ottawa City Council is a legal term in [MASK] .,Ottawa,synth_Country/TREx/P1001.jsonl
18307,California State Senate is a legal term in [MASK] .,California,synth_Country/TREx/P1001.jsonl
18365,Hawaii Senate is a legal term in [MASK] .,Hawaii,synth_Country/TREx/P1001.jsonl
18374,Illinois Senate is a legal term in [MASK] .,Illinois,synth_Country/TREx/P1001.jsonl
18514,Ohio House of Representatives is a legal term in [MASK] .,Ohio,synth_Country/TREx/P1001.jsonl
18613,Wakes week is a legal term in [MASK] .,Scotland,synth_Country/TREx/P1001.jsonl
18615,"The Income-tax Act, 1961 is a legal term in [MASK] .",India,synth_Country/TREx/P1001.jsonl
18619,Argentine Senate is a legal term in [MASK] .,Argentine,synth_Country/TREx/P1001.jsonl
18641,Missouri Senate is a legal term in [MASK] .,Missouri,synth_Country/TREx/P1001.jsonl
18786,Chamber of Deputies is a legal term in [MASK] .,Argentine,synth_Country/TREx/P1001.jsonl
18789,Mississippi Legislature is a legal term in [MASK] .,Mississippi,synth_Country/TREx/P1001.jsonl
18798,flag of Denmark is a legal term in [MASK] .,Danish,synth_Country/TREx/P1001.jsonl
18802,Supreme Court Act is a legal term in [MASK] .,Canada,synth_Country/TREx/P1001.jsonl
18811,Commissioner of Yukon is a legal term in [MASK] .,Yukon,synth_Country/TREx/P1001.jsonl
18813,allmennaksjeselskap is a legal term in [MASK] .,Norway,synth_Country/TREx/P1001.jsonl
18833,President of Poland is a legal term in [MASK] .,Poland,synth_Country/TREx/P1001.jsonl
18845,Bundestag of Germany is a legal term in [MASK] .,Germany,synth_Country/TREx/P1001.jsonl
18914,flag of Ireland is a legal term in [MASK] .,Ireland,synth_Country/TREx/P1001.jsonl
18921,President of Austria is a legal term in [MASK] .,Austria,synth_Country/TREx/P1001.jsonl
18928,Copyright Act of Canada is a legal term in [MASK] .,Canada,synth_Country/TREx/P1001.jsonl
18953,"Constitution Act, 1867 is a legal term in [MASK] .",Canada,synth_Country/TREx/P1001.jsonl
18957,Section One of the Canadian Charter of Rights and Freedoms is a legal term in [MASK] .,Canada,synth_Country/TREx/P1001.jsonl
18959,Outer Space Treaty is a legal term in [MASK] .,Moon,synth_Country/TREx/P1001.jsonl
18961,President of the Senate of Nigeria is a legal term in [MASK] .,Nigeria,synth_Country/TREx/P1001.jsonl
18972,Deputy First Minister of Scotland is a legal term in [MASK] .,Scotland,synth_Country/TREx/P1001.jsonl
18976,Member of the Scottish Parliament is a legal term in [MASK] .,Scotland,synth_Country/TREx/P1001.jsonl
19008,President of the Swiss Confederation is a legal term in [MASK] .,Swiss,synth_Country/TREx/P1001.jsonl
19020,Chief Justice of Canada is a legal term in [MASK] .,Canada,synth_Country/TREx/P1001.jsonl
19041,Government of Sweden is a legal term in [MASK] .,Sweden,synth_Country/TREx/P1001.jsonl
19072,Minnesota Attorney General is a legal term in [MASK] .,Minnesota,synth_Country/TREx/P1001.jsonl
19087,Prime Minister of Pakistan is a legal term in [MASK] .,Pakistan,synth_Country/TREx/P1001.jsonl
19204,Governor of Tasmania is a legal term in [MASK] .,Tasmania,synth_Country/TREx/P1001.jsonl
19211,President of Armenia is a legal term in [MASK] .,Armenia,synth_Country/TREx/P1001.jsonl
19217,Chicago Police Department is a legal term in [MASK] .,Chicago,synth_Country/TREx/P1001.jsonl
19255,president of Germany is a legal term in [MASK] .,Germany,synth_Country/TREx/P1001.jsonl
19262,Defence Minister of Denmark is a legal term in [MASK] .,Denmark,synth_Country/TREx/P1001.jsonl
19270,Lieutenant Governor of Ontario is a legal term in [MASK] .,Ontario,synth_Country/TREx/P1001.jsonl
19289,O'Brien dynasty is a legal term in [MASK] .,Munster,synth_Country/TREx/P1001.jsonl
19290,National Assembly is a legal term in [MASK] .,Bulgarian,synth_Country/TREx/P1001.jsonl
19303,Supreme Administrative Court of Finland is a legal term in [MASK] .,Finland,synth_Country/TREx/P1001.jsonl
19315,Illinois Attorney General is a legal term in [MASK] .,Illinois,synth_Country/TREx/P1001.jsonl
19326,Maharaja is a legal term in [MASK] .,India,synth_Country/TREx/P1001.jsonl
19355,Landtag of Bavaria is a legal term in [MASK] .,Bavaria,synth_Country/TREx/P1001.jsonl
19443,Ohio Senate is a legal term in [MASK] .,Ohio,synth_Country/TREx/P1001.jsonl
19497,Senate of Virginia is a legal term in [MASK] .,Virginia,synth_Country/TREx/P1001.jsonl
19521,Texas Senate is a legal term in [MASK] .,Texas,synth_Country/TREx/P1001.jsonl
19573,Virginia General Assembly is a legal term in [MASK] .,Virginia,synth_Country/TREx/P1001.jsonl
19639,Cabinet of Israel is a legal term in [MASK] .,Israel,synth_Country/TREx/P1001.jsonl
19650,Roman-Dutch law is a legal term in [MASK] .,Netherlands,synth_Country/TREx/P1001.jsonl
19671,Arkansas Senate is a legal term in [MASK] .,Arkansas,synth_Country/TREx/P1001.jsonl
19691,Delaware Senate is a legal term in [MASK] .,Delaware,synth_Country/TREx/P1001.jsonl
19846,Alaska Senate is a legal term in [MASK] .,Alaska,synth_Country/TREx/P1001.jsonl
19868,Nevada Assembly is a legal term in [MASK] .,Nevada,synth_Country/TREx/P1001.jsonl
19875,Aberdeen City Council is a legal term in [MASK] .,Aberdeen,synth_Country/TREx/P1001.jsonl
19886,Mayor of Montreal is a legal term in [MASK] .,Montreal,synth_Country/TREx/P1001.jsonl
19992,Government of Macau is a legal term in [MASK] .,Macau,synth_Country/TREx/P1001.jsonl
20001,Colorado Senate is a legal term in [MASK] .,Colorado,synth_Country/TREx/P1001.jsonl
20025,Indian Act is a legal term in [MASK] .,Canada,synth_Country/TREx/P1001.jsonl
20057,Nottingham City Council is a legal term in [MASK] .,Nottingham,synth_Country/TREx/P1001.jsonl
20071,Massachusetts Attorney General is a legal term in [MASK] .,Massachusetts,synth_Country/TREx/P1001.jsonl
20117,Michigan Department of Transportation is a legal term in [MASK] .,Michigan,synth_Country/TREx/P1001.jsonl
20168,Parliament of Tasmania is a legal term in [MASK] .,Tasmania,synth_Country/TREx/P1001.jsonl
20173,Lieutenant Governor of Kentucky is a legal term in [MASK] .,Kentucky,synth_Country/TREx/P1001.jsonl
20271,Comptroller of Maryland is a legal term in [MASK] .,Maryland,synth_Country/TREx/P1001.jsonl
20299,Scottish Prison Service is a legal term in [MASK] .,Scotland,synth_Country/TREx/P1001.jsonl
20306,Federal Circuit Court of Australia is a legal term in [MASK] .,Australia,synth_Country/TREx/P1001.jsonl
20328,Boston City Council is a legal term in [MASK] .,Boston,synth_Country/TREx/P1001.jsonl
20361,Prime Minister of Belgium is a legal term in [MASK] .,Belgian,synth_Country/TREx/P1001.jsonl
20365,Associate Justice of the Supreme Court of the Philippines is a legal term in [MASK] .,Philippines,synth_Country/TREx/P1001.jsonl
20424,Colorado General Assembly is a legal term in [MASK] .,Colorado,synth_Country/TREx/P1001.jsonl
20445,association without lucrative purpose is a legal term in [MASK] .,Belgium,synth_Country/TREx/P1001.jsonl
20470,Prime Minister of Sweden is a legal term in [MASK] .,Swedish,synth_Country/TREx/P1001.jsonl
20474,Berlin Police is a legal term in [MASK] .,Berlin,synth_Country/TREx/P1001.jsonl
20482,Himno de Riego is a legal term in [MASK] .,Spain,synth_Country/TREx/P1001.jsonl
20483,Vice President of the Republic of China is a legal term in [MASK] .,Taiwan,synth_Country/TREx/P1001.jsonl
20486,Civil Marriage Act is a legal term in [MASK] .,Canada,synth_Country/TREx/P1001.jsonl
20501,Deputy Prime Minister of Canada is a legal term in [MASK] .,Canadian,synth_Country/TREx/P1001.jsonl
20506,Pennsylvania House of Representatives is a legal term in [MASK] .,Pennsylvania,synth_Country/TREx/P1001.jsonl
20512,Deputy Prime Minister of Turkey is a legal term in [MASK] .,Turkey,synth_Country/TREx/P1001.jsonl
20518,Education Scotland is a legal term in [MASK] .,Scotland,synth_Country/TREx/P1001.jsonl
20523,official party status is a legal term in [MASK] .,Canadian,synth_Country/TREx/P1001.jsonl
20533,Tasmanian Legislative Council is a legal term in [MASK] .,Tasmania,synth_Country/TREx/P1001.jsonl
20561,Minister of National Revenue is a legal term in [MASK] .,Canada,synth_Country/TREx/P1001.jsonl
20566,Constitution of Massachusetts is a legal term in [MASK] .,Massachusetts,synth_Country/TREx/P1001.jsonl
20568,Lieutenant Governor of Virginia is a legal term in [MASK] .,Virginia,synth_Country/TREx/P1001.jsonl
20587,Abgeordnetenhaus of Berlin is a legal term in [MASK] .,Berlin,synth_Country/TREx/P1001.jsonl
20609,Prime Minister of Thailand is a legal term in [MASK] .,Thailand,synth_Country/TREx/P1001.jsonl
20616,Prime Minister of Hungary is a legal term in [MASK] .,Hungary,synth_Country/TREx/P1001.jsonl
20620,French National Assembly is a legal term in [MASK] .,France,synth_Country/TREx/P1001.jsonl
20656,Safe Streets Act is a legal term in [MASK] .,Ontario,synth_Country/TREx/P1001.jsonl
20660,Ontario Superior Court of Justice is a legal term in [MASK] .,Ontario,synth_Country/TREx/P1001.jsonl
20674,President of Nicaragua is a legal term in [MASK] .,Nicaragua,synth_Country/TREx/P1001.jsonl
20676,Utah State Senate is a legal term in [MASK] .,Utah,synth_Country/TREx/P1001.jsonl
20701,Montana Senate is a legal term in [MASK] .,Montana,synth_Country/TREx/P1001.jsonl
20731,Minister of External Affairs is a legal term in [MASK] .,India,synth_Country/TREx/P1001.jsonl
20737,Lieutenant Governor of Louisiana is a legal term in [MASK] .,Louisiana,synth_Country/TREx/P1001.jsonl
20746,Prime Minister of Turkey is a legal term in [MASK] .,Turkey,synth_Country/TREx/P1001.jsonl
20751,Hamburg Parliament is a legal term in [MASK] .,Hamburg,synth_Country/TREx/P1001.jsonl
20785,Government of Queensland is a legal term in [MASK] .,Queensland,synth_Country/TREx/P1001.jsonl
20834,Kentucky Senate is a legal term in [MASK] .,Kentucky,synth_Country/TREx/P1001.jsonl
20854,National Security Guard is a legal term in [MASK] .,India,synth_Country/TREx/P1001.jsonl
20862,Kentucky House of Representatives is a legal term in [MASK] .,Kentucky,synth_Country/TREx/P1001.jsonl
20894,Hellenic Parliament is a legal term in [MASK] .,Greece,synth_Country/TREx/P1001.jsonl
20928,Solicitor-General for Ireland is a legal term in [MASK] .,Ireland,synth_Country/TREx/P1001.jsonl
20997,President of Kazakhstan is a legal term in [MASK] .,Kazakhstan,synth_Country/TREx/P1001.jsonl
21003,Reinfeldt Cabinet is a legal term in [MASK] .,Sweden,synth_Country/TREx/P1001.jsonl
21004,Texas Highway Patrol is a legal term in [MASK] .,Texas,synth_Country/TREx/P1001.jsonl
21008,Wyoming Senate is a legal term in [MASK] .,Wyoming,synth_Country/TREx/P1001.jsonl
21024,Prime Minister of Russia is a legal term in [MASK] .,Russia,synth_Country/TREx/P1001.jsonl
21025,Arizona House of Representatives is a legal term in [MASK] .,Arizona,synth_Country/TREx/P1001.jsonl
21037,Legislative Assembly of Ontario is a legal term in [MASK] .,Ontario,synth_Country/TREx/P1001.jsonl
21123,Iowa Senate is a legal term in [MASK] .,Iowa,synth_Country/TREx/P1001.jsonl
21187,Solicitor General for Scotland is a legal term in [MASK] .,Scotland,synth_Country/TREx/P1001.jsonl
21211,Prime Minister of Denmark is a legal term in [MASK] .,Denmark,synth_Country/TREx/P1001.jsonl
21230,flag of Singapore is a legal term in [MASK] .,Singapore,synth_Country/TREx/P1001.jsonl
21240,President of Greece is a legal term in [MASK] .,Greek,synth_Country/TREx/P1001.jsonl
21243,Senate is a legal term in [MASK] .,France,synth_Country/TREx/P1001.jsonl
21272,Speaker of the House of Representatives of the Philippines is a legal term in [MASK] .,Philippines,synth_Country/TREx/P1001.jsonl
21289,Prime Minister of Ukraine is a legal term in [MASK] .,Ukraine,synth_Country/TREx/P1001.jsonl
21309,Minister-President of Flanders is a legal term in [MASK] .,Flanders,synth_Country/TREx/P1001.jsonl
21315,President of the Executive Yuan is a legal term in [MASK] .,Taiwan,synth_Country/TREx/P1001.jsonl
21327,Vice-Chancellor of Austria is a legal term in [MASK] .,Austria,synth_Country/TREx/P1001.jsonl
21342,Mossos d'Esquadra is a legal term in [MASK] .,Catalonia,synth_Country/TREx/P1001.jsonl
21347,flag of Russia is a legal term in [MASK] .,Russia,synth_Country/TREx/P1001.jsonl
21351,Arkansas Attorney General is a legal term in [MASK] .,Arkansas,synth_Country/TREx/P1001.jsonl
21358,Constitution of Arkansas is a legal term in [MASK] .,Arkansas,synth_Country/TREx/P1001.jsonl
21362,President of Chile is a legal term in [MASK] .,Chile,synth_Country/TREx/P1001.jsonl
21368,flag of Canada is a legal term in [MASK] .,Canada,synth_Country/TREx/P1001.jsonl
21386,Lieutenant Governor of Alberta is a legal term in [MASK] .,Alberta,synth_Country/TREx/P1001.jsonl
21395,Constitution of Alabama is a legal term in [MASK] .,Alabama,synth_Country/TREx/P1001.jsonl
21397,Alabama Senate is a legal term in [MASK] .,Alabama,synth_Country/TREx/P1001.jsonl
21423,Nebraska Legislature is a legal term in [MASK] .,Nebraska,synth_Country/TREx/P1001.jsonl
21475,National Native Title Tribunal is a legal term in [MASK] .,Australia,synth_Country/TREx/P1001.jsonl
21481,Attorney General of Alabama is a legal term in [MASK] .,Alabama,synth_Country/TREx/P1001.jsonl
21495,Prime Minister of Spain is a legal term in [MASK] .,Spain,synth_Country/TREx/P1001.jsonl
21500,Michigan Attorney General is a legal term in [MASK] .,Michigan,synth_Country/TREx/P1001.jsonl
21503,Companies' Creditors Arrangement Act is a legal term in [MASK] .,Canada,synth_Country/TREx/P1001.jsonl
21526,Secretariat of Social Development is a legal term in [MASK] .,Mexico,synth_Country/TREx/P1001.jsonl
21528,President of the Senate of the Philippines is a legal term in [MASK] .,Philippines,synth_Country/TREx/P1001.jsonl
21535,Wisconsin Supreme Court is a legal term in [MASK] .,Wisconsin,synth_Country/TREx/P1001.jsonl
21550,Senate of Poland is a legal term in [MASK] .,Poland,synth_Country/TREx/P1001.jsonl
21556,Belarusian Orthodox Church is a legal term in [MASK] .,Belarusian,synth_Country/TREx/P1001.jsonl
21587,Maryland House of Delegates is a legal term in [MASK] .,Maryland,synth_Country/TREx/P1001.jsonl
21596,President of Romania is a legal term in [MASK] .,Romania,synth_Country/TREx/P1001.jsonl
21608,Oregon Attorney General is a legal term in [MASK] .,Oregon,synth_Country/TREx/P1001.jsonl
21612,Prime Minister of Malaysia is a legal term in [MASK] .,Malaysia,synth_Country/TREx/P1001.jsonl
21621,President of Egypt is a legal term in [MASK] .,Egypt,synth_Country/TREx/P1001.jsonl
21643,National Police Corps of Spain is a legal term in [MASK] .,Spain,synth_Country/TREx/P1001.jsonl
21653,Indonesian nationality law is a legal term in [MASK] .,Indonesia,synth_Country/TREx/P1001.jsonl
21654,Governor of Virginia is a legal term in [MASK] .,Virginia,synth_Country/TREx/P1001.jsonl
21664,War Measures Act is a legal term in [MASK] .,Canada,synth_Country/TREx/P1001.jsonl
21678,Constitution of Nevada is a legal term in [MASK] .,Nevada,synth_Country/TREx/P1001.jsonl
21680,Constitution of Montana is a legal term in [MASK] .,Montana,synth_Country/TREx/P1001.jsonl
21682,Japanese nationality law is a legal term in [MASK] .,Japan,synth_Country/TREx/P1001.jsonl
21689,President of Algeria is a legal term in [MASK] .,Algeria,synth_Country/TREx/P1001.jsonl
21691,Governing Mayor of Berlin is a legal term in [MASK] .,Berlin,synth_Country/TREx/P1001.jsonl
21693,Council of States of Switzerland is a legal term in [MASK] .,Switzerland,synth_Country/TREx/P1001.jsonl
21696,Australian Federal Police is a legal term in [MASK] .,Australia,synth_Country/TREx/P1001.jsonl
21716,flag of Jamaica is a legal term in [MASK] .,Jamaica,synth_Country/TREx/P1001.jsonl
21717,flag of Argentina is a legal term in [MASK] .,Argentina,synth_Country/TREx/P1001.jsonl
21719,etat is a legal term in [MASK] .,Norway,synth_Country/TREx/P1001.jsonl
21728,Constitution of California is a legal term in [MASK] .,California,synth_Country/TREx/P1001.jsonl
21756,Ephor is a legal term in [MASK] .,Sparta,synth_Country/TREx/P1001.jsonl
21785,President of Nigeria is a legal term in [MASK] .,Nigeria,synth_Country/TREx/P1001.jsonl
21788,Lipton is a legal term in [MASK] .,Scottish,synth_Country/TREx/P1001.jsonl
21789,Indiana Senate is a legal term in [MASK] .,Indiana,synth_Country/TREx/P1001.jsonl
21809,Louisiana State Legislature is a legal term in [MASK] .,Louisiana,synth_Country/TREx/P1001.jsonl
21850,Gayssot Act is a legal term in [MASK] .,France,synth_Country/TREx/P1001.jsonl
21852,Maryland General Assembly is a legal term in [MASK] .,Maryland,synth_Country/TREx/P1001.jsonl
21885,flag of Norway is a legal term in [MASK] .,Norway,synth_Country/TREx/P1001.jsonl
21888,Texas Attorney General is a legal term in [MASK] .,Texas,synth_Country/TREx/P1001.jsonl
21900,German Renewable Energy Act is a legal term in [MASK] .,Germany,synth_Country/TREx/P1001.jsonl
21907,Utah State Legislature is a legal term in [MASK] .,Utah,synth_Country/TREx/P1001.jsonl
21920,Constitution of Indiana is a legal term in [MASK] .,Indiana,synth_Country/TREx/P1001.jsonl
21925,Christchurch City Council is a legal term in [MASK] .,Christchurch,synth_Country/TREx/P1001.jsonl
21937,Surname Law is a legal term in [MASK] .,Turkey,synth_Country/TREx/P1001.jsonl
21940,Governor of Michigan is a legal term in [MASK] .,Michigan,synth_Country/TREx/P1001.jsonl
21952,Constitution of Sweden is a legal term in [MASK] .,Sweden,synth_Country/TREx/P1001.jsonl
21962,Government of Serbia is a legal term in [MASK] .,Serbia,synth_Country/TREx/P1001.jsonl
21966,Connecticut General Assembly is a legal term in [MASK] .,Connecticut,synth_Country/TREx/P1001.jsonl
21984,Constitution of Arizona is a legal term in [MASK] .,Arizona,synth_Country/TREx/P1001.jsonl
21992,Missouri Attorney General is a legal term in [MASK] .,Missouri,synth_Country/TREx/P1001.jsonl
21997,Houston City Council is a legal term in [MASK] .,Houston,synth_Country/TREx/P1001.jsonl
22012,Ministry of Health and Social Affairs is a legal term in [MASK] .,Sweden,synth_Country/TREx/P1001.jsonl
22014,Crimes Act 1914 is a legal term in [MASK] .,Australia,synth_Country/TREx/P1001.jsonl
22016,Heritage Railway Stations Protection Act is a legal term in [MASK] .,Canada,synth_Country/TREx/P1001.jsonl
22019,Edmonton City Council is a legal term in [MASK] .,Edmonton,synth_Country/TREx/P1001.jsonl
22040,Mississippi State Senate is a legal term in [MASK] .,Mississippi,synth_Country/TREx/P1001.jsonl
22047,Alaska Attorney General is a legal term in [MASK] .,Alaska,synth_Country/TREx/P1001.jsonl
22051,Pennsylvania Attorney General is a legal term in [MASK] .,Pennsylvania,synth_Country/TREx/P1001.jsonl
22059,Indiana Attorney General is a legal term in [MASK] .,Indiana,synth_Country/TREx/P1001.jsonl
22061,Allied Command Transformation is a legal term in [MASK] .,NATO,synth_Country/TREx/P1001.jsonl
22084,president of Tajikistan is a legal term in [MASK] .,Tajikistan,synth_Country/TREx/P1001.jsonl
22086,Speaker of the Pennsylvania House of Representatives is a legal term in [MASK] .,Pennsylvania,synth_Country/TREx/P1001.jsonl
22087,Kiev City Council is a legal term in [MASK] .,Kiev,synth_Country/TREx/P1001.jsonl
22103,Bankruptcy and Insolvency Act is a legal term in [MASK] .,Canada,synth_Country/TREx/P1001.jsonl
22115,Helsinki City Council is a legal term in [MASK] .,Helsinki,synth_Country/TREx/P1001.jsonl
22117,Attorney General of California is a legal term in [MASK] .,California,synth_Country/TREx/P1001.jsonl
22173,Congress of Deputies is a legal term in [MASK] .,Spain,synth_Country/TREx/P1001.jsonl
22180,emperor of Japan is a legal term in [MASK] .,Japan,synth_Country/TREx/P1001.jsonl
22195,Idaho Transportation Department is a legal term in [MASK] .,Idaho,synth_Country/TREx/P1001.jsonl
22203,Competition Act is a legal term in [MASK] .,Canada,synth_Country/TREx/P1001.jsonl
22204,Controlled Drugs and Substances Act is a legal term in [MASK] .,Canada,synth_Country/TREx/P1001.jsonl
22205,Gerousia is a legal term in [MASK] .,Spartan,synth_Country/TREx/P1001.jsonl
22215,Arizona Senate is a legal term in [MASK] .,Arizona,synth_Country/TREx/P1001.jsonl
22225,urban agglomeration in Québec is a legal term in [MASK] .,Quebec,synth_Country/TREx/P1001.jsonl
22242,De Vlaamse Leeuw is a legal term in [MASK] .,Flanders,synth_Country/TREx/P1001.jsonl
22243,Chapter III Court is a legal term in [MASK] .,Australia,synth_Country/TREx/P1001.jsonl
22244,Lieutenant Governor of Pennsylvania is a legal term in [MASK] .,Pennsylvania,synth_Country/TREx/P1001.jsonl
22253,Sarpanch is a legal term in [MASK] .,India,synth_Country/TREx/P1001.jsonl
22275,President of Azerbaijan is a legal term in [MASK] .,Azerbaijan,synth_Country/TREx/P1001.jsonl
22279,Senate of Nigeria is a legal term in [MASK] .,Nigeria,synth_Country/TREx/P1001.jsonl
22285,Baltimore City Council is a legal term in [MASK] .,Baltimore,synth_Country/TREx/P1001.jsonl
22297,President of India is a legal term in [MASK] .,India,synth_Country/TREx/P1001.jsonl
22300,Assembly Commission is a legal term in [MASK] .,Wales,synth_Country/TREx/P1001.jsonl
22312,President of Estonia is a legal term in [MASK] .,Estonian,synth_Country/TREx/P1001.jsonl
22315,HADOPI law is a legal term in [MASK] .,France,synth_Country/TREx/P1001.jsonl
22317,Maharashtra Legislative Assembly is a legal term in [MASK] .,Maharashtra,synth_Country/TREx/P1001.jsonl
22498,Vice President of Nigeria is a legal term in [MASK] .,Nigeria,synth_Country/TREx/P1001.jsonl
22509,Constitution of Brazil is a legal term in [MASK] .,Brazil,synth_Country/TREx/P1001.jsonl
22515,region or constituency of the Scottish Parliament is a legal term in [MASK] .,Scotland,synth_Country/TREx/P1001.jsonl
22547,Saskatchewan Act is a legal term in [MASK] .,Canadian,synth_Country/TREx/P1001.jsonl
22552,Derby City Council is a legal term in [MASK] .,Derby,synth_Country/TREx/P1001.jsonl
22558,Yukon Legislative Assembly is a legal term in [MASK] .,Yukon,synth_Country/TREx/P1001.jsonl
22581,flag of California is a legal term in [MASK] .,California,synth_Country/TREx/P1001.jsonl
22585,flag of Scotland is a legal term in [MASK] .,Scotland,synth_Country/TREx/P1001.jsonl
22589,Independent Administrative Institution is a legal term in [MASK] .,Japan,synth_Country/TREx/P1001.jsonl
22612,Tennessee Attorney General is a legal term in [MASK] .,Tennessee,synth_Country/TREx/P1001.jsonl
22614,Governor of Oregon is a legal term in [MASK] .,Oregon,synth_Country/TREx/P1001.jsonl
22620,flag of Lithuania is a legal term in [MASK] .,Lithuania,synth_Country/TREx/P1001.jsonl
22622,Riga City Council is a legal term in [MASK] .,Riga,synth_Country/TREx/P1001.jsonl
22629,Vidovdan is a legal term in [MASK] .,Serbia,synth_Country/TREx/P1001.jsonl
22631,Constitution of Louisiana is a legal term in [MASK] .,Louisiana,synth_Country/TREx/P1001.jsonl
22645,Canada Business Corporations Act is a legal term in [MASK] .,Canada,synth_Country/TREx/P1001.jsonl
22648,Marshal of the Sejm is a legal term in [MASK] .,Poland,synth_Country/TREx/P1001.jsonl
22650,limited liability company is a legal term in [MASK] .,Serbia,synth_Country/TREx/P1001.jsonl
22654,flag of Bulgaria is a legal term in [MASK] .,Bulgaria,synth_Country/TREx/P1001.jsonl
22656,Governor of Nebraska is a legal term in [MASK] .,Nebraska,synth_Country/TREx/P1001.jsonl
22659,Minneapolis Police Department is a legal term in [MASK] .,Minneapolis,synth_Country/TREx/P1001.jsonl
22664,Attorney General of Kentucky is a legal term in [MASK] .,Kentucky,synth_Country/TREx/P1001.jsonl
22673,Detroit City Council is a legal term in [MASK] .,Detroit,synth_Country/TREx/P1001.jsonl
22685,Legislative Council of Quebec is a legal term in [MASK] .,Quebec,synth_Country/TREx/P1001.jsonl
22690,President of Iraq is a legal term in [MASK] .,Iraq,synth_Country/TREx/P1001.jsonl
22691,flag of Turkey is a legal term in [MASK] .,Turkey,synth_Country/TREx/P1001.jsonl
22695,Nevada Senate is a legal term in [MASK] .,Nevada,synth_Country/TREx/P1001.jsonl
22702,flag of Malaysia is a legal term in [MASK] .,Malaysia,synth_Country/TREx/P1001.jsonl
22706,flag of Belarus is a legal term in [MASK] .,Belarus,synth_Country/TREx/P1001.jsonl
22714,Irish Trade Union Congress is a legal term in [MASK] .,Ireland,synth_Country/TREx/P1001.jsonl
22722,Ministry of Internal Affairs of Ukraine is a legal term in [MASK] .,Ukraine,synth_Country/TREx/P1001.jsonl
22723,Clarity Act is a legal term in [MASK] .,Canada,synth_Country/TREx/P1001.jsonl
22730,Gujarat Legislative Assembly is a legal term in [MASK] .,Gujarat,synth_Country/TREx/P1001.jsonl
22898,Provincial Court of Manitoba is a legal term in [MASK] .,Manitoba,synth_Country/TREx/P1001.jsonl
22902,flag of Cuba is a legal term in [MASK] .,Cuba,synth_Country/TREx/P1001.jsonl
22903,Seattle City Council is a legal term in [MASK] .,Seattle,synth_Country/TREx/P1001.jsonl
22914,Provincial Court of Saskatchewan is a legal term in [MASK] .,Saskatchewan,synth_Country/TREx/P1001.jsonl
22915,Cabinet of the Federal Republic of Germany is a legal term in [MASK] .,Germany,synth_Country/TREx/P1001.jsonl
22924,Ministry of Foreign Affairs of Poland is a legal term in [MASK] .,Poland,synth_Country/TREx/P1001.jsonl
22927,Kansas Attorney General is a legal term in [MASK] .,Kansas,synth_Country/TREx/P1001.jsonl
22930,Florida Attorney General is a legal term in [MASK] .,Florida,synth_Country/TREx/P1001.jsonl
22939,Agriculture and Agri-Food Canada is a legal term in [MASK] .,Canada,synth_Country/TREx/P1001.jsonl
22940,Gibraltar Parliament is a legal term in [MASK] .,Gibraltar,synth_Country/TREx/P1001.jsonl
22951,flag of Vietnam is a legal term in [MASK] .,Vietnam,synth_Country/TREx/P1001.jsonl
22952,flag of Bolivia is a legal term in [MASK] .,Bolivia,synth_Country/TREx/P1001.jsonl
22953,Alberta Act is a legal term in [MASK] .,Canada,synth_Country/TREx/P1001.jsonl
22959,Western Canada Concept is a legal term in [MASK] .,Canadian,synth_Country/TREx/P1001.jsonl
22973,Hogmanay is a legal term in [MASK] .,Scotland,synth_Country/TREx/P1001.jsonl
22976,flag of India is a legal term in [MASK] .,India,synth_Country/TREx/P1001.jsonl
22987,Constitution of Alaska is a legal term in [MASK] .,Alaska,synth_Country/TREx/P1001.jsonl
22993,registered association is a legal term in [MASK] .,Germany,synth_Country/TREx/P1001.jsonl
22996,council of Paris is a legal term in [MASK] .,Paris,synth_Country/TREx/P1001.jsonl
23000,Government of Spain is a legal term in [MASK] .,Spain,synth_Country/TREx/P1001.jsonl
23003,"Uganda Anti-Homosexuality Act, 2014 is a legal term in [MASK] .",Uganda,synth_Country/TREx/P1001.jsonl
23007,Reference re Secession of Quebec is a legal term in [MASK] .,Canada,synth_Country/TREx/P1001.jsonl
23008,Mauritius Police Force is a legal term in [MASK] .,Mauritius,synth_Country/TREx/P1001.jsonl
23011,President of Turkey is a legal term in [MASK] .,Turkish,synth_Country/TREx/P1001.jsonl
23016,helseforetak is a legal term in [MASK] .,Norway,synth_Country/TREx/P1001.jsonl
23027,Federal Ministry of Education and Research is a legal term in [MASK] .,Germany,synth_Country/TREx/P1001.jsonl
23031,Solberg's Cabinet is a legal term in [MASK] .,Norwegian,synth_Country/TREx/P1001.jsonl
23032,President of Kenya is a legal term in [MASK] .,Kenya,synth_Country/TREx/P1001.jsonl
23034,Minister for Foreign Affairs is a legal term in [MASK] .,Japan,synth_Country/TREx/P1001.jsonl
23038,1905 French law on the Separation of the Churches and the State is a legal term in [MASK] .,France,synth_Country/TREx/P1001.jsonl
23039,Swiss Civil Code is a legal term in [MASK] .,Switzerland,synth_Country/TREx/P1001.jsonl
23046,bachelor's degree is a legal term in [MASK] .,Canada,synth_Country/TREx/P1001.jsonl
23049,Macanese pataca is a legal term in [MASK] .,Macau,synth_Country/TREx/P1001.jsonl
23077,Prime Minister of Bulgaria is a legal term in [MASK] .,Bulgaria,synth_Country/TREx/P1001.jsonl
23083,Minister for Foreign Affairs of Sweden is a legal term in [MASK] .,Sweden,synth_Country/TREx/P1001.jsonl
23084,National Council of the Slovak Republic is a legal term in [MASK] .,Slovakia,synth_Country/TREx/P1001.jsonl
23091,flag of Indiana is a legal term in [MASK] .,Indiana,synth_Country/TREx/P1001.jsonl
23095,Prime Minister of Bangladesh is a legal term in [MASK] .,Bangladesh,synth_Country/TREx/P1001.jsonl
23097,flag of Monaco is a legal term in [MASK] .,Monaco,synth_Country/TREx/P1001.jsonl
23098,mayor of Boston is a legal term in [MASK] .,Boston,synth_Country/TREx/P1001.jsonl
23100,Legislative Assembly of Macau is a legal term in [MASK] .,Macau,synth_Country/TREx/P1001.jsonl
23102,India–Pakistan border is a legal term in [MASK] .,India,synth_Country/TREx/P1001.jsonl
23104,Defence Minister of Nigeria is a legal term in [MASK] .,Nigeria,synth_Country/TREx/P1001.jsonl
23110,prefect is a legal term in [MASK] .,French,synth_Country/TREx/P1001.jsonl
23111,Canada Marine Act is a legal term in [MASK] .,Canada,synth_Country/TREx/P1001.jsonl
23121,Canada Wildlife Act is a legal term in [MASK] .,Canada,synth_Country/TREx/P1001.jsonl
23124,Canadian Wildlife Service is a legal term in [MASK] .,Canada,synth_Country/TREx/P1001.jsonl
23133,flag of Somalia is a legal term in [MASK] .,Somalia,synth_Country/TREx/P1001.jsonl
23139,Canada Elections Act is a legal term in [MASK] .,Canada,synth_Country/TREx/P1001.jsonl
23148,Prime Minister of Fiji is a legal term in [MASK] .,Fiji,synth_Country/TREx/P1001.jsonl
23151,35-hour workweek is a legal term in [MASK] .,France,synth_Country/TREx/P1001.jsonl
23156,President of Argentina is a legal term in [MASK] .,Argentina,synth_Country/TREx/P1001.jsonl
23160,President of Israel is a legal term in [MASK] .,Israel,synth_Country/TREx/P1001.jsonl
23181,President of Indonesia is a legal term in [MASK] .,Indonesia,synth_Country/TREx/P1001.jsonl
23184,Government of Moscow is a legal term in [MASK] .,Moscow,synth_Country/TREx/P1001.jsonl
23196,Moscow City Duma is a legal term in [MASK] .,Moscow,synth_Country/TREx/P1001.jsonl
23202,Ministry of Foreign Affairs of Japan is a legal term in [MASK] .,Japan,synth_Country/TREx/P1001.jsonl
23204,urban district is a legal term in [MASK] .,Ireland,synth_Country/TREx/P1001.jsonl
23205,President of the Republic of China is a legal term in [MASK] .,Taiwan,synth_Country/TREx/P1001.jsonl
23208,Assembly of the Republic of Kosovo is a legal term in [MASK] .,Kosovo,synth_Country/TREx/P1001.jsonl
23212,Edwards v Canada (Attorney General) is a legal term in [MASK] .,Canada,synth_Country/TREx/P1001.jsonl
23218,Section Fifteen of the Canadian Charter of Rights and Freedoms is a legal term in [MASK] .,Canadian,synth_Country/TREx/P1001.jsonl
23225,Ministerium is a legal term in [MASK] .,Germany,synth_Country/TREx/P1001.jsonl
23226,Minneapolis City Council is a legal term in [MASK] .,Minneapolis,synth_Country/TREx/P1001.jsonl
23235,Parliament of the Republic of Moldova is a legal term in [MASK] .,Moldova,synth_Country/TREx/P1001.jsonl
23242,Nevada Legislature is a legal term in [MASK] .,Nevada,synth_Country/TREx/P1001.jsonl
23252,Connecticut Attorney General is a legal term in [MASK] .,Connecticut,synth_Country/TREx/P1001.jsonl
23264,President of Montenegro is a legal term in [MASK] .,Montenegro,synth_Country/TREx/P1001.jsonl
23265,liceo scientifico is a legal term in [MASK] .,Italy,synth_Country/TREx/P1001.jsonl
23269,"Criminal Law Amendment Act, 1968-69 is a legal term in [MASK] .",Canadian,synth_Country/TREx/P1001.jsonl
23273,Transport Scotland is a legal term in [MASK] .,Scotland,synth_Country/TREx/P1001.jsonl
23275,Solicitor General of Canada is a legal term in [MASK] .,Canadian,synth_Country/TREx/P1001.jsonl
23280,Tokyo Metropolitan Assembly is a legal term in [MASK] .,Tokyo,synth_Country/TREx/P1001.jsonl
23285,flag of Sweden is a legal term in [MASK] .,Sweden,synth_Country/TREx/P1001.jsonl
23289,Lieutenant Governor of Mississippi is a legal term in [MASK] .,Mississippi,synth_Country/TREx/P1001.jsonl
23290,Stoltenberg's First Cabinet is a legal term in [MASK] .,Norway,synth_Country/TREx/P1001.jsonl
23291,Landtag of Hesse is a legal term in [MASK] .,Hesse,synth_Country/TREx/P1001.jsonl
23296,Landeshauptmann is a legal term in [MASK] .,Austria,synth_Country/TREx/P1001.jsonl
23298,Deputy Prime Minister of Australia is a legal term in [MASK] .,Australia,synth_Country/TREx/P1001.jsonl
23303,Western Independence Party is a legal term in [MASK] .,Canada,synth_Country/TREx/P1001.jsonl
23312,Western Independence Party of Saskatchewan is a legal term in [MASK] .,Saskatchewan,synth_Country/TREx/P1001.jsonl
23314,Atlanta City Council is a legal term in [MASK] .,Atlanta,synth_Country/TREx/P1001.jsonl
23321,Vice-President of Kenya is a legal term in [MASK] .,Kenya,synth_Country/TREx/P1001.jsonl
23325,Wyoming Attorney General is a legal term in [MASK] .,Wyoming,synth_Country/TREx/P1001.jsonl
23327,Barangay Captain is a legal term in [MASK] .,Philippines,synth_Country/TREx/P1001.jsonl
23332,Chamber of Deputies of Italy is a legal term in [MASK] .,Italian,synth_Country/TREx/P1001.jsonl
23335,Constable of Portugal is a legal term in [MASK] .,Portugal,synth_Country/TREx/P1001.jsonl
23342,Prime Minister of Slovenia is a legal term in [MASK] .,Slovenia,synth_Country/TREx/P1001.jsonl
23347,Michigan Supreme Court is a legal term in [MASK] .,Michigan,synth_Country/TREx/P1001.jsonl
23354,Nevada Attorney General is a legal term in [MASK] .,Nevada,synth_Country/TREx/P1001.jsonl
23357,Philippine Constabulary is a legal term in [MASK] .,Philippines,synth_Country/TREx/P1001.jsonl
23364,Finance Secretary of Pakistan is a legal term in [MASK] .,Pakistan,synth_Country/TREx/P1001.jsonl
23365,Bank Act is a legal term in [MASK] .,Canada,synth_Country/TREx/P1001.jsonl
23374,National Assembly of Hungary is a legal term in [MASK] .,Hungary,synth_Country/TREx/P1001.jsonl
23377,Borgarting Court of Appeal is a legal term in [MASK] .,Oslo,synth_Country/TREx/P1001.jsonl
23381,flag of Australia is a legal term in [MASK] .,Australia,synth_Country/TREx/P1001.jsonl
23386,flag of Ukraine is a legal term in [MASK] .,Ukraine,synth_Country/TREx/P1001.jsonl
23390,Rajasthan Legislative Assembly is a legal term in [MASK] .,Rajasthan,synth_Country/TREx/P1001.jsonl
23392,President of Belarus is a legal term in [MASK] .,Belarus,synth_Country/TREx/P1001.jsonl
23404,flag of Haiti is a legal term in [MASK] .,Haiti,synth_Country/TREx/P1001.jsonl
23409,Sandre is a legal term in [MASK] .,France,synth_Country/TREx/P1001.jsonl
23411,President of Vietnam is a legal term in [MASK] .,Vietnam,synth_Country/TREx/P1001.jsonl
23412,Attorney General of Virginia is a legal term in [MASK] .,Virginia,synth_Country/TREx/P1001.jsonl
23419,President of Mongolia is a legal term in [MASK] .,Mongolia,synth_Country/TREx/P1001.jsonl
23425,National Congress of Honduras is a legal term in [MASK] .,Honduras,synth_Country/TREx/P1001.jsonl
23428,Security Council of Russia is a legal term in [MASK] .,Russia,synth_Country/TREx/P1001.jsonl
23430,Ministry of Interior of the Kingdom of Thailand is a legal term in [MASK] .,Thailand,synth_Country/TREx/P1001.jsonl
23434,Tasmanian House of Assembly is a legal term in [MASK] .,Tasmania,synth_Country/TREx/P1001.jsonl
23444,Tanzania Airports Authority is a legal term in [MASK] .,Tanzania,synth_Country/TREx/P1001.jsonl
23445,President of Syria is a legal term in [MASK] .,Syria,synth_Country/TREx/P1001.jsonl
23449,Surgeon General is a legal term in [MASK] .,Canadian,synth_Country/TREx/P1001.jsonl
23450,Minister of National Defence is a legal term in [MASK] .,Canada,synth_Country/TREx/P1001.jsonl
23451,Beattie Ministry is a legal term in [MASK] .,Queensland,synth_Country/TREx/P1001.jsonl
23458,Goss Ministry is a legal term in [MASK] .,Queensland,synth_Country/TREx/P1001.jsonl
23462,Finance Minister of Denmark is a legal term in [MASK] .,Denmark,synth_Country/TREx/P1001.jsonl
23468,President of Kyrgyzstan is a legal term in [MASK] .,Kyrgyzstan,synth_Country/TREx/P1001.jsonl
23469,Social-Economic Council is a legal term in [MASK] .,Netherlands,synth_Country/TREx/P1001.jsonl
23473,Constitution of Hawaii is a legal term in [MASK] .,Hawaii,synth_Country/TREx/P1001.jsonl
23477,Cabinet of Afghanistan is a legal term in [MASK] .,Afghanistan,synth_Country/TREx/P1001.jsonl
23481,About-Picard law is a legal term in [MASK] .,France,synth_Country/TREx/P1001.jsonl
23482,Bavarian Senate is a legal term in [MASK] .,Bavaria,synth_Country/TREx/P1001.jsonl
23486,Falloux Laws is a legal term in [MASK] .,France,synth_Country/TREx/P1001.jsonl
23488,Prime Minister of Jamaica is a legal term in [MASK] .,Jamaica,synth_Country/TREx/P1001.jsonl
23490,Aragonese Corts is a legal term in [MASK] .,Aragon,synth_Country/TREx/P1001.jsonl
23492,Minister of International Trade is a legal term in [MASK] .,Canada,synth_Country/TREx/P1001.jsonl
23493,Court Martial Appeal Court of Canada is a legal term in [MASK] .,Canada,synth_Country/TREx/P1001.jsonl
23496,Ministry of education (France) is a legal term in [MASK] .,France,synth_Country/TREx/P1001.jsonl
23498,Delaware Constitution of 1792 is a legal term in [MASK] .,Delaware,synth_Country/TREx/P1001.jsonl
23499,Hamburg Police is a legal term in [MASK] .,Hamburg,synth_Country/TREx/P1001.jsonl
23503,Mexican coat of arms is a legal term in [MASK] .,Mexican,synth_Country/TREx/P1001.jsonl
23505,Government of Hungary is a legal term in [MASK] .,Hungarian,synth_Country/TREx/P1001.jsonl
23520,Oregon Geographic Names Board is a legal term in [MASK] .,Oregon,synth_Country/TREx/P1001.jsonl
23524,Prime Minister of Finland is a legal term in [MASK] .,Finland,synth_Country/TREx/P1001.jsonl
23525,Sexual Sterilization Act of Alberta is a legal term in [MASK] .,Alberta,synth_Country/TREx/P1001.jsonl
23539,Congress of Guatemala is a legal term in [MASK] .,Guatemala,synth_Country/TREx/P1001.jsonl
23542,Attorney General of Oklahoma is a legal term in [MASK] .,Oklahoma,synth_Country/TREx/P1001.jsonl
23543,Forgan Smith Ministry is a legal term in [MASK] .,Queensland,synth_Country/TREx/P1001.jsonl
23545,Landtag of Saxony is a legal term in [MASK] .,Saxony,synth_Country/TREx/P1001.jsonl
23554,Senate of Berlin is a legal term in [MASK] .,Berlin,synth_Country/TREx/P1001.jsonl
23555,Gair Ministry is a legal term in [MASK] .,Queensland,synth_Country/TREx/P1001.jsonl
23557,Secretaría de Inteligencia is a legal term in [MASK] .,Argentina,synth_Country/TREx/P1001.jsonl
23564,Nicklin Ministry is a legal term in [MASK] .,Queensland,synth_Country/TREx/P1001.jsonl
23566,Prime Minister of Moldova is a legal term in [MASK] .,Moldova,synth_Country/TREx/P1001.jsonl
23567,flag of Finland is a legal term in [MASK] .,Finnish,synth_Country/TREx/P1001.jsonl
23568,Ontario Human Rights Code is a legal term in [MASK] .,Ontario,synth_Country/TREx/P1001.jsonl
23570,Tasmania Police is a legal term in [MASK] .,Tasmania,synth_Country/TREx/P1001.jsonl
23575,vice president of Indonesia is a legal term in [MASK] .,Indonesia,synth_Country/TREx/P1001.jsonl
23580,Assisted Human Reproduction Act is a legal term in [MASK] .,Canada,synth_Country/TREx/P1001.jsonl
23584,Premier of Tasmania is a legal term in [MASK] .,Tasmania,synth_Country/TREx/P1001.jsonl
23588,laurea is a legal term in [MASK] .,Italy,synth_Country/TREx/P1001.jsonl
23595,flag of Croatia is a legal term in [MASK] .,Croatia,synth_Country/TREx/P1001.jsonl
23596,President of Tunisia is a legal term in [MASK] .,Tunisia,synth_Country/TREx/P1001.jsonl
23599,Legislative Assembly of Manitoba is a legal term in [MASK] .,Manitoba,synth_Country/TREx/P1001.jsonl
23600,National Council of Austria is a legal term in [MASK] .,Austria,synth_Country/TREx/P1001.jsonl
23607,President of Finland is a legal term in [MASK] .,Finland,synth_Country/TREx/P1001.jsonl
23610,flag of Albania is a legal term in [MASK] .,Albania,synth_Country/TREx/P1001.jsonl
23612,Parliament of Catalonia is a legal term in [MASK] .,Catalonia,synth_Country/TREx/P1001.jsonl
23618,Oklahoma House of Representatives is a legal term in [MASK] .,Oklahoma,synth_Country/TREx/P1001.jsonl
23619,Afghan Ministry of Defense is a legal term in [MASK] .,Afghan,synth_Country/TREx/P1001.jsonl
23620,flag of Italy is a legal term in [MASK] .,Italy,synth_Country/TREx/P1001.jsonl
23621,Apella is a legal term in [MASK] .,Sparta,synth_Country/TREx/P1001.jsonl
23626,Governor of Hawaii is a legal term in [MASK] .,Hawaii,synth_Country/TREx/P1001.jsonl
23627,flag of Germany is a legal term in [MASK] .,Germany,synth_Country/TREx/P1001.jsonl
23628,Kerala Legislative Assembly is a legal term in [MASK] .,Kerala,synth_Country/TREx/P1001.jsonl
23634,Senate of Chile is a legal term in [MASK] .,Chile,synth_Country/TREx/P1001.jsonl
23641,President of Uzbekistan is a legal term in [MASK] .,Uzbekistan,synth_Country/TREx/P1001.jsonl
23642,States Reorganisation Act is a legal term in [MASK] .,India,synth_Country/TREx/P1001.jsonl
23645,Section 51 of the Constitution of Australia is a legal term in [MASK] .,Australia,synth_Country/TREx/P1001.jsonl
23669,Ministry of Justice is a legal term in [MASK] .,France,synth_Country/TREx/P1001.jsonl
23670,Criminal Justice and Public Order Act 1994 is a legal term in [MASK] .,Scotland,synth_Country/TREx/P1001.jsonl
23671,Canadian Multiculturalism Act is a legal term in [MASK] .,Canada,synth_Country/TREx/P1001.jsonl
23674,non-constituency Member of Parliament is a legal term in [MASK] .,Singapore,synth_Country/TREx/P1001.jsonl
23681,Alabama House of Representatives is a legal term in [MASK] .,Alabama,synth_Country/TREx/P1001.jsonl
23685,Chairman of the Senate of Pakistan is a legal term in [MASK] .,Pakistan,synth_Country/TREx/P1001.jsonl
23686,Federal Ministry for Economic Cooperation and Development is a legal term in [MASK] .,Germany,synth_Country/TREx/P1001.jsonl
23690,Prime Minister of Vietnam is a legal term in [MASK] .,Vietnam,synth_Country/TREx/P1001.jsonl
23693,President of Slovakia is a legal term in [MASK] .,Slovakia,synth_Country/TREx/P1001.jsonl
23695,Directorate-General for External Security is a legal term in [MASK] .,France,synth_Country/TREx/P1001.jsonl
23701,Solicitor-General of Australia is a legal term in [MASK] .,Australia,synth_Country/TREx/P1001.jsonl
23705,President of the Republic of Namibia is a legal term in [MASK] .,Namibia,synth_Country/TREx/P1001.jsonl
23707,President of Yemen is a legal term in [MASK] .,Yemen,synth_Country/TREx/P1001.jsonl
23708,Flag of the Philippines is a legal term in [MASK] .,Philippines,synth_Country/TREx/P1001.jsonl
23713,reference question is a legal term in [MASK] .,Canada,synth_Country/TREx/P1001.jsonl
23729,.de is a legal term in [MASK] .,Germany,synth_Country/TREx/P1001.jsonl
23732,President of Malawi is a legal term in [MASK] .,Malawi,synth_Country/TREx/P1001.jsonl
23733,Lord Mayor of Liverpool is a legal term in [MASK] .,Liverpool,synth_Country/TREx/P1001.jsonl
23734,President of Iran is a legal term in [MASK] .,Iran,synth_Country/TREx/P1001.jsonl
23735,Permanent account number is a legal term in [MASK] .,India,synth_Country/TREx/P1001.jsonl
23741,permanent residency in Canada is a legal term in [MASK] .,Canada,synth_Country/TREx/P1001.jsonl
23747,Telangana High Court is a legal term in [MASK] .,Telangana,synth_Country/TREx/P1001.jsonl
23748,President of Slovenia is a legal term in [MASK] .,Slovenia,synth_Country/TREx/P1001.jsonl
23750,Ceann Comhairle is a legal term in [MASK] .,Ireland,synth_Country/TREx/P1001.jsonl
23753,flag of Pakistan is a legal term in [MASK] .,Pakistan,synth_Country/TREx/P1001.jsonl
23754,Eisenbahn-Bau- und Betriebsordnung is a legal term in [MASK] .,Germany,synth_Country/TREx/P1001.jsonl
23756,Finnish Government is a legal term in [MASK] .,Finland,synth_Country/TREx/P1001.jsonl
23761,Virginia House of Delegates is a legal term in [MASK] .,Virginia,synth_Country/TREx/P1001.jsonl
23762,flydubai is a legal term in [MASK] .,Dubai,synth_Country/TREx/P1001.jsonl
23763,Democratic Constituent Congress is a legal term in [MASK] .,Peru,synth_Country/TREx/P1001.jsonl
23767,Federal Chancellery of Austria is a legal term in [MASK] .,Austria,synth_Country/TREx/P1001.jsonl
23768,Legislature of Manitoba is a legal term in [MASK] .,Manitoba,synth_Country/TREx/P1001.jsonl
23770,flag of Portugal is a legal term in [MASK] .,Portugal,synth_Country/TREx/P1001.jsonl
23772,unitary enterprise is a legal term in [MASK] .,Russia,synth_Country/TREx/P1001.jsonl
23779,Constitution of Uruguay is a legal term in [MASK] .,Uruguay,synth_Country/TREx/P1001.jsonl
23780,Ministry of Foreign Affairs of Ukraine is a legal term in [MASK] .,Ukraine,synth_Country/TREx/P1001.jsonl
23781,Council of Representatives of Iraq is a legal term in [MASK] .,Iraq,synth_Country/TREx/P1001.jsonl
23785,Attorney General of Maryland is a legal term in [MASK] .,Maryland,synth_Country/TREx/P1001.jsonl
23787,Prime Minister of Portugal is a legal term in [MASK] .,Portugal,synth_Country/TREx/P1001.jsonl
23790,Australian Signals Directorate is a legal term in [MASK] .,Australia,synth_Country/TREx/P1001.jsonl
23791,Justice Minister of Denmark is a legal term in [MASK] .,Danish,synth_Country/TREx/P1001.jsonl
23796,Cathaoirleach is a legal term in [MASK] .,Irish,synth_Country/TREx/P1001.jsonl
23804,Newfoundland Act is a legal term in [MASK] .,Canada,synth_Country/TREx/P1001.jsonl
23807,flag of Greece is a legal term in [MASK] .,Greece,synth_Country/TREx/P1001.jsonl
23809,Lieutenant Governor of Arkansas is a legal term in [MASK] .,Arkansas,synth_Country/TREx/P1001.jsonl
23811,Nebraska Attorney General is a legal term in [MASK] .,Nebraska,synth_Country/TREx/P1001.jsonl
23812,Taiwan (ROC) Resident Certificate is a legal term in [MASK] .,Taiwan,synth_Country/TREx/P1001.jsonl
23813,Prime Minister of Serbia is a legal term in [MASK] .,Serbia,synth_Country/TREx/P1001.jsonl
23817,Minister for Justice and Equality is a legal term in [MASK] .,Ireland,synth_Country/TREx/P1001.jsonl
23818,Western Block Party is a legal term in [MASK] .,Canada,synth_Country/TREx/P1001.jsonl
23821,flag of Maryland is a legal term in [MASK] .,Maryland,synth_Country/TREx/P1001.jsonl
23822,Reserved powers doctrine is a legal term in [MASK] .,Australia,synth_Country/TREx/P1001.jsonl
23824,Prime Minister of Egypt is a legal term in [MASK] .,Egypt,synth_Country/TREx/P1001.jsonl
23825,flag of Tibet is a legal term in [MASK] .,Tibet,synth_Country/TREx/P1001.jsonl
23827,Patriation Reference is a legal term in [MASK] .,Canada,synth_Country/TREx/P1001.jsonl
23833,"Canadian Environmental Protection Act, 1999 is a legal term in [MASK] .",Canada,synth_Country/TREx/P1001.jsonl
23835,Premier of Alberta is a legal term in [MASK] .,Alberta,synth_Country/TREx/P1001.jsonl
23837,coat of arms of Quebec is a legal term in [MASK] .,Quebec,synth_Country/TREx/P1001.jsonl
23838,Malayan dollar is a legal term in [MASK] .,Brunei,synth_Country/TREx/P1001.jsonl
23839,Section Seven of the Canadian Charter of Rights and Freedoms is a legal term in [MASK] .,Canada,synth_Country/TREx/P1001.jsonl
23842,Prime Minister of Greece is a legal term in [MASK] .,Greece,synth_Country/TREx/P1001.jsonl
23843,Section Sixteen of the Canadian Charter of Rights and Freedoms is a legal term in [MASK] .,Canadian,synth_Country/TREx/P1001.jsonl
23844,Foreign Minister of Norway is a legal term in [MASK] .,Norway,synth_Country/TREx/P1001.jsonl
23845,Strafgesetzbuch is a legal term in [MASK] .,Germany,synth_Country/TREx/P1001.jsonl
23846,Minister for Foreign Affairs of Finland is a legal term in [MASK] .,Finland,synth_Country/TREx/P1001.jsonl
23847,flag of Mexico is a legal term in [MASK] .,Mexico,synth_Country/TREx/P1001.jsonl
23849,Federal Railway Authority is a legal term in [MASK] .,Germany,synth_Country/TREx/P1001.jsonl
23851,Heritage Lighthouse Protection Act is a legal term in [MASK] .,Canadian,synth_Country/TREx/P1001.jsonl
23852,Canada Labour Code is a legal term in [MASK] .,Canadian,synth_Country/TREx/P1001.jsonl
23853,Frisking is a legal term in [MASK] .,France,synth_Country/TREx/P1001.jsonl
23854,flag of Japan is a legal term in [MASK] .,Japan,synth_Country/TREx/P1001.jsonl
23858,Luftfahrt-Bundesamt is a legal term in [MASK] .,Germany,synth_Country/TREx/P1001.jsonl
23860,Speaker of the National Assembly of Pakistan is a legal term in [MASK] .,Pakistan,synth_Country/TREx/P1001.jsonl
23865,Canada Permanent Resident Card is a legal term in [MASK] .,Canada,synth_Country/TREx/P1001.jsonl
23867,Minister of Foreign Affairs is a legal term in [MASK] .,Egypt,synth_Country/TREx/P1001.jsonl
23868,House of Representatives is a legal term in [MASK] .,Australia,synth_Country/TREx/P1001.jsonl
23869,Armenian Secret Army for the Liberation of Armenia is a legal term in [MASK] .,Europe,synth_Country/TREx/P1001.jsonl
23870,Arizona Attorney General is a legal term in [MASK] .,Arizona,synth_Country/TREx/P1001.jsonl
23872,Section 51(xx) of the Constitution of Australia is a legal term in [MASK] .,Australia,synth_Country/TREx/P1001.jsonl
23874,DADVSI is a legal term in [MASK] .,France,synth_Country/TREx/P1001.jsonl
