,sent,gold,filename
0,Edmonton is the capital of [MASK] .,Alberta,synth_Country/TREx/P1376.jsonl
480,Ankara is the capital of [MASK] .,Turkey,synth_Country/TREx/P1376.jsonl
1112,Amsterdam is the capital of [MASK] .,Netherlands,synth_Country/TREx/P1376.jsonl
2887,Baku is the capital of [MASK] .,Azerbaijan,synth_Country/TREx/P1376.jsonl
3816,Cairo is the capital of [MASK] .,Egypt,synth_Country/TREx/P1376.jsonl
4748,Copenhagen is the capital of [MASK] .,Denmark,synth_Country/TREx/P1376.jsonl
7733,Barcelona is the capital of [MASK] .,Catalonia,synth_Country/TREx/P1376.jsonl
8473,Buenos Aires is the capital of [MASK] .,Argentina,synth_Country/TREx/P1376.jsonl
10858,Munich is the capital of [MASK] .,Bavaria,synth_Country/TREx/P1376.jsonl
11757,Rome is the capital of [MASK] .,Italian,synth_Country/TREx/P1376.jsonl
12976,Algiers is the capital of [MASK] .,Algeria,synth_Country/TREx/P1376.jsonl
13130,Tripoli is the capital of [MASK] .,Libya,synth_Country/TREx/P1376.jsonl
13378,Canberra is the capital of [MASK] .,Australia,synth_Country/TREx/P1376.jsonl
14153,Windhoek is the capital of [MASK] .,Namibia,synth_Country/TREx/P1376.jsonl
14433,Heraklion is the capital of [MASK] .,Crete,synth_Country/TREx/P1376.jsonl
14580,Baghdad is the capital of [MASK] .,Iraq,synth_Country/TREx/P1376.jsonl
15190,Edinburgh is the capital of [MASK] .,Scotland,synth_Country/TREx/P1376.jsonl
17293,Kabul is the capital of [MASK] .,Afghan,synth_Country/TREx/P1376.jsonl
17865,Bonn is the capital of [MASK] .,Germany,synth_Country/TREx/P1376.jsonl
18074,Berlin is the capital of [MASK] .,Germany,synth_Country/TREx/P1376.jsonl
18562,Porto-Novo is the capital of [MASK] .,Benin,synth_Country/TREx/P1376.jsonl
18612,Gaborone is the capital of [MASK] .,Botswana,synth_Country/TREx/P1376.jsonl
18808,Paris is the capital of [MASK] .,France,synth_Country/TREx/P1376.jsonl
20965,Mumbai is the capital of [MASK] .,Maharashtra,synth_Country/TREx/P1376.jsonl
21450,Oslo is the capital of [MASK] .,Norway,synth_Country/TREx/P1376.jsonl
23932,Jerusalem is the capital of [MASK] .,Judah,synth_Country/TREx/P1376.jsonl
23976,Bishkek is the capital of [MASK] .,Kyrgyzstan,synth_Country/TREx/P1376.jsonl
24147,Bucharest is the capital of [MASK] .,Romania,synth_Country/TREx/P1376.jsonl
25962,Beijing is the capital of [MASK] .,Taiwan,synth_Country/TREx/P1376.jsonl
26022,Chongqing is the capital of [MASK] .,Taiwan,synth_Country/TREx/P1376.jsonl
26035,Havana is the capital of [MASK] .,Cuba,synth_Country/TREx/P1376.jsonl
26572,Denver is the capital of [MASK] .,Colorado,synth_Country/TREx/P1376.jsonl
26860,Mogadishu is the capital of [MASK] .,Somali,synth_Country/TREx/P1376.jsonl
27116,Cardiff is the capital of [MASK] .,Wales,synth_Country/TREx/P1376.jsonl
28315,Dublin is the capital of [MASK] .,Ireland,synth_Country/TREx/P1376.jsonl
30773,Tunis is the capital of [MASK] .,Tunisia,synth_Country/TREx/P1376.jsonl
31049,Rio de Janeiro is the capital of [MASK] .,Brazil,synth_Country/TREx/P1376.jsonl
33232,Valletta is the capital of [MASK] .,Malta,synth_Country/TREx/P1376.jsonl
33432,London is the capital of [MASK] .,England,synth_Country/TREx/P1376.jsonl
35223,Rabat is the capital of [MASK] .,Morocco,synth_Country/TREx/P1376.jsonl
35469,Riga is the capital of [MASK] .,Latvia,synth_Country/TREx/P1376.jsonl
36521,Damascus is the capital of [MASK] .,Syria,synth_Country/TREx/P1376.jsonl
37010,Dar es Salaam is the capital of [MASK] .,Tanzania,synth_Country/TREx/P1376.jsonl
37603,Stockholm is the capital of [MASK] .,Sweden,synth_Country/TREx/P1376.jsonl
40411,Helsinki is the capital of [MASK] .,Finland,synth_Country/TREx/P1376.jsonl
42455,Prague is the capital of [MASK] .,Bohemia,synth_Country/TREx/P1376.jsonl
42596,Indianapolis is the capital of [MASK] .,Indiana,synth_Country/TREx/P1376.jsonl
42886,Madrid is the capital of [MASK] .,Spain,synth_Country/TREx/P1376.jsonl
44824,Guatemala City is the capital of [MASK] .,Guatemala,synth_Country/TREx/P1376.jsonl
44991,Warsaw is the capital of [MASK] .,Poland,synth_Country/TREx/P1376.jsonl
46998,Guangzhou is the capital of [MASK] .,Guangdong,synth_Country/TREx/P1376.jsonl
47333,Dresden is the capital of [MASK] .,Saxony,synth_Country/TREx/P1376.jsonl
47504,Port-au-Prince is the capital of [MASK] .,Haiti,synth_Country/TREx/P1376.jsonl
47712,Athens is the capital of [MASK] .,Greece,synth_Country/TREx/P1376.jsonl
48342,Hobart is the capital of [MASK] .,Tasmania,synth_Country/TREx/P1376.jsonl
48719,Tallinn is the capital of [MASK] .,Estonia,synth_Country/TREx/P1376.jsonl
49692,Tokyo is the capital of [MASK] .,Japan,synth_Country/TREx/P1376.jsonl
52483,Vienna is the capital of [MASK] .,Austria,synth_Country/TREx/P1376.jsonl
53041,Ljubljana is the capital of [MASK] .,Slovenia,synth_Country/TREx/P1376.jsonl
54840,Jakarta is the capital of [MASK] .,Indonesia,synth_Country/TREx/P1376.jsonl
55761,Turin is the capital of [MASK] .,Piedmont,synth_Country/TREx/P1376.jsonl
55870,Nairobi is the capital of [MASK] .,Kenya,synth_Country/TREx/P1376.jsonl
56557,Kuala Lumpur is the capital of [MASK] .,Malaysia,synth_Country/TREx/P1376.jsonl
57616,Islamabad is the capital of [MASK] .,Pakistan,synth_Country/TREx/P1376.jsonl
58165,Kathmandu is the capital of [MASK] .,Nepal,synth_Country/TREx/P1376.jsonl
58529,Khartoum is the capital of [MASK] .,Sudan,synth_Country/TREx/P1376.jsonl
58784,Vilnius is the capital of [MASK] .,Lithuania,synth_Country/TREx/P1376.jsonl
59396,Beirut is the capital of [MASK] .,Lebanon,synth_Country/TREx/P1376.jsonl
60369,Lisbon is the capital of [MASK] .,Portugal,synth_Country/TREx/P1376.jsonl
61513,Luanda is the capital of [MASK] .,Angola,synth_Country/TREx/P1376.jsonl
61733,Moscow is the capital of [MASK] .,Russia,synth_Country/TREx/P1376.jsonl
62285,Winnipeg is the capital of [MASK] .,Manitoba,synth_Country/TREx/P1376.jsonl
62827,Lilongwe is the capital of [MASK] .,Malawi,synth_Country/TREx/P1376.jsonl
62901,Mexico City is the capital of [MASK] .,México,synth_Country/TREx/P1376.jsonl
63623,Maputo is the capital of [MASK] .,Mozambique,synth_Country/TREx/P1376.jsonl
63835,Boston is the capital of [MASK] .,Massachusetts,synth_Country/TREx/P1376.jsonl
64491,Ottawa is the capital of [MASK] .,Canada,synth_Country/TREx/P1376.jsonl
66719,Montevideo is the capital of [MASK] .,Uruguay,synth_Country/TREx/P1376.jsonl
67476,Manama is the capital of [MASK] .,Bahrain,synth_Country/TREx/P1376.jsonl
67659,Bangalore is the capital of [MASK] .,Karnataka,synth_Country/TREx/P1376.jsonl
68081,Budapest is the capital of [MASK] .,Hungary,synth_Country/TREx/P1376.jsonl
69955,Tegucigalpa is the capital of [MASK] .,Honduras,synth_Country/TREx/P1376.jsonl
70124,Gandhinagar is the capital of [MASK] .,Gujarat,synth_Country/TREx/P1376.jsonl
70196,Podgorica is the capital of [MASK] .,Montenegro,synth_Country/TREx/P1376.jsonl
70410,Toronto is the capital of [MASK] .,Ontario,synth_Country/TREx/P1376.jsonl
71339,Panama City is the capital of [MASK] .,Panama,synth_Country/TREx/P1376.jsonl
71597,Dakar is the capital of [MASK] .,Senegal,synth_Country/TREx/P1376.jsonl
71935,Lagos is the capital of [MASK] .,Nigeria,synth_Country/TREx/P1376.jsonl
72417,Bangkok is the capital of [MASK] .,Thailand,synth_Country/TREx/P1376.jsonl
73858,Santiago is the capital of [MASK] .,Chile,synth_Country/TREx/P1376.jsonl
74309,New Delhi is the capital of [MASK] .,India,synth_Country/TREx/P1376.jsonl
76030,Belgrade is the capital of [MASK] .,Serbia,synth_Country/TREx/P1376.jsonl
77420,Cagliari is the capital of [MASK] .,Sardinia,synth_Country/TREx/P1376.jsonl
77592,Caracas is the capital of [MASK] .,Venezuela,synth_Country/TREx/P1376.jsonl
78003,Nicosia is the capital of [MASK] .,Cyprus,synth_Country/TREx/P1376.jsonl
78305,Kiev is the capital of [MASK] .,Ukraine,synth_Country/TREx/P1376.jsonl
79461,Taipei is the capital of [MASK] .,Taiwan,synth_Country/TREx/P1376.jsonl
80015,Abuja is the capital of [MASK] .,Nigeria,synth_Country/TREx/P1376.jsonl
80193,Sofia is the capital of [MASK] .,Bulgaria,synth_Country/TREx/P1376.jsonl
81393,Salt Lake City is the capital of [MASK] .,Utah,synth_Country/TREx/P1376.jsonl
81540,Palermo is the capital of [MASK] .,Sicily,synth_Country/TREx/P1376.jsonl
81871,Tehran is the capital of [MASK] .,Iran,synth_Country/TREx/P1376.jsonl
83026,Quebec City is the capital of [MASK] .,Quebec,synth_Country/TREx/P1376.jsonl
83689,Dhaka is the capital of [MASK] .,Bangladesh,synth_Country/TREx/P1376.jsonl
84322,Brisbane is the capital of [MASK] .,Queensland,synth_Country/TREx/P1376.jsonl
85034,Harare is the capital of [MASK] .,Zimbabwe,synth_Country/TREx/P1376.jsonl
85417,Monrovia is the capital of [MASK] .,Liberia,synth_Country/TREx/P1376.jsonl
85510,Bern is the capital of [MASK] .,Swiss,synth_Country/TREx/P1376.jsonl
86028,Addis Ababa is the capital of [MASK] .,Ethiopia,synth_Country/TREx/P1376.jsonl
86278,Zagreb is the capital of [MASK] .,Croatia,synth_Country/TREx/P1376.jsonl
87218,Phnom Penh is the capital of [MASK] .,Cambodia,synth_Country/TREx/P1376.jsonl
87508,Dushanbe is the capital of [MASK] .,Tajikistan,synth_Country/TREx/P1376.jsonl
87662,Lansing is the capital of [MASK] .,Michigan,synth_Country/TREx/P1376.jsonl
87679,Kuching is the capital of [MASK] .,Sarawak,synth_Country/TREx/P1376.jsonl
88356,Westminster is the capital of [MASK] .,England,synth_Country/TREx/P1376.jsonl
88448,Quito is the capital of [MASK] .,Ecuador,synth_Country/TREx/P1376.jsonl
88837,Leicester is the capital of [MASK] .,Leicestershire,synth_Country/TREx/P1376.jsonl
89134,Managua is the capital of [MASK] .,Nicaragua,synth_Country/TREx/P1376.jsonl
89334,Warwick is the capital of [MASK] .,Warwickshire,synth_Country/TREx/P1376.jsonl
89404,Sucre is the capital of [MASK] .,Bolivia,synth_Country/TREx/P1376.jsonl
89508,Honolulu is the capital of [MASK] .,Hawaii,synth_Country/TREx/P1376.jsonl
89717,Vientiane is the capital of [MASK] .,Laos,synth_Country/TREx/P1376.jsonl
89877,Chengdu is the capital of [MASK] .,Sichuan,synth_Country/TREx/P1376.jsonl
90542,Aylesbury is the capital of [MASK] .,Buckinghamshire,synth_Country/TREx/P1376.jsonl
90689,Oxford is the capital of [MASK] .,Oxfordshire,synth_Country/TREx/P1376.jsonl
90767,Chandigarh is the capital of [MASK] .,Haryana,synth_Country/TREx/P1376.jsonl
90855,Niamey is the capital of [MASK] .,Niger,synth_Country/TREx/P1376.jsonl
90949,Nanjing is the capital of [MASK] .,Taiwan,synth_Country/TREx/P1376.jsonl
90965,Doha is the capital of [MASK] .,Qatar,synth_Country/TREx/P1376.jsonl
91874,Apia is the capital of [MASK] .,Samoa,synth_Country/TREx/P1376.jsonl
91945,Bratislava is the capital of [MASK] .,Slovakia,synth_Country/TREx/P1376.jsonl
92709,Kota Kinabalu is the capital of [MASK] .,Sabah,synth_Country/TREx/P1376.jsonl
92854,Tashkent is the capital of [MASK] .,Uzbekistan,synth_Country/TREx/P1376.jsonl
93158,Dodoma is the capital of [MASK] .,Tanzania,synth_Country/TREx/P1376.jsonl
93193,Tirana is the capital of [MASK] .,Albania,synth_Country/TREx/P1376.jsonl
93729,Kampala is the capital of [MASK] .,Uganda,synth_Country/TREx/P1376.jsonl
94100,Hanoi is the capital of [MASK] .,Vietnam,synth_Country/TREx/P1376.jsonl
94664,Aden is the capital of [MASK] .,Yemen,synth_Country/TREx/P1376.jsonl
94721,Lusaka is the capital of [MASK] .,Zambia,synth_Country/TREx/P1376.jsonl
94875,Yerevan is the capital of [MASK] .,Armenia,synth_Country/TREx/P1376.jsonl
95405,Kuwait City is the capital of [MASK] .,Kuwait,synth_Country/TREx/P1376.jsonl
95482,Port Louis is the capital of [MASK] .,Mauritius,synth_Country/TREx/P1376.jsonl
95552,Accra is the capital of [MASK] .,Ghana,synth_Country/TREx/P1376.jsonl
95989,Jaipur is the capital of [MASK] .,Rajasthan,synth_Country/TREx/P1376.jsonl
96225,Minsk is the capital of [MASK] .,Belarusian,synth_Country/TREx/P1376.jsonl
96710,Des Moines is the capital of [MASK] .,Iowa,synth_Country/TREx/P1376.jsonl
96738,Patna is the capital of [MASK] .,Bihar,synth_Country/TREx/P1376.jsonl
96980,Baton Rouge is the capital of [MASK] .,Louisiana,synth_Country/TREx/P1376.jsonl
97026,Yogyakarta is the capital of [MASK] .,Indonesia,synth_Country/TREx/P1376.jsonl
97146,Nur-Sultan is the capital of [MASK] .,Kazakhstan,synth_Country/TREx/P1376.jsonl
97334,Wiesbaden is the capital of [MASK] .,Hesse,synth_Country/TREx/P1376.jsonl
97443,Dijon is the capital of [MASK] .,Burgundy,synth_Country/TREx/P1376.jsonl
97571,Oklahoma City is the capital of [MASK] .,Oklahoma,synth_Country/TREx/P1376.jsonl
97706,Little Rock is the capital of [MASK] .,Arkansas,synth_Country/TREx/P1376.jsonl
97812,N'Djamena is the capital of [MASK] .,Chad,synth_Country/TREx/P1376.jsonl
97884,Amman is the capital of [MASK] .,Jordan,synth_Country/TREx/P1376.jsonl
98041,Thiruvananthapuram is the capital of [MASK] .,Kerala,synth_Country/TREx/P1376.jsonl
98497,Bridgetown is the capital of [MASK] .,Barbados,synth_Country/TREx/P1376.jsonl
98594,Dubai is the capital of [MASK] .,Dubai,synth_Country/TREx/P1376.jsonl
98605,Potsdam is the capital of [MASK] .,Brandenburg,synth_Country/TREx/P1376.jsonl
98685,Antananarivo is the capital of [MASK] .,Madagascar,synth_Country/TREx/P1376.jsonl
98887,Bamako is the capital of [MASK] .,Mali,synth_Country/TREx/P1376.jsonl
99053,Annapolis is the capital of [MASK] .,Maryland,synth_Country/TREx/P1376.jsonl
99071,Hyderabad is the capital of [MASK] .,Telangana,synth_Country/TREx/P1376.jsonl
99271,Bourg-en-Bresse is the capital of [MASK] .,Ain,synth_Country/TREx/P1376.jsonl
99290,Suva is the capital of [MASK] .,Fiji,synth_Country/TREx/P1376.jsonl
99406,Harrisburg is the capital of [MASK] .,Pennsylvania,synth_Country/TREx/P1376.jsonl
99430,Sana'a is the capital of [MASK] .,Yemen,synth_Country/TREx/P1376.jsonl
99548,Panjim is the capital of [MASK] .,Goa,synth_Country/TREx/P1376.jsonl
99662,Bandar Seri Begawan is the capital of [MASK] .,Brunei,synth_Country/TREx/P1376.jsonl
99781,Cheyenne is the capital of [MASK] .,Wyoming,synth_Country/TREx/P1376.jsonl
99805,Pamplona is the capital of [MASK] .,Navarre,synth_Country/TREx/P1376.jsonl
99916,Libreville is the capital of [MASK] .,Gabon,synth_Country/TREx/P1376.jsonl
100018,Pristina is the capital of [MASK] .,Kosovo,synth_Country/TREx/P1376.jsonl
100243,Nuuk is the capital of [MASK] .,Greenland,synth_Country/TREx/P1376.jsonl
100400,Cebu City is the capital of [MASK] .,Cebu,synth_Country/TREx/P1376.jsonl
100428,Winchester is the capital of [MASK] .,England,synth_Country/TREx/P1376.jsonl
100533,Conakry is the capital of [MASK] .,Guinea,synth_Country/TREx/P1376.jsonl
100680,Juneau is the capital of [MASK] .,Alaska,synth_Country/TREx/P1376.jsonl
100692,Belmopan is the capital of [MASK] .,Belize,synth_Country/TREx/P1376.jsonl
100725,Gulshan Town is the capital of [MASK] .,Karachi,synth_Country/TREx/P1376.jsonl
100752,Sacramento is the capital of [MASK] .,California,synth_Country/TREx/P1376.jsonl
100766,City of London is the capital of [MASK] .,England,synth_Country/TREx/P1376.jsonl
100807,Kigali is the capital of [MASK] .,Rwanda,synth_Country/TREx/P1376.jsonl
100897,Brussels is the capital of [MASK] .,Belgium,synth_Country/TREx/P1376.jsonl
100984,Thimphu is the capital of [MASK] .,Bhutan,synth_Country/TREx/P1376.jsonl
101103,Bukittinggi is the capital of [MASK] .,Indonesia,synth_Country/TREx/P1376.jsonl
101127,Nauplion is the capital of [MASK] .,Greece,synth_Country/TREx/P1376.jsonl
101166,Boise is the capital of [MASK] .,Idaho,synth_Country/TREx/P1376.jsonl
101208,Austin is the capital of [MASK] .,Texas,synth_Country/TREx/P1376.jsonl
101212,Saint Paul is the capital of [MASK] .,Minnesota,synth_Country/TREx/P1376.jsonl
101215,Muscat is the capital of [MASK] .,Oman,synth_Country/TREx/P1376.jsonl
101226,Tallahassee is the capital of [MASK] .,Florida,synth_Country/TREx/P1376.jsonl
101240,"Zomba, Malawi is the capital of [MASK] .",Malawi,synth_Country/TREx/P1376.jsonl
101245,Hebron is the capital of [MASK] .,Judah,synth_Country/TREx/P1376.jsonl
101250,Topeka is the capital of [MASK] .,Kansas,synth_Country/TREx/P1376.jsonl
