,sent,gold,filename
0,Eibenstock is located in [MASK] .,Germany,synth_Country/TREx/P17.jsonl
2,Simcoe Composite School is located in [MASK] .,Canada,synth_Country/TREx/P17.jsonl
4,Vrienden van het Platteland is located in [MASK] .,Dutch,synth_Country/TREx/P17.jsonl
5,Cunter is located in [MASK] .,Swiss,synth_Country/TREx/P17.jsonl
8,Glencree is located in [MASK] .,Ireland,synth_Country/TREx/P17.jsonl
14,L'Escala is located in [MASK] .,Spain,synth_Country/TREx/P17.jsonl
20,Wismar is located in [MASK] .,Germany,synth_Country/TREx/P17.jsonl
40,Namba Station is located in [MASK] .,Japan,synth_Country/TREx/P17.jsonl
47,2010 Belgian federal election is located in [MASK] .,Belgium,synth_Country/TREx/P17.jsonl
48,CFMJ is located in [MASK] .,Canadian,synth_Country/TREx/P17.jsonl
51,Amos Anderson Art Museum is located in [MASK] .,Finland,synth_Country/TREx/P17.jsonl
54,Zelenchukskaya is located in [MASK] .,Russian,synth_Country/TREx/P17.jsonl
58,Santo Stefano d'Aveto is located in [MASK] .,Italian,synth_Country/TREx/P17.jsonl
60,SooToday.com is located in [MASK] .,Canadian,synth_Country/TREx/P17.jsonl
62,Sena Medal is located in [MASK] .,India,synth_Country/TREx/P17.jsonl
63,Lake Caliraya is located in [MASK] .,Philippines,synth_Country/TREx/P17.jsonl
66,Didymoteicho is located in [MASK] .,Greece,synth_Country/TREx/P17.jsonl
81,2004 Indian Ocean earthquake is located in [MASK] .,Indonesia,synth_Country/TREx/P17.jsonl
119,Fawkner is located in [MASK] .,Australia,synth_Country/TREx/P17.jsonl
121,Abu Ghosh is located in [MASK] .,Israel,synth_Country/TREx/P17.jsonl
124,Hagenow is located in [MASK] .,Germany,synth_Country/TREx/P17.jsonl
125,Mexican Stock Exchange is located in [MASK] .,Mexico,synth_Country/TREx/P17.jsonl
140,By-elections to the 41st Canadian Parliament is located in [MASK] .,Canada,synth_Country/TREx/P17.jsonl
162,Maison du Peuple is located in [MASK] .,Belgium,synth_Country/TREx/P17.jsonl
163,Wakefield Park is located in [MASK] .,Australia,synth_Country/TREx/P17.jsonl
165,Sands of Beirut is located in [MASK] .,Lebanese,synth_Country/TREx/P17.jsonl
166,Baturyn is located in [MASK] .,Ukraine,synth_Country/TREx/P17.jsonl
169,Suwayq is located in [MASK] .,Oman,synth_Country/TREx/P17.jsonl
171,CD Eldense is located in [MASK] .,Spanish,synth_Country/TREx/P17.jsonl
174,Taksim Military Barracks is located in [MASK] .,Turkey,synth_Country/TREx/P17.jsonl
175,Mbale District is located in [MASK] .,Uganda,synth_Country/TREx/P17.jsonl
176,Yokohama International School is located in [MASK] .,Japan,synth_Country/TREx/P17.jsonl
178,Reiherstieg Schiffswerfte & Maschinenfabrik is located in [MASK] .,Germany,synth_Country/TREx/P17.jsonl
180,HSBC Bank Malta is located in [MASK] .,Malta,synth_Country/TREx/P17.jsonl
183,Siquijor is located in [MASK] .,Philippines,synth_Country/TREx/P17.jsonl
200,Ufa is located in [MASK] .,Russia,synth_Country/TREx/P17.jsonl
260,Augustinergasse is located in [MASK] .,Switzerland,synth_Country/TREx/P17.jsonl
262,Democrats 66 is located in [MASK] .,Dutch,synth_Country/TREx/P17.jsonl
283,Palupera Rural Municipality is located in [MASK] .,Estonia,synth_Country/TREx/P17.jsonl
298,Orpheus Island National Park is located in [MASK] .,Australia,synth_Country/TREx/P17.jsonl
302,Now Kandeh District is located in [MASK] .,Iran,synth_Country/TREx/P17.jsonl
322,FC Anker Wismar is located in [MASK] .,Germany,synth_Country/TREx/P17.jsonl
324,Putyvl is located in [MASK] .,Ukraine,synth_Country/TREx/P17.jsonl
336,Little Stirrup Cay is located in [MASK] .,Bahamas,synth_Country/TREx/P17.jsonl
338,Badoc is located in [MASK] .,Philippines,synth_Country/TREx/P17.jsonl
341,Arsk is located in [MASK] .,Russia,synth_Country/TREx/P17.jsonl
355,Valvasone is located in [MASK] .,Italy,synth_Country/TREx/P17.jsonl
356,1931 Nicaragua earthquake is located in [MASK] .,Nicaragua,synth_Country/TREx/P17.jsonl
358,Olten railway station is located in [MASK] .,Switzerland,synth_Country/TREx/P17.jsonl
359,Gagauzia is located in [MASK] .,Moldova,synth_Country/TREx/P17.jsonl
412,Tatsuno is located in [MASK] .,Japan,synth_Country/TREx/P17.jsonl
417,Bad Schwalbach is located in [MASK] .,Germany,synth_Country/TREx/P17.jsonl
430,Kuala Langat is located in [MASK] .,Malaysia,synth_Country/TREx/P17.jsonl
443,K.S.V. Roeselare is located in [MASK] .,Belgian,synth_Country/TREx/P17.jsonl
448,Nuri is located in [MASK] .,Sudan,synth_Country/TREx/P17.jsonl
450,Sydney Hospital is located in [MASK] .,Australia,synth_Country/TREx/P17.jsonl
452,Piove di Sacco is located in [MASK] .,Italy,synth_Country/TREx/P17.jsonl
455,Valdichiana is located in [MASK] .,Italy,synth_Country/TREx/P17.jsonl
462,Kayunga District is located in [MASK] .,Uganda,synth_Country/TREx/P17.jsonl
468,Gaiola is located in [MASK] .,Italian,synth_Country/TREx/P17.jsonl
470,Kings Domain is located in [MASK] .,Australia,synth_Country/TREx/P17.jsonl
474,Kazinga Channel is located in [MASK] .,Uganda,synth_Country/TREx/P17.jsonl
488,Canjuers is located in [MASK] .,France,synth_Country/TREx/P17.jsonl
491,Clonlara GAA is located in [MASK] .,Ireland,synth_Country/TREx/P17.jsonl
494,Amsterdam dance event is located in [MASK] .,Netherlands,synth_Country/TREx/P17.jsonl
496,Ayn Halaqim Subdistrict is located in [MASK] .,Syria,synth_Country/TREx/P17.jsonl
498,Cork GAA is located in [MASK] .,Ireland,synth_Country/TREx/P17.jsonl
547,Anak Bukit is located in [MASK] .,Malaysia,synth_Country/TREx/P17.jsonl
550,Bastia is located in [MASK] .,France,synth_Country/TREx/P17.jsonl
568,Bhinmal is located in [MASK] .,India,synth_Country/TREx/P17.jsonl
572,Yuquot is located in [MASK] .,Canada,synth_Country/TREx/P17.jsonl
575,Gmina Kleczew is located in [MASK] .,Poland,synth_Country/TREx/P17.jsonl
621,Frasnes-lez-Anvaing is located in [MASK] .,Belgium,synth_Country/TREx/P17.jsonl
629,Manila Light Rail Transit System is located in [MASK] .,Philippines,synth_Country/TREx/P17.jsonl
636,Registro is located in [MASK] .,Brazil,synth_Country/TREx/P17.jsonl
645,Galiano Island is located in [MASK] .,Canada,synth_Country/TREx/P17.jsonl
656,Mewat is located in [MASK] .,India,synth_Country/TREx/P17.jsonl
658,Eurasian Steppe is located in [MASK] .,Ukraine,synth_Country/TREx/P17.jsonl
660,Amarkantak is located in [MASK] .,India,synth_Country/TREx/P17.jsonl
663,DESTATIS is located in [MASK] .,Germany,synth_Country/TREx/P17.jsonl
669,Khorramdarreh Rural District is located in [MASK] .,Persian,synth_Country/TREx/P17.jsonl
696,Borgo San Martino is located in [MASK] .,Italian,synth_Country/TREx/P17.jsonl
698,Bispebjerg is located in [MASK] .,Danish,synth_Country/TREx/P17.jsonl
714,Kanchanaburi is located in [MASK] .,Thailand,synth_Country/TREx/P17.jsonl
725,Bjurholm is located in [MASK] .,Sweden,synth_Country/TREx/P17.jsonl
730,Preet Vihar is located in [MASK] .,India,synth_Country/TREx/P17.jsonl
732,Gjerpen is located in [MASK] .,Norway,synth_Country/TREx/P17.jsonl
739,Circuito da Boavista is located in [MASK] .,Portugal,synth_Country/TREx/P17.jsonl
746,Kamikita District is located in [MASK] .,Japan,synth_Country/TREx/P17.jsonl
768,Winlaton Youth Training Centre is located in [MASK] .,Australia,synth_Country/TREx/P17.jsonl
770,Pontecorvo is located in [MASK] .,Italy,synth_Country/TREx/P17.jsonl
776,Al-Hasakah Governorate is located in [MASK] .,Syria,synth_Country/TREx/P17.jsonl
794,Dwarka is located in [MASK] .,India,synth_Country/TREx/P17.jsonl
817,Allersberg is located in [MASK] .,Germany,synth_Country/TREx/P17.jsonl
820,Habitat 67 is located in [MASK] .,Canada,synth_Country/TREx/P17.jsonl
823,Eurostat is located in [MASK] .,Luxembourg,synth_Country/TREx/P17.jsonl
825,Garabit viaduct is located in [MASK] .,France,synth_Country/TREx/P17.jsonl
833,City of Cranbourne is located in [MASK] .,Australia,synth_Country/TREx/P17.jsonl
835,Aucanquilcha is located in [MASK] .,Chile,synth_Country/TREx/P17.jsonl
837,Indira Gandhi International Airport is located in [MASK] .,India,synth_Country/TREx/P17.jsonl
864,Madala is located in [MASK] .,India,synth_Country/TREx/P17.jsonl
870,Mezhdurechensky District is located in [MASK] .,Russia,synth_Country/TREx/P17.jsonl
878,Stara Zagora is located in [MASK] .,Bulgaria,synth_Country/TREx/P17.jsonl
879,Pilis Mountains is located in [MASK] .,Hungary,synth_Country/TREx/P17.jsonl
884,Lajran Rural District is located in [MASK] .,Iran,synth_Country/TREx/P17.jsonl
934,Thamshavn Line is located in [MASK] .,Norway,synth_Country/TREx/P17.jsonl
943,Higashikagawa is located in [MASK] .,Japan,synth_Country/TREx/P17.jsonl
954,Periyar University is located in [MASK] .,India,synth_Country/TREx/P17.jsonl
956,Borris-in-Ossory GAA is located in [MASK] .,Ireland,synth_Country/TREx/P17.jsonl
959,Garkan Rural District is located in [MASK] .,Persian,synth_Country/TREx/P17.jsonl
981,Konark Sun temple is located in [MASK] .,India,synth_Country/TREx/P17.jsonl
984,Montemitro is located in [MASK] .,Italy,synth_Country/TREx/P17.jsonl
989,Jemappes is located in [MASK] .,Belgium,synth_Country/TREx/P17.jsonl
998,Llanquihue Province is located in [MASK] .,Chile,synth_Country/TREx/P17.jsonl
1010,Davan is located in [MASK] .,Iran,synth_Country/TREx/P17.jsonl
1021,Kondotty is located in [MASK] .,India,synth_Country/TREx/P17.jsonl
1026,Manila Bay is located in [MASK] .,Philippines,synth_Country/TREx/P17.jsonl
1084,Tartessos is located in [MASK] .,Spain,synth_Country/TREx/P17.jsonl
1093,Marstrand is located in [MASK] .,Sweden,synth_Country/TREx/P17.jsonl
1109,AA Drink-leontien.nl is located in [MASK] .,Dutch,synth_Country/TREx/P17.jsonl
1111,Talas River is located in [MASK] .,Kyrgyzstan,synth_Country/TREx/P17.jsonl
1126,Palais de l'Industrie is located in [MASK] .,French,synth_Country/TREx/P17.jsonl
1130,Valhalla Swimming Hall is located in [MASK] .,Sweden,synth_Country/TREx/P17.jsonl
1133,Camarate is located in [MASK] .,Portugal,synth_Country/TREx/P17.jsonl
1137,Tsubaki Grand Shrine is located in [MASK] .,Japan,synth_Country/TREx/P17.jsonl
1142,Shablykinsky District is located in [MASK] .,Russia,synth_Country/TREx/P17.jsonl
1145,Bad Vilbel is located in [MASK] .,Germany,synth_Country/TREx/P17.jsonl
1152,Giurgiu County is located in [MASK] .,Romanian,synth_Country/TREx/P17.jsonl
1223,Jan Amora is located in [MASK] .,Ethiopia,synth_Country/TREx/P17.jsonl
1225,Prachin Buri River is located in [MASK] .,Thai,synth_Country/TREx/P17.jsonl
1227,Ranheim Papirfabrikk is located in [MASK] .,Norwegian,synth_Country/TREx/P17.jsonl
1233,Dewa Province is located in [MASK] .,Japan,synth_Country/TREx/P17.jsonl
1235,Circuit des Ardennes is located in [MASK] .,Belgium,synth_Country/TREx/P17.jsonl
1236,Tovarnik is located in [MASK] .,Croatia,synth_Country/TREx/P17.jsonl
1240,Alouette Lake is located in [MASK] .,Canada,synth_Country/TREx/P17.jsonl
1242,Gmina Bodzentyn is located in [MASK] .,Poland,synth_Country/TREx/P17.jsonl
1257,Lindholm station is located in [MASK] .,Denmark,synth_Country/TREx/P17.jsonl
1259,Cossogno is located in [MASK] .,Italian,synth_Country/TREx/P17.jsonl
1262,Ghatanji is located in [MASK] .,India,synth_Country/TREx/P17.jsonl
1267,St Lucia is located in [MASK] .,Australia,synth_Country/TREx/P17.jsonl
1269,Pazhayangadi is located in [MASK] .,India,synth_Country/TREx/P17.jsonl
1270,"Inami, Toyama is located in [MASK] .",Japan,synth_Country/TREx/P17.jsonl
1278,Tarn-et-Garonne is located in [MASK] .,France,synth_Country/TREx/P17.jsonl
1515,Pampilhosa da Serra is located in [MASK] .,Portugal,synth_Country/TREx/P17.jsonl
1520,Komarichsky District is located in [MASK] .,Russia,synth_Country/TREx/P17.jsonl
1522,Kapar is located in [MASK] .,Malaysia,synth_Country/TREx/P17.jsonl
1525,Fryderyk Chopin University of Music is located in [MASK] .,Poland,synth_Country/TREx/P17.jsonl
1530,Yadagirigutta Temple is located in [MASK] .,India,synth_Country/TREx/P17.jsonl
1532,Col Agnel is located in [MASK] .,Italy,synth_Country/TREx/P17.jsonl
1535,Hida Mountains is located in [MASK] .,Japan,synth_Country/TREx/P17.jsonl
1549,Beles River is located in [MASK] .,Ethiopia,synth_Country/TREx/P17.jsonl
1554,Isa Air Base is located in [MASK] .,Bahrain,synth_Country/TREx/P17.jsonl
1559,Canton of Schaffhausen is located in [MASK] .,Switzerland,synth_Country/TREx/P17.jsonl
1650,Mahur Berenji Rural District is located in [MASK] .,Persian,synth_Country/TREx/P17.jsonl
1700,Hrtkovci is located in [MASK] .,Croatia,synth_Country/TREx/P17.jsonl
1705,Nagoya University is located in [MASK] .,Japan,synth_Country/TREx/P17.jsonl
1726,Fort Madalena is located in [MASK] .,Maltese,synth_Country/TREx/P17.jsonl
1732,Velbert is located in [MASK] .,Germany,synth_Country/TREx/P17.jsonl
1735,Expo 86 is located in [MASK] .,Canada,synth_Country/TREx/P17.jsonl
1743,Hornnes is located in [MASK] .,Norway,synth_Country/TREx/P17.jsonl
1745,Sana'a International Airport is located in [MASK] .,Yemen,synth_Country/TREx/P17.jsonl
1749,Bad Camberg is located in [MASK] .,Germany,synth_Country/TREx/P17.jsonl
1754,Al Daayen is located in [MASK] .,Qatar,synth_Country/TREx/P17.jsonl
1759,Les Bons Villers is located in [MASK] .,Belgian,synth_Country/TREx/P17.jsonl
1765,Shichikashuku is located in [MASK] .,Japan,synth_Country/TREx/P17.jsonl
1767,Carpathian Mountains is located in [MASK] .,Austria,synth_Country/TREx/P17.jsonl
1805,Catholic Syrian Bank is located in [MASK] .,India,synth_Country/TREx/P17.jsonl
1808,FC Gorodeya is located in [MASK] .,Belarusian,synth_Country/TREx/P17.jsonl
1810,Nizhneserginsky District is located in [MASK] .,Russia,synth_Country/TREx/P17.jsonl
1816,South East Forests National Park is located in [MASK] .,Australia,synth_Country/TREx/P17.jsonl
1818,Kalvola is located in [MASK] .,Finland,synth_Country/TREx/P17.jsonl
1820,Markham District High School is located in [MASK] .,Canada,synth_Country/TREx/P17.jsonl
1822,Tursi is located in [MASK] .,Italy,synth_Country/TREx/P17.jsonl
1823,KBC Bank is located in [MASK] .,Belgian,synth_Country/TREx/P17.jsonl
1838,Foundation for a Free Information Infrastructure is located in [MASK] .,Germany,synth_Country/TREx/P17.jsonl
1840,"The Forks, Winnipeg is located in [MASK] .",Canada,synth_Country/TREx/P17.jsonl
1848,Leiria is located in [MASK] .,Portugal,synth_Country/TREx/P17.jsonl
1880,Bad Wildungen is located in [MASK] .,Germany,synth_Country/TREx/P17.jsonl
1888,La famille Plouffe is located in [MASK] .,Canadian,synth_Country/TREx/P17.jsonl
1889,Turaida is located in [MASK] .,Latvia,synth_Country/TREx/P17.jsonl
1899,Ballydehob is located in [MASK] .,Ireland,synth_Country/TREx/P17.jsonl
1906,Lateral Road is located in [MASK] .,Bhutan,synth_Country/TREx/P17.jsonl
1909,agglomeration community is located in [MASK] .,French,synth_Country/TREx/P17.jsonl
1956,Villars-Burquin is located in [MASK] .,Switzerland,synth_Country/TREx/P17.jsonl
1958,CNH Industrial is located in [MASK] .,Netherlands,synth_Country/TREx/P17.jsonl
1961,Rio Quente is located in [MASK] .,Brazil,synth_Country/TREx/P17.jsonl
1968,Fort Calgary is located in [MASK] .,Canadian,synth_Country/TREx/P17.jsonl
1972,Chol Kiri District is located in [MASK] .,Khmer,synth_Country/TREx/P17.jsonl
1976,Tudeshk Rural District is located in [MASK] .,Persian,synth_Country/TREx/P17.jsonl
2099,Sun News Network is located in [MASK] .,Canada,synth_Country/TREx/P17.jsonl
2112,Ba F.C. is located in [MASK] .,Fiji,synth_Country/TREx/P17.jsonl
2117,Lake Timiskaming is located in [MASK] .,Canada,synth_Country/TREx/P17.jsonl
2139,Landskrona BoIS is located in [MASK] .,Swedish,synth_Country/TREx/P17.jsonl
2154,Nesodden IF is located in [MASK] .,Norwegian,synth_Country/TREx/P17.jsonl
2155,Isola Dovarese is located in [MASK] .,Italian,synth_Country/TREx/P17.jsonl
2157,Panagarh is located in [MASK] .,India,synth_Country/TREx/P17.jsonl
2159,Foothills-Rocky View is located in [MASK] .,Canada,synth_Country/TREx/P17.jsonl
2161,Wallmerod is located in [MASK] .,Germany,synth_Country/TREx/P17.jsonl
2166,Breege is located in [MASK] .,Germany,synth_Country/TREx/P17.jsonl
2168,Minamiakita District is located in [MASK] .,Japan,synth_Country/TREx/P17.jsonl
2179,Zbuczyn is located in [MASK] .,Poland,synth_Country/TREx/P17.jsonl
2181,Ariake Coliseum is located in [MASK] .,Japan,synth_Country/TREx/P17.jsonl
2221,Big Timothy Mountain is located in [MASK] .,Canada,synth_Country/TREx/P17.jsonl
2223,Leap Castle is located in [MASK] .,Ireland,synth_Country/TREx/P17.jsonl
2228,Spanish Armed Forces is located in [MASK] .,Spain,synth_Country/TREx/P17.jsonl
2231,Erbil SC is located in [MASK] .,Iraq,synth_Country/TREx/P17.jsonl
2237,Toktogul Dam is located in [MASK] .,Kyrgyzstan,synth_Country/TREx/P17.jsonl
2243,Moscato d'Asti is located in [MASK] .,Italy,synth_Country/TREx/P17.jsonl
2245,Helmbrechts is located in [MASK] .,Germany,synth_Country/TREx/P17.jsonl
2247,Mukhed is located in [MASK] .,India,synth_Country/TREx/P17.jsonl
2249,Ticho House is located in [MASK] .,Israel,synth_Country/TREx/P17.jsonl
2251,Chartered Professional Accountant is located in [MASK] .,Canada,synth_Country/TREx/P17.jsonl
2253,Banesh Rural District is located in [MASK] .,Persian,synth_Country/TREx/P17.jsonl
2305,Capoeira is located in [MASK] .,Brazil,synth_Country/TREx/P17.jsonl
2329,Opel is located in [MASK] .,Germany,synth_Country/TREx/P17.jsonl
2345,Naruto Strait is located in [MASK] .,Japan,synth_Country/TREx/P17.jsonl
2350,Khasavyurt is located in [MASK] .,Russian,synth_Country/TREx/P17.jsonl
2356,Temples of Abu Simbel is located in [MASK] .,Egypt,synth_Country/TREx/P17.jsonl
2358,Grobbendonk is located in [MASK] .,Belgian,synth_Country/TREx/P17.jsonl
2365,Augustdorf is located in [MASK] .,Germany,synth_Country/TREx/P17.jsonl
2367,Jafara is located in [MASK] .,Libya,synth_Country/TREx/P17.jsonl
2370,Jonava District Municipality is located in [MASK] .,Lithuania,synth_Country/TREx/P17.jsonl
2377,Georgians is located in [MASK] .,Azerbaijan,synth_Country/TREx/P17.jsonl
2400,Kfar Giladi is located in [MASK] .,Israel,synth_Country/TREx/P17.jsonl
2401,Tell Rifaat is located in [MASK] .,Syria,synth_Country/TREx/P17.jsonl
2409,Cocconato is located in [MASK] .,Italian,synth_Country/TREx/P17.jsonl
2412,Santa Cruz de Mompox is located in [MASK] .,Colombia,synth_Country/TREx/P17.jsonl
2419,Sydney Peace Prize is located in [MASK] .,Australia,synth_Country/TREx/P17.jsonl
2421,Cayeux-sur-Mer is located in [MASK] .,France,synth_Country/TREx/P17.jsonl
2423,Santa Maria da Feira Municipality is located in [MASK] .,Portugal,synth_Country/TREx/P17.jsonl
2472,Yoro is located in [MASK] .,Honduras,synth_Country/TREx/P17.jsonl
2519,Hellenic Police is located in [MASK] .,Greece,synth_Country/TREx/P17.jsonl
2524,Koriya district is located in [MASK] .,India,synth_Country/TREx/P17.jsonl
2538,Albanian Land Force is located in [MASK] .,Albania,synth_Country/TREx/P17.jsonl
2539,Tampines Expressway is located in [MASK] .,Singapore,synth_Country/TREx/P17.jsonl
2544,Tabor Park Vocational School is located in [MASK] .,Canada,synth_Country/TREx/P17.jsonl
2546,Rock al Parque is located in [MASK] .,Colombia,synth_Country/TREx/P17.jsonl
2550,Bla Cercle is located in [MASK] .,Mali,synth_Country/TREx/P17.jsonl
2552,"Queens Gardens, Brisbane is located in [MASK] .",Australia,synth_Country/TREx/P17.jsonl
2555,Gobind Sagar is located in [MASK] .,India,synth_Country/TREx/P17.jsonl
2556,Uda District is located in [MASK] .,Japan,synth_Country/TREx/P17.jsonl
2558,Beckingen is located in [MASK] .,Germany,synth_Country/TREx/P17.jsonl
2561,Japan National Route 47 is located in [MASK] .,Japan,synth_Country/TREx/P17.jsonl
2565,Goseck circle is located in [MASK] .,Germany,synth_Country/TREx/P17.jsonl
2568,Pacaya-Samiria National Reserve is located in [MASK] .,Peru,synth_Country/TREx/P17.jsonl
2569,Nyeri County is located in [MASK] .,Kenya,synth_Country/TREx/P17.jsonl
2590,Fluminense F.C. is located in [MASK] .,Brazil,synth_Country/TREx/P17.jsonl
2613,Bearpaw Shale is located in [MASK] .,Canada,synth_Country/TREx/P17.jsonl
2614,Capdenac is located in [MASK] .,France,synth_Country/TREx/P17.jsonl
2619,Kadrina Rural Municipality is located in [MASK] .,Estonia,synth_Country/TREx/P17.jsonl
2659,"Baron de Hirsch Cemetery, Halifax is located in [MASK] .",Canada,synth_Country/TREx/P17.jsonl
2660,Bungsberg is located in [MASK] .,Germany,synth_Country/TREx/P17.jsonl
2661,Kungliga Svenska Segelsällskapet is located in [MASK] .,Sweden,synth_Country/TREx/P17.jsonl
2665,Mannheim City Airport is located in [MASK] .,Germany,synth_Country/TREx/P17.jsonl
2666,Borovsky District is located in [MASK] .,Russia,synth_Country/TREx/P17.jsonl
2671,Westerburg is located in [MASK] .,Germany,synth_Country/TREx/P17.jsonl
2675,Lismore GAA is located in [MASK] .,Ireland,synth_Country/TREx/P17.jsonl
2718,Royal Malaysian Navy is located in [MASK] .,Malaysia,synth_Country/TREx/P17.jsonl
2737,Pannonhalma Archabbey is located in [MASK] .,Hungary,synth_Country/TREx/P17.jsonl
2744,Cenepa River is located in [MASK] .,Peru,synth_Country/TREx/P17.jsonl
2750,Kojur District is located in [MASK] .,Persian,synth_Country/TREx/P17.jsonl
2909,Le Puy Foot 43 Auvergne is located in [MASK] .,France,synth_Country/TREx/P17.jsonl
2910,Maella is located in [MASK] .,Spain,synth_Country/TREx/P17.jsonl
2914,Pontigny Abbey is located in [MASK] .,France,synth_Country/TREx/P17.jsonl
2919,Bzura is located in [MASK] .,Poland,synth_Country/TREx/P17.jsonl
2928,Gallese is located in [MASK] .,Italy,synth_Country/TREx/P17.jsonl
2929,plaza de Cibeles is located in [MASK] .,Spain,synth_Country/TREx/P17.jsonl
2933,Roman Catholic Archdiocese of Ljubljana is located in [MASK] .,Slovenia,synth_Country/TREx/P17.jsonl
2945,Naumburg (Saale) is located in [MASK] .,Germany,synth_Country/TREx/P17.jsonl
2953,Fischenthal is located in [MASK] .,Switzerland,synth_Country/TREx/P17.jsonl
2964,Gmina Leszno is located in [MASK] .,Poland,synth_Country/TREx/P17.jsonl
2997,Lutvann is located in [MASK] .,Norway,synth_Country/TREx/P17.jsonl
2999,Langtang National Park is located in [MASK] .,Nepal,synth_Country/TREx/P17.jsonl
3005,Ivughli Rural District is located in [MASK] .,Iran,synth_Country/TREx/P17.jsonl
3026,Minamiarupusu is located in [MASK] .,Japan,synth_Country/TREx/P17.jsonl
3030,Uromi is located in [MASK] .,Nigeria,synth_Country/TREx/P17.jsonl
3044,2004 IAAF World Cross Country Championships is located in [MASK] .,Belgium,synth_Country/TREx/P17.jsonl
3050,Dospat Municipality is located in [MASK] .,Bulgaria,synth_Country/TREx/P17.jsonl
3054,Miramichi Centre is located in [MASK] .,Canada,synth_Country/TREx/P17.jsonl
3056,Hispaniola is located in [MASK] .,Haiti,synth_Country/TREx/P17.jsonl
3176,Poissy is located in [MASK] .,France,synth_Country/TREx/P17.jsonl
3187,Al-Zahiriyah Library is located in [MASK] .,Syria,synth_Country/TREx/P17.jsonl
3191,Vernayaz is located in [MASK] .,Switzerland,synth_Country/TREx/P17.jsonl
3193,1960 Summer Olympics is located in [MASK] .,Italy,synth_Country/TREx/P17.jsonl
3209,Pragersko is located in [MASK] .,Slovenia,synth_Country/TREx/P17.jsonl
3226,Le Fuilet is located in [MASK] .,France,synth_Country/TREx/P17.jsonl
3228,Tinapa Resort is located in [MASK] .,Nigeria,synth_Country/TREx/P17.jsonl
3233,Kibungo Province is located in [MASK] .,Rwanda,synth_Country/TREx/P17.jsonl
3236,Idalium is located in [MASK] .,Cyprus,synth_Country/TREx/P17.jsonl
3242,Besazio is located in [MASK] .,Switzerland,synth_Country/TREx/P17.jsonl
3248,Sulaimaniyah International Airport is located in [MASK] .,Iraq,synth_Country/TREx/P17.jsonl
3251,Strait of Kerch is located in [MASK] .,Russia,synth_Country/TREx/P17.jsonl
3253,Rottendorf is located in [MASK] .,Germany,synth_Country/TREx/P17.jsonl
3255,Addanki mandal is located in [MASK] .,India,synth_Country/TREx/P17.jsonl
3256,Toronto Police Service is located in [MASK] .,Canada,synth_Country/TREx/P17.jsonl
3271,Karimnagar district is located in [MASK] .,India,synth_Country/TREx/P17.jsonl
3387,Hyderabad Deccan railway station is located in [MASK] .,India,synth_Country/TREx/P17.jsonl
3392,Geaca is located in [MASK] .,Romania,synth_Country/TREx/P17.jsonl
3394,Gmina Olsztyn is located in [MASK] .,Poland,synth_Country/TREx/P17.jsonl
3396,JVC Kenwood Victor Entertainment is located in [MASK] .,Japan,synth_Country/TREx/P17.jsonl
3440,Piedecuesta is located in [MASK] .,Colombia,synth_Country/TREx/P17.jsonl
3443,Gmina Morawica is located in [MASK] .,Poland,synth_Country/TREx/P17.jsonl
3454,Mumiy Troll is located in [MASK] .,Russia,synth_Country/TREx/P17.jsonl
3461,Guggenheim Museum is located in [MASK] .,Spain,synth_Country/TREx/P17.jsonl
3481,Porto Azzurro is located in [MASK] .,Italian,synth_Country/TREx/P17.jsonl
3483,Nkhata Bay District is located in [MASK] .,Malawi,synth_Country/TREx/P17.jsonl
3487,Thiruvattar is located in [MASK] .,India,synth_Country/TREx/P17.jsonl
3493,Sumulong Highway is located in [MASK] .,Philippines,synth_Country/TREx/P17.jsonl
3497,Trigono is located in [MASK] .,Greece,synth_Country/TREx/P17.jsonl
3499,VTB Capital is located in [MASK] .,Russia,synth_Country/TREx/P17.jsonl
3509,Shastri Park is located in [MASK] .,India,synth_Country/TREx/P17.jsonl
3511,People's Party for Freedom and Democracy is located in [MASK] .,Netherlands,synth_Country/TREx/P17.jsonl
3536,Steenwijk is located in [MASK] .,Netherlands,synth_Country/TREx/P17.jsonl
3544,Eriksbergs Mekaniska Verkstad is located in [MASK] .,Swedish,synth_Country/TREx/P17.jsonl
3549,Mirbag-e Shomali Rural District is located in [MASK] .,Persian,synth_Country/TREx/P17.jsonl
3631,Cairo American College is located in [MASK] .,Egypt,synth_Country/TREx/P17.jsonl
3633,Kresttsy is located in [MASK] .,Russia,synth_Country/TREx/P17.jsonl
3635,Iran Aviation Industries Organization is located in [MASK] .,Iran,synth_Country/TREx/P17.jsonl
3641,Kluuvi is located in [MASK] .,Finland,synth_Country/TREx/P17.jsonl
3647,MNW Music is located in [MASK] .,Sweden,synth_Country/TREx/P17.jsonl
3653,Vijayawada Junction railway station is located in [MASK] .,India,synth_Country/TREx/P17.jsonl
3655,Dawa River is located in [MASK] .,Somalia,synth_Country/TREx/P17.jsonl
3656,Norfolk Air is located in [MASK] .,Australia,synth_Country/TREx/P17.jsonl
3660,Pamukkale is located in [MASK] .,Turkey,synth_Country/TREx/P17.jsonl
3672,La Guajira Desert is located in [MASK] .,Colombia,synth_Country/TREx/P17.jsonl
3675,Kamchatka Krai is located in [MASK] .,Russia,synth_Country/TREx/P17.jsonl
3721,Turkey national rugby union team is located in [MASK] .,Turkey,synth_Country/TREx/P17.jsonl
3723,Lewin Brzeski is located in [MASK] .,Poland,synth_Country/TREx/P17.jsonl
3725,Vermilion is located in [MASK] .,Canada,synth_Country/TREx/P17.jsonl
3728,E.ON Sverige is located in [MASK] .,Sweden,synth_Country/TREx/P17.jsonl
3736,Plougonven is located in [MASK] .,France,synth_Country/TREx/P17.jsonl
3739,Stentoften Runestone is located in [MASK] .,Sweden,synth_Country/TREx/P17.jsonl
3743,Narman is located in [MASK] .,Turkey,synth_Country/TREx/P17.jsonl
3750,Lauterecken-Wolfstein is located in [MASK] .,Germany,synth_Country/TREx/P17.jsonl
3752,Himmelbjerget is located in [MASK] .,Denmark,synth_Country/TREx/P17.jsonl
3756,Huachocolpa District is located in [MASK] .,Peru,synth_Country/TREx/P17.jsonl
3759,Rottumerplaat is located in [MASK] .,Netherlands,synth_Country/TREx/P17.jsonl
3762,Munich is located in [MASK] .,Germany,synth_Country/TREx/P17.jsonl
4600,Kununurra is located in [MASK] .,Australia,synth_Country/TREx/P17.jsonl
4603,Gio Linh is located in [MASK] .,Vietnamese,synth_Country/TREx/P17.jsonl
4608,Bobolice is located in [MASK] .,Poland,synth_Country/TREx/P17.jsonl
4611,Montiel is located in [MASK] .,Spain,synth_Country/TREx/P17.jsonl
4619,Wazzin is located in [MASK] .,Libya,synth_Country/TREx/P17.jsonl
4622,Agios Dimitrios is located in [MASK] .,Greece,synth_Country/TREx/P17.jsonl
4634,Mosque of Uqba is located in [MASK] .,Tunisia,synth_Country/TREx/P17.jsonl
4637,Ledaal is located in [MASK] .,Norway,synth_Country/TREx/P17.jsonl
4639,County Carlow is located in [MASK] .,Ireland,synth_Country/TREx/P17.jsonl
4773,Boguchany Dam is located in [MASK] .,Russia,synth_Country/TREx/P17.jsonl
4775,Milltown Institute of Theology and Philosophy is located in [MASK] .,Ireland,synth_Country/TREx/P17.jsonl
4780,Western Finland Province is located in [MASK] .,Finland,synth_Country/TREx/P17.jsonl
4796,Autonomous University of Madrid is located in [MASK] .,Spain,synth_Country/TREx/P17.jsonl
4798,Bernheze is located in [MASK] .,Netherlands,synth_Country/TREx/P17.jsonl
4799,canton of Bolivia is located in [MASK] .,Bolivia,synth_Country/TREx/P17.jsonl
4829,Ferrobaires is located in [MASK] .,Argentina,synth_Country/TREx/P17.jsonl
4831,Treuchtlingen is located in [MASK] .,Germany,synth_Country/TREx/P17.jsonl
4834,Zuiderzee is located in [MASK] .,Dutch,synth_Country/TREx/P17.jsonl
4845,Eerbeek is located in [MASK] .,Dutch,synth_Country/TREx/P17.jsonl
4846,Alte Nationalgalerie is located in [MASK] .,Germany,synth_Country/TREx/P17.jsonl
4852,Piazza al Serchio is located in [MASK] .,Italian,synth_Country/TREx/P17.jsonl
4855,Wellington Island is located in [MASK] .,Chile,synth_Country/TREx/P17.jsonl
4860,Sadr City is located in [MASK] .,Iraq,synth_Country/TREx/P17.jsonl
4864,Teshie is located in [MASK] .,Ghana,synth_Country/TREx/P17.jsonl
4874,Buraswa is located in [MASK] .,India,synth_Country/TREx/P17.jsonl
4876,European Physical Society is located in [MASK] .,France,synth_Country/TREx/P17.jsonl
4877,Tukvar Tea Estate is located in [MASK] .,India,synth_Country/TREx/P17.jsonl
4879,Skinnamarink TV is located in [MASK] .,Canada,synth_Country/TREx/P17.jsonl
4882,Sabburah Subdistrict is located in [MASK] .,Syria,synth_Country/TREx/P17.jsonl
4884,Cubagua is located in [MASK] .,Venezuela,synth_Country/TREx/P17.jsonl
4890,Welschnofen is located in [MASK] .,Italy,synth_Country/TREx/P17.jsonl
4892,Tempi Municipality is located in [MASK] .,Greece,synth_Country/TREx/P17.jsonl
4893,Alfred Wegener Institute for Polar and Marine Research is located in [MASK] .,Germany,synth_Country/TREx/P17.jsonl
4900,Bolpur is located in [MASK] .,India,synth_Country/TREx/P17.jsonl
4904,Grand-Popo is located in [MASK] .,Benin,synth_Country/TREx/P17.jsonl
4908,Tiv people is located in [MASK] .,Nigeria,synth_Country/TREx/P17.jsonl
4917,Beneden Merwede is located in [MASK] .,Netherlands,synth_Country/TREx/P17.jsonl
4922,Lodhran Tehsil is located in [MASK] .,Pakistan,synth_Country/TREx/P17.jsonl
4926,Nimmitabel is located in [MASK] .,Australia,synth_Country/TREx/P17.jsonl
4931,Battle of Montereau is located in [MASK] .,France,synth_Country/TREx/P17.jsonl
4932,Kretinga is located in [MASK] .,Lithuanian,synth_Country/TREx/P17.jsonl
4944,Menangle Park is located in [MASK] .,Australia,synth_Country/TREx/P17.jsonl
4945,Hooge Crater Commonwealth War Graves Commission Cemetery is located in [MASK] .,Belgium,synth_Country/TREx/P17.jsonl
4949,Transylvanian Plateau is located in [MASK] .,Romania,synth_Country/TREx/P17.jsonl
4954,Gavork-e Nalin Rural District is located in [MASK] .,Persian,synth_Country/TREx/P17.jsonl
5048,Callantsoog is located in [MASK] .,Dutch,synth_Country/TREx/P17.jsonl
5049,Hammarby IF DFF is located in [MASK] .,Swedish,synth_Country/TREx/P17.jsonl
5059,Legnica County is located in [MASK] .,Poland,synth_Country/TREx/P17.jsonl
5171,Bhopal division is located in [MASK] .,India,synth_Country/TREx/P17.jsonl
5174,Alberta Alliance Party is located in [MASK] .,Canada,synth_Country/TREx/P17.jsonl
5175,Dunnamaggin GAA is located in [MASK] .,Ireland,synth_Country/TREx/P17.jsonl
5177,Public Broadcasting Services is located in [MASK] .,Malta,synth_Country/TREx/P17.jsonl
5203,cadastral municipality is located in [MASK] .,Netherlands,synth_Country/TREx/P17.jsonl
5206,Constitution of Afghanistan is located in [MASK] .,Afghanistan,synth_Country/TREx/P17.jsonl
5209,National Highway 45 is located in [MASK] .,India,synth_Country/TREx/P17.jsonl
5217,Attingal is located in [MASK] .,India,synth_Country/TREx/P17.jsonl
5223,TROS is located in [MASK] .,Netherlands,synth_Country/TREx/P17.jsonl
5235,Ustevatn is located in [MASK] .,Norway,synth_Country/TREx/P17.jsonl
5237,Tartu Town Hall is located in [MASK] .,Estonia,synth_Country/TREx/P17.jsonl
5239,Moi International Sports Centre is located in [MASK] .,Kenya,synth_Country/TREx/P17.jsonl
5242,Imsland is located in [MASK] .,Norway,synth_Country/TREx/P17.jsonl
5244,Isla Grande de Tierra del Fuego is located in [MASK] .,Argentina,synth_Country/TREx/P17.jsonl
5266,Kharga Oasis is located in [MASK] .,Egypt,synth_Country/TREx/P17.jsonl
5274,Ulpiana is located in [MASK] .,Kosovo,synth_Country/TREx/P17.jsonl
5281,Oshawa is located in [MASK] .,Canadian,synth_Country/TREx/P17.jsonl
5417,Sculeni is located in [MASK] .,Moldova,synth_Country/TREx/P17.jsonl
5422,Bose Institute is located in [MASK] .,India,synth_Country/TREx/P17.jsonl
5424,Sarpsborg 08 FF is located in [MASK] .,Norwegian,synth_Country/TREx/P17.jsonl
5433,Dumka district is located in [MASK] .,India,synth_Country/TREx/P17.jsonl
5441,Piper Verlag is located in [MASK] .,Germany,synth_Country/TREx/P17.jsonl
5442,Boinpalle mandal is located in [MASK] .,India,synth_Country/TREx/P17.jsonl
5444,Kowsar County is located in [MASK] .,Iran,synth_Country/TREx/P17.jsonl
5672,Medaram is located in [MASK] .,India,synth_Country/TREx/P17.jsonl
5674,Ginza is located in [MASK] .,Japan,synth_Country/TREx/P17.jsonl
5699,Gmina Pokrzywnica is located in [MASK] .,Poland,synth_Country/TREx/P17.jsonl
5745,Ljig is located in [MASK] .,Serbian,synth_Country/TREx/P17.jsonl
5774,Buchans is located in [MASK] .,Canada,synth_Country/TREx/P17.jsonl
5775,Asian Highway Network is located in [MASK] .,India,synth_Country/TREx/P17.jsonl
5785,Al-Suqaylabiyah Subdistrict is located in [MASK] .,Syria,synth_Country/TREx/P17.jsonl
5787,Alcanena Municipality is located in [MASK] .,Portugal,synth_Country/TREx/P17.jsonl
5792,Nauders is located in [MASK] .,Austria,synth_Country/TREx/P17.jsonl
5794,ITE College East is located in [MASK] .,Singapore,synth_Country/TREx/P17.jsonl
5796,New Era University is located in [MASK] .,Philippines,synth_Country/TREx/P17.jsonl
5799,Valea lui Mihai is located in [MASK] .,Romania,synth_Country/TREx/P17.jsonl
5806,Acolman Municipality is located in [MASK] .,Mexican,synth_Country/TREx/P17.jsonl
5807,Ruthweiler is located in [MASK] .,Germany,synth_Country/TREx/P17.jsonl
5809,Sidhi district is located in [MASK] .,India,synth_Country/TREx/P17.jsonl
5816,"Berhala Island, Sabah is located in [MASK] .",Malaysia,synth_Country/TREx/P17.jsonl
5819,Capolago is located in [MASK] .,Swiss,synth_Country/TREx/P17.jsonl
5828,Aden is located in [MASK] .,Yemen,synth_Country/TREx/P17.jsonl
5885,Tehri Garhwal district is located in [MASK] .,India,synth_Country/TREx/P17.jsonl
5901,Art Gallery of Ontario is located in [MASK] .,Canada,synth_Country/TREx/P17.jsonl
5908,Kitakami Station is located in [MASK] .,Japan,synth_Country/TREx/P17.jsonl
5910,Band-e Kaisar is located in [MASK] .,Iran,synth_Country/TREx/P17.jsonl
5915,2009 Speedway Ekstraliga is located in [MASK] .,Polish,synth_Country/TREx/P17.jsonl
5919,Virgin Classics is located in [MASK] .,France,synth_Country/TREx/P17.jsonl
5920,Helsinki City Hall is located in [MASK] .,Finland,synth_Country/TREx/P17.jsonl
5922,Ovada is located in [MASK] .,Italian,synth_Country/TREx/P17.jsonl
5924,Lleida is located in [MASK] .,Spain,synth_Country/TREx/P17.jsonl
6034,FK Andijan is located in [MASK] .,Uzbekistan,synth_Country/TREx/P17.jsonl
6035,Villa La Pietra is located in [MASK] .,Italy,synth_Country/TREx/P17.jsonl
6037,Pochepsky District is located in [MASK] .,Russia,synth_Country/TREx/P17.jsonl
6039,Rogun Dam is located in [MASK] .,Tajikistan,synth_Country/TREx/P17.jsonl
6043,"Fukuno, Toyama is located in [MASK] .",Japan,synth_Country/TREx/P17.jsonl
6047,Nobel Peace Center is located in [MASK] .,Norway,synth_Country/TREx/P17.jsonl
6053,Outer islands of Mauritius is located in [MASK] .,Mauritius,synth_Country/TREx/P17.jsonl
6063,Papanasam is located in [MASK] .,India,synth_Country/TREx/P17.jsonl
6071,"West Royalty, Prince Edward Island is located in [MASK] .",Canada,synth_Country/TREx/P17.jsonl
6073,Civic Forum is located in [MASK] .,Czechoslovakia,synth_Country/TREx/P17.jsonl
6079,Larsmo is located in [MASK] .,Finland,synth_Country/TREx/P17.jsonl
6084,Bilbao is located in [MASK] .,Spain,synth_Country/TREx/P17.jsonl
6268,Morshi is located in [MASK] .,India,synth_Country/TREx/P17.jsonl
6270,Danish Sign Language is located in [MASK] .,Denmark,synth_Country/TREx/P17.jsonl
6271,Mediolanum Forum is located in [MASK] .,Italy,synth_Country/TREx/P17.jsonl
6272,Bouygues Telecom is located in [MASK] .,French,synth_Country/TREx/P17.jsonl
6275,Sardent is located in [MASK] .,France,synth_Country/TREx/P17.jsonl
6287,archdiocese of Gatineau is located in [MASK] .,Canada,synth_Country/TREx/P17.jsonl
6288,Bilecik Province is located in [MASK] .,Turkey,synth_Country/TREx/P17.jsonl
6529,New England is located in [MASK] .,Australia,synth_Country/TREx/P17.jsonl
6532,Wabush Airport is located in [MASK] .,Canada,synth_Country/TREx/P17.jsonl
6534,Vesuvius Observatory is located in [MASK] .,Italy,synth_Country/TREx/P17.jsonl
6536,La Ribera Baixa is located in [MASK] .,Spain,synth_Country/TREx/P17.jsonl
6550,Ust-Katav is located in [MASK] .,Russia,synth_Country/TREx/P17.jsonl
6555,Orikhiv is located in [MASK] .,Ukraine,synth_Country/TREx/P17.jsonl
6557,Statistics Netherlands is located in [MASK] .,Netherlands,synth_Country/TREx/P17.jsonl
6564,"Tsuno District, Yamaguchi is located in [MASK] .",Japan,synth_Country/TREx/P17.jsonl
6565,Bliesgau is located in [MASK] .,Germany,synth_Country/TREx/P17.jsonl
6568,Mugello Circuit is located in [MASK] .,Italy,synth_Country/TREx/P17.jsonl
6576,Guatemalan Revolution is located in [MASK] .,Guatemala,synth_Country/TREx/P17.jsonl
6583,Cmolas is located in [MASK] .,Poland,synth_Country/TREx/P17.jsonl
6585,Umarex is located in [MASK] .,Germany,synth_Country/TREx/P17.jsonl
6590,Knight Inlet is located in [MASK] .,Canada,synth_Country/TREx/P17.jsonl
6603,Grianan of Aileach is located in [MASK] .,Irish,synth_Country/TREx/P17.jsonl
6609,Ambatofinandrahana District is located in [MASK] .,Madagascar,synth_Country/TREx/P17.jsonl
6614,Manyakheta is located in [MASK] .,India,synth_Country/TREx/P17.jsonl
6618,Noliko Maaseik is located in [MASK] .,Belgium,synth_Country/TREx/P17.jsonl
6625,Presbyterian High School is located in [MASK] .,Singapore,synth_Country/TREx/P17.jsonl
6628,Kandiaro Taluka is located in [MASK] .,Pakistan,synth_Country/TREx/P17.jsonl
6640,Hogeschool Gent is located in [MASK] .,Belgian,synth_Country/TREx/P17.jsonl
6643,Desolation Lava Field is located in [MASK] .,Canada,synth_Country/TREx/P17.jsonl
6646,Lamongan is located in [MASK] .,Indonesia,synth_Country/TREx/P17.jsonl
6668,Roman Catholic Archdiocese of Lucca is located in [MASK] .,Italy,synth_Country/TREx/P17.jsonl
6669,Simdega is located in [MASK] .,India,synth_Country/TREx/P17.jsonl
6671,Ulundurpet is located in [MASK] .,India,synth_Country/TREx/P17.jsonl
6672,Tampere Cathedral is located in [MASK] .,Finland,synth_Country/TREx/P17.jsonl
6674,Palladam is located in [MASK] .,India,synth_Country/TREx/P17.jsonl
6678,Geffen Award is located in [MASK] .,Israel,synth_Country/TREx/P17.jsonl
6679,Munich Residence is located in [MASK] .,Germany,synth_Country/TREx/P17.jsonl
6684,Shoranur is located in [MASK] .,India,synth_Country/TREx/P17.jsonl
6689,Mandailing language is located in [MASK] .,Indonesia,synth_Country/TREx/P17.jsonl
6691,Gmina Dziemiany is located in [MASK] .,Poland,synth_Country/TREx/P17.jsonl
6731,Bay is located in [MASK] .,Philippines,synth_Country/TREx/P17.jsonl
6733,Botswana Football Association is located in [MASK] .,Botswana,synth_Country/TREx/P17.jsonl
6738,Atwell Peak is located in [MASK] .,Canada,synth_Country/TREx/P17.jsonl
6740,FC Volochanin-Ratmir Vyshny Volochyok is located in [MASK] .,Russia,synth_Country/TREx/P17.jsonl
6743,Brandon University is located in [MASK] .,Canada,synth_Country/TREx/P17.jsonl
6766,Guillaumes is located in [MASK] .,France,synth_Country/TREx/P17.jsonl
6768,Blackrock Castle is located in [MASK] .,Ireland,synth_Country/TREx/P17.jsonl
6770,Instituto Pedro Nunes is located in [MASK] .,Portugal,synth_Country/TREx/P17.jsonl
6772,Eenhana is located in [MASK] .,Namibia,synth_Country/TREx/P17.jsonl
6780,route 75 is located in [MASK] .,Australia,synth_Country/TREx/P17.jsonl
6782,European route E25 is located in [MASK] .,Luxembourg,synth_Country/TREx/P17.jsonl
6784,Vukov Spomenik is located in [MASK] .,Serbia,synth_Country/TREx/P17.jsonl
6787,Russian-Armenian University is located in [MASK] .,Armenia,synth_Country/TREx/P17.jsonl
6791,Abbey of Echternach is located in [MASK] .,Luxembourg,synth_Country/TREx/P17.jsonl
6793,Union des forces progressistes is located in [MASK] .,Canada,synth_Country/TREx/P17.jsonl
6797,Ikuno-ku is located in [MASK] .,Japan,synth_Country/TREx/P17.jsonl
6805,Ozumba is located in [MASK] .,Mexico,synth_Country/TREx/P17.jsonl
6806,SV Ried is located in [MASK] .,Austria,synth_Country/TREx/P17.jsonl
6807,Honnavar is located in [MASK] .,India,synth_Country/TREx/P17.jsonl
6820,Autonomous District Lok Sabha constituency is located in [MASK] .,India,synth_Country/TREx/P17.jsonl
6822,Hong San See is located in [MASK] .,Singapore,synth_Country/TREx/P17.jsonl
6826,Grimaldi Industri is located in [MASK] .,Sweden,synth_Country/TREx/P17.jsonl
6828,Singel is located in [MASK] .,Netherlands,synth_Country/TREx/P17.jsonl
6829,Munich Stadtmuseum is located in [MASK] .,Germany,synth_Country/TREx/P17.jsonl
6830,Party of National Unity is located in [MASK] .,Kenya,synth_Country/TREx/P17.jsonl
6840,New Australia is located in [MASK] .,Paraguay,synth_Country/TREx/P17.jsonl
6848,Risod is located in [MASK] .,India,synth_Country/TREx/P17.jsonl
6849,Prince Edward Viaduct is located in [MASK] .,Canada,synth_Country/TREx/P17.jsonl
6853,Ghora Gali is located in [MASK] .,Pakistan,synth_Country/TREx/P17.jsonl
6858,University of Bern is located in [MASK] .,Swiss,synth_Country/TREx/P17.jsonl
6902,Pandoh Dam is located in [MASK] .,India,synth_Country/TREx/P17.jsonl
6904,Andreapolsky District is located in [MASK] .,Russia,synth_Country/TREx/P17.jsonl
6907,Balige is located in [MASK] .,Indonesia,synth_Country/TREx/P17.jsonl
6909,Campeche Bank is located in [MASK] .,Mexico,synth_Country/TREx/P17.jsonl
6913,Zulia is located in [MASK] .,Venezuela,synth_Country/TREx/P17.jsonl
7061,Gasunie is located in [MASK] .,Netherlands,synth_Country/TREx/P17.jsonl
7069,Da Nang Air Base is located in [MASK] .,Vietnam,synth_Country/TREx/P17.jsonl
7070,Nea Zichni Municipality is located in [MASK] .,Greece,synth_Country/TREx/P17.jsonl
7072,Menen is located in [MASK] .,Belgian,synth_Country/TREx/P17.jsonl
7100,Monarcas Morelia is located in [MASK] .,Mexico,synth_Country/TREx/P17.jsonl
7106,Adliswil is located in [MASK] .,Switzerland,synth_Country/TREx/P17.jsonl
7117,Penna Ahobilam is located in [MASK] .,India,synth_Country/TREx/P17.jsonl
7121,Dent Island Light is located in [MASK] .,Australia,synth_Country/TREx/P17.jsonl
7123,"Halton County, Ontario is located in [MASK] .",Canada,synth_Country/TREx/P17.jsonl
7128,Vaujany is located in [MASK] .,France,synth_Country/TREx/P17.jsonl
7130,East Wall is located in [MASK] .,Ireland,synth_Country/TREx/P17.jsonl
7134,Neryungri is located in [MASK] .,Russian,synth_Country/TREx/P17.jsonl
7150,Kenya African National Union is located in [MASK] .,Kenya,synth_Country/TREx/P17.jsonl
7189,Hersbruck is located in [MASK] .,Germany,synth_Country/TREx/P17.jsonl
7191,Hobart Zoo is located in [MASK] .,Australia,synth_Country/TREx/P17.jsonl
7194,Sydney Sports Ground is located in [MASK] .,Australia,synth_Country/TREx/P17.jsonl
7201,Rantum is located in [MASK] .,Germany,synth_Country/TREx/P17.jsonl
7203,Bedourie is located in [MASK] .,Australia,synth_Country/TREx/P17.jsonl
7206,Central Black Forest is located in [MASK] .,Germany,synth_Country/TREx/P17.jsonl
7210,Cultural Center of the Philippines is located in [MASK] .,Philippines,synth_Country/TREx/P17.jsonl
7241,Speaker of the House of Representatives of the Philippines is located in [MASK] .,Philippines,synth_Country/TREx/P17.jsonl
7258,Panna National Park is located in [MASK] .,India,synth_Country/TREx/P17.jsonl
7260,West Darfur is located in [MASK] .,Sudan,synth_Country/TREx/P17.jsonl
7275,Middle Egypt is located in [MASK] .,Egypt,synth_Country/TREx/P17.jsonl
7277,Garibaldi Ranges is located in [MASK] .,Canada,synth_Country/TREx/P17.jsonl
7289,Montreal Centre is located in [MASK] .,Canadian,synth_Country/TREx/P17.jsonl
7294,"Croom, County Limerick is located in [MASK] .",Ireland,synth_Country/TREx/P17.jsonl
7296,Club Aurora is located in [MASK] .,Bolivia,synth_Country/TREx/P17.jsonl
7301,Australian Geographic is located in [MASK] .,Australia,synth_Country/TREx/P17.jsonl
7307,Bolvadin is located in [MASK] .,Turkey,synth_Country/TREx/P17.jsonl
7326,Hattfjelldal is located in [MASK] .,Norwegian,synth_Country/TREx/P17.jsonl
7358,Federal Palace of Switzerland is located in [MASK] .,Swiss,synth_Country/TREx/P17.jsonl
7363,Sonitpur district is located in [MASK] .,India,synth_Country/TREx/P17.jsonl
7380,Trento is located in [MASK] .,Italian,synth_Country/TREx/P17.jsonl
7490,National Library of Peru is located in [MASK] .,Peru,synth_Country/TREx/P17.jsonl
7494,Taronga Western Plains Zoo is located in [MASK] .,Australia,synth_Country/TREx/P17.jsonl
7498,Entzheim is located in [MASK] .,France,synth_Country/TREx/P17.jsonl
7500,Villigen is located in [MASK] .,Switzerland,synth_Country/TREx/P17.jsonl
7503,Borghetto di Vara is located in [MASK] .,Italian,synth_Country/TREx/P17.jsonl
7505,Colombes is located in [MASK] .,France,synth_Country/TREx/P17.jsonl
7514,New Democratic Party Socialist Caucus is located in [MASK] .,Canada,synth_Country/TREx/P17.jsonl
7518,Latvian Farmers' Union is located in [MASK] .,Latvian,synth_Country/TREx/P17.jsonl
7527,Selbu is located in [MASK] .,Norway,synth_Country/TREx/P17.jsonl
7556,Arve is located in [MASK] .,France,synth_Country/TREx/P17.jsonl
7559,Hamburg University of Technology is located in [MASK] .,Germany,synth_Country/TREx/P17.jsonl
7561,Sebatik Island is located in [MASK] .,Malaysia,synth_Country/TREx/P17.jsonl
7582,Avord is located in [MASK] .,France,synth_Country/TREx/P17.jsonl
7583,Calw is located in [MASK] .,Germany,synth_Country/TREx/P17.jsonl
7607,Khondab County is located in [MASK] .,Iran,synth_Country/TREx/P17.jsonl
7791,Khmilnyk is located in [MASK] .,Ukraine,synth_Country/TREx/P17.jsonl
7796,Wentworth Valley is located in [MASK] .,Canada,synth_Country/TREx/P17.jsonl
7800,Annweiler am Trifels is located in [MASK] .,Germany,synth_Country/TREx/P17.jsonl
7809,Askola is located in [MASK] .,Finland,synth_Country/TREx/P17.jsonl
7816,Lucentum is located in [MASK] .,Spain,synth_Country/TREx/P17.jsonl
7818,TUIfly Nordic is located in [MASK] .,Sweden,synth_Country/TREx/P17.jsonl
7821,Jiul de Vest River is located in [MASK] .,Romania,synth_Country/TREx/P17.jsonl
7864,Sanlih E-Television is located in [MASK] .,Taiwan,synth_Country/TREx/P17.jsonl
7875,Warsaw Uprising Museum is located in [MASK] .,Polish,synth_Country/TREx/P17.jsonl
7883,Chu Lai Base Area is located in [MASK] .,Vietnam,synth_Country/TREx/P17.jsonl
7884,1951 Australian federal election is located in [MASK] .,Australia,synth_Country/TREx/P17.jsonl
7886,Hilir Perak is located in [MASK] .,Malaysia,synth_Country/TREx/P17.jsonl
7898,Frosinone is located in [MASK] .,Italy,synth_Country/TREx/P17.jsonl
7939,Romano d'Ezzelino is located in [MASK] .,Italy,synth_Country/TREx/P17.jsonl
7941,Bunda District is located in [MASK] .,Tanzania,synth_Country/TREx/P17.jsonl
7949,ArcelorMittal Poland is located in [MASK] .,Poland,synth_Country/TREx/P17.jsonl
7955,Queen Charlotte Mountains is located in [MASK] .,Canada,synth_Country/TREx/P17.jsonl
7959,Federally Administered Tribal Areas is located in [MASK] .,Pakistan,synth_Country/TREx/P17.jsonl
8159,"St James' Church, Sydney is located in [MASK] .",Australia,synth_Country/TREx/P17.jsonl
8161,Tillya Tepe is located in [MASK] .,Afghanistan,synth_Country/TREx/P17.jsonl
8165,Linimo is located in [MASK] .,Japan,synth_Country/TREx/P17.jsonl
8170,Coolock is located in [MASK] .,Ireland,synth_Country/TREx/P17.jsonl
8196,Perpignan is located in [MASK] .,France,synth_Country/TREx/P17.jsonl
8251,United Mine Workers is located in [MASK] .,Canada,synth_Country/TREx/P17.jsonl
8252,Istanbul Airport is located in [MASK] .,Turkey,synth_Country/TREx/P17.jsonl
8254,Bannu is located in [MASK] .,Pakistan,synth_Country/TREx/P17.jsonl
8273,Al Ahmadi Governorate is located in [MASK] .,Kuwait,synth_Country/TREx/P17.jsonl
8283,Cuban convertible peso is located in [MASK] .,Cuba,synth_Country/TREx/P17.jsonl
8290,Laslea is located in [MASK] .,Romania,synth_Country/TREx/P17.jsonl
8294,Ostermundigen is located in [MASK] .,Switzerland,synth_Country/TREx/P17.jsonl
8297,Buda is located in [MASK] .,Hungary,synth_Country/TREx/P17.jsonl
8336,life imprisonment in Canada is located in [MASK] .,Canadian,synth_Country/TREx/P17.jsonl
8338,Holycross-Ballycahill GAA is located in [MASK] .,Ireland,synth_Country/TREx/P17.jsonl
8340,Aventine Hill is located in [MASK] .,Italy,synth_Country/TREx/P17.jsonl
8345,Dziemiany is located in [MASK] .,Poland,synth_Country/TREx/P17.jsonl
8348,National Congress of Brasil is located in [MASK] .,Brazil,synth_Country/TREx/P17.jsonl
8353,Eredivisie is located in [MASK] .,Netherlands,synth_Country/TREx/P17.jsonl
8678,Subarnapur district is located in [MASK] .,India,synth_Country/TREx/P17.jsonl
8707,Sarnia is located in [MASK] .,Canada,synth_Country/TREx/P17.jsonl
8787,Taranto Sport is located in [MASK] .,Italy,synth_Country/TREx/P17.jsonl
8790,Sahneh County is located in [MASK] .,Iran,synth_Country/TREx/P17.jsonl
9182,Windischeschenbach is located in [MASK] .,Germany,synth_Country/TREx/P17.jsonl
9184,Ogrodzieniec is located in [MASK] .,Poland,synth_Country/TREx/P17.jsonl
9186,public transport in Istanbul is located in [MASK] .,Turkish,synth_Country/TREx/P17.jsonl
9187,Gmina Stara Kornica is located in [MASK] .,Poland,synth_Country/TREx/P17.jsonl
9209,Ausa is located in [MASK] .,India,synth_Country/TREx/P17.jsonl
9217,Ruhla is located in [MASK] .,Germany,synth_Country/TREx/P17.jsonl
9219,Kafriya is located in [MASK] .,Syria,synth_Country/TREx/P17.jsonl
9223,Palana is located in [MASK] .,Russia,synth_Country/TREx/P17.jsonl
9226,Tirebolu is located in [MASK] .,Turkey,synth_Country/TREx/P17.jsonl
9233,Carpentras is located in [MASK] .,France,synth_Country/TREx/P17.jsonl
9244,Taunsa Barrage is located in [MASK] .,Pakistan,synth_Country/TREx/P17.jsonl
9249,Catalonia is located in [MASK] .,Spain,synth_Country/TREx/P17.jsonl
11613,Skole Raion is located in [MASK] .,Ukraine,synth_Country/TREx/P17.jsonl
11625,Southern Savonia is located in [MASK] .,Finland,synth_Country/TREx/P17.jsonl
11667,Global Television Network is located in [MASK] .,Canada,synth_Country/TREx/P17.jsonl
11713,Bastille is located in [MASK] .,France,synth_Country/TREx/P17.jsonl
11718,Casiquiare canal is located in [MASK] .,Venezuela,synth_Country/TREx/P17.jsonl
11728,Zwiefalten is located in [MASK] .,Germany,synth_Country/TREx/P17.jsonl
11729,Sommariva del Bosco is located in [MASK] .,Italian,synth_Country/TREx/P17.jsonl
11731,Tienen is located in [MASK] .,Belgian,synth_Country/TREx/P17.jsonl
11761,Electoral district of Wantirna is located in [MASK] .,Australia,synth_Country/TREx/P17.jsonl
11762,Dundalk is located in [MASK] .,Ireland,synth_Country/TREx/P17.jsonl
11866,Knockmealdown Mountains is located in [MASK] .,Irish,synth_Country/TREx/P17.jsonl
11869,"Medical College and Hospital, Kolkata is located in [MASK] .",India,synth_Country/TREx/P17.jsonl
11874,Singarapettai is located in [MASK] .,India,synth_Country/TREx/P17.jsonl
11876,Junnar is located in [MASK] .,India,synth_Country/TREx/P17.jsonl
11893,Mudgee is located in [MASK] .,Australia,synth_Country/TREx/P17.jsonl
11905,Ikaalinen is located in [MASK] .,Finnish,synth_Country/TREx/P17.jsonl
11911,Lipscani is located in [MASK] .,Romania,synth_Country/TREx/P17.jsonl
11914,Hohenwestedt is located in [MASK] .,Germany,synth_Country/TREx/P17.jsonl
11918,Sialkot district is located in [MASK] .,Pakistan,synth_Country/TREx/P17.jsonl
11968,County Leitrim is located in [MASK] .,Irish,synth_Country/TREx/P17.jsonl
12134,Iruma Air Base is located in [MASK] .,Japan,synth_Country/TREx/P17.jsonl
12138,Facit is located in [MASK] .,Sweden,synth_Country/TREx/P17.jsonl
12141,Nintendo is located in [MASK] .,Japan,synth_Country/TREx/P17.jsonl
12348,Berar Province is located in [MASK] .,India,synth_Country/TREx/P17.jsonl
12349,Theni district is located in [MASK] .,India,synth_Country/TREx/P17.jsonl
12390,Gurudwara Bangla Sahib is located in [MASK] .,India,synth_Country/TREx/P17.jsonl
12391,Fairfield West is located in [MASK] .,Australia,synth_Country/TREx/P17.jsonl
12394,Surat Basin is located in [MASK] .,Australia,synth_Country/TREx/P17.jsonl
12396,National Republican Greek League is located in [MASK] .,Greek,synth_Country/TREx/P17.jsonl
12405,Bhamdoun is located in [MASK] .,Lebanon,synth_Country/TREx/P17.jsonl
12409,South East Cape is located in [MASK] .,Australia,synth_Country/TREx/P17.jsonl
12414,Columbia Valley is located in [MASK] .,Canada,synth_Country/TREx/P17.jsonl
12445,Lerik District is located in [MASK] .,Azerbaijan,synth_Country/TREx/P17.jsonl
12621,Emscher is located in [MASK] .,Germany,synth_Country/TREx/P17.jsonl
12628,Grand Mosque of Paris is located in [MASK] .,France,synth_Country/TREx/P17.jsonl
12632,Minu District is located in [MASK] .,Iran,synth_Country/TREx/P17.jsonl
12700,Etobicoke North is located in [MASK] .,Canadian,synth_Country/TREx/P17.jsonl
12709,Lund Municipality is located in [MASK] .,Sweden,synth_Country/TREx/P17.jsonl
12727,Eagle Boys is located in [MASK] .,Australia,synth_Country/TREx/P17.jsonl
12734,Vierlingsbeek is located in [MASK] .,Netherlands,synth_Country/TREx/P17.jsonl
12739,Swedish Orphan Biovitrum is located in [MASK] .,Sweden,synth_Country/TREx/P17.jsonl
12741,"Barnhartvale, Kamloops is located in [MASK] .",Canada,synth_Country/TREx/P17.jsonl
12745,Gobardanga is located in [MASK] .,India,synth_Country/TREx/P17.jsonl
12746,AH3 is located in [MASK] .,Russia,synth_Country/TREx/P17.jsonl
12749,Isfahan International Airport is located in [MASK] .,Iran,synth_Country/TREx/P17.jsonl
12752,1C Company is located in [MASK] .,Russia,synth_Country/TREx/P17.jsonl
12753,Gazzola is located in [MASK] .,Italian,synth_Country/TREx/P17.jsonl
12756,Weston GO Station is located in [MASK] .,Canada,synth_Country/TREx/P17.jsonl
12758,Kingston Whig-Standard is located in [MASK] .,Canada,synth_Country/TREx/P17.jsonl
12764,Grolsch Brewery is located in [MASK] .,Netherlands,synth_Country/TREx/P17.jsonl
12767,Wiener Singakademie is located in [MASK] .,Austria,synth_Country/TREx/P17.jsonl
12769,Ichchapuram is located in [MASK] .,India,synth_Country/TREx/P17.jsonl
12770,Waurn Ponds is located in [MASK] .,Australia,synth_Country/TREx/P17.jsonl
12771,bpost is located in [MASK] .,Belgian,synth_Country/TREx/P17.jsonl
12776,Holmenkollen National Arena is located in [MASK] .,Norway,synth_Country/TREx/P17.jsonl
12781,Langarud County is located in [MASK] .,Persian,synth_Country/TREx/P17.jsonl
13210,Ginza Line is located in [MASK] .,Japan,synth_Country/TREx/P17.jsonl
13314,Niederweningen is located in [MASK] .,Switzerland,synth_Country/TREx/P17.jsonl
13330,Argentine National Anthem is located in [MASK] .,Argentina,synth_Country/TREx/P17.jsonl
13335,Puerto Maldonado is located in [MASK] .,Peru,synth_Country/TREx/P17.jsonl
13346,"Harrington Sound, Bermuda is located in [MASK] .",Bermuda,synth_Country/TREx/P17.jsonl
13353,Flieden is located in [MASK] .,Germany,synth_Country/TREx/P17.jsonl
13356,Trans-Sahara Highway is located in [MASK] .,Nigerian,synth_Country/TREx/P17.jsonl
13358,Kahrizak is located in [MASK] .,Persia,synth_Country/TREx/P17.jsonl
13373,Cappoquin is located in [MASK] .,Irish,synth_Country/TREx/P17.jsonl
13385,Teatro Comunale Florence is located in [MASK] .,Italy,synth_Country/TREx/P17.jsonl
13388,Petseri County is located in [MASK] .,Estonia,synth_Country/TREx/P17.jsonl
13393,Guelma Province is located in [MASK] .,Algeria,synth_Country/TREx/P17.jsonl
13446,Bangarapet is located in [MASK] .,India,synth_Country/TREx/P17.jsonl
13452,Western Bug is located in [MASK] .,Belarus,synth_Country/TREx/P17.jsonl
13470,Staatliche Antikensammlungen is located in [MASK] .,Germany,synth_Country/TREx/P17.jsonl
13471,Pindamonhangaba is located in [MASK] .,Brazil,synth_Country/TREx/P17.jsonl
13479,Vinkeveen is located in [MASK] .,Dutch,synth_Country/TREx/P17.jsonl
13482,Were Ilu is located in [MASK] .,Ethiopia,synth_Country/TREx/P17.jsonl
13483,community development block in India is located in [MASK] .,India,synth_Country/TREx/P17.jsonl
13532,Lahti is located in [MASK] .,Finland,synth_Country/TREx/P17.jsonl
13697,.af is located in [MASK] .,Afghanistan,synth_Country/TREx/P17.jsonl
13702,Gmina Konarzyny is located in [MASK] .,Poland,synth_Country/TREx/P17.jsonl
13712,"All-Ukrainian Union ""Svoboda"" is located in [MASK] .",Ukrainian,synth_Country/TREx/P17.jsonl
13716,Pully is located in [MASK] .,Switzerland,synth_Country/TREx/P17.jsonl
13730,Nizampatnam is located in [MASK] .,India,synth_Country/TREx/P17.jsonl
13731,IL Brodd is located in [MASK] .,Norwegian,synth_Country/TREx/P17.jsonl
13733,Augusta Raurica is located in [MASK] .,Switzerland,synth_Country/TREx/P17.jsonl
13735,Blennerville is located in [MASK] .,Irish,synth_Country/TREx/P17.jsonl
13740,Eupen-Malmedy is located in [MASK] .,Belgium,synth_Country/TREx/P17.jsonl
13755,Tesco Organisation is located in [MASK] .,Germany,synth_Country/TREx/P17.jsonl
13756,Gulf of Bothnia is located in [MASK] .,Finland,synth_Country/TREx/P17.jsonl
13794,Waldshut-Tiengen is located in [MASK] .,Germany,synth_Country/TREx/P17.jsonl
13827,Hohenlohe-Langenburg is located in [MASK] .,Germany,synth_Country/TREx/P17.jsonl
13830,Alpokalja is located in [MASK] .,Hungary,synth_Country/TREx/P17.jsonl
13833,Manikata is located in [MASK] .,Malta,synth_Country/TREx/P17.jsonl
13836,Madona District is located in [MASK] .,Latvia,synth_Country/TREx/P17.jsonl
13843,Delta Works is located in [MASK] .,Dutch,synth_Country/TREx/P17.jsonl
13853,Albertis Castle is located in [MASK] .,Italy,synth_Country/TREx/P17.jsonl
13855,KiKa is located in [MASK] .,Germany,synth_Country/TREx/P17.jsonl
13868,Prieto Diaz is located in [MASK] .,Philippines,synth_Country/TREx/P17.jsonl
13870,Parippally is located in [MASK] .,India,synth_Country/TREx/P17.jsonl
13877,Hultsfred Municipality is located in [MASK] .,Sweden,synth_Country/TREx/P17.jsonl
13891,Waalhaven is located in [MASK] .,Netherlands,synth_Country/TREx/P17.jsonl
13893,Rathen is located in [MASK] .,Germany,synth_Country/TREx/P17.jsonl
13897,Tovuz District is located in [MASK] .,Azerbaijan,synth_Country/TREx/P17.jsonl
14024,Nova Friburgo is located in [MASK] .,Brazil,synth_Country/TREx/P17.jsonl
14029,La Mauricie National Park is located in [MASK] .,Canada,synth_Country/TREx/P17.jsonl
14033,Peruvian Navy is located in [MASK] .,Peru,synth_Country/TREx/P17.jsonl
14038,Kolad is located in [MASK] .,India,synth_Country/TREx/P17.jsonl
14040,Pesisir Selatan is located in [MASK] .,Indonesian,synth_Country/TREx/P17.jsonl
14045,Second Rutte cabinet is located in [MASK] .,Netherlands,synth_Country/TREx/P17.jsonl
14047,Tinguiririca River is located in [MASK] .,Chile,synth_Country/TREx/P17.jsonl
14051,ERT World is located in [MASK] .,Greece,synth_Country/TREx/P17.jsonl
14058,Atromitos Piraeus F.C. is located in [MASK] .,Greece,synth_Country/TREx/P17.jsonl
14059,"Minamishitara District, Aichi is located in [MASK] .",Japan,synth_Country/TREx/P17.jsonl
14060,Hantsavichy is located in [MASK] .,Belarus,synth_Country/TREx/P17.jsonl
14065,Astrid Lindgren Memorial Award is located in [MASK] .,Swedish,synth_Country/TREx/P17.jsonl
14066,Saint-Jacques-de-la-Lande is located in [MASK] .,France,synth_Country/TREx/P17.jsonl
14068,Veysian Rural District is located in [MASK] .,Iran,synth_Country/TREx/P17.jsonl
14134,Chaville is located in [MASK] .,France,synth_Country/TREx/P17.jsonl
14135,Greater Rio de Janeiro is located in [MASK] .,Brazil,synth_Country/TREx/P17.jsonl
14146,Achelous River is located in [MASK] .,Greece,synth_Country/TREx/P17.jsonl
14155,Chajul is located in [MASK] .,Guatemala,synth_Country/TREx/P17.jsonl
14158,Hotel Oloffson is located in [MASK] .,Haiti,synth_Country/TREx/P17.jsonl
14161,Veyrier is located in [MASK] .,Switzerland,synth_Country/TREx/P17.jsonl
14163,Iximche is located in [MASK] .,Guatemala,synth_Country/TREx/P17.jsonl
14172,Maya River is located in [MASK] .,Russian,synth_Country/TREx/P17.jsonl
14174,Logatec is located in [MASK] .,Slovenian,synth_Country/TREx/P17.jsonl
14190,Colleville-Montgomery is located in [MASK] .,France,synth_Country/TREx/P17.jsonl
14193,Sakarya Province is located in [MASK] .,Turkey,synth_Country/TREx/P17.jsonl
14231,Hurley River is located in [MASK] .,Canada,synth_Country/TREx/P17.jsonl
14234,Oseberg oil field is located in [MASK] .,Norway,synth_Country/TREx/P17.jsonl
14244,Peremyshliany is located in [MASK] .,Ukraine,synth_Country/TREx/P17.jsonl
14248,Sapo National Park is located in [MASK] .,Liberia,synth_Country/TREx/P17.jsonl
14251,Hardoi district is located in [MASK] .,India,synth_Country/TREx/P17.jsonl
14265,Qatar Ladies Open is located in [MASK] .,Qatar,synth_Country/TREx/P17.jsonl
14288,Moissac Abbey is located in [MASK] .,France,synth_Country/TREx/P17.jsonl
14290,Kaniv Reservoir is located in [MASK] .,Ukraine,synth_Country/TREx/P17.jsonl
14292,Bird's Head Peninsula is located in [MASK] .,Indonesia,synth_Country/TREx/P17.jsonl
14305,Gmina Kalinowo is located in [MASK] .,Poland,synth_Country/TREx/P17.jsonl
14362,Kukawa is located in [MASK] .,Nigerian,synth_Country/TREx/P17.jsonl
14371,Soalala is located in [MASK] .,Madagascar,synth_Country/TREx/P17.jsonl
14375,Elgin West is located in [MASK] .,Canadian,synth_Country/TREx/P17.jsonl
14381,Polish Football Association is located in [MASK] .,Polish,synth_Country/TREx/P17.jsonl
14384,Hohenlohe is located in [MASK] .,Germany,synth_Country/TREx/P17.jsonl
14396,Kosi Zone is located in [MASK] .,Nepal,synth_Country/TREx/P17.jsonl
14688,Kume District is located in [MASK] .,Japan,synth_Country/TREx/P17.jsonl
14699,Thuringian Highland is located in [MASK] .,Germany,synth_Country/TREx/P17.jsonl
14705,prefectural road is located in [MASK] .,Japan,synth_Country/TREx/P17.jsonl
14709,Castlehaven is located in [MASK] .,Ireland,synth_Country/TREx/P17.jsonl
14726,Lannemezan is located in [MASK] .,French,synth_Country/TREx/P17.jsonl
14732,Gammalsvenskby is located in [MASK] .,Ukraine,synth_Country/TREx/P17.jsonl
14734,Tarq Rud Rural District is located in [MASK] .,Persian,synth_Country/TREx/P17.jsonl
14768,Ateneo de Madrid is located in [MASK] .,Spain,synth_Country/TREx/P17.jsonl
14770,Gavrilovo-Posadsky District is located in [MASK] .,Russia,synth_Country/TREx/P17.jsonl
14773,Marugame is located in [MASK] .,Japan,synth_Country/TREx/P17.jsonl
14775,Neighbourhoods in Kolkata is located in [MASK] .,India,synth_Country/TREx/P17.jsonl
14776,Zaraysky District is located in [MASK] .,Russia,synth_Country/TREx/P17.jsonl
14786,Higher Technological Institute (Egypt) is located in [MASK] .,Egypt,synth_Country/TREx/P17.jsonl
14789,Issenheim is located in [MASK] .,France,synth_Country/TREx/P17.jsonl
14791,Babcock & Brown is located in [MASK] .,Australia,synth_Country/TREx/P17.jsonl
14793,Gmina Sorkwity is located in [MASK] .,Poland,synth_Country/TREx/P17.jsonl
14836,Arjoun is located in [MASK] .,Syria,synth_Country/TREx/P17.jsonl
14840,Beauvais is located in [MASK] .,France,synth_Country/TREx/P17.jsonl
14857,Mont Saint-Bruno is located in [MASK] .,Canada,synth_Country/TREx/P17.jsonl
14859,Guru Nanak Dev University is located in [MASK] .,India,synth_Country/TREx/P17.jsonl
14860,Shakhenat Rural District is located in [MASK] .,Persian,synth_Country/TREx/P17.jsonl
14890,Western Sydney Wanderers FC is located in [MASK] .,Australia,synth_Country/TREx/P17.jsonl
14893,Lambunao is located in [MASK] .,Philippines,synth_Country/TREx/P17.jsonl
14898,"College of Engineering, Pune is located in [MASK] .",India,synth_Country/TREx/P17.jsonl
14900,El Djem is located in [MASK] .,Tunisia,synth_Country/TREx/P17.jsonl
14907,Noyon is located in [MASK] .,France,synth_Country/TREx/P17.jsonl
14914,Bamyan is located in [MASK] .,Afghanistan,synth_Country/TREx/P17.jsonl
15114,Garbeta is located in [MASK] .,India,synth_Country/TREx/P17.jsonl
15116,Persegres Gresik United is located in [MASK] .,Indonesian,synth_Country/TREx/P17.jsonl
15124,Indus River is located in [MASK] .,India,synth_Country/TREx/P17.jsonl
15157,Democratic Russia is located in [MASK] .,Russia,synth_Country/TREx/P17.jsonl
15158,"Shibganj Upazila, Bogra District is located in [MASK] .",Bangladesh,synth_Country/TREx/P17.jsonl
15162,Darmstadt is located in [MASK] .,Germany,synth_Country/TREx/P17.jsonl
15325,Emba River is located in [MASK] .,Kazakhstan,synth_Country/TREx/P17.jsonl
15335,Bogra Zilla School is located in [MASK] .,Bangladesh,synth_Country/TREx/P17.jsonl
15338,Inuit Circumpolar Council is located in [MASK] .,Canada,synth_Country/TREx/P17.jsonl
15342,University of Zaragoza is located in [MASK] .,Spain,synth_Country/TREx/P17.jsonl
15347,Buchan is located in [MASK] .,Australia,synth_Country/TREx/P17.jsonl
15348,Harnaut is located in [MASK] .,India,synth_Country/TREx/P17.jsonl
15350,Schleitheim is located in [MASK] .,Switzerland,synth_Country/TREx/P17.jsonl
15357,Jervis Inlet is located in [MASK] .,Canada,synth_Country/TREx/P17.jsonl
15378,Imperia is located in [MASK] .,Italy,synth_Country/TREx/P17.jsonl
15487,Lower Assam is located in [MASK] .,India,synth_Country/TREx/P17.jsonl
15495,Infocomm Development Authority of Singapore is located in [MASK] .,Singapore,synth_Country/TREx/P17.jsonl
15510,Warsteiner is located in [MASK] .,Germany,synth_Country/TREx/P17.jsonl
15520,Maybach is located in [MASK] .,Germany,synth_Country/TREx/P17.jsonl
15522,Oder-Spree District is located in [MASK] .,Germany,synth_Country/TREx/P17.jsonl
15557,Ponoy River is located in [MASK] .,Russia,synth_Country/TREx/P17.jsonl
15558,Siemiatycze is located in [MASK] .,Poland,synth_Country/TREx/P17.jsonl
15570,Entracque is located in [MASK] .,Italy,synth_Country/TREx/P17.jsonl
15571,Rankuh District is located in [MASK] .,Iran,synth_Country/TREx/P17.jsonl
15718,Papantla is located in [MASK] .,Mexican,synth_Country/TREx/P17.jsonl
15731,"Saint-Louis-de-Kent, New Brunswick is located in [MASK] .",Canada,synth_Country/TREx/P17.jsonl
15734,Druk Pol FC is located in [MASK] .,Bhutan,synth_Country/TREx/P17.jsonl
15738,Illertissen is located in [MASK] .,Germany,synth_Country/TREx/P17.jsonl
15739,Hitachinaka is located in [MASK] .,Japan,synth_Country/TREx/P17.jsonl
15766,Lough Ree is located in [MASK] .,Irish,synth_Country/TREx/P17.jsonl
15784,Bugis Junction is located in [MASK] .,Singapore,synth_Country/TREx/P17.jsonl
15787,Colegio Nacional de Buenos Aires is located in [MASK] .,Argentine,synth_Country/TREx/P17.jsonl
15791,San Canzian d'Isonzo is located in [MASK] .,Italy,synth_Country/TREx/P17.jsonl
15793,Mukkam is located in [MASK] .,India,synth_Country/TREx/P17.jsonl
15795,Iraklis F.C. is located in [MASK] .,Greece,synth_Country/TREx/P17.jsonl
15805,Valdemarsvik is located in [MASK] .,Sweden,synth_Country/TREx/P17.jsonl
15807,Loppa is located in [MASK] .,Norway,synth_Country/TREx/P17.jsonl
15833,Saint Gayane Church is located in [MASK] .,Armenia,synth_Country/TREx/P17.jsonl
15840,Hadzhidimovo is located in [MASK] .,Bulgarian,synth_Country/TREx/P17.jsonl
15846,Note Printing Australia is located in [MASK] .,Australia,synth_Country/TREx/P17.jsonl
15848,Guldborg is located in [MASK] .,Danish,synth_Country/TREx/P17.jsonl
15851,Simeulue is located in [MASK] .,Indonesia,synth_Country/TREx/P17.jsonl
15854,Japan National Route 112 is located in [MASK] .,Japan,synth_Country/TREx/P17.jsonl
15856,Sabratha is located in [MASK] .,Libya,synth_Country/TREx/P17.jsonl
15867,Broken Pencil is located in [MASK] .,Canada,synth_Country/TREx/P17.jsonl
15868,Toulouges is located in [MASK] .,France,synth_Country/TREx/P17.jsonl
15871,Mandara Mountains is located in [MASK] .,Nigeria,synth_Country/TREx/P17.jsonl
15877,Castrovirreyna District is located in [MASK] .,Peru,synth_Country/TREx/P17.jsonl
15879,Scheibbs District is located in [MASK] .,Austria,synth_Country/TREx/P17.jsonl
15896,Ford Motor Company of Canada is located in [MASK] .,Canada,synth_Country/TREx/P17.jsonl
15900,Olot is located in [MASK] .,Spain,synth_Country/TREx/P17.jsonl
15917,Canada Live is located in [MASK] .,Canada,synth_Country/TREx/P17.jsonl
15918,Drumheller-Stettler is located in [MASK] .,Canadian,synth_Country/TREx/P17.jsonl
15922,"North Middlesex, Ontario is located in [MASK] .",Canada,synth_Country/TREx/P17.jsonl
15929,N-340 road is located in [MASK] .,Spain,synth_Country/TREx/P17.jsonl
15932,Eirodziesma is located in [MASK] .,Latvian,synth_Country/TREx/P17.jsonl
15947,Kaunas Cathedral Basilica is located in [MASK] .,Lithuania,synth_Country/TREx/P17.jsonl
15949,Bahujan Vikas Aaghadi is located in [MASK] .,India,synth_Country/TREx/P17.jsonl
15952,Liverpool Range is located in [MASK] .,Australia,synth_Country/TREx/P17.jsonl
15953,Biberach district is located in [MASK] .,Germany,synth_Country/TREx/P17.jsonl
15957,Lascaris Battery is located in [MASK] .,Maltese,synth_Country/TREx/P17.jsonl
15969,Castellamonte is located in [MASK] .,Italian,synth_Country/TREx/P17.jsonl
15971,ABC Futebol Clube is located in [MASK] .,Brazil,synth_Country/TREx/P17.jsonl
15972,Kyoto University is located in [MASK] .,Japan,synth_Country/TREx/P17.jsonl
16033,Everberg is located in [MASK] .,Belgian,synth_Country/TREx/P17.jsonl
16036,Sarnaki is located in [MASK] .,Poland,synth_Country/TREx/P17.jsonl
16038,Union of Students in Ireland is located in [MASK] .,Ireland,synth_Country/TREx/P17.jsonl
16058,Pacentro is located in [MASK] .,Italy,synth_Country/TREx/P17.jsonl
16063,Novokuybyshevsk is located in [MASK] .,Russia,synth_Country/TREx/P17.jsonl
16066,Nepal Academy is located in [MASK] .,Nepal,synth_Country/TREx/P17.jsonl
16081,Bintulu Division is located in [MASK] .,Malaysia,synth_Country/TREx/P17.jsonl
16090,Louth County Council is located in [MASK] .,Irish,synth_Country/TREx/P17.jsonl
16095,regiopolis is located in [MASK] .,Germany,synth_Country/TREx/P17.jsonl
16097,Hamilton Mountain is located in [MASK] .,Canadian,synth_Country/TREx/P17.jsonl
16106,Mahalangur Himal is located in [MASK] .,Nepal,synth_Country/TREx/P17.jsonl
16116,House of Representatives is located in [MASK] .,Libya,synth_Country/TREx/P17.jsonl
16118,Pakpattan is located in [MASK] .,Pakistan,synth_Country/TREx/P17.jsonl
16119,Universidad Nacional Federico Villarreal is located in [MASK] .,Peru,synth_Country/TREx/P17.jsonl
16122,Kyōto Prefecture is located in [MASK] .,Japan,synth_Country/TREx/P17.jsonl
16544,Tarnobrzeg Voivodeship is located in [MASK] .,Polish,synth_Country/TREx/P17.jsonl
16546,Passeier Valley is located in [MASK] .,Italy,synth_Country/TREx/P17.jsonl
16551,Urangan is located in [MASK] .,Australia,synth_Country/TREx/P17.jsonl
16555,Melaka TMFC is located in [MASK] .,Malaysia,synth_Country/TREx/P17.jsonl
16565,province of Japan is located in [MASK] .,Japan,synth_Country/TREx/P17.jsonl
16567,Yamato Museum is located in [MASK] .,Japan,synth_Country/TREx/P17.jsonl
16570,Adare Manor is located in [MASK] .,Ireland,synth_Country/TREx/P17.jsonl
16572,Free National Movement is located in [MASK] .,Bahamas,synth_Country/TREx/P17.jsonl
16580,Northern Territory is located in [MASK] .,Australia,synth_Country/TREx/P17.jsonl
16582,Christian Medical College Ludhiana is located in [MASK] .,India,synth_Country/TREx/P17.jsonl
16583,Bukit Panjang Single Member Constituency is located in [MASK] .,Singapore,synth_Country/TREx/P17.jsonl
16585,VR warehouses is located in [MASK] .,Finland,synth_Country/TREx/P17.jsonl
16587,Venezuelan recall referendum is located in [MASK] .,Venezuela,synth_Country/TREx/P17.jsonl
16589,Mittag-Leffler Institute is located in [MASK] .,Sweden,synth_Country/TREx/P17.jsonl
16593,Kuomintang is located in [MASK] .,Taiwan,synth_Country/TREx/P17.jsonl
16720,Party for Freedom is located in [MASK] .,Netherlands,synth_Country/TREx/P17.jsonl
16724,Vardasht Rural District is located in [MASK] .,Persian,synth_Country/TREx/P17.jsonl
16873,Allan Cup is located in [MASK] .,Canada,synth_Country/TREx/P17.jsonl
16890,Rudrur is located in [MASK] .,India,synth_Country/TREx/P17.jsonl
16893,Birendranagar is located in [MASK] .,Nepali,synth_Country/TREx/P17.jsonl
16901,Kottarakkara is located in [MASK] .,India,synth_Country/TREx/P17.jsonl
16906,AMK Hub is located in [MASK] .,Singapore,synth_Country/TREx/P17.jsonl
16909,Whiteshell Laboratories is located in [MASK] .,Canada,synth_Country/TREx/P17.jsonl
16912,Nishi-Matsuura District is located in [MASK] .,Japan,synth_Country/TREx/P17.jsonl
16915,War in Donbass is located in [MASK] .,Ukraine,synth_Country/TREx/P17.jsonl
16946,SAM Colombia is located in [MASK] .,Colombia,synth_Country/TREx/P17.jsonl
16947,Castleisland Desmonds GAA is located in [MASK] .,Ireland,synth_Country/TREx/P17.jsonl
16949,Shire of Wambo is located in [MASK] .,Australia,synth_Country/TREx/P17.jsonl
16951,Wanne-Eickel Central Station is located in [MASK] .,Germany,synth_Country/TREx/P17.jsonl
16960,Pinosava is located in [MASK] .,Serbia,synth_Country/TREx/P17.jsonl
16962,Chancelade is located in [MASK] .,France,synth_Country/TREx/P17.jsonl
16966,Geelong Ring Road is located in [MASK] .,Australia,synth_Country/TREx/P17.jsonl
16969,Santo Spirito in Sassia is located in [MASK] .,Italy,synth_Country/TREx/P17.jsonl
16975,Kennedy Highway is located in [MASK] .,Australia,synth_Country/TREx/P17.jsonl
16979,Cem River is located in [MASK] .,Montenegrin,synth_Country/TREx/P17.jsonl
16984,Dornbirn is located in [MASK] .,Austria,synth_Country/TREx/P17.jsonl
17005,Gmina Warlubie is located in [MASK] .,Poland,synth_Country/TREx/P17.jsonl
17042,Christian Democrats is located in [MASK] .,Finnish,synth_Country/TREx/P17.jsonl
17044,IJmuiden is located in [MASK] .,Netherlands,synth_Country/TREx/P17.jsonl
17061,Ankenes is located in [MASK] .,Norway,synth_Country/TREx/P17.jsonl
17066,Haut Atlas is located in [MASK] .,Morocco,synth_Country/TREx/P17.jsonl
17111,Heptapyrgion is located in [MASK] .,Greece,synth_Country/TREx/P17.jsonl
17113,Media Development Authority is located in [MASK] .,Singapore,synth_Country/TREx/P17.jsonl
