,sent,gold,filename
0,Rubens Barrichello is [MASK] citizen .,Brazil,synth_Country/TREx/P27.jsonl
1,Yves Mirande is [MASK] citizen .,French,synth_Country/TREx/P27.jsonl
3,August Gailit is [MASK] citizen .,Estonian,synth_Country/TREx/P27.jsonl
5,Princess Elisabeth of Denmark is [MASK] citizen .,Denmark,synth_Country/TREx/P27.jsonl
9,Tue West is [MASK] citizen .,Danish,synth_Country/TREx/P27.jsonl
11,Bertil Lindblad is [MASK] citizen .,Swedish,synth_Country/TREx/P27.jsonl
13,Prafulla Chandra Ghosh is [MASK] citizen .,India,synth_Country/TREx/P27.jsonl
15,Noriyasu Hirata is [MASK] citizen .,Japan,synth_Country/TREx/P27.jsonl
17,Woodrow Lloyd is [MASK] citizen .,Canada,synth_Country/TREx/P27.jsonl
19,Namadi Sambo is [MASK] citizen .,Nigeria,synth_Country/TREx/P27.jsonl
24,Leif Sylvester Petersen is [MASK] citizen .,Danish,synth_Country/TREx/P27.jsonl
26,John Landy is [MASK] citizen .,Australia,synth_Country/TREx/P27.jsonl
29,H. V. Evatt is [MASK] citizen .,Australia,synth_Country/TREx/P27.jsonl
41,"Humphrey Stafford, 1st Duke of Buckingham is [MASK] citizen .",English,synth_Country/TREx/P27.jsonl
44,Boris Spassky is [MASK] citizen .,France,synth_Country/TREx/P27.jsonl
45,Louise-Rosalie Lefebvre is [MASK] citizen .,France,synth_Country/TREx/P27.jsonl
46,Thomas Bo Larsen is [MASK] citizen .,Danish,synth_Country/TREx/P27.jsonl
50,Daniela Iraschko-Stolz is [MASK] citizen .,Austria,synth_Country/TREx/P27.jsonl
52,Ada Yonath is [MASK] citizen .,Israel,synth_Country/TREx/P27.jsonl
53,Mari Hamada is [MASK] citizen .,Japan,synth_Country/TREx/P27.jsonl
57,Jeet Ganguly is [MASK] citizen .,India,synth_Country/TREx/P27.jsonl
60,Enrique Llanes is [MASK] citizen .,Mexico,synth_Country/TREx/P27.jsonl
62,Lionel Messi is [MASK] citizen .,Argentina,synth_Country/TREx/P27.jsonl
65,Diosdado Cabello is [MASK] citizen .,Venezuela,synth_Country/TREx/P27.jsonl
67,Ken Okuyama is [MASK] citizen .,Japan,synth_Country/TREx/P27.jsonl
69,Itta of Metz is [MASK] citizen .,Belgium,synth_Country/TREx/P27.jsonl
70,Leonardo Silva is [MASK] citizen .,Brasil,synth_Country/TREx/P27.jsonl
71,Andrew Bogut is [MASK] citizen .,Australia,synth_Country/TREx/P27.jsonl
73,Juma Ikangaa is [MASK] citizen .,Tanzania,synth_Country/TREx/P27.jsonl
76,Marlene Favela is [MASK] citizen .,Mexico,synth_Country/TREx/P27.jsonl
82,Abdul Khalid Ibrahim is [MASK] citizen .,Malaysia,synth_Country/TREx/P27.jsonl
84,Prince Leka of Albania is [MASK] citizen .,Albania,synth_Country/TREx/P27.jsonl
90,Auguste Forel is [MASK] citizen .,Swiss,synth_Country/TREx/P27.jsonl
97,Alfred Werner is [MASK] citizen .,Swiss,synth_Country/TREx/P27.jsonl
99,Helga Nowotny is [MASK] citizen .,Austria,synth_Country/TREx/P27.jsonl
100,Szymon Szymonowic is [MASK] citizen .,Polish,synth_Country/TREx/P27.jsonl
105,Rosario Flores is [MASK] citizen .,Spain,synth_Country/TREx/P27.jsonl
118,Inge Magnusson is [MASK] citizen .,Norway,synth_Country/TREx/P27.jsonl
120,Eleanor Wachtel is [MASK] citizen .,Canada,synth_Country/TREx/P27.jsonl
122,Charles II of Spain is [MASK] citizen .,Spain,synth_Country/TREx/P27.jsonl
163,Jean Baptiste Abbeloos is [MASK] citizen .,Belgian,synth_Country/TREx/P27.jsonl
166,Timothy Anglin is [MASK] citizen .,Canadian,synth_Country/TREx/P27.jsonl
170,Hanan al-Shaykh is [MASK] citizen .,Lebanese,synth_Country/TREx/P27.jsonl
174,Art mac Cuinn is [MASK] citizen .,Ireland,synth_Country/TREx/P27.jsonl
176,Kristy Sargeant is [MASK] citizen .,Canada,synth_Country/TREx/P27.jsonl
177,Ely Guerra is [MASK] citizen .,Mexico,synth_Country/TREx/P27.jsonl
179,Felix Plater is [MASK] citizen .,Swiss,synth_Country/TREx/P27.jsonl
181,Borys Kolesnikov is [MASK] citizen .,Ukraine,synth_Country/TREx/P27.jsonl
183,Assif Tsahar is [MASK] citizen .,Israel,synth_Country/TREx/P27.jsonl
185,Marek Niit is [MASK] citizen .,Estonia,synth_Country/TREx/P27.jsonl
187,Marcel Trudel is [MASK] citizen .,Canadian,synth_Country/TREx/P27.jsonl
189,Fa Ngum is [MASK] citizen .,Laos,synth_Country/TREx/P27.jsonl
192,Lyuben Berov is [MASK] citizen .,Bulgarian,synth_Country/TREx/P27.jsonl
198,Luke Hemsworth is [MASK] citizen .,Australia,synth_Country/TREx/P27.jsonl
199,Colman mac Duagh is [MASK] citizen .,Ireland,synth_Country/TREx/P27.jsonl
201,"Frank Oberle, Sr. is [MASK] citizen .",Canadian,synth_Country/TREx/P27.jsonl
203,Mario Aerts is [MASK] citizen .,Belgium,synth_Country/TREx/P27.jsonl
206,Terry Mosher is [MASK] citizen .,Canadian,synth_Country/TREx/P27.jsonl
207,Minamoto no Sanetomo is [MASK] citizen .,Japan,synth_Country/TREx/P27.jsonl
208,Abdul Malik Pahlawan is [MASK] citizen .,Afghanistan,synth_Country/TREx/P27.jsonl
216,Blanca de Silos is [MASK] citizen .,Spain,synth_Country/TREx/P27.jsonl
217,Gorm the Old is [MASK] citizen .,Denmark,synth_Country/TREx/P27.jsonl
246,Gabriel Garcete is [MASK] citizen .,Paraguay,synth_Country/TREx/P27.jsonl
248,Arthur Phillip is [MASK] citizen .,Australia,synth_Country/TREx/P27.jsonl
256,Johann Aegidius Bach is [MASK] citizen .,Germany,synth_Country/TREx/P27.jsonl
258,Katsuhiko Nagata is [MASK] citizen .,Japan,synth_Country/TREx/P27.jsonl
260,Rodolfo Mederos is [MASK] citizen .,Argentina,synth_Country/TREx/P27.jsonl
261,Satoshi Tsumabuki is [MASK] citizen .,Japan,synth_Country/TREx/P27.jsonl
262,Katerine Moreno is [MASK] citizen .,Bolivia,synth_Country/TREx/P27.jsonl
267,Yuki Uchida is [MASK] citizen .,Japan,synth_Country/TREx/P27.jsonl
272,Joan Burton is [MASK] citizen .,Ireland,synth_Country/TREx/P27.jsonl
274,Fumihiko Maki is [MASK] citizen .,Japan,synth_Country/TREx/P27.jsonl
275,Sachimi Iwao is [MASK] citizen .,Japan,synth_Country/TREx/P27.jsonl
277,John Queen is [MASK] citizen .,Canada,synth_Country/TREx/P27.jsonl
279,Konosuke Matsushita is [MASK] citizen .,Japan,synth_Country/TREx/P27.jsonl
280,Manuel Uribe is [MASK] citizen .,Mexican,synth_Country/TREx/P27.jsonl
281,Malick Badiane is [MASK] citizen .,Senegal,synth_Country/TREx/P27.jsonl
282,Eduardo Schaerer is [MASK] citizen .,Paraguay,synth_Country/TREx/P27.jsonl
283,Sayyed Imam Al-Sharif is [MASK] citizen .,Egypt,synth_Country/TREx/P27.jsonl
285,Jean Bobet is [MASK] citizen .,French,synth_Country/TREx/P27.jsonl
289,Ion Dragalina is [MASK] citizen .,Romania,synth_Country/TREx/P27.jsonl
291,Adrian Knox is [MASK] citizen .,Australia,synth_Country/TREx/P27.jsonl
293,Awang Hassan is [MASK] citizen .,Malaysia,synth_Country/TREx/P27.jsonl
295,Charles de Salaberry is [MASK] citizen .,Canadian,synth_Country/TREx/P27.jsonl
296,Orest Subtelny is [MASK] citizen .,Canada,synth_Country/TREx/P27.jsonl
297,Yahya Petra of Kelantan is [MASK] citizen .,Malaysia,synth_Country/TREx/P27.jsonl
303,Adriano Celentano is [MASK] citizen .,Italy,synth_Country/TREx/P27.jsonl
308,Henriette Caillaux is [MASK] citizen .,France,synth_Country/TREx/P27.jsonl
310,Renzo Furlan is [MASK] citizen .,Italy,synth_Country/TREx/P27.jsonl
313,Pierre Antonini is [MASK] citizen .,France,synth_Country/TREx/P27.jsonl
315,Ivry Gitlis is [MASK] citizen .,Israel,synth_Country/TREx/P27.jsonl
317,Desmond O'Malley is [MASK] citizen .,Ireland,synth_Country/TREx/P27.jsonl
319,Caterina Davinio is [MASK] citizen .,Italy,synth_Country/TREx/P27.jsonl
320,Rudolf Viest is [MASK] citizen .,Slovak,synth_Country/TREx/P27.jsonl
322,Toke Makinwa is [MASK] citizen .,Nigerian,synth_Country/TREx/P27.jsonl
324,Mathieu Bodmer is [MASK] citizen .,French,synth_Country/TREx/P27.jsonl
326,Alix Perez is [MASK] citizen .,Belgium,synth_Country/TREx/P27.jsonl
328,Friederike Caroline Neuber is [MASK] citizen .,Germany,synth_Country/TREx/P27.jsonl
329,Honinbo Shuei is [MASK] citizen .,Japan,synth_Country/TREx/P27.jsonl
330,Georgi Parvanov is [MASK] citizen .,Bulgaria,synth_Country/TREx/P27.jsonl
343,Sharanjit Leyl is [MASK] citizen .,Singapore,synth_Country/TREx/P27.jsonl
345,Avni Rustemi is [MASK] citizen .,Albania,synth_Country/TREx/P27.jsonl
349,Rahul Dev Burman is [MASK] citizen .,India,synth_Country/TREx/P27.jsonl
350,Andreas Carlsson is [MASK] citizen .,Swedish,synth_Country/TREx/P27.jsonl
355,Duiliu Zamfirescu is [MASK] citizen .,Romanian,synth_Country/TREx/P27.jsonl
356,Harashima is [MASK] citizen .,Japan,synth_Country/TREx/P27.jsonl
358,Jao Mapa is [MASK] citizen .,Philippines,synth_Country/TREx/P27.jsonl
360,Charles Rhodes Smith is [MASK] citizen .,Canada,synth_Country/TREx/P27.jsonl
362,Ana Guevara is [MASK] citizen .,Mexico,synth_Country/TREx/P27.jsonl
364,Grant Lawrence is [MASK] citizen .,Canada,synth_Country/TREx/P27.jsonl
365,Adelsteen Normann is [MASK] citizen .,Norwegian,synth_Country/TREx/P27.jsonl
368,Dilma Rousseff is [MASK] citizen .,Brazil,synth_Country/TREx/P27.jsonl
400,William Weintraub is [MASK] citizen .,Canada,synth_Country/TREx/P27.jsonl
403,Claude d'Annebault is [MASK] citizen .,France,synth_Country/TREx/P27.jsonl
404,Juliusz Gardan is [MASK] citizen .,Polish,synth_Country/TREx/P27.jsonl
405,Chula Chakrabongse is [MASK] citizen .,Thailand,synth_Country/TREx/P27.jsonl
406,Charles Sturt is [MASK] citizen .,Australia,synth_Country/TREx/P27.jsonl
407,Gopaldas Neeraj is [MASK] citizen .,India,synth_Country/TREx/P27.jsonl
408,Hanna Krall is [MASK] citizen .,Poland,synth_Country/TREx/P27.jsonl
411,Alfred Kubel is [MASK] citizen .,Germany,synth_Country/TREx/P27.jsonl
413,Doychin Vasilev is [MASK] citizen .,Bulgarian,synth_Country/TREx/P27.jsonl
415,Eric Peterson is [MASK] citizen .,Canada,synth_Country/TREx/P27.jsonl
416,Maxwell William Ward is [MASK] citizen .,Canadian,synth_Country/TREx/P27.jsonl
417,Albrecht Weber is [MASK] citizen .,Germany,synth_Country/TREx/P27.jsonl
418,Hasibul Hossain is [MASK] citizen .,Bangladesh,synth_Country/TREx/P27.jsonl
424,Mykola Tomenko is [MASK] citizen .,Ukraine,synth_Country/TREx/P27.jsonl
429,Sabeer Bhatia is [MASK] citizen .,India,synth_Country/TREx/P27.jsonl
430,Imanol Landeta is [MASK] citizen .,Mexican,synth_Country/TREx/P27.jsonl
432,K. R. Gowri Amma is [MASK] citizen .,India,synth_Country/TREx/P27.jsonl
436,Jo Berger Myhre is [MASK] citizen .,Norway,synth_Country/TREx/P27.jsonl
440,Ernest Blanc is [MASK] citizen .,France,synth_Country/TREx/P27.jsonl
442,Chespirito is [MASK] citizen .,Mexico,synth_Country/TREx/P27.jsonl
444,Adel Gholami is [MASK] citizen .,Iran,synth_Country/TREx/P27.jsonl
446,Theodosia Salome Okoh is [MASK] citizen .,Ghana,synth_Country/TREx/P27.jsonl
447,Constantin von Monakow is [MASK] citizen .,Swiss,synth_Country/TREx/P27.jsonl
448,Ronaldo is [MASK] citizen .,Brazil,synth_Country/TREx/P27.jsonl
454,Peter Lalor is [MASK] citizen .,Australia,synth_Country/TREx/P27.jsonl
456,Edelgard Bulmahn is [MASK] citizen .,Germany,synth_Country/TREx/P27.jsonl
458,Mohammad Bahr al-Ulloum is [MASK] citizen .,Iraq,synth_Country/TREx/P27.jsonl
462,Christian Friedrich Hebbel is [MASK] citizen .,Germany,synth_Country/TREx/P27.jsonl
464,Isidore the Laborer is [MASK] citizen .,Spain,synth_Country/TREx/P27.jsonl
466,Carrera family is [MASK] citizen .,Chile,synth_Country/TREx/P27.jsonl
472,Jan Pieter Schotte is [MASK] citizen .,Belgian,synth_Country/TREx/P27.jsonl
474,Rainer Fetting is [MASK] citizen .,Germany,synth_Country/TREx/P27.jsonl
476,Trajan is [MASK] citizen .,Spain,synth_Country/TREx/P27.jsonl
480,Mateo Garralda is [MASK] citizen .,Spain,synth_Country/TREx/P27.jsonl
481,Ronaldinho is [MASK] citizen .,Brazil,synth_Country/TREx/P27.jsonl
484,Leslie Morris is [MASK] citizen .,Canada,synth_Country/TREx/P27.jsonl
485,Kensuke Tanabe is [MASK] citizen .,Japan,synth_Country/TREx/P27.jsonl
487,Francis Dhanis is [MASK] citizen .,Belgium,synth_Country/TREx/P27.jsonl
491,Epeli Ganilau is [MASK] citizen .,Fiji,synth_Country/TREx/P27.jsonl
499,Iiro Rantala is [MASK] citizen .,Finnish,synth_Country/TREx/P27.jsonl
502,Hamilton Hume is [MASK] citizen .,Australia,synth_Country/TREx/P27.jsonl
504,Nancy Drolet is [MASK] citizen .,Canadian,synth_Country/TREx/P27.jsonl
506,Unkei is [MASK] citizen .,Japan,synth_Country/TREx/P27.jsonl
507,Peter Canisius is [MASK] citizen .,Netherlands,synth_Country/TREx/P27.jsonl
508,Yohann Diniz is [MASK] citizen .,France,synth_Country/TREx/P27.jsonl
509,Bassekou Kouyate is [MASK] citizen .,Mali,synth_Country/TREx/P27.jsonl
512,Bimal Roy is [MASK] citizen .,India,synth_Country/TREx/P27.jsonl
514,Scott Morrison is [MASK] citizen .,Australia,synth_Country/TREx/P27.jsonl
515,Randy Bachman is [MASK] citizen .,Canada,synth_Country/TREx/P27.jsonl
520,Otto Monsted is [MASK] citizen .,Denmark,synth_Country/TREx/P27.jsonl
524,Paulo Flores is [MASK] citizen .,Angola,synth_Country/TREx/P27.jsonl
526,Alexandre Trauner is [MASK] citizen .,Hungary,synth_Country/TREx/P27.jsonl
528,Norma Aleandro is [MASK] citizen .,Argentina,synth_Country/TREx/P27.jsonl
529,Marty Natalegawa is [MASK] citizen .,Indonesia,synth_Country/TREx/P27.jsonl
530,Stockwell Day is [MASK] citizen .,Canadian,synth_Country/TREx/P27.jsonl
536,Idris I of Morocco is [MASK] citizen .,Moroccan,synth_Country/TREx/P27.jsonl
543,Humayun Abdulali is [MASK] citizen .,India,synth_Country/TREx/P27.jsonl
547,Anders Fannemel is [MASK] citizen .,Norway,synth_Country/TREx/P27.jsonl
549,Maria Wetterstrand is [MASK] citizen .,Swedish,synth_Country/TREx/P27.jsonl
552,Enzo Pineda is [MASK] citizen .,Philippines,synth_Country/TREx/P27.jsonl
554,Buichi Terasawa is [MASK] citizen .,Japan,synth_Country/TREx/P27.jsonl
556,Hans Magnus Ryan is [MASK] citizen .,Norway,synth_Country/TREx/P27.jsonl
562,Ovadia Yosef is [MASK] citizen .,Israel,synth_Country/TREx/P27.jsonl
565,Zafar Karachiwala is [MASK] citizen .,India,synth_Country/TREx/P27.jsonl
566,Sola Aoi is [MASK] citizen .,Japan,synth_Country/TREx/P27.jsonl
567,Rangsit Prayurasakdi is [MASK] citizen .,Thailand,synth_Country/TREx/P27.jsonl
568,Ambrose Bury is [MASK] citizen .,Canada,synth_Country/TREx/P27.jsonl
572,Jennifer Heil is [MASK] citizen .,Canadian,synth_Country/TREx/P27.jsonl
575,Albert Grisar is [MASK] citizen .,Belgian,synth_Country/TREx/P27.jsonl
579,Juan O'Gorman is [MASK] citizen .,Mexico,synth_Country/TREx/P27.jsonl
580,Beni Montresor is [MASK] citizen .,Italy,synth_Country/TREx/P27.jsonl
586,Paolo Nespoli is [MASK] citizen .,Italy,synth_Country/TREx/P27.jsonl
587,Natallia Solohub is [MASK] citizen .,Belarusian,synth_Country/TREx/P27.jsonl
591,Thousand Foot Krutch is [MASK] citizen .,Canada,synth_Country/TREx/P27.jsonl
592,Yunfa is [MASK] citizen .,Nigeria,synth_Country/TREx/P27.jsonl
594,Ho Chi Minh is [MASK] citizen .,Vietnam,synth_Country/TREx/P27.jsonl
662,Vasile Stati is [MASK] citizen .,Moldova,synth_Country/TREx/P27.jsonl
663,John Buchanan is [MASK] citizen .,Canada,synth_Country/TREx/P27.jsonl
665,Tapio Kantanen is [MASK] citizen .,Finnish,synth_Country/TREx/P27.jsonl
669,Fabio Grobart is [MASK] citizen .,Cuba,synth_Country/TREx/P27.jsonl
674,Kim Myhr is [MASK] citizen .,Norway,synth_Country/TREx/P27.jsonl
676,Thierry St-Cyr is [MASK] citizen .,Canada,synth_Country/TREx/P27.jsonl
678,Serik Akhmetov is [MASK] citizen .,Kazakhstan,synth_Country/TREx/P27.jsonl
679,Alex Hawke is [MASK] citizen .,Australia,synth_Country/TREx/P27.jsonl
680,Alain Robert is [MASK] citizen .,French,synth_Country/TREx/P27.jsonl
684,Qazi Hussain Ahmad is [MASK] citizen .,Pakistan,synth_Country/TREx/P27.jsonl
688,Henry Wallace Atkinson is [MASK] citizen .,Australia,synth_Country/TREx/P27.jsonl
689,Kimio Yanagisawa is [MASK] citizen .,Japan,synth_Country/TREx/P27.jsonl
691,Touraj Daryaee is [MASK] citizen .,Iran,synth_Country/TREx/P27.jsonl
695,Thiago Soares Alves is [MASK] citizen .,Brazil,synth_Country/TREx/P27.jsonl
696,Tanvir Mokammel is [MASK] citizen .,Bangladesh,synth_Country/TREx/P27.jsonl
705,Yasuyuki Kase is [MASK] citizen .,Japan,synth_Country/TREx/P27.jsonl
707,Hilde Marie Kjersem is [MASK] citizen .,Norway,synth_Country/TREx/P27.jsonl
713,Julius Nwosu is [MASK] citizen .,Nigerian,synth_Country/TREx/P27.jsonl
715,Princess Sophie of Greece and Denmark is [MASK] citizen .,Greece,synth_Country/TREx/P27.jsonl
716,Karol Szajnocha is [MASK] citizen .,Polish,synth_Country/TREx/P27.jsonl
719,Jakub Kubicki is [MASK] citizen .,Polish,synth_Country/TREx/P27.jsonl
725,Ferdinand de Saussure is [MASK] citizen .,Switzerland,synth_Country/TREx/P27.jsonl
732,Pali Miska is [MASK] citizen .,Albania,synth_Country/TREx/P27.jsonl
738,Pasi Rautiainen is [MASK] citizen .,Finland,synth_Country/TREx/P27.jsonl
739,Irfan Yusuf is [MASK] citizen .,Australia,synth_Country/TREx/P27.jsonl
740,Sunidhi Chauhan is [MASK] citizen .,India,synth_Country/TREx/P27.jsonl
741,Mario Aldo Montano is [MASK] citizen .,Italy,synth_Country/TREx/P27.jsonl
742,Etsushi Toyokawa is [MASK] citizen .,Japan,synth_Country/TREx/P27.jsonl
743,Oscar Drouin is [MASK] citizen .,Canada,synth_Country/TREx/P27.jsonl
745,Madan Lal is [MASK] citizen .,India,synth_Country/TREx/P27.jsonl
747,"Cecily Bonville, 7th Baroness Harington is [MASK] citizen .",England,synth_Country/TREx/P27.jsonl
749,Petri Lindroos is [MASK] citizen .,Finland,synth_Country/TREx/P27.jsonl
751,Hsieh Cheng-peng is [MASK] citizen .,Taiwan,synth_Country/TREx/P27.jsonl
753,Nathaniel Anselm von Rothschild is [MASK] citizen .,Austria,synth_Country/TREx/P27.jsonl
755,Magda Linette is [MASK] citizen .,Polish,synth_Country/TREx/P27.jsonl
757,Irfan Habib is [MASK] citizen .,India,synth_Country/TREx/P27.jsonl
760,Giovanni Ferrari is [MASK] citizen .,Italian,synth_Country/TREx/P27.jsonl
761,Joe Peschisolido is [MASK] citizen .,Canadian,synth_Country/TREx/P27.jsonl
763,Vali Myers is [MASK] citizen .,Australia,synth_Country/TREx/P27.jsonl
765,Ermete Zacconi is [MASK] citizen .,Italian,synth_Country/TREx/P27.jsonl
767,Tarak Ben Ammar is [MASK] citizen .,Tunisia,synth_Country/TREx/P27.jsonl
769,Johann Reuchlin is [MASK] citizen .,Germany,synth_Country/TREx/P27.jsonl
770,Taha Hussein is [MASK] citizen .,Egypt,synth_Country/TREx/P27.jsonl
774,Margarita Moran-Floirendo is [MASK] citizen .,Philippines,synth_Country/TREx/P27.jsonl
788,Robert Erskine Childers is [MASK] citizen .,Ireland,synth_Country/TREx/P27.jsonl
793,Farley Mowat is [MASK] citizen .,Canada,synth_Country/TREx/P27.jsonl
798,Baron Eligius Franz Joseph von Münch-Bellinghausen is [MASK] citizen .,Austria,synth_Country/TREx/P27.jsonl
799,Ahmed Soultan is [MASK] citizen .,Moroccan,synth_Country/TREx/P27.jsonl
801,Takahiro Fujimoto is [MASK] citizen .,Japan,synth_Country/TREx/P27.jsonl
804,Ulrica Arfvidsson is [MASK] citizen .,Sweden,synth_Country/TREx/P27.jsonl
806,Albert Prefontaine is [MASK] citizen .,Canada,synth_Country/TREx/P27.jsonl
808,Jean Victor Marie Moreau is [MASK] citizen .,France,synth_Country/TREx/P27.jsonl
814,Johan Karlsson is [MASK] citizen .,Sweden,synth_Country/TREx/P27.jsonl
815,Alireza Eftekhari is [MASK] citizen .,Iran,synth_Country/TREx/P27.jsonl
819,Igor Markevitch is [MASK] citizen .,France,synth_Country/TREx/P27.jsonl
821,Howe Yoon Chong is [MASK] citizen .,Singapore,synth_Country/TREx/P27.jsonl
823,James Kinley is [MASK] citizen .,Canadian,synth_Country/TREx/P27.jsonl
826,Antonio Banfi is [MASK] citizen .,Italian,synth_Country/TREx/P27.jsonl
828,Hoshyar Zebari is [MASK] citizen .,Iraq,synth_Country/TREx/P27.jsonl
833,Nicola Ghiuselev is [MASK] citizen .,Bulgarian,synth_Country/TREx/P27.jsonl
834,Vincens Lunge is [MASK] citizen .,Denmark,synth_Country/TREx/P27.jsonl
835,Alejandro Lerner is [MASK] citizen .,Argentine,synth_Country/TREx/P27.jsonl
837,Meiert Avis is [MASK] citizen .,Ireland,synth_Country/TREx/P27.jsonl
838,Rabah Bitat is [MASK] citizen .,Algeria,synth_Country/TREx/P27.jsonl
840,Gjin Progoni is [MASK] citizen .,Albania,synth_Country/TREx/P27.jsonl
850,Olaus Rudbeck is [MASK] citizen .,Sweden,synth_Country/TREx/P27.jsonl
851,Genrikh Sapgir is [MASK] citizen .,Russia,synth_Country/TREx/P27.jsonl
853,Rafael Reyes is [MASK] citizen .,Colombia,synth_Country/TREx/P27.jsonl
855,Doug Paisley is [MASK] citizen .,Canada,synth_Country/TREx/P27.jsonl
856,Auguste Rodin is [MASK] citizen .,France,synth_Country/TREx/P27.jsonl
866,Soamsawali is [MASK] citizen .,Thailand,synth_Country/TREx/P27.jsonl
868,Gerard Mortier is [MASK] citizen .,Belgian,synth_Country/TREx/P27.jsonl
869,Peggy Nash is [MASK] citizen .,Canada,synth_Country/TREx/P27.jsonl
870,Norval Morrisseau is [MASK] citizen .,Canada,synth_Country/TREx/P27.jsonl
872,Lillian Thomas is [MASK] citizen .,Canada,synth_Country/TREx/P27.jsonl
874,Ravi Shankar is [MASK] citizen .,India,synth_Country/TREx/P27.jsonl
877,Fred Van Hove is [MASK] citizen .,Belgian,synth_Country/TREx/P27.jsonl
879,Hermann Burger is [MASK] citizen .,Swiss,synth_Country/TREx/P27.jsonl
881,Amandus Adamson is [MASK] citizen .,Estonia,synth_Country/TREx/P27.jsonl
882,Friedrich Bessel is [MASK] citizen .,Germany,synth_Country/TREx/P27.jsonl
883,Andrea Sartoretti is [MASK] citizen .,Italian,synth_Country/TREx/P27.jsonl
885,William II de La Marck is [MASK] citizen .,Netherlands,synth_Country/TREx/P27.jsonl
887,Stephen Worobetz is [MASK] citizen .,Canadian,synth_Country/TREx/P27.jsonl
889,"Thomas Wentworth, 1st Baron Wentworth is [MASK] citizen .",English,synth_Country/TREx/P27.jsonl
891,Heikki Saari is [MASK] citizen .,Finland,synth_Country/TREx/P27.jsonl
893,Eva Henning is [MASK] citizen .,Sweden,synth_Country/TREx/P27.jsonl
894,Jean de Reszke is [MASK] citizen .,Polish,synth_Country/TREx/P27.jsonl
900,Michael Healy-Rae is [MASK] citizen .,Ireland,synth_Country/TREx/P27.jsonl
903,Atsunori Inaba is [MASK] citizen .,Japan,synth_Country/TREx/P27.jsonl
907,Shaad Ali is [MASK] citizen .,India,synth_Country/TREx/P27.jsonl
909,Andrea Fischbacher is [MASK] citizen .,Austria,synth_Country/TREx/P27.jsonl
911,Poonam Sinha is [MASK] citizen .,India,synth_Country/TREx/P27.jsonl
913,Nimai Bali is [MASK] citizen .,India,synth_Country/TREx/P27.jsonl
916,Potti Sreeramulu is [MASK] citizen .,India,synth_Country/TREx/P27.jsonl
917,Assis Chateaubriand is [MASK] citizen .,Brazil,synth_Country/TREx/P27.jsonl
922,Rokkaku Yoshikata is [MASK] citizen .,Japan,synth_Country/TREx/P27.jsonl
923,Marcos Balter is [MASK] citizen .,Brazil,synth_Country/TREx/P27.jsonl
925,Alex Cabagnot is [MASK] citizen .,Philippines,synth_Country/TREx/P27.jsonl
927,Trixie Whitley is [MASK] citizen .,Belgium,synth_Country/TREx/P27.jsonl
929,Marie Liljedahl is [MASK] citizen .,Swedish,synth_Country/TREx/P27.jsonl
931,Embrik Strand is [MASK] citizen .,Norway,synth_Country/TREx/P27.jsonl
953,Pir Mazhar Ul Haq is [MASK] citizen .,Pakistan,synth_Country/TREx/P27.jsonl
958,Dominic Purcell is [MASK] citizen .,Australia,synth_Country/TREx/P27.jsonl
959,Frederick II of Denmark is [MASK] citizen .,Norway,synth_Country/TREx/P27.jsonl
966,Luis Martins de Souza Dantas is [MASK] citizen .,Brazil,synth_Country/TREx/P27.jsonl
968,T. M. A. Pai is [MASK] citizen .,India,synth_Country/TREx/P27.jsonl
970,Lisa Ekdahl is [MASK] citizen .,Sweden,synth_Country/TREx/P27.jsonl
973,Johann Wolfgang von Goethe is [MASK] citizen .,Frankfurt,synth_Country/TREx/P27.jsonl
996,Monica Niculescu is [MASK] citizen .,Romania,synth_Country/TREx/P27.jsonl
997,Douglas Century is [MASK] citizen .,Canada,synth_Country/TREx/P27.jsonl
1001,Scott Frandsen is [MASK] citizen .,Canadian,synth_Country/TREx/P27.jsonl
1003,Roman Kroitor is [MASK] citizen .,Canada,synth_Country/TREx/P27.jsonl
1008,Eduard Dallmann is [MASK] citizen .,Germany,synth_Country/TREx/P27.jsonl
1009,Thomas Hirschhorn is [MASK] citizen .,Swiss,synth_Country/TREx/P27.jsonl
1011,Patricia Wartusch is [MASK] citizen .,Austria,synth_Country/TREx/P27.jsonl
1013,Bernardo Reyes is [MASK] citizen .,Mexico,synth_Country/TREx/P27.jsonl
1014,Nandamuri Balakrishna is [MASK] citizen .,India,synth_Country/TREx/P27.jsonl
1021,Per Joar Hansen is [MASK] citizen .,Norwegian,synth_Country/TREx/P27.jsonl
1025,Georgios Papanikolaou is [MASK] citizen .,Greece,synth_Country/TREx/P27.jsonl
1028,Kae Araki is [MASK] citizen .,Japan,synth_Country/TREx/P27.jsonl
1030,Manuel Ferraz de Campos Sales is [MASK] citizen .,Brazil,synth_Country/TREx/P27.jsonl
1032,Gabriel Zubeir Wako is [MASK] citizen .,Sudan,synth_Country/TREx/P27.jsonl
1034,Blendi Nallbani is [MASK] citizen .,Albanian,synth_Country/TREx/P27.jsonl
1036,Audrey Fleurot is [MASK] citizen .,French,synth_Country/TREx/P27.jsonl
1037,Bruno Putzulu is [MASK] citizen .,French,synth_Country/TREx/P27.jsonl
1039,Robert Linssen is [MASK] citizen .,Belgian,synth_Country/TREx/P27.jsonl
1041,Willi Hennig is [MASK] citizen .,Germany,synth_Country/TREx/P27.jsonl
1044,Paolo Bertoli is [MASK] citizen .,Italy,synth_Country/TREx/P27.jsonl
1049,William Hovell is [MASK] citizen .,Australia,synth_Country/TREx/P27.jsonl
1051,Jawad al-Bulani is [MASK] citizen .,Iraq,synth_Country/TREx/P27.jsonl
1056,Giovanni Pellielo is [MASK] citizen .,Italian,synth_Country/TREx/P27.jsonl
1060,Sadeq Larijani is [MASK] citizen .,Iran,synth_Country/TREx/P27.jsonl
1100,Feng Tianwei is [MASK] citizen .,Singapore,synth_Country/TREx/P27.jsonl
1110,Katri Helena is [MASK] citizen .,Finland,synth_Country/TREx/P27.jsonl
1117,Juana Azurduy de Padilla is [MASK] citizen .,Bolivia,synth_Country/TREx/P27.jsonl
1118,Mohsen Mirdamadi is [MASK] citizen .,Iran,synth_Country/TREx/P27.jsonl
1123,Arne Vidar Røed is [MASK] citizen .,Norwegian,synth_Country/TREx/P27.jsonl
1125,David Le Lay is [MASK] citizen .,French,synth_Country/TREx/P27.jsonl
1127,Dino Marcan is [MASK] citizen .,Croatia,synth_Country/TREx/P27.jsonl
1129,Alan Carvalho is [MASK] citizen .,Brazil,synth_Country/TREx/P27.jsonl
1131,Muzaffar Ali is [MASK] citizen .,India,synth_Country/TREx/P27.jsonl
1132,Claudio Borghi is [MASK] citizen .,Argentina,synth_Country/TREx/P27.jsonl
1134,Wakako Tsuchida is [MASK] citizen .,Japan,synth_Country/TREx/P27.jsonl
1138,Paul Due is [MASK] citizen .,Norway,synth_Country/TREx/P27.jsonl
1139,Jeff Leal is [MASK] citizen .,Canada,synth_Country/TREx/P27.jsonl
1141,Armin Hofmann is [MASK] citizen .,Swiss,synth_Country/TREx/P27.jsonl
1144,Mohammad-Nabi Sarbolouki is [MASK] citizen .,Iran,synth_Country/TREx/P27.jsonl
1146,Maria Mourani is [MASK] citizen .,Canada,synth_Country/TREx/P27.jsonl
1148,Ahmad Nadeem Qasmi is [MASK] citizen .,Pakistan,synth_Country/TREx/P27.jsonl
1149,Daniel Powter is [MASK] citizen .,Canada,synth_Country/TREx/P27.jsonl
1151,Ashim Ahluwalia is [MASK] citizen .,India,synth_Country/TREx/P27.jsonl
1153,Isabell Werth is [MASK] citizen .,Germany,synth_Country/TREx/P27.jsonl
1157,Nicholas Hyde is [MASK] citizen .,England,synth_Country/TREx/P27.jsonl
1160,Magnar Solberg is [MASK] citizen .,Norway,synth_Country/TREx/P27.jsonl
1163,Roisin McGettigan is [MASK] citizen .,Ireland,synth_Country/TREx/P27.jsonl
1167,Matsukata Masayoshi is [MASK] citizen .,Japan,synth_Country/TREx/P27.jsonl
1168,Desireless is [MASK] citizen .,France,synth_Country/TREx/P27.jsonl
1169,Mikael Rothstein is [MASK] citizen .,Danish,synth_Country/TREx/P27.jsonl
1173,Nicolas Godin is [MASK] citizen .,France,synth_Country/TREx/P27.jsonl
1174,Kurt Schuschnigg is [MASK] citizen .,Austria,synth_Country/TREx/P27.jsonl
1177,Peter Velits is [MASK] citizen .,Slovakia,synth_Country/TREx/P27.jsonl
1181,Aris Velouchiotis is [MASK] citizen .,Greece,synth_Country/TREx/P27.jsonl
1225,Thomas Ong is [MASK] citizen .,Singapore,synth_Country/TREx/P27.jsonl
1227,Kevin Pauwels is [MASK] citizen .,Belgian,synth_Country/TREx/P27.jsonl
1229,Miguel Barbachano is [MASK] citizen .,Mexico,synth_Country/TREx/P27.jsonl
1231,Takeshi Urata is [MASK] citizen .,Japan,synth_Country/TREx/P27.jsonl
1239,Patrick Fiori is [MASK] citizen .,France,synth_Country/TREx/P27.jsonl
1242,Kosuke Matsuura is [MASK] citizen .,Japan,synth_Country/TREx/P27.jsonl
1244,Sven Wollter is [MASK] citizen .,Swedish,synth_Country/TREx/P27.jsonl
1246,Marcus Horan is [MASK] citizen .,Ireland,synth_Country/TREx/P27.jsonl
1250,Hans Ulrik is [MASK] citizen .,Denmark,synth_Country/TREx/P27.jsonl
1252,Diori Hamani is [MASK] citizen .,Niger,synth_Country/TREx/P27.jsonl
1264,Marshall Rothstein is [MASK] citizen .,Canada,synth_Country/TREx/P27.jsonl
1267,Mohammad-Taqi Mesbah-Yazdi is [MASK] citizen .,Iran,synth_Country/TREx/P27.jsonl
1271,Hernando de Soto is [MASK] citizen .,Cuba,synth_Country/TREx/P27.jsonl
1272,Luigi Lanzi is [MASK] citizen .,Italian,synth_Country/TREx/P27.jsonl
1274,Priska Doppmann is [MASK] citizen .,Swiss,synth_Country/TREx/P27.jsonl
1277,Manuel Carrasco is [MASK] citizen .,Spain,synth_Country/TREx/P27.jsonl
1279,Massimo D'Alema is [MASK] citizen .,Italy,synth_Country/TREx/P27.jsonl
1281,Zadoc Kahn is [MASK] citizen .,France,synth_Country/TREx/P27.jsonl
1282,Vidar Busk is [MASK] citizen .,Norway,synth_Country/TREx/P27.jsonl
1287,Ian Nepomniachtchi is [MASK] citizen .,Russia,synth_Country/TREx/P27.jsonl
1288,Birendra of Nepal is [MASK] citizen .,Nepal,synth_Country/TREx/P27.jsonl
1307,Heinz Heck is [MASK] citizen .,Germany,synth_Country/TREx/P27.jsonl
1308,Rudolf Hess is [MASK] citizen .,Germany,synth_Country/TREx/P27.jsonl
1309,Henry V of England is [MASK] citizen .,England,synth_Country/TREx/P27.jsonl
1437,Shadi Sadr is [MASK] citizen .,Iran,synth_Country/TREx/P27.jsonl
1439,Ludmila Belousova is [MASK] citizen .,Russia,synth_Country/TREx/P27.jsonl
1440,Veronica Lario is [MASK] citizen .,Italian,synth_Country/TREx/P27.jsonl
1442,Richard Sorge is [MASK] citizen .,Germany,synth_Country/TREx/P27.jsonl
1445,Deng Gai is [MASK] citizen .,Sudan,synth_Country/TREx/P27.jsonl
1446,Anthony Warlow is [MASK] citizen .,Australia,synth_Country/TREx/P27.jsonl
1449,Swingfly is [MASK] citizen .,Swedish,synth_Country/TREx/P27.jsonl
1451,Jose de Venecia is [MASK] citizen .,Philippines,synth_Country/TREx/P27.jsonl
1453,Harold Edward Winch is [MASK] citizen .,Canadian,synth_Country/TREx/P27.jsonl
1455,Dawid Janowski is [MASK] citizen .,Polish,synth_Country/TREx/P27.jsonl
1462,Ihriel is [MASK] citizen .,Norwegian,synth_Country/TREx/P27.jsonl
1464,Gunnar Thoresen is [MASK] citizen .,Norwegian,synth_Country/TREx/P27.jsonl
1469,Felice Bonetto is [MASK] citizen .,Italy,synth_Country/TREx/P27.jsonl
1471,Henry Villard is [MASK] citizen .,Germany,synth_Country/TREx/P27.jsonl
1472,Kalevi Sorsa is [MASK] citizen .,Finland,synth_Country/TREx/P27.jsonl
1476,Moses Ndiema Masai is [MASK] citizen .,Kenya,synth_Country/TREx/P27.jsonl
1477,Anna Livia Julian Brawn is [MASK] citizen .,Ireland,synth_Country/TREx/P27.jsonl
1486,Phyllis Gotlieb is [MASK] citizen .,Canadian,synth_Country/TREx/P27.jsonl
1487,Victor Pinchuk is [MASK] citizen .,Ukraine,synth_Country/TREx/P27.jsonl
1490,Margaret Preston is [MASK] citizen .,Australia,synth_Country/TREx/P27.jsonl
1492,Francisco Roig is [MASK] citizen .,Spain,synth_Country/TREx/P27.jsonl
1494,Michel Houellebecq is [MASK] citizen .,France,synth_Country/TREx/P27.jsonl
1496,Dominic Seiterle is [MASK] citizen .,Canadian,synth_Country/TREx/P27.jsonl
1498,Guillaume-Antoine Olivier is [MASK] citizen .,France,synth_Country/TREx/P27.jsonl
1521,Masaccio is [MASK] citizen .,Italy,synth_Country/TREx/P27.jsonl
1523,Moufdi Zakaria is [MASK] citizen .,Algeria,synth_Country/TREx/P27.jsonl
1525,Eric Frenzel is [MASK] citizen .,Germany,synth_Country/TREx/P27.jsonl
1527,Abigail Sin is [MASK] citizen .,Singapore,synth_Country/TREx/P27.jsonl
1529,Paul Duchesnay is [MASK] citizen .,France,synth_Country/TREx/P27.jsonl
1533,Erika Miyoshi is [MASK] citizen .,Japan,synth_Country/TREx/P27.jsonl
1535,Frans Hubert Edouard Arthur Walter Robyns is [MASK] citizen .,Belgium,synth_Country/TREx/P27.jsonl
1540,Pablo Antonio is [MASK] citizen .,Philippines,synth_Country/TREx/P27.jsonl
1541,Bernard Lietaer is [MASK] citizen .,Belgium,synth_Country/TREx/P27.jsonl
1543,Sirusho is [MASK] citizen .,Armenia,synth_Country/TREx/P27.jsonl
1548,Erik Pauelsen is [MASK] citizen .,Danish,synth_Country/TREx/P27.jsonl
1550,William Gummow is [MASK] citizen .,Australia,synth_Country/TREx/P27.jsonl
1552,John Banim is [MASK] citizen .,Ireland,synth_Country/TREx/P27.jsonl
1554,Frank Hsieh is [MASK] citizen .,Taiwan,synth_Country/TREx/P27.jsonl
1559,France Gall is [MASK] citizen .,France,synth_Country/TREx/P27.jsonl
1561,Erna Braun is [MASK] citizen .,Canada,synth_Country/TREx/P27.jsonl
1563,Nashenas is [MASK] citizen .,Afghanistan,synth_Country/TREx/P27.jsonl
1565,Philip Hellquist is [MASK] citizen .,Sweden,synth_Country/TREx/P27.jsonl
1566,Azis is [MASK] citizen .,Bulgaria,synth_Country/TREx/P27.jsonl
1574,Henri de Man is [MASK] citizen .,Belgium,synth_Country/TREx/P27.jsonl
1576,Ugo Rondinone is [MASK] citizen .,Switzerland,synth_Country/TREx/P27.jsonl
1577,Scarlet Ortiz is [MASK] citizen .,Venezuela,synth_Country/TREx/P27.jsonl
1578,Kumiko Ogura is [MASK] citizen .,Japan,synth_Country/TREx/P27.jsonl
1580,Rafael Alberti is [MASK] citizen .,Spain,synth_Country/TREx/P27.jsonl
1581,Carol Zhao is [MASK] citizen .,Canadian,synth_Country/TREx/P27.jsonl
1585,Mehmet Ali Aybar is [MASK] citizen .,Turkey,synth_Country/TREx/P27.jsonl
1587,Jag Bhaduria is [MASK] citizen .,Canadian,synth_Country/TREx/P27.jsonl
1588,Suzy Batkovic is [MASK] citizen .,Australia,synth_Country/TREx/P27.jsonl
1590,Oladipo Diya is [MASK] citizen .,Nigeria,synth_Country/TREx/P27.jsonl
1591,Marc Lavoie is [MASK] citizen .,Canada,synth_Country/TREx/P27.jsonl
1593,Bernardo Houssay is [MASK] citizen .,Argentine,synth_Country/TREx/P27.jsonl
1595,Erwin Wurm is [MASK] citizen .,Austria,synth_Country/TREx/P27.jsonl
1597,Alexandre Astruc is [MASK] citizen .,France,synth_Country/TREx/P27.jsonl
1599,Kiichi Miyazawa is [MASK] citizen .,Japan,synth_Country/TREx/P27.jsonl
1601,John Mitchel is [MASK] citizen .,Irish,synth_Country/TREx/P27.jsonl
1604,Caroline Lacroix is [MASK] citizen .,Belgium,synth_Country/TREx/P27.jsonl
1606,Oscar I of Sweden is [MASK] citizen .,Sweden,synth_Country/TREx/P27.jsonl
1649,"Pavlos, Crown Prince of Greece is [MASK] citizen .",Greece,synth_Country/TREx/P27.jsonl
1651,Gabriel Axel is [MASK] citizen .,Danish,synth_Country/TREx/P27.jsonl
1661,Julio Cueva is [MASK] citizen .,Cuba,synth_Country/TREx/P27.jsonl
1662,Carl Bosch is [MASK] citizen .,Germany,synth_Country/TREx/P27.jsonl
1663,Abune Paulos is [MASK] citizen .,Ethiopia,synth_Country/TREx/P27.jsonl
1665,Adad-apla-iddina is [MASK] citizen .,Babylon,synth_Country/TREx/P27.jsonl
1667,Thomas Macdonald-Paterson is [MASK] citizen .,Australia,synth_Country/TREx/P27.jsonl
1669,William Ivens is [MASK] citizen .,Canada,synth_Country/TREx/P27.jsonl
1674,Yakubu Gowon is [MASK] citizen .,Nigeria,synth_Country/TREx/P27.jsonl
1690,Mohammad Gharib is [MASK] citizen .,Iran,synth_Country/TREx/P27.jsonl
1696,Massimiliano Fuksas is [MASK] citizen .,Italian,synth_Country/TREx/P27.jsonl
1698,Nikki Webster is [MASK] citizen .,Australia,synth_Country/TREx/P27.jsonl
1702,Tanka Prasad Acharya is [MASK] citizen .,Nepali,synth_Country/TREx/P27.jsonl
1709,Joanne Malar is [MASK] citizen .,Canada,synth_Country/TREx/P27.jsonl
1713,Sisowath of Cambodia is [MASK] citizen .,Cambodia,synth_Country/TREx/P27.jsonl
1720,Naimee Coleman is [MASK] citizen .,Ireland,synth_Country/TREx/P27.jsonl
1722,Miriam Waddington is [MASK] citizen .,Canadian,synth_Country/TREx/P27.jsonl
1724,Ellen Gleditsch is [MASK] citizen .,Norway,synth_Country/TREx/P27.jsonl
1726,Shardad Rohani is [MASK] citizen .,Iran,synth_Country/TREx/P27.jsonl
1729,Kim Nekroman is [MASK] citizen .,Denmark,synth_Country/TREx/P27.jsonl
1732,Paolo Chiavenna is [MASK] citizen .,Italian,synth_Country/TREx/P27.jsonl
1734,Tomoko Kawase is [MASK] citizen .,Japan,synth_Country/TREx/P27.jsonl
1740,Josetsu is [MASK] citizen .,Japan,synth_Country/TREx/P27.jsonl
1742,Kanna Arihara is [MASK] citizen .,Japan,synth_Country/TREx/P27.jsonl
1744,John Stanley Beard is [MASK] citizen .,Australia,synth_Country/TREx/P27.jsonl
1749,Giorgio Pantano is [MASK] citizen .,Italian,synth_Country/TREx/P27.jsonl
1750,Alice Furlong is [MASK] citizen .,Ireland,synth_Country/TREx/P27.jsonl
1752,Barry Creyton is [MASK] citizen .,Australia,synth_Country/TREx/P27.jsonl
1753,Yoko Moriguchi is [MASK] citizen .,Japan,synth_Country/TREx/P27.jsonl
1755,Wanda Rutkiewicz is [MASK] citizen .,Polish,synth_Country/TREx/P27.jsonl
1756,Espen Knutsen is [MASK] citizen .,Norwegian,synth_Country/TREx/P27.jsonl
1760,Abu al-Hassan al-Kharaqani is [MASK] citizen .,Iran,synth_Country/TREx/P27.jsonl
1762,George Manuel is [MASK] citizen .,Canada,synth_Country/TREx/P27.jsonl
1765,Pop Shalini is [MASK] citizen .,India,synth_Country/TREx/P27.jsonl
1767,Petros Voulgaris is [MASK] citizen .,Greece,synth_Country/TREx/P27.jsonl
1769,Jiddu Krishnamurti is [MASK] citizen .,India,synth_Country/TREx/P27.jsonl
1775,Irma Adlawan is [MASK] citizen .,Philippines,synth_Country/TREx/P27.jsonl
1777,Vincent Kenis is [MASK] citizen .,Belgian,synth_Country/TREx/P27.jsonl
1782,Shanta Kumar is [MASK] citizen .,India,synth_Country/TREx/P27.jsonl
1784,Priyanka Vadra is [MASK] citizen .,India,synth_Country/TREx/P27.jsonl
1786,Dimitrie Sturdza is [MASK] citizen .,Romanian,synth_Country/TREx/P27.jsonl
1787,Neptali Gonzales II is [MASK] citizen .,Philippines,synth_Country/TREx/P27.jsonl
1788,Francis Walsingham is [MASK] citizen .,England,synth_Country/TREx/P27.jsonl
1790,Ervin Sotto is [MASK] citizen .,Philippines,synth_Country/TREx/P27.jsonl
1792,Cristina Favre-Moretti is [MASK] citizen .,Swiss,synth_Country/TREx/P27.jsonl
1794,Pat Scully is [MASK] citizen .,Ireland,synth_Country/TREx/P27.jsonl
1795,Herman Wilhelm Bissen is [MASK] citizen .,Danish,synth_Country/TREx/P27.jsonl
1805,Yves Sente is [MASK] citizen .,Belgian,synth_Country/TREx/P27.jsonl
1807,Sven Delblanc is [MASK] citizen .,Sweden,synth_Country/TREx/P27.jsonl
1813,Andris Piebalgs is [MASK] citizen .,Latvia,synth_Country/TREx/P27.jsonl
1816,Haruna Ishola is [MASK] citizen .,Nigeria,synth_Country/TREx/P27.jsonl
1818,Kevin Hearn is [MASK] citizen .,Canada,synth_Country/TREx/P27.jsonl
1819,Evstati Stratev is [MASK] citizen .,Bulgarian,synth_Country/TREx/P27.jsonl
1831,Lubaina Himid is [MASK] citizen .,Tanzania,synth_Country/TREx/P27.jsonl
1833,Jonel Perlea is [MASK] citizen .,Romanian,synth_Country/TREx/P27.jsonl
1837,Armenians in Turkey is [MASK] citizen .,Turkey,synth_Country/TREx/P27.jsonl
1862,Elizabeth I of England is [MASK] citizen .,English,synth_Country/TREx/P27.jsonl
2408,Arthur Calwell is [MASK] citizen .,Australia,synth_Country/TREx/P27.jsonl
2417,Hulagu Khan is [MASK] citizen .,Mongolia,synth_Country/TREx/P27.jsonl
2422,Pierre Cardin is [MASK] citizen .,France,synth_Country/TREx/P27.jsonl
2423,Peter Peter is [MASK] citizen .,Danish,synth_Country/TREx/P27.jsonl
2428,Camille Bulcke is [MASK] citizen .,India,synth_Country/TREx/P27.jsonl
2432,Alfred Gusenbauer is [MASK] citizen .,Austria,synth_Country/TREx/P27.jsonl
2435,Tzeni Karezi is [MASK] citizen .,Greek,synth_Country/TREx/P27.jsonl
2437,Brenda Asnicar is [MASK] citizen .,Argentine,synth_Country/TREx/P27.jsonl
2440,Michel de Ghelderode is [MASK] citizen .,Belgian,synth_Country/TREx/P27.jsonl
2442,F. S. Platou is [MASK] citizen .,Norwegian,synth_Country/TREx/P27.jsonl
2444,Prasanna is [MASK] citizen .,India,synth_Country/TREx/P27.jsonl
2447,Duvvuri Subbarao is [MASK] citizen .,India,synth_Country/TREx/P27.jsonl
2448,Carlos Slim Domit is [MASK] citizen .,Mexico,synth_Country/TREx/P27.jsonl
2450,Prudentius is [MASK] citizen .,Spain,synth_Country/TREx/P27.jsonl
2453,Facundo Bagnis is [MASK] citizen .,Argentina,synth_Country/TREx/P27.jsonl
2455,Vita Semerenko is [MASK] citizen .,Ukraine,synth_Country/TREx/P27.jsonl
2456,George William Gordon is [MASK] citizen .,Jamaica,synth_Country/TREx/P27.jsonl
2458,Karl Enderlin is [MASK] citizen .,Swiss,synth_Country/TREx/P27.jsonl
2460,Evan Dimas Darmono is [MASK] citizen .,Indonesian,synth_Country/TREx/P27.jsonl
2462,Emmanuelle Seigner is [MASK] citizen .,France,synth_Country/TREx/P27.jsonl
2463,Christophor Araratov is [MASK] citizen .,Armenian,synth_Country/TREx/P27.jsonl
2465,Lukas Ligeti is [MASK] citizen .,Austria,synth_Country/TREx/P27.jsonl
2468,Daudi Kabaka is [MASK] citizen .,Kenya,synth_Country/TREx/P27.jsonl
2472,Julieta Venegas is [MASK] citizen .,Mexican,synth_Country/TREx/P27.jsonl
2477,Bent Hamer is [MASK] citizen .,Norway,synth_Country/TREx/P27.jsonl
2480,Suryavarman I is [MASK] citizen .,Cambodia,synth_Country/TREx/P27.jsonl
2482,Rizal Nurdin is [MASK] citizen .,Indonesia,synth_Country/TREx/P27.jsonl
2484,Edmund of Abingdon is [MASK] citizen .,France,synth_Country/TREx/P27.jsonl
2485,Grzegorz Lato is [MASK] citizen .,Polish,synth_Country/TREx/P27.jsonl
2487,Tewodros II is [MASK] citizen .,Ethiopia,synth_Country/TREx/P27.jsonl
2496,"Thomas Cecil, 1st Earl of Exeter is [MASK] citizen .",England,synth_Country/TREx/P27.jsonl
2499,Madhan Bob is [MASK] citizen .,India,synth_Country/TREx/P27.jsonl
2501,Pehr Kalm is [MASK] citizen .,Finland,synth_Country/TREx/P27.jsonl
2505,Tupeni Baba is [MASK] citizen .,Fiji,synth_Country/TREx/P27.jsonl
2509,Hilda Watson is [MASK] citizen .,Canada,synth_Country/TREx/P27.jsonl
2510,William Osler is [MASK] citizen .,Canadian,synth_Country/TREx/P27.jsonl
2516,Jaishankar is [MASK] citizen .,India,synth_Country/TREx/P27.jsonl
2517,Orestis Laskos is [MASK] citizen .,Greek,synth_Country/TREx/P27.jsonl
2519,Kenta Fukasaku is [MASK] citizen .,Japan,synth_Country/TREx/P27.jsonl
2520,Mark Strudal is [MASK] citizen .,Danish,synth_Country/TREx/P27.jsonl
2522,Takashi Yanase is [MASK] citizen .,Japan,synth_Country/TREx/P27.jsonl
2523,Minamoto no Yoshinaka is [MASK] citizen .,Japan,synth_Country/TREx/P27.jsonl
2548,Francisco Vallejo Pons is [MASK] citizen .,Spain,synth_Country/TREx/P27.jsonl
2550,Derrick Dalley is [MASK] citizen .,Canada,synth_Country/TREx/P27.jsonl
2552,Haseeb Ahsan is [MASK] citizen .,Pakistan,synth_Country/TREx/P27.jsonl
2554,Stephen Low is [MASK] citizen .,Canadian,synth_Country/TREx/P27.jsonl
2556,Lin Yang-kang is [MASK] citizen .,Taiwan,synth_Country/TREx/P27.jsonl
2558,Henri Maurice Berteaux is [MASK] citizen .,France,synth_Country/TREx/P27.jsonl
2560,Domingo Nieto is [MASK] citizen .,Peru,synth_Country/TREx/P27.jsonl
2562,Masahiko Nishimura is [MASK] citizen .,Japan,synth_Country/TREx/P27.jsonl
2564,Maud Olofsson is [MASK] citizen .,Sweden,synth_Country/TREx/P27.jsonl
2565,Edita Abdieski is [MASK] citizen .,Swiss,synth_Country/TREx/P27.jsonl
2568,Annemarie Schwarzenbach is [MASK] citizen .,Swiss,synth_Country/TREx/P27.jsonl
2571,Chiril Gaburici is [MASK] citizen .,Moldova,synth_Country/TREx/P27.jsonl
2577,Ger Canning is [MASK] citizen .,Ireland,synth_Country/TREx/P27.jsonl
2582,Chico Buarque is [MASK] citizen .,Brazil,synth_Country/TREx/P27.jsonl
2593,Wilhelm Heitmeyer is [MASK] citizen .,Germany,synth_Country/TREx/P27.jsonl
2595,Louis Appia is [MASK] citizen .,Swiss,synth_Country/TREx/P27.jsonl
2596,Santiago Botero is [MASK] citizen .,Colombia,synth_Country/TREx/P27.jsonl
2599,Jorge Rial is [MASK] citizen .,Argentina,synth_Country/TREx/P27.jsonl
2601,Jigme Singye Wangchuck is [MASK] citizen .,Bhutan,synth_Country/TREx/P27.jsonl
2626,Ron Cantelon is [MASK] citizen .,Canadian,synth_Country/TREx/P27.jsonl
2628,Patrik Jensen is [MASK] citizen .,Sweden,synth_Country/TREx/P27.jsonl
2634,Afewerk Tekle is [MASK] citizen .,Ethiopia,synth_Country/TREx/P27.jsonl
2636,Colmar Freiherr von der Goltz is [MASK] citizen .,Germany,synth_Country/TREx/P27.jsonl
2640,Ikki Kajiwara is [MASK] citizen .,Japan,synth_Country/TREx/P27.jsonl
2641,Bhaktisiddhanta Saraswati is [MASK] citizen .,India,synth_Country/TREx/P27.jsonl
2644,Alex Sirvent is [MASK] citizen .,Mexico,synth_Country/TREx/P27.jsonl
2647,Jeff Lang is [MASK] citizen .,Australia,synth_Country/TREx/P27.jsonl
2649,Feng Fei-fei is [MASK] citizen .,Taiwan,synth_Country/TREx/P27.jsonl
2650,Cian O'Connor is [MASK] citizen .,Ireland,synth_Country/TREx/P27.jsonl
2654,Kurt Waldheim is [MASK] citizen .,Austria,synth_Country/TREx/P27.jsonl
2664,Adriana Fonseca is [MASK] citizen .,Mexico,synth_Country/TREx/P27.jsonl
2667,Sukhdev Thapar is [MASK] citizen .,India,synth_Country/TREx/P27.jsonl
2668,Marguerite Broquedis is [MASK] citizen .,France,synth_Country/TREx/P27.jsonl
2670,Nina van Pallandt is [MASK] citizen .,Denmark,synth_Country/TREx/P27.jsonl
2671,Joyce Bamford-Addo is [MASK] citizen .,Ghana,synth_Country/TREx/P27.jsonl
2674,Mukul Roy is [MASK] citizen .,India,synth_Country/TREx/P27.jsonl
2677,Sturla Gunnarsson is [MASK] citizen .,Canada,synth_Country/TREx/P27.jsonl
2680,Friedrich Asinger is [MASK] citizen .,Austria,synth_Country/TREx/P27.jsonl
2682,Kristian Levring is [MASK] citizen .,Danish,synth_Country/TREx/P27.jsonl
2686,Senkichi Taniguchi is [MASK] citizen .,Japan,synth_Country/TREx/P27.jsonl
2689,Margaret Atwood is [MASK] citizen .,Canada,synth_Country/TREx/P27.jsonl
2699,Vilayat Khan is [MASK] citizen .,India,synth_Country/TREx/P27.jsonl
2701,death of Ali Abdulhadi Mushaima is [MASK] citizen .,Bahrain,synth_Country/TREx/P27.jsonl
2705,Luis Llosa is [MASK] citizen .,Peru,synth_Country/TREx/P27.jsonl
2706,Ambar Roy is [MASK] citizen .,India,synth_Country/TREx/P27.jsonl
2707,Nathuram Godse is [MASK] citizen .,India,synth_Country/TREx/P27.jsonl
2715,Linor Abargil is [MASK] citizen .,Israel,synth_Country/TREx/P27.jsonl
2718,Frederick Noronha is [MASK] citizen .,Brazil,synth_Country/TREx/P27.jsonl
2720,Prince Aly Khan is [MASK] citizen .,Pakistan,synth_Country/TREx/P27.jsonl
2721,Lars Halvor Jensen is [MASK] citizen .,Danish,synth_Country/TREx/P27.jsonl
2729,Wasis Diop is [MASK] citizen .,Senegal,synth_Country/TREx/P27.jsonl
2731,Abu al-Qasim al-Shabbi is [MASK] citizen .,Tunisia,synth_Country/TREx/P27.jsonl
2733,Ritt Bjerregaard is [MASK] citizen .,Danish,synth_Country/TREx/P27.jsonl
2736,Adil Abdul-Mahdi is [MASK] citizen .,Iraq,synth_Country/TREx/P27.jsonl
2741,Enzo Ferrari is [MASK] citizen .,Italy,synth_Country/TREx/P27.jsonl
2766,George Fox is [MASK] citizen .,England,synth_Country/TREx/P27.jsonl
2768,Egid Quirin Asam is [MASK] citizen .,Germany,synth_Country/TREx/P27.jsonl
2769,Francesco Calogero is [MASK] citizen .,Italy,synth_Country/TREx/P27.jsonl
2770,Benson Idahosa is [MASK] citizen .,Nigeria,synth_Country/TREx/P27.jsonl
2772,Shigeaki Ikeda is [MASK] citizen .,Japan,synth_Country/TREx/P27.jsonl
2774,Hans Fruhstorfer is [MASK] citizen .,Germany,synth_Country/TREx/P27.jsonl
2776,Andre Spitzer is [MASK] citizen .,Israel,synth_Country/TREx/P27.jsonl
2778,Adele King is [MASK] citizen .,Ireland,synth_Country/TREx/P27.jsonl
2783,Chuwit Kamolvisit is [MASK] citizen .,Thailand,synth_Country/TREx/P27.jsonl
2784,Gianni Lancia is [MASK] citizen .,Italy,synth_Country/TREx/P27.jsonl
2786,Gustave Flourens is [MASK] citizen .,France,synth_Country/TREx/P27.jsonl
2788,Doug Saunders is [MASK] citizen .,Canada,synth_Country/TREx/P27.jsonl
2790,John Sellekaers is [MASK] citizen .,Canadian,synth_Country/TREx/P27.jsonl
2791,Bapsi Sidhwa is [MASK] citizen .,Pakistan,synth_Country/TREx/P27.jsonl
2792,Henrique Maximiano Coelho Neto is [MASK] citizen .,Brazil,synth_Country/TREx/P27.jsonl
2795,Sachiko Kobayashi is [MASK] citizen .,Japan,synth_Country/TREx/P27.jsonl
2797,Yusuf bin Alawi bin Abdullah is [MASK] citizen .,Oman,synth_Country/TREx/P27.jsonl
2798,Rajeev Chandrasekhar is [MASK] citizen .,India,synth_Country/TREx/P27.jsonl
2799,Franz Mayer is [MASK] citizen .,Mexico,synth_Country/TREx/P27.jsonl
2802,"Mette-Marit, Crown Princess of Norway is [MASK] citizen .",Norway,synth_Country/TREx/P27.jsonl
2821,Shane Withington is [MASK] citizen .,Australia,synth_Country/TREx/P27.jsonl
2822,Joanne King is [MASK] citizen .,Ireland,synth_Country/TREx/P27.jsonl
2824,Juan Lavalle is [MASK] citizen .,Argentine,synth_Country/TREx/P27.jsonl
2833,Phong Bui is [MASK] citizen .,Vietnam,synth_Country/TREx/P27.jsonl
2835,Violette Verdy is [MASK] citizen .,France,synth_Country/TREx/P27.jsonl
2837,Zakaria Tamer is [MASK] citizen .,Syrian,synth_Country/TREx/P27.jsonl
2840,Scott Brison is [MASK] citizen .,Canada,synth_Country/TREx/P27.jsonl
2843,Lisa Appignanesi is [MASK] citizen .,Canadian,synth_Country/TREx/P27.jsonl
2844,Elastinen is [MASK] citizen .,Finnish,synth_Country/TREx/P27.jsonl
2852,Nelida Lobato is [MASK] citizen .,Argentina,synth_Country/TREx/P27.jsonl
2854,Dean Joanisse is [MASK] citizen .,Canadian,synth_Country/TREx/P27.jsonl
2856,Maria Adelaide Amaral is [MASK] citizen .,Brazil,synth_Country/TREx/P27.jsonl
2857,Maurice Bellemare is [MASK] citizen .,Canada,synth_Country/TREx/P27.jsonl
2859,Patricia Conroy is [MASK] citizen .,Canadian,synth_Country/TREx/P27.jsonl
2860,Helle Virkner is [MASK] citizen .,Danish,synth_Country/TREx/P27.jsonl
2864,Susan Denberg is [MASK] citizen .,Austria,synth_Country/TREx/P27.jsonl
2866,Lucien Van Impe is [MASK] citizen .,Belgian,synth_Country/TREx/P27.jsonl
2868,Tommy McCook is [MASK] citizen .,Jamaica,synth_Country/TREx/P27.jsonl
2870,Elis Regina is [MASK] citizen .,Brazil,synth_Country/TREx/P27.jsonl
2871,Siobhan Paton is [MASK] citizen .,Australia,synth_Country/TREx/P27.jsonl
2873,Bourvil is [MASK] citizen .,France,synth_Country/TREx/P27.jsonl
2876,Farid Mammadov is [MASK] citizen .,Azerbaijan,synth_Country/TREx/P27.jsonl
2879,Ernst Christian Friedrich Schering is [MASK] citizen .,Germany,synth_Country/TREx/P27.jsonl
2880,Yoshio Shirai is [MASK] citizen .,Japan,synth_Country/TREx/P27.jsonl
2883,Apollo Milton Obote is [MASK] citizen .,Uganda,synth_Country/TREx/P27.jsonl
2920,Patricia Kohlmann is [MASK] citizen .,Mexico,synth_Country/TREx/P27.jsonl
2922,Norimoto Yoda is [MASK] citizen .,Japan,synth_Country/TREx/P27.jsonl
2925,Anna Theresa Licaros is [MASK] citizen .,Philippines,synth_Country/TREx/P27.jsonl
2926,Jimmy Choo is [MASK] citizen .,Malaysia,synth_Country/TREx/P27.jsonl
2927,Henrik Zetterberg is [MASK] citizen .,Swedish,synth_Country/TREx/P27.jsonl
2928,Rick Hansen is [MASK] citizen .,Canadian,synth_Country/TREx/P27.jsonl
2929,Gheorghe Grigore Cantacuzino is [MASK] citizen .,Romanian,synth_Country/TREx/P27.jsonl
2930,Eiko Shimamiya is [MASK] citizen .,Japan,synth_Country/TREx/P27.jsonl
2933,Simon Kvamm is [MASK] citizen .,Danish,synth_Country/TREx/P27.jsonl
2935,Jithan Ramesh is [MASK] citizen .,India,synth_Country/TREx/P27.jsonl
2937,Delia Murphy is [MASK] citizen .,Ireland,synth_Country/TREx/P27.jsonl
2939,Soenario is [MASK] citizen .,Indonesia,synth_Country/TREx/P27.jsonl
2943,Pugh Rogefeldt is [MASK] citizen .,Sweden,synth_Country/TREx/P27.jsonl
2947,Darin King is [MASK] citizen .,Canada,synth_Country/TREx/P27.jsonl
2949,Mary Gaunt is [MASK] citizen .,Australia,synth_Country/TREx/P27.jsonl
2950,Niamh Cusack is [MASK] citizen .,Ireland,synth_Country/TREx/P27.jsonl
2958,Joey Saputo is [MASK] citizen .,Canadian,synth_Country/TREx/P27.jsonl
2960,Zenon Plech is [MASK] citizen .,Poland,synth_Country/TREx/P27.jsonl
2964,Aleksejs Saramotins is [MASK] citizen .,Latvian,synth_Country/TREx/P27.jsonl
2966,Kalanithi Maran is [MASK] citizen .,India,synth_Country/TREx/P27.jsonl
2968,Salvador Zerboni is [MASK] citizen .,Mexican,synth_Country/TREx/P27.jsonl
2970,Chakrabongse Bhuvanadh is [MASK] citizen .,Thailand,synth_Country/TREx/P27.jsonl
2972,Wolfgang Pauli is [MASK] citizen .,Austria,synth_Country/TREx/P27.jsonl
2973,Habib el-Adly is [MASK] citizen .,Egypt,synth_Country/TREx/P27.jsonl
2974,Anthony Fisher is [MASK] citizen .,Australia,synth_Country/TREx/P27.jsonl
2975,Julien Raimond is [MASK] citizen .,Haiti,synth_Country/TREx/P27.jsonl
2977,Jerzy Topolski is [MASK] citizen .,Polish,synth_Country/TREx/P27.jsonl
2979,Mar Thoma I is [MASK] citizen .,India,synth_Country/TREx/P27.jsonl
2981,John Archibald Maharg is [MASK] citizen .,Canada,synth_Country/TREx/P27.jsonl
2982,Chrispa is [MASK] citizen .,Greek,synth_Country/TREx/P27.jsonl
2984,Benedict of Poland is [MASK] citizen .,Poland,synth_Country/TREx/P27.jsonl
2986,Mateo Gil is [MASK] citizen .,Spain,synth_Country/TREx/P27.jsonl
2988,Max Kade is [MASK] citizen .,Germany,synth_Country/TREx/P27.jsonl
2992,Achille Valenciennes is [MASK] citizen .,France,synth_Country/TREx/P27.jsonl
2999,David Benyamine is [MASK] citizen .,France,synth_Country/TREx/P27.jsonl
3000,Siluck Saysanasy is [MASK] citizen .,Laos,synth_Country/TREx/P27.jsonl
3002,Steven Wilson is [MASK] citizen .,England,synth_Country/TREx/P27.jsonl
3004,Zeev Rechter is [MASK] citizen .,Israel,synth_Country/TREx/P27.jsonl
3006,Mahito Tsujimura is [MASK] citizen .,Japan,synth_Country/TREx/P27.jsonl
3008,Abolfazl Jalili is [MASK] citizen .,Iran,synth_Country/TREx/P27.jsonl
3010,Henri Guilbeaux is [MASK] citizen .,France,synth_Country/TREx/P27.jsonl
3011,Mahmoud Fawzi is [MASK] citizen .,Egypt,synth_Country/TREx/P27.jsonl
3015,Ferdinand Meldahl is [MASK] citizen .,Danish,synth_Country/TREx/P27.jsonl
3017,Alina Devecerski is [MASK] citizen .,Swedish,synth_Country/TREx/P27.jsonl
3018,Sylvia Chang is [MASK] citizen .,Taiwan,synth_Country/TREx/P27.jsonl
3019,Arnold Clavio is [MASK] citizen .,Philippines,synth_Country/TREx/P27.jsonl
3022,Agnieszka Osiecka is [MASK] citizen .,Polish,synth_Country/TREx/P27.jsonl
3023,Kazimierz Nycz is [MASK] citizen .,Polish,synth_Country/TREx/P27.jsonl
3025,Brian O'Nolan is [MASK] citizen .,Ireland,synth_Country/TREx/P27.jsonl
3027,Priyanandanan is [MASK] citizen .,India,synth_Country/TREx/P27.jsonl
3031,Shigeki Maruyama is [MASK] citizen .,Japan,synth_Country/TREx/P27.jsonl
3032,Giovanni Juan Ignazio Molina is [MASK] citizen .,Chile,synth_Country/TREx/P27.jsonl
3034,Pisharoth Rama Pisharoty is [MASK] citizen .,India,synth_Country/TREx/P27.jsonl
3036,Amanz Gressly is [MASK] citizen .,Swiss,synth_Country/TREx/P27.jsonl
3039,Byron Seaman is [MASK] citizen .,Canada,synth_Country/TREx/P27.jsonl
3040,Alain Corneau is [MASK] citizen .,France,synth_Country/TREx/P27.jsonl
3041,Arvid Lindman is [MASK] citizen .,Sweden,synth_Country/TREx/P27.jsonl
3043,Yasuo Kobayashi is [MASK] citizen .,Japan,synth_Country/TREx/P27.jsonl
3044,Lefteris Papadopoulos is [MASK] citizen .,Greece,synth_Country/TREx/P27.jsonl
3046,Jorge Enrique Abello is [MASK] citizen .,Colombia,synth_Country/TREx/P27.jsonl
3048,Charles VI of France is [MASK] citizen .,France,synth_Country/TREx/P27.jsonl
3066,Chittadhar Hridaya is [MASK] citizen .,Nepal,synth_Country/TREx/P27.jsonl
3068,Giovanni Lista is [MASK] citizen .,Italy,synth_Country/TREx/P27.jsonl
3070,Ike Ekweremadu is [MASK] citizen .,Nigeria,synth_Country/TREx/P27.jsonl
3072,Gert Steegmans is [MASK] citizen .,Belgian,synth_Country/TREx/P27.jsonl
3074,Michel Aoun is [MASK] citizen .,Lebanese,synth_Country/TREx/P27.jsonl
3079,Gary Estrada is [MASK] citizen .,Philippines,synth_Country/TREx/P27.jsonl
3081,John McPherson is [MASK] citizen .,Australia,synth_Country/TREx/P27.jsonl
3082,Arihito Muramatsu is [MASK] citizen .,Japan,synth_Country/TREx/P27.jsonl
3084,Athanasia Tsoumeleka is [MASK] citizen .,Greece,synth_Country/TREx/P27.jsonl
3086,Ahmed Ouyahia is [MASK] citizen .,Algeria,synth_Country/TREx/P27.jsonl
3088,Sally Seltmann is [MASK] citizen .,Australia,synth_Country/TREx/P27.jsonl
3090,Mike Candys is [MASK] citizen .,Swiss,synth_Country/TREx/P27.jsonl
3092,Magnus Carlsen is [MASK] citizen .,Norway,synth_Country/TREx/P27.jsonl
3093,Ernesto Tornquist is [MASK] citizen .,Argentina,synth_Country/TREx/P27.jsonl
3097,Yves Larock is [MASK] citizen .,Swiss,synth_Country/TREx/P27.jsonl
3098,Bert De Graeve is [MASK] citizen .,Belgian,synth_Country/TREx/P27.jsonl
3104,Henryk Sienkiewicz is [MASK] citizen .,Polish,synth_Country/TREx/P27.jsonl
3109,Miguel Duhamel is [MASK] citizen .,Canada,synth_Country/TREx/P27.jsonl
3111,"Arthur, Prince of Wales is [MASK] citizen .",England,synth_Country/TREx/P27.jsonl
3114,Mimi Heinrich is [MASK] citizen .,Danish,synth_Country/TREx/P27.jsonl
3116,Behar Shtylla is [MASK] citizen .,Albania,synth_Country/TREx/P27.jsonl
3118,Pierre Daye is [MASK] citizen .,Belgian,synth_Country/TREx/P27.jsonl
3121,Paul Gustav Fischer is [MASK] citizen .,Danish,synth_Country/TREx/P27.jsonl
3125,Yoshitsugu Matsuoka is [MASK] citizen .,Japan,synth_Country/TREx/P27.jsonl
3127,Bertie Johnston is [MASK] citizen .,Australia,synth_Country/TREx/P27.jsonl
3128,Takashi Nakamura is [MASK] citizen .,Japan,synth_Country/TREx/P27.jsonl
3132,Luigi Snozzi is [MASK] citizen .,Swiss,synth_Country/TREx/P27.jsonl
3134,Mel Charles is [MASK] citizen .,Wales,synth_Country/TREx/P27.jsonl
3136,Matt Brouwer is [MASK] citizen .,Canadian,synth_Country/TREx/P27.jsonl
3140,Luis Bacalov is [MASK] citizen .,Italy,synth_Country/TREx/P27.jsonl
3141,Robert Persons is [MASK] citizen .,England,synth_Country/TREx/P27.jsonl
3143,Kinji Fukasaku is [MASK] citizen .,Japan,synth_Country/TREx/P27.jsonl
3147,Dan Bejar is [MASK] citizen .,Canadian,synth_Country/TREx/P27.jsonl
3148,David Malangi is [MASK] citizen .,Australia,synth_Country/TREx/P27.jsonl
3150,Tebey is [MASK] citizen .,Canadian,synth_Country/TREx/P27.jsonl
3155,Brad Gushue is [MASK] citizen .,Canada,synth_Country/TREx/P27.jsonl
3159,Kunihiko Yasui is [MASK] citizen .,Japan,synth_Country/TREx/P27.jsonl
3161,Billy Chow is [MASK] citizen .,Canada,synth_Country/TREx/P27.jsonl
3164,Pavol Demitra is [MASK] citizen .,Slovak,synth_Country/TREx/P27.jsonl
3165,Jean Preudhomme is [MASK] citizen .,Swiss,synth_Country/TREx/P27.jsonl
3169,Jean-Baptiste Lamy is [MASK] citizen .,France,synth_Country/TREx/P27.jsonl
3170,David Malouf is [MASK] citizen .,Australia,synth_Country/TREx/P27.jsonl
3172,George Pastell is [MASK] citizen .,Cypriot,synth_Country/TREx/P27.jsonl
3174,Salim Saleh is [MASK] citizen .,Uganda,synth_Country/TREx/P27.jsonl
3179,Narciso Campero is [MASK] citizen .,Bolivia,synth_Country/TREx/P27.jsonl
3183,Riyu Kosaka is [MASK] citizen .,Japan,synth_Country/TREx/P27.jsonl
3184,Alejandro Bustillo is [MASK] citizen .,Argentine,synth_Country/TREx/P27.jsonl
3190,Jessy De Smet is [MASK] citizen .,Belgium,synth_Country/TREx/P27.jsonl
3194,Florent Brard is [MASK] citizen .,France,synth_Country/TREx/P27.jsonl
3198,Abdelhak Achik is [MASK] citizen .,Moroccan,synth_Country/TREx/P27.jsonl
3201,Marcin Libicki is [MASK] citizen .,Polish,synth_Country/TREx/P27.jsonl
3203,"Godwin, Earl of Wessex is [MASK] citizen .",England,synth_Country/TREx/P27.jsonl
3208,Jacob Peter Mynster is [MASK] citizen .,Danish,synth_Country/TREx/P27.jsonl
3212,Chen Kenichi is [MASK] citizen .,Japan,synth_Country/TREx/P27.jsonl
3214,Di Brandt is [MASK] citizen .,Canadian,synth_Country/TREx/P27.jsonl
3215,Fred Watson is [MASK] citizen .,Australia,synth_Country/TREx/P27.jsonl
3216,Tomasz Kamusella is [MASK] citizen .,Poland,synth_Country/TREx/P27.jsonl
3220,Yeprem Khan is [MASK] citizen .,Iran,synth_Country/TREx/P27.jsonl
3222,Bernhard Eunom Philippi is [MASK] citizen .,Chile,synth_Country/TREx/P27.jsonl
3226,Mahnaz Afkhami is [MASK] citizen .,Iran,synth_Country/TREx/P27.jsonl
3228,Betiana Blum is [MASK] citizen .,Argentina,synth_Country/TREx/P27.jsonl
3232,Kenia Sinclair is [MASK] citizen .,Jamaica,synth_Country/TREx/P27.jsonl
3236,Eric IX of Sweden is [MASK] citizen .,Sweden,synth_Country/TREx/P27.jsonl
3247,Tawfiq al-Suwaidi is [MASK] citizen .,Iraq,synth_Country/TREx/P27.jsonl
3250,Thorleif Haug is [MASK] citizen .,Norwegian,synth_Country/TREx/P27.jsonl
3252,Giovanni Guidetti is [MASK] citizen .,Italy,synth_Country/TREx/P27.jsonl
3254,James VII and II is [MASK] citizen .,England,synth_Country/TREx/P27.jsonl
3523,Hamad bin Khalifa Al Thani is [MASK] citizen .,Qatar,synth_Country/TREx/P27.jsonl
3588,Martinez de Pasqually is [MASK] citizen .,France,synth_Country/TREx/P27.jsonl
3589,"Catherine de Vivonne, marquise de Rambouillet is [MASK] citizen .",France,synth_Country/TREx/P27.jsonl
3592,Jan Machulski is [MASK] citizen .,Poland,synth_Country/TREx/P27.jsonl
3596,Marco Mengoni is [MASK] citizen .,Italy,synth_Country/TREx/P27.jsonl
3597,Matic Osovnikar is [MASK] citizen .,Slovenian,synth_Country/TREx/P27.jsonl
3599,Hendrawan is [MASK] citizen .,Indonesian,synth_Country/TREx/P27.jsonl
3600,Bronislovas Lubys is [MASK] citizen .,Lithuania,synth_Country/TREx/P27.jsonl
3604,Paul Bogle is [MASK] citizen .,Jamaica,synth_Country/TREx/P27.jsonl
3607,Sugandha Garg is [MASK] citizen .,India,synth_Country/TREx/P27.jsonl
3608,Kate Henshaw is [MASK] citizen .,Nigerian,synth_Country/TREx/P27.jsonl
3610,Francisco Goya is [MASK] citizen .,Spain,synth_Country/TREx/P27.jsonl
3625,Kathy Lette is [MASK] citizen .,Australia,synth_Country/TREx/P27.jsonl
3626,Charles Hoadley is [MASK] citizen .,Australia,synth_Country/TREx/P27.jsonl
3627,Raheem Shah is [MASK] citizen .,Pakistan,synth_Country/TREx/P27.jsonl
3633,Lars Paaske is [MASK] citizen .,Denmark,synth_Country/TREx/P27.jsonl
3638,Jalal Talabani is [MASK] citizen .,Kurdistan,synth_Country/TREx/P27.jsonl
3639,Liisi Oterma is [MASK] citizen .,Finnish,synth_Country/TREx/P27.jsonl
3647,Hiro Matsushita is [MASK] citizen .,Japan,synth_Country/TREx/P27.jsonl
3649,Lise Ringheim is [MASK] citizen .,Danish,synth_Country/TREx/P27.jsonl
3651,Jan Kulczyk is [MASK] citizen .,Poland,synth_Country/TREx/P27.jsonl
3657,Marcus Thrane is [MASK] citizen .,Norway,synth_Country/TREx/P27.jsonl
3658,Marcel Pagnol is [MASK] citizen .,France,synth_Country/TREx/P27.jsonl
3661,Floriano Peixoto is [MASK] citizen .,Brazil,synth_Country/TREx/P27.jsonl
3665,Sofia Talvik is [MASK] citizen .,Swedish,synth_Country/TREx/P27.jsonl
3667,Lena Valaitis is [MASK] citizen .,Germany,synth_Country/TREx/P27.jsonl
3670,Lucas de Tuy is [MASK] citizen .,Spain,synth_Country/TREx/P27.jsonl
3672,Camil Ressu is [MASK] citizen .,Romania,synth_Country/TREx/P27.jsonl
3676,Roch Voisine is [MASK] citizen .,Canadian,synth_Country/TREx/P27.jsonl
3689,Yunus Yosfiah is [MASK] citizen .,Indonesia,synth_Country/TREx/P27.jsonl
3691,Paavo Haavikko is [MASK] citizen .,Finnish,synth_Country/TREx/P27.jsonl
3692,Joseph Csaky is [MASK] citizen .,Hungarian,synth_Country/TREx/P27.jsonl
3693,Fred Urquhart is [MASK] citizen .,Canada,synth_Country/TREx/P27.jsonl
3694,Juho Saaristo is [MASK] citizen .,Finland,synth_Country/TREx/P27.jsonl
3697,Antonis Samaras is [MASK] citizen .,Greece,synth_Country/TREx/P27.jsonl
3699,Scott Lawson is [MASK] citizen .,Scottish,synth_Country/TREx/P27.jsonl
3701,Simone Vagnozzi is [MASK] citizen .,Italy,synth_Country/TREx/P27.jsonl
3705,Ameen Sayani is [MASK] citizen .,India,synth_Country/TREx/P27.jsonl
3707,Pat Hoy is [MASK] citizen .,Canada,synth_Country/TREx/P27.jsonl
3709,Goffredo Petrassi is [MASK] citizen .,Italian,synth_Country/TREx/P27.jsonl
3711,Jean-Paul Akayesu is [MASK] citizen .,Rwanda,synth_Country/TREx/P27.jsonl
3713,Nandan Nilekani is [MASK] citizen .,India,synth_Country/TREx/P27.jsonl
3716,Pankaj Udhas is [MASK] citizen .,India,synth_Country/TREx/P27.jsonl
3720,Beppe Grillo is [MASK] citizen .,Italy,synth_Country/TREx/P27.jsonl
3722,Maliq Bushati is [MASK] citizen .,Albania,synth_Country/TREx/P27.jsonl
3725,Mars Bonfire is [MASK] citizen .,Canada,synth_Country/TREx/P27.jsonl
3728,William McGillivray is [MASK] citizen .,Canadian,synth_Country/TREx/P27.jsonl
3732,Elaine Cassidy is [MASK] citizen .,Ireland,synth_Country/TREx/P27.jsonl
3733,Izzy Asper is [MASK] citizen .,Canada,synth_Country/TREx/P27.jsonl
3734,Frederick IX of Denmark is [MASK] citizen .,Denmark,synth_Country/TREx/P27.jsonl
3790,Prince Oscar Bernadotte is [MASK] citizen .,Sweden,synth_Country/TREx/P27.jsonl
3831,Josef Albers is [MASK] citizen .,Germany,synth_Country/TREx/P27.jsonl
3844,Robert Malval is [MASK] citizen .,Haiti,synth_Country/TREx/P27.jsonl
3846,Yasutaka Nakata is [MASK] citizen .,Japan,synth_Country/TREx/P27.jsonl
3859,Pasquale Di Sabatino is [MASK] citizen .,Italy,synth_Country/TREx/P27.jsonl
3861,Bob Rock is [MASK] citizen .,Canada,synth_Country/TREx/P27.jsonl
3862,Harry Somers is [MASK] citizen .,Canadian,synth_Country/TREx/P27.jsonl
3863,Moreno Mannini is [MASK] citizen .,Italian,synth_Country/TREx/P27.jsonl
3864,Dan Kolov is [MASK] citizen .,Bulgarian,synth_Country/TREx/P27.jsonl
3870,Jonas Steur is [MASK] citizen .,Belgian,synth_Country/TREx/P27.jsonl
3872,Nagendra Singh is [MASK] citizen .,India,synth_Country/TREx/P27.jsonl
3884,Giorgia is [MASK] citizen .,Italy,synth_Country/TREx/P27.jsonl
3885,Tor Endresen is [MASK] citizen .,Norway,synth_Country/TREx/P27.jsonl
3889,Bibi Andersson is [MASK] citizen .,Sweden,synth_Country/TREx/P27.jsonl
3890,Go Shiozaki is [MASK] citizen .,Japan,synth_Country/TREx/P27.jsonl
3892,Subodh Kant Sahay is [MASK] citizen .,India,synth_Country/TREx/P27.jsonl
3894,Antoine Danchet is [MASK] citizen .,French,synth_Country/TREx/P27.jsonl
3895,Vicente Benavides is [MASK] citizen .,Chile,synth_Country/TREx/P27.jsonl
3898,Haakon V of Norway is [MASK] citizen .,Norway,synth_Country/TREx/P27.jsonl
3924,Michael Fassbender is [MASK] citizen .,Ireland,synth_Country/TREx/P27.jsonl
3925,Alfonso Ugarte is [MASK] citizen .,Peru,synth_Country/TREx/P27.jsonl
3928,Alexandra of Denmark is [MASK] citizen .,Denmark,synth_Country/TREx/P27.jsonl
3989,Randy Raine-Reusch is [MASK] citizen .,Canada,synth_Country/TREx/P27.jsonl
3993,Edu Lobo is [MASK] citizen .,Brazil,synth_Country/TREx/P27.jsonl
3994,Anders Lange is [MASK] citizen .,Norway,synth_Country/TREx/P27.jsonl
3995,Louis Ferdinand is [MASK] citizen .,Germany,synth_Country/TREx/P27.jsonl
3996,Kaka Hathrasi is [MASK] citizen .,India,synth_Country/TREx/P27.jsonl
3998,Giuseppe Angeli is [MASK] citizen .,Italian,synth_Country/TREx/P27.jsonl
4000,Shamash-shum-ukin is [MASK] citizen .,Babylon,synth_Country/TREx/P27.jsonl
4004,Mac Con is [MASK] citizen .,Ireland,synth_Country/TREx/P27.jsonl
4017,Rudolf Kastner is [MASK] citizen .,Hungary,synth_Country/TREx/P27.jsonl
4019,Sakichi Toyoda is [MASK] citizen .,Japan,synth_Country/TREx/P27.jsonl
4020,Ricardo Bofill is [MASK] citizen .,Spain,synth_Country/TREx/P27.jsonl
4022,Carlos Duarte Costa is [MASK] citizen .,Brazil,synth_Country/TREx/P27.jsonl
4024,Miguel Hidalgo y Costilla is [MASK] citizen .,Spain,synth_Country/TREx/P27.jsonl
4035,Arsala Rahmani Daulat is [MASK] citizen .,Afghanistan,synth_Country/TREx/P27.jsonl
4036,Celso Amorim is [MASK] citizen .,Brazil,synth_Country/TREx/P27.jsonl
4040,Hemlata is [MASK] citizen .,India,synth_Country/TREx/P27.jsonl
4041,Ryszard Engelking is [MASK] citizen .,Polish,synth_Country/TREx/P27.jsonl
4043,Andi Eigenmann is [MASK] citizen .,Philippines,synth_Country/TREx/P27.jsonl
4045,Katy Garbi is [MASK] citizen .,Greece,synth_Country/TREx/P27.jsonl
4052,Ludvig Harboe is [MASK] citizen .,Danish,synth_Country/TREx/P27.jsonl
4054,Kazimierz Makarczyk is [MASK] citizen .,Polish,synth_Country/TREx/P27.jsonl
4056,Albert Hofmann is [MASK] citizen .,Swiss,synth_Country/TREx/P27.jsonl
4062,Cheikh Anta Diop is [MASK] citizen .,Senegal,synth_Country/TREx/P27.jsonl
4073,Brian Mullins is [MASK] citizen .,Ireland,synth_Country/TREx/P27.jsonl
4076,Sima Bina is [MASK] citizen .,Iran,synth_Country/TREx/P27.jsonl
4082,Gustave Doret is [MASK] citizen .,Swiss,synth_Country/TREx/P27.jsonl
4084,Edmund Husserl is [MASK] citizen .,Germany,synth_Country/TREx/P27.jsonl
4085,Gard Nilssen is [MASK] citizen .,Norway,synth_Country/TREx/P27.jsonl
4087,Manolache Costache Epureanu is [MASK] citizen .,Romania,synth_Country/TREx/P27.jsonl
4089,Thanh Lam is [MASK] citizen .,Vietnam,synth_Country/TREx/P27.jsonl
4090,Philippe Leclerc de Hauteclocque is [MASK] citizen .,France,synth_Country/TREx/P27.jsonl
4094,Thomas Erle is [MASK] citizen .,English,synth_Country/TREx/P27.jsonl
4098,Isser Harel is [MASK] citizen .,Israel,synth_Country/TREx/P27.jsonl
4101,Theo Dorgan is [MASK] citizen .,Ireland,synth_Country/TREx/P27.jsonl
4102,Lani Misalucha is [MASK] citizen .,Philippines,synth_Country/TREx/P27.jsonl
4106,Bimal Jalan is [MASK] citizen .,India,synth_Country/TREx/P27.jsonl
4112,Samuel More is [MASK] citizen .,England,synth_Country/TREx/P27.jsonl
4114,Alida Withoos is [MASK] citizen .,Netherlands,synth_Country/TREx/P27.jsonl
4129,Pierre Bruchez is [MASK] citizen .,Swiss,synth_Country/TREx/P27.jsonl
4131,Guy Deghy is [MASK] citizen .,Hungary,synth_Country/TREx/P27.jsonl
4133,Koichi Kobayashi is [MASK] citizen .,Japan,synth_Country/TREx/P27.jsonl
4134,Juan Croucier is [MASK] citizen .,Cuba,synth_Country/TREx/P27.jsonl
4136,Pylyp Orlyk is [MASK] citizen .,Poland,synth_Country/TREx/P27.jsonl
4139,Edward Theodore Compton is [MASK] citizen .,Germany,synth_Country/TREx/P27.jsonl
4140,Lise Meitner is [MASK] citizen .,Sweden,synth_Country/TREx/P27.jsonl
4141,John Treacy is [MASK] citizen .,Ireland,synth_Country/TREx/P27.jsonl
4145,Elmer Diktonius is [MASK] citizen .,Finnish,synth_Country/TREx/P27.jsonl
4146,Drew Forsythe is [MASK] citizen .,Australia,synth_Country/TREx/P27.jsonl
4149,Heddy Honigmann is [MASK] citizen .,Peru,synth_Country/TREx/P27.jsonl
4151,Liis Lemsalu is [MASK] citizen .,Estonia,synth_Country/TREx/P27.jsonl
4155,Albert II of Belgium is [MASK] citizen .,Belgium,synth_Country/TREx/P27.jsonl
4207,Jacob Hoggard is [MASK] citizen .,Canada,synth_Country/TREx/P27.jsonl
4208,Ryoji Ikeda is [MASK] citizen .,Japan,synth_Country/TREx/P27.jsonl
4210,Thomas Laird Kennedy is [MASK] citizen .,Canada,synth_Country/TREx/P27.jsonl
4212,Mikhail Evstafiev is [MASK] citizen .,Russia,synth_Country/TREx/P27.jsonl
4214,Abraham Niclas Edelcrantz is [MASK] citizen .,Sweden,synth_Country/TREx/P27.jsonl
4215,Melanie Domaschenz is [MASK] citizen .,Australia,synth_Country/TREx/P27.jsonl
4217,Hiroshi Teshigahara is [MASK] citizen .,Japan,synth_Country/TREx/P27.jsonl
4218,Kazi Nazrul Islam is [MASK] citizen .,Bangladesh,synth_Country/TREx/P27.jsonl
4234,Rutger Jan Schimmelpenninck is [MASK] citizen .,Dutch,synth_Country/TREx/P27.jsonl
4237,Etsuko Inoue is [MASK] citizen .,Japan,synth_Country/TREx/P27.jsonl
4239,Kishore Mahbubani is [MASK] citizen .,Singapore,synth_Country/TREx/P27.jsonl
4240,Paolo Martin is [MASK] citizen .,Italian,synth_Country/TREx/P27.jsonl
4242,Krisdayanti is [MASK] citizen .,Indonesia,synth_Country/TREx/P27.jsonl
4243,Larbi Benbarek is [MASK] citizen .,French,synth_Country/TREx/P27.jsonl
4244,Protoje is [MASK] citizen .,Jamaica,synth_Country/TREx/P27.jsonl
4246,Nassib Lahoud is [MASK] citizen .,Lebanese,synth_Country/TREx/P27.jsonl
4249,Daniel Victor is [MASK] citizen .,Canada,synth_Country/TREx/P27.jsonl
4250,Harumi Inoue is [MASK] citizen .,Japan,synth_Country/TREx/P27.jsonl
4252,Shah Shujah Durrani Sadozai is [MASK] citizen .,Afghanistan,synth_Country/TREx/P27.jsonl
4255,Dave Ridgway is [MASK] citizen .,Canadian,synth_Country/TREx/P27.jsonl
4257,Mahavira is [MASK] citizen .,India,synth_Country/TREx/P27.jsonl
4279,Graciliano Ramos is [MASK] citizen .,Brazil,synth_Country/TREx/P27.jsonl
4280,Svante August Arrhenius is [MASK] citizen .,Sweden,synth_Country/TREx/P27.jsonl
4283,Mark Heese is [MASK] citizen .,Canadian,synth_Country/TREx/P27.jsonl
4286,Rabi Ray is [MASK] citizen .,India,synth_Country/TREx/P27.jsonl
4288,Jaafar of Negeri Sembilan is [MASK] citizen .,Malaysia,synth_Country/TREx/P27.jsonl
4297,Jean-Luc Brassard is [MASK] citizen .,Canadian,synth_Country/TREx/P27.jsonl
4298,Mario Monti is [MASK] citizen .,Italy,synth_Country/TREx/P27.jsonl
4303,Pierre Janssen is [MASK] citizen .,France,synth_Country/TREx/P27.jsonl
4304,Jean-Pierre Van Rossem is [MASK] citizen .,Belgian,synth_Country/TREx/P27.jsonl
4309,Mookencheril Cherian Joseph is [MASK] citizen .,India,synth_Country/TREx/P27.jsonl
4311,Patrick Chinamasa is [MASK] citizen .,Zimbabwe,synth_Country/TREx/P27.jsonl
4313,Vincenzo Santopadre is [MASK] citizen .,Italy,synth_Country/TREx/P27.jsonl
4315,Bille August is [MASK] citizen .,Danish,synth_Country/TREx/P27.jsonl
4316,Arvid Hansen is [MASK] citizen .,Norway,synth_Country/TREx/P27.jsonl
4318,Georg Heinrich Sieveking is [MASK] citizen .,Germany,synth_Country/TREx/P27.jsonl
4322,Maurice De Waele is [MASK] citizen .,Belgian,synth_Country/TREx/P27.jsonl
4323,Janne Korpi is [MASK] citizen .,Finland,synth_Country/TREx/P27.jsonl
4325,Austin Currie is [MASK] citizen .,Ireland,synth_Country/TREx/P27.jsonl
4327,Lara Giddings is [MASK] citizen .,Australia,synth_Country/TREx/P27.jsonl
4328,John Oldcastle is [MASK] citizen .,English,synth_Country/TREx/P27.jsonl
4329,Robert Bartko is [MASK] citizen .,Germany,synth_Country/TREx/P27.jsonl
4331,Sergej Kraigher is [MASK] citizen .,Slovenia,synth_Country/TREx/P27.jsonl
4333,Dieter Moebius is [MASK] citizen .,Swiss,synth_Country/TREx/P27.jsonl
4335,Arnold Antonin is [MASK] citizen .,Haiti,synth_Country/TREx/P27.jsonl
4340,Jean-Pierre Ferland is [MASK] citizen .,Canadian,synth_Country/TREx/P27.jsonl
4341,John Sparrow David Thompson is [MASK] citizen .,Canada,synth_Country/TREx/P27.jsonl
4348,Jan Dydak is [MASK] citizen .,Polish,synth_Country/TREx/P27.jsonl
4350,Gabriel-Marie Garrone is [MASK] citizen .,France,synth_Country/TREx/P27.jsonl
4354,Adabel Guerrero is [MASK] citizen .,Argentine,synth_Country/TREx/P27.jsonl
4357,Michael Monroe is [MASK] citizen .,Finland,synth_Country/TREx/P27.jsonl
4361,Egon Bahr is [MASK] citizen .,Germany,synth_Country/TREx/P27.jsonl
4362,Ole Ritter is [MASK] citizen .,Danish,synth_Country/TREx/P27.jsonl
4364,Karl Scheurer is [MASK] citizen .,Swiss,synth_Country/TREx/P27.jsonl
4366,Paul Hammerich is [MASK] citizen .,Danish,synth_Country/TREx/P27.jsonl
4369,Guy Mollet is [MASK] citizen .,France,synth_Country/TREx/P27.jsonl
4373,Petru Lucinschi is [MASK] citizen .,Moldova,synth_Country/TREx/P27.jsonl
4374,Ivan Koloff is [MASK] citizen .,Canadian,synth_Country/TREx/P27.jsonl
4377,Georg Klebs is [MASK] citizen .,Germany,synth_Country/TREx/P27.jsonl
4378,Vesa Vierikko is [MASK] citizen .,Finnish,synth_Country/TREx/P27.jsonl
4382,Gianni Ferrio is [MASK] citizen .,Italy,synth_Country/TREx/P27.jsonl
4383,Sun Beibei is [MASK] citizen .,Singapore,synth_Country/TREx/P27.jsonl
4384,Edward Wollstonecraft is [MASK] citizen .,Australia,synth_Country/TREx/P27.jsonl
