,sent,gold,filename
0,Soppressata was created in [MASK] .,Italy,synth_Country/TREx/P495.jsonl
2,Great Dangaioh was created in [MASK] .,Japan,synth_Country/TREx/P495.jsonl
4,Gummi candy was created in [MASK] .,Germany,synth_Country/TREx/P495.jsonl
5,Kefalotyri was created in [MASK] .,Greece,synth_Country/TREx/P495.jsonl
7,Material World was created in [MASK] .,Canada,synth_Country/TREx/P495.jsonl
8,A Split-Second was created in [MASK] .,Belgian,synth_Country/TREx/P495.jsonl
16,Nach Baliye was created in [MASK] .,India,synth_Country/TREx/P495.jsonl
19,Degrassi High was created in [MASK] .,Canada,synth_Country/TREx/P495.jsonl
21,Alheira was created in [MASK] .,Portugal,synth_Country/TREx/P495.jsonl
24,Mainichi Shinbun was created in [MASK] .,Japan,synth_Country/TREx/P495.jsonl
35,September Girls was created in [MASK] .,Ireland,synth_Country/TREx/P495.jsonl
37,"Like Father, Like Daughter was created in [MASK] .",Singapore,synth_Country/TREx/P495.jsonl
40,Tenchi Universe was created in [MASK] .,Japan,synth_Country/TREx/P495.jsonl
41,Time for Revenge was created in [MASK] .,Argentina,synth_Country/TREx/P495.jsonl
43,Gol & Gincu The Series was created in [MASK] .,Malay,synth_Country/TREx/P495.jsonl
45,Fox Soccer News was created in [MASK] .,Canada,synth_Country/TREx/P495.jsonl
46,Super Laff-In was created in [MASK] .,Philippines,synth_Country/TREx/P495.jsonl
48,brunost was created in [MASK] .,Norway,synth_Country/TREx/P495.jsonl
50,SR 88 was created in [MASK] .,Singapore,synth_Country/TREx/P495.jsonl
56,Avenue Montaigne was created in [MASK] .,France,synth_Country/TREx/P495.jsonl
58,Karelian pasty was created in [MASK] .,Finland,synth_Country/TREx/P495.jsonl
60,Zinda Bhaag was created in [MASK] .,Pakistan,synth_Country/TREx/P495.jsonl
63,Muisjes was created in [MASK] .,Netherlands,synth_Country/TREx/P495.jsonl
64,Dead Letter Circus was created in [MASK] .,Australia,synth_Country/TREx/P495.jsonl
66,La Revista Blanca was created in [MASK] .,Spain,synth_Country/TREx/P495.jsonl
67,Space Sheriff Shaider was created in [MASK] .,Japan,synth_Country/TREx/P495.jsonl
68,The Easybeats was created in [MASK] .,Australia,synth_Country/TREx/P495.jsonl
73,Aguner Poroshmoni was created in [MASK] .,Bangladesh,synth_Country/TREx/P495.jsonl
75,Juan de Juanes was created in [MASK] .,Spanish,synth_Country/TREx/P495.jsonl
78,Michael Strogoff was created in [MASK] .,France,synth_Country/TREx/P495.jsonl
79,Sufganiyah was created in [MASK] .,Israel,synth_Country/TREx/P495.jsonl
83,Mon amie la rose was created in [MASK] .,France,synth_Country/TREx/P495.jsonl
84,Char 2C was created in [MASK] .,France,synth_Country/TREx/P495.jsonl
85,Jagwar Ma was created in [MASK] .,Australia,synth_Country/TREx/P495.jsonl
87,Ostava was created in [MASK] .,Bulgarian,synth_Country/TREx/P495.jsonl
94,Kaiketsu Lion-Maru was created in [MASK] .,Japan,synth_Country/TREx/P495.jsonl
96,Nybrott was created in [MASK] .,Norway,synth_Country/TREx/P495.jsonl
99,Akademi Fantasia was created in [MASK] .,Malaysia,synth_Country/TREx/P495.jsonl
111,Basic Instinct was created in [MASK] .,France,synth_Country/TREx/P495.jsonl
112,Lage Raho Munna Bhai was created in [MASK] .,India,synth_Country/TREx/P495.jsonl
113,Wind Music Awards was created in [MASK] .,Italy,synth_Country/TREx/P495.jsonl
115,Finntroll was created in [MASK] .,Finnish,synth_Country/TREx/P495.jsonl
125,Ring 2 was created in [MASK] .,Japan,synth_Country/TREx/P495.jsonl
126,Money No Enough was created in [MASK] .,Singapore,synth_Country/TREx/P495.jsonl
127,Wiener schnitzel was created in [MASK] .,Austria,synth_Country/TREx/P495.jsonl
129,Hamtaro was created in [MASK] .,Japan,synth_Country/TREx/P495.jsonl
131,Sangak was created in [MASK] .,Persian,synth_Country/TREx/P495.jsonl
139,Star Awards 2010 was created in [MASK] .,Singapore,synth_Country/TREx/P495.jsonl
141,Aakhari Poratam was created in [MASK] .,India,synth_Country/TREx/P495.jsonl
142,The Marngrook Footy Show was created in [MASK] .,Australia,synth_Country/TREx/P495.jsonl
144,The Restless Years was created in [MASK] .,Australia,synth_Country/TREx/P495.jsonl
147,Saiga-12 was created in [MASK] .,Russia,synth_Country/TREx/P495.jsonl
149,The Tin Mine was created in [MASK] .,Thailand,synth_Country/TREx/P495.jsonl
151,Dabangg 2 was created in [MASK] .,India,synth_Country/TREx/P495.jsonl
153,La Femme Nikita was created in [MASK] .,Canada,synth_Country/TREx/P495.jsonl
163,Marlen Angelidou was created in [MASK] .,Cypriot,synth_Country/TREx/P495.jsonl
169,Mushishi was created in [MASK] .,Japan,synth_Country/TREx/P495.jsonl
171,RSM-56 Bulava was created in [MASK] .,Russia,synth_Country/TREx/P495.jsonl
174,Callas Forever was created in [MASK] .,Romania,synth_Country/TREx/P495.jsonl
175,The Guess Who was created in [MASK] .,Canada,synth_Country/TREx/P495.jsonl
185,Stielers Handatlas was created in [MASK] .,Germany,synth_Country/TREx/P495.jsonl
186,Ulver was created in [MASK] .,Norwegian,synth_Country/TREx/P495.jsonl
198,The Third of May 1808 was created in [MASK] .,Spain,synth_Country/TREx/P495.jsonl
199,Kuensel was created in [MASK] .,Bhutan,synth_Country/TREx/P495.jsonl
207,A Bola was created in [MASK] .,Portugal,synth_Country/TREx/P495.jsonl
210,Lancashire wrestling was created in [MASK] .,England,synth_Country/TREx/P495.jsonl
212,Tokyo Mew Mew was created in [MASK] .,Japan,synth_Country/TREx/P495.jsonl
213,Redonne-moi was created in [MASK] .,France,synth_Country/TREx/P495.jsonl
215,Ram Lakhan was created in [MASK] .,India,synth_Country/TREx/P495.jsonl
216,Deep Crimson was created in [MASK] .,Mexican,synth_Country/TREx/P495.jsonl
219,Hotel Sorrento was created in [MASK] .,Australia,synth_Country/TREx/P495.jsonl
220,Varieté was created in [MASK] .,Germany,synth_Country/TREx/P495.jsonl
221,Ovomaltine was created in [MASK] .,Switzerland,synth_Country/TREx/P495.jsonl
224,La Croix was created in [MASK] .,France,synth_Country/TREx/P495.jsonl
231,Princess Tam Tam was created in [MASK] .,French,synth_Country/TREx/P495.jsonl
232,Samantha Jade was created in [MASK] .,Australia,synth_Country/TREx/P495.jsonl
233,INXS was created in [MASK] .,Australia,synth_Country/TREx/P495.jsonl
247,Peters baby was created in [MASK] .,Danish,synth_Country/TREx/P495.jsonl
249,Rideback was created in [MASK] .,Japan,synth_Country/TREx/P495.jsonl
251,Three Day Road was created in [MASK] .,Canadian,synth_Country/TREx/P495.jsonl
253,Dahsyat was created in [MASK] .,Indonesian,synth_Country/TREx/P495.jsonl
256,Lyapis Trubetskoy was created in [MASK] .,Belarusian,synth_Country/TREx/P495.jsonl
259,Sovetskoye Shampanskoye was created in [MASK] .,Belarus,synth_Country/TREx/P495.jsonl
261,Manurhin was created in [MASK] .,France,synth_Country/TREx/P495.jsonl
265,Leprous was created in [MASK] .,Norwegian,synth_Country/TREx/P495.jsonl
269,After Forever was created in [MASK] .,Dutch,synth_Country/TREx/P495.jsonl
272,Le Concert was created in [MASK] .,Belgium,synth_Country/TREx/P495.jsonl
273,Mizraab was created in [MASK] .,Pakistan,synth_Country/TREx/P495.jsonl
279,Locas de amor was created in [MASK] .,Argentine,synth_Country/TREx/P495.jsonl
283,Marlene Kuntz was created in [MASK] .,Italy,synth_Country/TREx/P495.jsonl
286,Weekendavisen was created in [MASK] .,Denmark,synth_Country/TREx/P495.jsonl
289,Stentorian was created in [MASK] .,Bangladesh,synth_Country/TREx/P495.jsonl
293,Less Than Kind was created in [MASK] .,Canadian,synth_Country/TREx/P495.jsonl
295,Beneteau was created in [MASK] .,France,synth_Country/TREx/P495.jsonl
298,De Grote Donorshow was created in [MASK] .,Netherlands,synth_Country/TREx/P495.jsonl
301,Crownies was created in [MASK] .,Australia,synth_Country/TREx/P495.jsonl
302,Obusier de vaisseau was created in [MASK] .,France,synth_Country/TREx/P495.jsonl
304,Advanced Materials was created in [MASK] .,Germany,synth_Country/TREx/P495.jsonl
305,Les Visiteurs was created in [MASK] .,France,synth_Country/TREx/P495.jsonl
306,Khosla Ka Ghosla was created in [MASK] .,India,synth_Country/TREx/P495.jsonl
307,Inuyasha was created in [MASK] .,Japan,synth_Country/TREx/P495.jsonl
318,Hanuman was created in [MASK] .,India,synth_Country/TREx/P495.jsonl
322,Elf Aquitaine was created in [MASK] .,French,synth_Country/TREx/P495.jsonl
328,The Nature of Things was created in [MASK] .,Canada,synth_Country/TREx/P495.jsonl
329,Don Carlos was created in [MASK] .,Italy,synth_Country/TREx/P495.jsonl
331,Die Sterne was created in [MASK] .,Germany,synth_Country/TREx/P495.jsonl
333,Amazing Nurse Nanako was created in [MASK] .,Japan,synth_Country/TREx/P495.jsonl
335,Fantastyka was created in [MASK] .,Polish,synth_Country/TREx/P495.jsonl
341,Taniec z gwiazdami was created in [MASK] .,Polish,synth_Country/TREx/P495.jsonl
345,Telemiracle was created in [MASK] .,Canada,synth_Country/TREx/P495.jsonl
348,apple butter was created in [MASK] .,Belgian,synth_Country/TREx/P495.jsonl
350,Larb was created in [MASK] .,Laos,synth_Country/TREx/P495.jsonl
352,La France a un incroyable talent was created in [MASK] .,France,synth_Country/TREx/P495.jsonl
357,In Flames was created in [MASK] .,Sweden,synth_Country/TREx/P495.jsonl
366,Elliott Brood was created in [MASK] .,Canada,synth_Country/TREx/P495.jsonl
367,Ayyam El Sadat was created in [MASK] .,Egypt,synth_Country/TREx/P495.jsonl
369,Mondo Rock was created in [MASK] .,Australia,synth_Country/TREx/P495.jsonl
370,Ylvis was created in [MASK] .,Norway,synth_Country/TREx/P495.jsonl
394,Shout Out Louds was created in [MASK] .,Sweden,synth_Country/TREx/P495.jsonl
397,Please Twins! was created in [MASK] .,Japan,synth_Country/TREx/P495.jsonl
398,Animator.ru was created in [MASK] .,Russia,synth_Country/TREx/P495.jsonl
400,Kenkey was created in [MASK] .,Ghana,synth_Country/TREx/P495.jsonl
405,Vienna Symphony was created in [MASK] .,Austria,synth_Country/TREx/P495.jsonl
409,Kumudam was created in [MASK] .,India,synth_Country/TREx/P495.jsonl
411,Blowup was created in [MASK] .,Italy,synth_Country/TREx/P495.jsonl
412,Tilsit cheese was created in [MASK] .,Switzerland,synth_Country/TREx/P495.jsonl
417,Verbotene Liebe was created in [MASK] .,Germany,synth_Country/TREx/P495.jsonl
420,De Afrekening was created in [MASK] .,Belgium,synth_Country/TREx/P495.jsonl
424,Long Vacation was created in [MASK] .,Japan,synth_Country/TREx/P495.jsonl
427,The Carnations was created in [MASK] .,Canadian,synth_Country/TREx/P495.jsonl
429,Boukman Eksperyans was created in [MASK] .,Haiti,synth_Country/TREx/P495.jsonl
435,Bajo la misma piel was created in [MASK] .,Mexican,synth_Country/TREx/P495.jsonl
442,$9.99 was created in [MASK] .,Australia,synth_Country/TREx/P495.jsonl
444,Swarabhishekam was created in [MASK] .,India,synth_Country/TREx/P495.jsonl
445,Lemonade Joe was created in [MASK] .,Czechoslovak,synth_Country/TREx/P495.jsonl
448,REC 2 was created in [MASK] .,Spain,synth_Country/TREx/P495.jsonl
449,asado was created in [MASK] .,Argentine,synth_Country/TREx/P495.jsonl
457,Robbery Under Arms was created in [MASK] .,Australia,synth_Country/TREx/P495.jsonl
458,Heaven's Lost Property was created in [MASK] .,Japan,synth_Country/TREx/P495.jsonl
464,Combat Hospital was created in [MASK] .,Canada,synth_Country/TREx/P495.jsonl
467,Die Gartenlaube was created in [MASK] .,Germany,synth_Country/TREx/P495.jsonl
468,Udo Mechels was created in [MASK] .,Belgian,synth_Country/TREx/P495.jsonl
470,C.R.A.Z.Y. was created in [MASK] .,Canadian,synth_Country/TREx/P495.jsonl
471,Macaroon was created in [MASK] .,Italy,synth_Country/TREx/P495.jsonl
473,Flunk Punk Rumble was created in [MASK] .,Japan,synth_Country/TREx/P495.jsonl
476,chorizo was created in [MASK] .,Portugal,synth_Country/TREx/P495.jsonl
477,Tridev was created in [MASK] .,India,synth_Country/TREx/P495.jsonl
478,Jo Jeeta Wohi Super Star was created in [MASK] .,India,synth_Country/TREx/P495.jsonl
480,Mundo Obrero was created in [MASK] .,Spain,synth_Country/TREx/P495.jsonl
482,The Mattei Affair was created in [MASK] .,Italy,synth_Country/TREx/P495.jsonl
483,My Life Me was created in [MASK] .,Canada,synth_Country/TREx/P495.jsonl
484,Edmonton Symphony Orchestra was created in [MASK] .,Canada,synth_Country/TREx/P495.jsonl
488,pastizz was created in [MASK] .,Malta,synth_Country/TREx/P495.jsonl
493,T.Love was created in [MASK] .,Polish,synth_Country/TREx/P495.jsonl
494,The Bride Wore Black was created in [MASK] .,France,synth_Country/TREx/P495.jsonl
495,My-HiME was created in [MASK] .,Japan,synth_Country/TREx/P495.jsonl
498,Supersister was created in [MASK] .,Netherlands,synth_Country/TREx/P495.jsonl
500,Uppdrag granskning was created in [MASK] .,Swedish,synth_Country/TREx/P495.jsonl
503,Saint-Nectaire was created in [MASK] .,France,synth_Country/TREx/P495.jsonl
506,Bituin was created in [MASK] .,Philippines,synth_Country/TREx/P495.jsonl
509,Apur Panchali was created in [MASK] .,India,synth_Country/TREx/P495.jsonl
511,The Ceremony was created in [MASK] .,Japan,synth_Country/TREx/P495.jsonl
516,Pecorino Romano was created in [MASK] .,Italy,synth_Country/TREx/P495.jsonl
518,Hunter Valentine was created in [MASK] .,Canada,synth_Country/TREx/P495.jsonl
520,Winnipeg Symphony Orchestra was created in [MASK] .,Canada,synth_Country/TREx/P495.jsonl
530,Schipperke was created in [MASK] .,Belgian,synth_Country/TREx/P495.jsonl
532,Pandora Hearts was created in [MASK] .,Japan,synth_Country/TREx/P495.jsonl
534,Nodame Cantabile was created in [MASK] .,Japan,synth_Country/TREx/P495.jsonl
536,Heaven Shall Burn was created in [MASK] .,Germany,synth_Country/TREx/P495.jsonl
538,Mobile Suit Gundam Wing was created in [MASK] .,Japan,synth_Country/TREx/P495.jsonl
548,Rabid Records was created in [MASK] .,Sweden,synth_Country/TREx/P495.jsonl
552,Nyhetsmorgon was created in [MASK] .,Sweden,synth_Country/TREx/P495.jsonl
553,Uuden Musiikin Kilpailu was created in [MASK] .,Finland,synth_Country/TREx/P495.jsonl
555,The Renovators was created in [MASK] .,Australia,synth_Country/TREx/P495.jsonl
556,Days of Glory was created in [MASK] .,France,synth_Country/TREx/P495.jsonl
558,Urduja was created in [MASK] .,Philippines,synth_Country/TREx/P495.jsonl
560,Balitang K was created in [MASK] .,Philippines,synth_Country/TREx/P495.jsonl
562,Kummeli was created in [MASK] .,Finland,synth_Country/TREx/P495.jsonl
566,Screaming Masterpiece was created in [MASK] .,Iceland,synth_Country/TREx/P495.jsonl
568,La Hija del Jardinero was created in [MASK] .,Mexican,synth_Country/TREx/P495.jsonl
570,Agos was created in [MASK] .,Turkey,synth_Country/TREx/P495.jsonl
572,Dziennik Ustaw was created in [MASK] .,Poland,synth_Country/TREx/P495.jsonl
576,Gesta Danorum was created in [MASK] .,Denmark,synth_Country/TREx/P495.jsonl
595,The Alice was created in [MASK] .,Australia,synth_Country/TREx/P495.jsonl
602,Burzum was created in [MASK] .,Norway,synth_Country/TREx/P495.jsonl
605,The Leopard was created in [MASK] .,Italy,synth_Country/TREx/P495.jsonl
606,Lupo Alberto was created in [MASK] .,Italy,synth_Country/TREx/P495.jsonl
607,tennis was created in [MASK] .,England,synth_Country/TREx/P495.jsonl
976,Major Maker was created in [MASK] .,Canadian,synth_Country/TREx/P495.jsonl
978,The Seven Crystal Balls was created in [MASK] .,Belgium,synth_Country/TREx/P495.jsonl
980,The Fifth Element was created in [MASK] .,France,synth_Country/TREx/P495.jsonl
981,Je sais pas was created in [MASK] .,France,synth_Country/TREx/P495.jsonl
982,The War in Space was created in [MASK] .,Japan,synth_Country/TREx/P495.jsonl
985,Daresalam was created in [MASK] .,Chad,synth_Country/TREx/P495.jsonl
987,Ketama was created in [MASK] .,Spain,synth_Country/TREx/P495.jsonl
991,Afromental was created in [MASK] .,Polish,synth_Country/TREx/P495.jsonl
993,Stealing Rembrandt was created in [MASK] .,Denmark,synth_Country/TREx/P495.jsonl
994,reggae was created in [MASK] .,Jamaica,synth_Country/TREx/P495.jsonl
1138,Ennu Ninte Moideen was created in [MASK] .,India,synth_Country/TREx/P495.jsonl
1141,Orfeu was created in [MASK] .,Brazil,synth_Country/TREx/P495.jsonl
1143,My Kitchen Rules was created in [MASK] .,Australia,synth_Country/TREx/P495.jsonl
1146,Manitoba Chamber Orchestra was created in [MASK] .,Canada,synth_Country/TREx/P495.jsonl
1150,Alternatywy 4 was created in [MASK] .,Poland,synth_Country/TREx/P495.jsonl
1154,Jaane Bhi Do Yaaro was created in [MASK] .,India,synth_Country/TREx/P495.jsonl
1155,Bollinger was created in [MASK] .,France,synth_Country/TREx/P495.jsonl
1157,El Espectador was created in [MASK] .,Colombia,synth_Country/TREx/P495.jsonl
1167,Ouran High School Host Club was created in [MASK] .,Japan,synth_Country/TREx/P495.jsonl
1168,Surimi was created in [MASK] .,Japan,synth_Country/TREx/P495.jsonl
1172,Kola Real was created in [MASK] .,Peru,synth_Country/TREx/P495.jsonl
1176,Mon Colle Knights was created in [MASK] .,Japan,synth_Country/TREx/P495.jsonl
1178,The Reader was created in [MASK] .,Germany,synth_Country/TREx/P495.jsonl
1180,Bailando 2011 was created in [MASK] .,Argentina,synth_Country/TREx/P495.jsonl
1181,Ginger Meggs was created in [MASK] .,Australia,synth_Country/TREx/P495.jsonl
1183,Sonic Underground was created in [MASK] .,France,synth_Country/TREx/P495.jsonl
1184,Joe Hildebrand was created in [MASK] .,Australia,synth_Country/TREx/P495.jsonl
1185,La Fontaine's Fables was created in [MASK] .,France,synth_Country/TREx/P495.jsonl
1187,En mand af betydning was created in [MASK] .,Danish,synth_Country/TREx/P495.jsonl
1189,Correio Braziliense was created in [MASK] .,Brazil,synth_Country/TREx/P495.jsonl
1192,"Dors, mon amour was created in [MASK] .",France,synth_Country/TREx/P495.jsonl
1197,Sgt. Frog was created in [MASK] .,Japan,synth_Country/TREx/P495.jsonl
1202,Witchhammer was created in [MASK] .,Czechoslovak,synth_Country/TREx/P495.jsonl
1204,Celebridade was created in [MASK] .,Brazil,synth_Country/TREx/P495.jsonl
1205,New Idea was created in [MASK] .,Australia,synth_Country/TREx/P495.jsonl
1207,Lupin III was created in [MASK] .,Japan,synth_Country/TREx/P495.jsonl
1214,Mechado was created in [MASK] .,Philippines,synth_Country/TREx/P495.jsonl
1216,Limoncello was created in [MASK] .,Italian,synth_Country/TREx/P495.jsonl
1218,"Doing Time, Doing Vipassana was created in [MASK] .",Israel,synth_Country/TREx/P495.jsonl
1220,Frankfurter Allgemeine Zeitung was created in [MASK] .,Germany,synth_Country/TREx/P495.jsonl
1222,Syn og Segn was created in [MASK] .,Norway,synth_Country/TREx/P495.jsonl
1224,Melodifestivalen 2013 was created in [MASK] .,Sweden,synth_Country/TREx/P495.jsonl
1238,Gantz was created in [MASK] .,Japan,synth_Country/TREx/P495.jsonl
1239,Montreal-style smoked meat was created in [MASK] .,Canada,synth_Country/TREx/P495.jsonl
1240,Il Postino: The Postman was created in [MASK] .,Italy,synth_Country/TREx/P495.jsonl
1241,The La De Das was created in [MASK] .,Australia,synth_Country/TREx/P495.jsonl
1242,high jump was created in [MASK] .,Scottish,synth_Country/TREx/P495.jsonl
1246,Blindman was created in [MASK] .,Italian,synth_Country/TREx/P495.jsonl
1248,pain au chocolat was created in [MASK] .,France,synth_Country/TREx/P495.jsonl
1251,La Conquista was created in [MASK] .,Italy,synth_Country/TREx/P495.jsonl
1252,Powernext was created in [MASK] .,France,synth_Country/TREx/P495.jsonl
1256,Y Cymro was created in [MASK] .,Wales,synth_Country/TREx/P495.jsonl
1257,Le Iene was created in [MASK] .,Italy,synth_Country/TREx/P495.jsonl
1261,Opzij was created in [MASK] .,Dutch,synth_Country/TREx/P495.jsonl
1262,House of Angels was created in [MASK] .,Sweden,synth_Country/TREx/P495.jsonl
1266,Aalog-Alog was created in [MASK] .,Philippines,synth_Country/TREx/P495.jsonl
1268,Men with Brooms was created in [MASK] .,Canada,synth_Country/TREx/P495.jsonl
1271,Kibera Kid was created in [MASK] .,Kenya,synth_Country/TREx/P495.jsonl
1273,Pachamanca was created in [MASK] .,Peru,synth_Country/TREx/P495.jsonl
1274,Said the Whale was created in [MASK] .,Canada,synth_Country/TREx/P495.jsonl
1275,hornazo was created in [MASK] .,Spanish,synth_Country/TREx/P495.jsonl
1277,Pandur II was created in [MASK] .,Austria,synth_Country/TREx/P495.jsonl
1280,Paanch was created in [MASK] .,India,synth_Country/TREx/P495.jsonl
1281,The Best Intentions was created in [MASK] .,Sweden,synth_Country/TREx/P495.jsonl
1283,Video & Arcade Top 10 was created in [MASK] .,Canadian,synth_Country/TREx/P495.jsonl
1284,The Last Hunter was created in [MASK] .,Italy,synth_Country/TREx/P495.jsonl
1285,Bild was created in [MASK] .,Germany,synth_Country/TREx/P495.jsonl
1288,Better Than Chocolate was created in [MASK] .,Canadian,synth_Country/TREx/P495.jsonl
1290,Nadan was created in [MASK] .,India,synth_Country/TREx/P495.jsonl
1291,Kalathur Kannamma was created in [MASK] .,India,synth_Country/TREx/P495.jsonl
1293,Bolognese sauce was created in [MASK] .,Italy,synth_Country/TREx/P495.jsonl
1298,The Evaporators was created in [MASK] .,Canada,synth_Country/TREx/P495.jsonl
1299,Italian Fascism was created in [MASK] .,Italian,synth_Country/TREx/P495.jsonl
1310,Harishchandrachi Factory was created in [MASK] .,India,synth_Country/TREx/P495.jsonl
1312,The Wars was created in [MASK] .,Canadian,synth_Country/TREx/P495.jsonl
1314,Etheria was created in [MASK] .,Philippines,synth_Country/TREx/P495.jsonl
1315,siglas poveiras was created in [MASK] .,Portugal,synth_Country/TREx/P495.jsonl
1317,Wangan Midnight was created in [MASK] .,Japan,synth_Country/TREx/P495.jsonl
1319,Punchbuggy was created in [MASK] .,Canada,synth_Country/TREx/P495.jsonl
1321,Poeten og Lillemor og Lotte was created in [MASK] .,Danish,synth_Country/TREx/P495.jsonl
1323,The Idoru was created in [MASK] .,Hungary,synth_Country/TREx/P495.jsonl
1325,penne was created in [MASK] .,Italy,synth_Country/TREx/P495.jsonl
1330,Magne Robo Gakeen was created in [MASK] .,Japan,synth_Country/TREx/P495.jsonl
1332,Turn A Gundam was created in [MASK] .,Japan,synth_Country/TREx/P495.jsonl
1335,Le Vieux Cordelier was created in [MASK] .,France,synth_Country/TREx/P495.jsonl
1337,Ostatnia brygada was created in [MASK] .,Polish,synth_Country/TREx/P495.jsonl
1339,Mermaid Melody Pichi Pichi Pitch was created in [MASK] .,Japan,synth_Country/TREx/P495.jsonl
1340,Milanesa was created in [MASK] .,Italy,synth_Country/TREx/P495.jsonl
1341,Front 242 was created in [MASK] .,Belgian,synth_Country/TREx/P495.jsonl
1352,The Man with Rain in His Shoes was created in [MASK] .,France,synth_Country/TREx/P495.jsonl
1354,Under Great White Northern Lights was created in [MASK] .,Canada,synth_Country/TREx/P495.jsonl
1356,The Boat That Rocked was created in [MASK] .,France,synth_Country/TREx/P495.jsonl
1359,Diabolik was created in [MASK] .,Italy,synth_Country/TREx/P495.jsonl
1361,Mad Max Beyond Thunderdome was created in [MASK] .,Australia,synth_Country/TREx/P495.jsonl
1362,Jodel was created in [MASK] .,French,synth_Country/TREx/P495.jsonl
1368,Drudkh was created in [MASK] .,Ukrainian,synth_Country/TREx/P495.jsonl
1375,tatami was created in [MASK] .,Japan,synth_Country/TREx/P495.jsonl
1384,Caldo verde was created in [MASK] .,Portugal,synth_Country/TREx/P495.jsonl
1386,The Tudors was created in [MASK] .,Ireland,synth_Country/TREx/P495.jsonl
1390,floorball was created in [MASK] .,Finland,synth_Country/TREx/P495.jsonl
1433,Namkeen was created in [MASK] .,India,synth_Country/TREx/P495.jsonl
1434,Oerlikon 20 mm cannon was created in [MASK] .,Switzerland,synth_Country/TREx/P495.jsonl
1436,"Pink Ribbons, Inc. was created in [MASK] .",Canada,synth_Country/TREx/P495.jsonl
1437,puff pastry was created in [MASK] .,France,synth_Country/TREx/P495.jsonl
1438,Dead Gorgeous was created in [MASK] .,Australia,synth_Country/TREx/P495.jsonl
1440,Corriere dei Piccoli was created in [MASK] .,Italy,synth_Country/TREx/P495.jsonl
1444,Cybergirl was created in [MASK] .,Australia,synth_Country/TREx/P495.jsonl
1446,Always Greener was created in [MASK] .,Australia,synth_Country/TREx/P495.jsonl
1448,Cuban espresso was created in [MASK] .,Cuba,synth_Country/TREx/P495.jsonl
1451,Kitchen Princess was created in [MASK] .,Japan,synth_Country/TREx/P495.jsonl
1453,Ansonica was created in [MASK] .,Italian,synth_Country/TREx/P495.jsonl
1454,Totopo was created in [MASK] .,Mexico,synth_Country/TREx/P495.jsonl
1457,Deathbound was created in [MASK] .,Finland,synth_Country/TREx/P495.jsonl
1459,Romerikes Blad was created in [MASK] .,Norway,synth_Country/TREx/P495.jsonl
1461,Pan Sonic was created in [MASK] .,Finnish,synth_Country/TREx/P495.jsonl
1463,Great Big Sea was created in [MASK] .,Canada,synth_Country/TREx/P495.jsonl
1472,Guinness World Records was created in [MASK] .,Ireland,synth_Country/TREx/P495.jsonl
1477,Spoon sweets was created in [MASK] .,Greece,synth_Country/TREx/P495.jsonl
1479,De Spelbrekers was created in [MASK] .,Netherlands,synth_Country/TREx/P495.jsonl
1486,Kodachi was created in [MASK] .,Japan,synth_Country/TREx/P495.jsonl
1487,Bwakaw was created in [MASK] .,Philippines,synth_Country/TREx/P495.jsonl
1488,Monster Rancher was created in [MASK] .,Japan,synth_Country/TREx/P495.jsonl
1493,Kaagaz Ke Phool was created in [MASK] .,India,synth_Country/TREx/P495.jsonl
1494,MBT LAW was created in [MASK] .,Swedish,synth_Country/TREx/P495.jsonl
1497,Devilish Impressions was created in [MASK] .,Polish,synth_Country/TREx/P495.jsonl
1500,Waiting for Godot was created in [MASK] .,France,synth_Country/TREx/P495.jsonl
1503,empanada was created in [MASK] .,Argentina,synth_Country/TREx/P495.jsonl
1505,Mecca Normal was created in [MASK] .,Canada,synth_Country/TREx/P495.jsonl
1506,Sonic Soldier Borgman was created in [MASK] .,Japan,synth_Country/TREx/P495.jsonl
1507,A Chairy Tale was created in [MASK] .,Canada,synth_Country/TREx/P495.jsonl
1509,X-Perience was created in [MASK] .,Germany,synth_Country/TREx/P495.jsonl
1510,Germany in the Eurovision Song Contest 2010 was created in [MASK] .,Germany,synth_Country/TREx/P495.jsonl
1513,Hey Ram was created in [MASK] .,India,synth_Country/TREx/P495.jsonl
1515,Screaming Men was created in [MASK] .,Finland,synth_Country/TREx/P495.jsonl
1519,Vengaboys was created in [MASK] .,Dutch,synth_Country/TREx/P495.jsonl
1520,Wz. 35 anti-tank rifle was created in [MASK] .,Polish,synth_Country/TREx/P495.jsonl
1521,Fischertechnik was created in [MASK] .,Germany,synth_Country/TREx/P495.jsonl
1523,Boris Titulaer was created in [MASK] .,Netherlands,synth_Country/TREx/P495.jsonl
1525,Graduados was created in [MASK] .,Argentina,synth_Country/TREx/P495.jsonl
1527,Haarlems Dagblad was created in [MASK] .,Netherlands,synth_Country/TREx/P495.jsonl
1529,ceviche was created in [MASK] .,Peru,synth_Country/TREx/P495.jsonl
1531,Zard was created in [MASK] .,Japan,synth_Country/TREx/P495.jsonl
1533,Zeroman was created in [MASK] .,Canada,synth_Country/TREx/P495.jsonl
1534,El Gran Show was created in [MASK] .,Peru,synth_Country/TREx/P495.jsonl
1541,pan de muerto was created in [MASK] .,Mexico,synth_Country/TREx/P495.jsonl
1544,ReVamp was created in [MASK] .,Netherlands,synth_Country/TREx/P495.jsonl
1545,Crac was created in [MASK] .,Canada,synth_Country/TREx/P495.jsonl
1546,A Very Private Affair was created in [MASK] .,France,synth_Country/TREx/P495.jsonl
1547,Snow Country was created in [MASK] .,Japan,synth_Country/TREx/P495.jsonl
1550,Limca was created in [MASK] .,India,synth_Country/TREx/P495.jsonl
1565,Cancer Bats was created in [MASK] .,Canada,synth_Country/TREx/P495.jsonl
1568,Love Is Gone was created in [MASK] .,France,synth_Country/TREx/P495.jsonl
1569,Buffet Crampon was created in [MASK] .,France,synth_Country/TREx/P495.jsonl
1571,Warfaze was created in [MASK] .,Bangladesh,synth_Country/TREx/P495.jsonl
1574,Kink FM was created in [MASK] .,Netherlands,synth_Country/TREx/P495.jsonl
1578,Belisario was created in [MASK] .,Italy,synth_Country/TREx/P495.jsonl
1580,Yota was created in [MASK] .,Russia,synth_Country/TREx/P495.jsonl
1583,Kathimerini was created in [MASK] .,Greece,synth_Country/TREx/P495.jsonl
1584,Cabiria was created in [MASK] .,Italy,synth_Country/TREx/P495.jsonl
1585,Maria Flordeluna was created in [MASK] .,Philippines,synth_Country/TREx/P495.jsonl
1587,The Naked Vicar Show was created in [MASK] .,Australia,synth_Country/TREx/P495.jsonl
1588,Soul Militia was created in [MASK] .,Estonia,synth_Country/TREx/P495.jsonl
1592,Nagarik was created in [MASK] .,India,synth_Country/TREx/P495.jsonl
1593,Daily Planet was created in [MASK] .,Canada,synth_Country/TREx/P495.jsonl
1594,Tegami Bachi was created in [MASK] .,Japan,synth_Country/TREx/P495.jsonl
1596,Belle du Seigneur was created in [MASK] .,Swiss,synth_Country/TREx/P495.jsonl
1598,GRUMA was created in [MASK] .,Mexico,synth_Country/TREx/P495.jsonl
1602,Opeth was created in [MASK] .,Sweden,synth_Country/TREx/P495.jsonl
1619,Catatan si Boy was created in [MASK] .,Indonesian,synth_Country/TREx/P495.jsonl
1621,Khana Khazana was created in [MASK] .,India,synth_Country/TREx/P495.jsonl
1623,Vancouver Symphony Orchestra was created in [MASK] .,Canada,synth_Country/TREx/P495.jsonl
1628,Hendes store aften was created in [MASK] .,Danish,synth_Country/TREx/P495.jsonl
1630,Savdhaan India @ 11 was created in [MASK] .,India,synth_Country/TREx/P495.jsonl
1632,Neufeld-Occhipinti Jazz Orchestra was created in [MASK] .,Canadian,synth_Country/TREx/P495.jsonl
1638,Silverchair was created in [MASK] .,Australia,synth_Country/TREx/P495.jsonl
1643,Yeh Jawaani Hai Deewani was created in [MASK] .,India,synth_Country/TREx/P495.jsonl
1645,Ti amo was created in [MASK] .,Italy,synth_Country/TREx/P495.jsonl
1648,Daniel MacPherson was created in [MASK] .,Australia,synth_Country/TREx/P495.jsonl
1649,The Diplomat was created in [MASK] .,Japan,synth_Country/TREx/P495.jsonl
1650,Beast King GoLion was created in [MASK] .,Japan,synth_Country/TREx/P495.jsonl
1652,traditional Korean medicine was created in [MASK] .,Korea,synth_Country/TREx/P495.jsonl
1653,Suomen Kuvalehti was created in [MASK] .,Finland,synth_Country/TREx/P495.jsonl
1658,Shatranj Ke Khilari was created in [MASK] .,India,synth_Country/TREx/P495.jsonl
1659,caipirinha was created in [MASK] .,Brazil,synth_Country/TREx/P495.jsonl
1664,Dead End Street was created in [MASK] .,Israel,synth_Country/TREx/P495.jsonl
1667,cepelinai was created in [MASK] .,Lithuania,synth_Country/TREx/P495.jsonl
1672,Dharmatma was created in [MASK] .,India,synth_Country/TREx/P495.jsonl
1673,Mi Gorda Bella was created in [MASK] .,Venezuela,synth_Country/TREx/P495.jsonl
1677,"Yo soy Betty, la fea was created in [MASK] .",Colombia,synth_Country/TREx/P495.jsonl
1680,Nenjil Or Aalayam was created in [MASK] .,India,synth_Country/TREx/P495.jsonl
1682,Die Nibelungen was created in [MASK] .,Germany,synth_Country/TREx/P495.jsonl
1685,The Midway State was created in [MASK] .,Canadian,synth_Country/TREx/P495.jsonl
1687,My Big Fat Greek Wedding was created in [MASK] .,Canada,synth_Country/TREx/P495.jsonl
1690,Bobobobs was created in [MASK] .,Spain,synth_Country/TREx/P495.jsonl
1693,focaccia was created in [MASK] .,Italy,synth_Country/TREx/P495.jsonl
1696,Life Is Beautiful was created in [MASK] .,Italia,synth_Country/TREx/P495.jsonl
1697,Ronin Warriors was created in [MASK] .,Japan,synth_Country/TREx/P495.jsonl
1698,Simon Boccanegra was created in [MASK] .,Italian,synth_Country/TREx/P495.jsonl
1699,Corriere della Sera was created in [MASK] .,Italy,synth_Country/TREx/P495.jsonl
1711,The Malahat Review was created in [MASK] .,Canadian,synth_Country/TREx/P495.jsonl
1728,Adanggaman was created in [MASK] .,Swiss,synth_Country/TREx/P495.jsonl
1730,Poisonblack was created in [MASK] .,Finnish,synth_Country/TREx/P495.jsonl
1737,Dog Trumpet was created in [MASK] .,Australia,synth_Country/TREx/P495.jsonl
1738,Franco-Belgian comics was created in [MASK] .,Belgian,synth_Country/TREx/P495.jsonl
1749,Aapo was created in [MASK] .,Finnish,synth_Country/TREx/P495.jsonl
1757,Delta Goodrem was created in [MASK] .,Australia,synth_Country/TREx/P495.jsonl
1765,Bicho de Sete Cabeças was created in [MASK] .,Brazil,synth_Country/TREx/P495.jsonl
1766,panela was created in [MASK] .,Colombia,synth_Country/TREx/P495.jsonl
1775,Silent Tongue was created in [MASK] .,France,synth_Country/TREx/P495.jsonl
1776,Sopot International Song Festival was created in [MASK] .,Poland,synth_Country/TREx/P495.jsonl
1800,Nosferatu was created in [MASK] .,Germany,synth_Country/TREx/P495.jsonl
1801,Blue Heelers was created in [MASK] .,Australia,synth_Country/TREx/P495.jsonl
1810,Bath Stone was created in [MASK] .,England,synth_Country/TREx/P495.jsonl
1813,Rosmonda d'Inghilterra was created in [MASK] .,Italy,synth_Country/TREx/P495.jsonl
1814,Llapingacho was created in [MASK] .,Ecuador,synth_Country/TREx/P495.jsonl
1816,"Ready, Steady, Charlie! was created in [MASK] .",Swiss,synth_Country/TREx/P495.jsonl
1817,The Broken Circle Breakdown was created in [MASK] .,Belgian,synth_Country/TREx/P495.jsonl
1820,Hidamari Sketch was created in [MASK] .,Japan,synth_Country/TREx/P495.jsonl
1822,Apocalypse Meow was created in [MASK] .,Japan,synth_Country/TREx/P495.jsonl
1826,Attention Please was created in [MASK] .,Japan,synth_Country/TREx/P495.jsonl
1827,Pulse was created in [MASK] .,Japan,synth_Country/TREx/P495.jsonl
1829,Rudaali was created in [MASK] .,India,synth_Country/TREx/P495.jsonl
1830,"Han, Hun, Dirch og Dario was created in [MASK] .",Danish,synth_Country/TREx/P495.jsonl
1832,Senran Kagura was created in [MASK] .,Japan,synth_Country/TREx/P495.jsonl
1836,Falling Down was created in [MASK] .,France,synth_Country/TREx/P495.jsonl
1837,visual kei was created in [MASK] .,Japan,synth_Country/TREx/P495.jsonl
1852,Rick Mercer Report was created in [MASK] .,Canada,synth_Country/TREx/P495.jsonl
1857,Zam Zam Cola was created in [MASK] .,Iran,synth_Country/TREx/P495.jsonl
1858,Ginga: Nagareboshi Gin was created in [MASK] .,Japan,synth_Country/TREx/P495.jsonl
1859,steak tartare was created in [MASK] .,France,synth_Country/TREx/P495.jsonl
1861,Vejrhanen was created in [MASK] .,Danish,synth_Country/TREx/P495.jsonl
1863,Turkish coffee was created in [MASK] .,Turkey,synth_Country/TREx/P495.jsonl
1865,Star Academy Arab World was created in [MASK] .,Lebanon,synth_Country/TREx/P495.jsonl
1868,RAN Remote Area Nurse was created in [MASK] .,Australia,synth_Country/TREx/P495.jsonl
1871,The Danish Poet was created in [MASK] .,Norway,synth_Country/TREx/P495.jsonl
1872,"Goede Tijden, Slechte Tijden was created in [MASK] .",Dutch,synth_Country/TREx/P495.jsonl
1879,Camembert was created in [MASK] .,France,synth_Country/TREx/P495.jsonl
1889,Macross Frontier was created in [MASK] .,Japan,synth_Country/TREx/P495.jsonl
1895,That Certain Something was created in [MASK] .,Australia,synth_Country/TREx/P495.jsonl
1898,Kaalapani was created in [MASK] .,India,synth_Country/TREx/P495.jsonl
1902,Rank 1 was created in [MASK] .,Dutch,synth_Country/TREx/P495.jsonl
1905,Coca-Cola C2 was created in [MASK] .,Japan,synth_Country/TREx/P495.jsonl
1907,Liwayway was created in [MASK] .,Philippines,synth_Country/TREx/P495.jsonl
1917,Armored Trooper Votoms was created in [MASK] .,Japan,synth_Country/TREx/P495.jsonl
1919,Czernina was created in [MASK] .,Poland,synth_Country/TREx/P495.jsonl
1923,Sesamstraat was created in [MASK] .,Netherlands,synth_Country/TREx/P495.jsonl
1927,King Kong Escapes was created in [MASK] .,Japan,synth_Country/TREx/P495.jsonl
1929,Love Blossoms was created in [MASK] .,Singapore,synth_Country/TREx/P495.jsonl
1932,Aurora de Chile was created in [MASK] .,Chile,synth_Country/TREx/P495.jsonl
1934,Queen's Blade Rebellion was created in [MASK] .,Japan,synth_Country/TREx/P495.jsonl
1936,controller.controller was created in [MASK] .,Canadian,synth_Country/TREx/P495.jsonl
1940,Blenders Pride was created in [MASK] .,India,synth_Country/TREx/P495.jsonl
1943,Jar City was created in [MASK] .,Iceland,synth_Country/TREx/P495.jsonl
1944,Los Herederos del Monte was created in [MASK] .,Colombia,synth_Country/TREx/P495.jsonl
1946,Krypteria was created in [MASK] .,Germany,synth_Country/TREx/P495.jsonl
1948,Scania was created in [MASK] .,Swedish,synth_Country/TREx/P495.jsonl
1958,Vivir Intentando was created in [MASK] .,Argentine,synth_Country/TREx/P495.jsonl
1960,La Duda was created in [MASK] .,Mexico,synth_Country/TREx/P495.jsonl
1962,Shibuya-kei was created in [MASK] .,Japan,synth_Country/TREx/P495.jsonl
1965,Royal Tru was created in [MASK] .,Philippines,synth_Country/TREx/P495.jsonl
1967,Canadian Club was created in [MASK] .,Canada,synth_Country/TREx/P495.jsonl
1980,Taxidermia was created in [MASK] .,Hungary,synth_Country/TREx/P495.jsonl
1981,Dagsavisen was created in [MASK] .,Norway,synth_Country/TREx/P495.jsonl
1990,Sangamam was created in [MASK] .,India,synth_Country/TREx/P495.jsonl
1991,Nanalan' was created in [MASK] .,Canada,synth_Country/TREx/P495.jsonl
1992,Ricercar Consort was created in [MASK] .,Belgian,synth_Country/TREx/P495.jsonl
1994,Godzilla was created in [MASK] .,Japan,synth_Country/TREx/P495.jsonl
1996,Madeinusa was created in [MASK] .,Spain,synth_Country/TREx/P495.jsonl
1998,I Saw the Sun was created in [MASK] .,Turkish,synth_Country/TREx/P495.jsonl
2004,Sisindri was created in [MASK] .,India,synth_Country/TREx/P495.jsonl
2006,samurai cinema was created in [MASK] .,Japan,synth_Country/TREx/P495.jsonl
2009,Caillou was created in [MASK] .,Canadian,synth_Country/TREx/P495.jsonl
2010,Gad Guard was created in [MASK] .,Japan,synth_Country/TREx/P495.jsonl
2012,Stickin' Around was created in [MASK] .,Canadian,synth_Country/TREx/P495.jsonl
2015,TV-pucken was created in [MASK] .,Swedish,synth_Country/TREx/P495.jsonl
2016,La Promesse was created in [MASK] .,Belgian,synth_Country/TREx/P495.jsonl
2018,La Soupe aux choux was created in [MASK] .,France,synth_Country/TREx/P495.jsonl
2019,The Caterpillar Wish was created in [MASK] .,Australia,synth_Country/TREx/P495.jsonl
2021,The Mythical Detective Loki Ragnarok was created in [MASK] .,Japan,synth_Country/TREx/P495.jsonl
2023,The Round-Up was created in [MASK] .,Hungary,synth_Country/TREx/P495.jsonl
2024,Diamond Dogs was created in [MASK] .,Swedish,synth_Country/TREx/P495.jsonl
2026,Sepet was created in [MASK] .,Malaysia,synth_Country/TREx/P495.jsonl
2028,Kochaj tylko mnie was created in [MASK] .,Polish,synth_Country/TREx/P495.jsonl
2030,The Milky Way was created in [MASK] .,France,synth_Country/TREx/P495.jsonl
2031,Opal Dream was created in [MASK] .,Australia,synth_Country/TREx/P495.jsonl
2033,La Voz de Galicia was created in [MASK] .,Spain,synth_Country/TREx/P495.jsonl
2036,The Ripping Friends was created in [MASK] .,Canada,synth_Country/TREx/P495.jsonl
2037,A News was created in [MASK] .,Canada,synth_Country/TREx/P495.jsonl
2039,Black Mark Productions was created in [MASK] .,Sweden,synth_Country/TREx/P495.jsonl
2041,Suite Habana was created in [MASK] .,Cuba,synth_Country/TREx/P495.jsonl
2042,Tyskie was created in [MASK] .,Polish,synth_Country/TREx/P495.jsonl
2054,Amaury Sport Organisation was created in [MASK] .,France,synth_Country/TREx/P495.jsonl
2056,March on Rome was created in [MASK] .,Italy,synth_Country/TREx/P495.jsonl
2057,Dual! Parallel Trouble Adventure was created in [MASK] .,Japan,synth_Country/TREx/P495.jsonl
2058,Death Note was created in [MASK] .,Japan,synth_Country/TREx/P495.jsonl
2060,Casper & Mandrilaftalen was created in [MASK] .,Danish,synth_Country/TREx/P495.jsonl
2068,Ta Ra Rum Pum was created in [MASK] .,India,synth_Country/TREx/P495.jsonl
2070,tofu was created in [MASK] .,Japan,synth_Country/TREx/P495.jsonl
2077,bacalhau was created in [MASK] .,Portugal,synth_Country/TREx/P495.jsonl
2086,Caciocavallo was created in [MASK] .,Italy,synth_Country/TREx/P495.jsonl
2087,TV Now was created in [MASK] .,Ireland,synth_Country/TREx/P495.jsonl
2093,The Galvatrons was created in [MASK] .,Australia,synth_Country/TREx/P495.jsonl
2095,pesto was created in [MASK] .,Italy,synth_Country/TREx/P495.jsonl
2097,The Amazing 3 was created in [MASK] .,Japan,synth_Country/TREx/P495.jsonl
2099,Jagriti was created in [MASK] .,India,synth_Country/TREx/P495.jsonl
2104,Weekly Young Sunday was created in [MASK] .,Japan,synth_Country/TREx/P495.jsonl
2108,Pakistan Idol was created in [MASK] .,Pakistan,synth_Country/TREx/P495.jsonl
2109,FN Model 1903 was created in [MASK] .,Belgian,synth_Country/TREx/P495.jsonl
2112,Kraftwerk was created in [MASK] .,Germany,synth_Country/TREx/P495.jsonl
2116,Svartsoppa was created in [MASK] .,Sweden,synth_Country/TREx/P495.jsonl
2118,Housos was created in [MASK] .,Australia,synth_Country/TREx/P495.jsonl
2119,Lemang was created in [MASK] .,Indonesia,synth_Country/TREx/P495.jsonl
2122,Azumanga Daioh was created in [MASK] .,Japan,synth_Country/TREx/P495.jsonl
2126,fourme d'Ambert was created in [MASK] .,France,synth_Country/TREx/P495.jsonl
2128,The Super Dimension Fortress Macross was created in [MASK] .,Japan,synth_Country/TREx/P495.jsonl
2133,Furikake was created in [MASK] .,Japan,synth_Country/TREx/P495.jsonl
2135,IAI Scout was created in [MASK] .,Israel,synth_Country/TREx/P495.jsonl
2139,Valkyrie Profile was created in [MASK] .,Japan,synth_Country/TREx/P495.jsonl
2147,Eyeshield 21 was created in [MASK] .,Japan,synth_Country/TREx/P495.jsonl
2149,"Mirror, Mirror II was created in [MASK] .",Australia,synth_Country/TREx/P495.jsonl
2151,Dobermann was created in [MASK] .,Germany,synth_Country/TREx/P495.jsonl
2152,Danish pastry was created in [MASK] .,Denmark,synth_Country/TREx/P495.jsonl
2158,La Grande Vadrouille was created in [MASK] .,France,synth_Country/TREx/P495.jsonl
2161,Saikano was created in [MASK] .,Japan,synth_Country/TREx/P495.jsonl
2167,The Nylons was created in [MASK] .,Canada,synth_Country/TREx/P495.jsonl
2169,Slobodna Dalmacija was created in [MASK] .,Croatian,synth_Country/TREx/P495.jsonl
2179,Eat Static was created in [MASK] .,England,synth_Country/TREx/P495.jsonl
2181,Forgotten Rebels was created in [MASK] .,Canada,synth_Country/TREx/P495.jsonl
2183,Shree Pundalik was created in [MASK] .,India,synth_Country/TREx/P495.jsonl
2185,The Early Bird Show was created in [MASK] .,Australia,synth_Country/TREx/P495.jsonl
2191,Nieuwe Rotterdamsche Courant was created in [MASK] .,Netherlands,synth_Country/TREx/P495.jsonl
2192,The Harder They Come was created in [MASK] .,Jamaica,synth_Country/TREx/P495.jsonl
2194,World Series Cricket was created in [MASK] .,Australia,synth_Country/TREx/P495.jsonl
2196,Pain was created in [MASK] .,Sweden,synth_Country/TREx/P495.jsonl
2198,Villa des Roses was created in [MASK] .,Belgian,synth_Country/TREx/P495.jsonl
2201,Abandon All Ships was created in [MASK] .,Canadian,synth_Country/TREx/P495.jsonl
2202,Aktuellt was created in [MASK] .,Sweden,synth_Country/TREx/P495.jsonl
2210,Bitter Moon was created in [MASK] .,France,synth_Country/TREx/P495.jsonl
2211,The Band was created in [MASK] .,Canada,synth_Country/TREx/P495.jsonl
2369,Komtessen was created in [MASK] .,Danish,synth_Country/TREx/P495.jsonl
2371,butter tart was created in [MASK] .,Canada,synth_Country/TREx/P495.jsonl
2373,Snobs was created in [MASK] .,Australia,synth_Country/TREx/P495.jsonl
2374,Svenska Hollywoodfruar was created in [MASK] .,Sweden,synth_Country/TREx/P495.jsonl
2375,Libertatea was created in [MASK] .,Romania,synth_Country/TREx/P495.jsonl
2377,beef bourguignon was created in [MASK] .,France,synth_Country/TREx/P495.jsonl
2378,Store norske leksikon was created in [MASK] .,Norway,synth_Country/TREx/P495.jsonl
2379,About Anglia was created in [MASK] .,England,synth_Country/TREx/P495.jsonl
2381,Celebrity Cooks was created in [MASK] .,Canada,synth_Country/TREx/P495.jsonl
2383,Sreeram was created in [MASK] .,India,synth_Country/TREx/P495.jsonl
2384,Thakshak was created in [MASK] .,India,synth_Country/TREx/P495.jsonl
2385,Ildjarn was created in [MASK] .,Norway,synth_Country/TREx/P495.jsonl
2387,Desejos de Mulher was created in [MASK] .,Brazil,synth_Country/TREx/P495.jsonl
2388,Princess Princess D was created in [MASK] .,Japan,synth_Country/TREx/P495.jsonl
2389,Balsamic vinegar was created in [MASK] .,Italian,synth_Country/TREx/P495.jsonl
2394,Los Serrano was created in [MASK] .,Spain,synth_Country/TREx/P495.jsonl
2399,Hallaca was created in [MASK] .,Venezuela,synth_Country/TREx/P495.jsonl
2400,The Killing was created in [MASK] .,Canada,synth_Country/TREx/P495.jsonl
2401,Kill Arman was created in [MASK] .,Finnish,synth_Country/TREx/P495.jsonl
2402,gelato was created in [MASK] .,Italy,synth_Country/TREx/P495.jsonl
2404,Trinity Blood was created in [MASK] .,Japan,synth_Country/TREx/P495.jsonl
2405,La fanciulla del West was created in [MASK] .,Italian,synth_Country/TREx/P495.jsonl
2407,Officer 666 was created in [MASK] .,Australia,synth_Country/TREx/P495.jsonl
2409,The X Factor was created in [MASK] .,Australia,synth_Country/TREx/P495.jsonl
2411,Harem Scarem was created in [MASK] .,Canada,synth_Country/TREx/P495.jsonl
2414,Dhwani was created in [MASK] .,India,synth_Country/TREx/P495.jsonl
2415,T-1 Hatsutaka was created in [MASK] .,Japan,synth_Country/TREx/P495.jsonl
2418,Dayglo Abortions was created in [MASK] .,Canada,synth_Country/TREx/P495.jsonl
2419,Afro-dite was created in [MASK] .,Sweden,synth_Country/TREx/P495.jsonl
2422,New Philosophers was created in [MASK] .,France,synth_Country/TREx/P495.jsonl
2423,Semana was created in [MASK] .,Colombia,synth_Country/TREx/P495.jsonl
2428,PKNA was created in [MASK] .,Italy,synth_Country/TREx/P495.jsonl
2433,Plus belle la vie was created in [MASK] .,France,synth_Country/TREx/P495.jsonl
2434,Toronto Star was created in [MASK] .,Canada,synth_Country/TREx/P495.jsonl
2512,Party Pilipinas was created in [MASK] .,Philippines,synth_Country/TREx/P495.jsonl
2514,Trailer Park Boys was created in [MASK] .,Canada,synth_Country/TREx/P495.jsonl
2519,Exocet was created in [MASK] .,France,synth_Country/TREx/P495.jsonl
2521,TG1 was created in [MASK] .,Italian,synth_Country/TREx/P495.jsonl
2524,Rififi was created in [MASK] .,France,synth_Country/TREx/P495.jsonl
2526,The Apparition was created in [MASK] .,Germany,synth_Country/TREx/P495.jsonl
2527,Senki Zesshō Symphogear was created in [MASK] .,Japan,synth_Country/TREx/P495.jsonl
2528,Armored Fleet Dairugger XV was created in [MASK] .,Japan,synth_Country/TREx/P495.jsonl
2532,Heidevolk was created in [MASK] .,Netherlands,synth_Country/TREx/P495.jsonl
2534,Miral was created in [MASK] .,France,synth_Country/TREx/P495.jsonl
2535,Zastava M91 was created in [MASK] .,Serbia,synth_Country/TREx/P495.jsonl
2537,Night Zoo was created in [MASK] .,Canadian,synth_Country/TREx/P495.jsonl
2539,Saaransh was created in [MASK] .,India,synth_Country/TREx/P495.jsonl
2540,De Gelderlander was created in [MASK] .,Netherlands,synth_Country/TREx/P495.jsonl
2542,Grenache Blanc was created in [MASK] .,Spain,synth_Country/TREx/P495.jsonl
2543,The Tale of Genji was created in [MASK] .,Japan,synth_Country/TREx/P495.jsonl
2546,Make Them Suffer was created in [MASK] .,Australia,synth_Country/TREx/P495.jsonl
2548,Meghe Dhaka Tara was created in [MASK] .,India,synth_Country/TREx/P495.jsonl
2552,guacamole was created in [MASK] .,Mexico,synth_Country/TREx/P495.jsonl
2553,Nadodi Mannan was created in [MASK] .,India,synth_Country/TREx/P495.jsonl
2554,Lava Hay was created in [MASK] .,Canada,synth_Country/TREx/P495.jsonl
2555,Dagsrevyen was created in [MASK] .,Norway,synth_Country/TREx/P495.jsonl
2559,Hibernatus was created in [MASK] .,France,synth_Country/TREx/P495.jsonl
2560,Anti Cimex was created in [MASK] .,Sweden,synth_Country/TREx/P495.jsonl
2565,Nonchan Noriben was created in [MASK] .,Japan,synth_Country/TREx/P495.jsonl
2566,Vikramarkudu was created in [MASK] .,India,synth_Country/TREx/P495.jsonl
2567,Flight Squad was created in [MASK] .,Canada,synth_Country/TREx/P495.jsonl
2568,Hell Girl was created in [MASK] .,Japan,synth_Country/TREx/P495.jsonl
2570,Falter was created in [MASK] .,Austria,synth_Country/TREx/P495.jsonl
2575,Grazia was created in [MASK] .,France,synth_Country/TREx/P495.jsonl
2579,Biwi No.1 was created in [MASK] .,India,synth_Country/TREx/P495.jsonl
2580,Sports Unlimited was created in [MASK] .,Philippines,synth_Country/TREx/P495.jsonl
2583,Hermes House Band was created in [MASK] .,Netherlands,synth_Country/TREx/P495.jsonl
2585,El Bonaerense was created in [MASK] .,Argentine,synth_Country/TREx/P495.jsonl
2587,"Love, Cherish, Respect was created in [MASK] .",Polish,synth_Country/TREx/P495.jsonl
2593,NX Zero was created in [MASK] .,Brazil,synth_Country/TREx/P495.jsonl
2595,sour rye soup was created in [MASK] .,Poland,synth_Country/TREx/P495.jsonl
2605,Velayudham was created in [MASK] .,India,synth_Country/TREx/P495.jsonl
2606,O Quatrilho was created in [MASK] .,Brasil,synth_Country/TREx/P495.jsonl
2607,shirataki noodles was created in [MASK] .,Japan,synth_Country/TREx/P495.jsonl
2612,Poder Paralelo was created in [MASK] .,Brazil,synth_Country/TREx/P495.jsonl
2613,table tennis was created in [MASK] .,England,synth_Country/TREx/P495.jsonl
2628,Beyblade: Metal Fusion was created in [MASK] .,Japan,synth_Country/TREx/P495.jsonl
2635,Kabhi Khushi Kabhie Gham... was created in [MASK] .,India,synth_Country/TREx/P495.jsonl
2638,Hanasaku Iroha was created in [MASK] .,Japan,synth_Country/TREx/P495.jsonl
2639,Portuguese cuisine was created in [MASK] .,Portugal,synth_Country/TREx/P495.jsonl
2641,Teknisk Ukeblad was created in [MASK] .,Norway,synth_Country/TREx/P495.jsonl
2643,The Vagabonds was created in [MASK] .,Polish,synth_Country/TREx/P495.jsonl
2649,Panforte was created in [MASK] .,Italy,synth_Country/TREx/P495.jsonl
2651,Ful medames was created in [MASK] .,Egypt,synth_Country/TREx/P495.jsonl
2652,Khuda Kay Liye was created in [MASK] .,Pakistan,synth_Country/TREx/P495.jsonl
2658,Meet Me on Cassiopeia was created in [MASK] .,Denmark,synth_Country/TREx/P495.jsonl
2663,"Rekrut 67, Petersen was created in [MASK] .",Danish,synth_Country/TREx/P495.jsonl
2665,SIG Sauer P239 was created in [MASK] .,Switzerland,synth_Country/TREx/P495.jsonl
2667,Lubricated Goat was created in [MASK] .,Australia,synth_Country/TREx/P495.jsonl
2668,Largo Winch II was created in [MASK] .,Belgium,synth_Country/TREx/P495.jsonl
2669,Mehida was created in [MASK] .,Finland,synth_Country/TREx/P495.jsonl
2671,Wide Mouth Mason was created in [MASK] .,Canadian,synth_Country/TREx/P495.jsonl
2672,Imarti was created in [MASK] .,India,synth_Country/TREx/P495.jsonl
2674,Noise Unit was created in [MASK] .,Canadian,synth_Country/TREx/P495.jsonl
2676,The Birth of Japan was created in [MASK] .,Japan,synth_Country/TREx/P495.jsonl
2678,Street Cents was created in [MASK] .,Canada,synth_Country/TREx/P495.jsonl
2679,Arbeideren was created in [MASK] .,Norwegian,synth_Country/TREx/P495.jsonl
2686,Panch phoron was created in [MASK] .,Bangladesh,synth_Country/TREx/P495.jsonl
2688,Glay was created in [MASK] .,Japan,synth_Country/TREx/P495.jsonl
2691,Tagesthemen was created in [MASK] .,Germany,synth_Country/TREx/P495.jsonl
2695,A Generation was created in [MASK] .,Polish,synth_Country/TREx/P495.jsonl
2703,The Lemon Bucket Orkestra was created in [MASK] .,Canada,synth_Country/TREx/P495.jsonl
2705,Il sole sorge ancora was created in [MASK] .,Italy,synth_Country/TREx/P495.jsonl
2706,Really Me was created in [MASK] .,Canada,synth_Country/TREx/P495.jsonl
2711,Le comte Ory was created in [MASK] .,Italy,synth_Country/TREx/P495.jsonl
2712,TV Week was created in [MASK] .,Australia,synth_Country/TREx/P495.jsonl
2713,matcha was created in [MASK] .,Japan,synth_Country/TREx/P495.jsonl
2714,roti was created in [MASK] .,India,synth_Country/TREx/P495.jsonl
2717,Don 2 was created in [MASK] .,India,synth_Country/TREx/P495.jsonl
2718,Dangerous Moves was created in [MASK] .,Switzerland,synth_Country/TREx/P495.jsonl
2719,Shor in the City was created in [MASK] .,India,synth_Country/TREx/P495.jsonl
2720,Bettie Serveert was created in [MASK] .,Netherlands,synth_Country/TREx/P495.jsonl
2721,Europa Europa was created in [MASK] .,Polish,synth_Country/TREx/P495.jsonl
2723,Princess Sarah was created in [MASK] .,Japan,synth_Country/TREx/P495.jsonl
2726,Teddy Bear was created in [MASK] .,Polish,synth_Country/TREx/P495.jsonl
2728,The Hanging Gale was created in [MASK] .,Ireland,synth_Country/TREx/P495.jsonl
2730,Cowboy Junkies was created in [MASK] .,Canada,synth_Country/TREx/P495.jsonl
2732,Polityka was created in [MASK] .,Poland,synth_Country/TREx/P495.jsonl
2748,Xuxa Park was created in [MASK] .,Spain,synth_Country/TREx/P495.jsonl
2749,Stargate Atlantis was created in [MASK] .,Canadian,synth_Country/TREx/P495.jsonl
2754,roast beef was created in [MASK] .,England,synth_Country/TREx/P495.jsonl
2762,Olvi was created in [MASK] .,Finland,synth_Country/TREx/P495.jsonl
2766,Buenos Aires Herald was created in [MASK] .,Argentina,synth_Country/TREx/P495.jsonl
2774,French Development Agency was created in [MASK] .,France,synth_Country/TREx/P495.jsonl
2776,Brain Powerd was created in [MASK] .,Japan,synth_Country/TREx/P495.jsonl
2778,Tsubasa: Reservoir Chronicle was created in [MASK] .,Japan,synth_Country/TREx/P495.jsonl
2780,Entranced Earth was created in [MASK] .,Brazil,synth_Country/TREx/P495.jsonl
2781,Dil Se.. was created in [MASK] .,India,synth_Country/TREx/P495.jsonl
2782,Aasal was created in [MASK] .,India,synth_Country/TREx/P495.jsonl
2783,Sjors & Sjimmie was created in [MASK] .,Dutch,synth_Country/TREx/P495.jsonl
2789,Newsweek Polska was created in [MASK] .,Poland,synth_Country/TREx/P495.jsonl
2791,Watch My Chops was created in [MASK] .,France,synth_Country/TREx/P495.jsonl
2793,Anata e was created in [MASK] .,Japan,synth_Country/TREx/P495.jsonl
2794,Philippine Lotto Draw was created in [MASK] .,Philippines,synth_Country/TREx/P495.jsonl
2796,Gil Blas was created in [MASK] .,France,synth_Country/TREx/P495.jsonl
2798,Peer Gynt was created in [MASK] .,Norway,synth_Country/TREx/P495.jsonl
2804,Tasavallan Presidentti was created in [MASK] .,Finland,synth_Country/TREx/P495.jsonl
2808,Mantecadas was created in [MASK] .,Spain,synth_Country/TREx/P495.jsonl
2812,Gyllene Tider was created in [MASK] .,Swedish,synth_Country/TREx/P495.jsonl
2819,Econoline Crush was created in [MASK] .,Canada,synth_Country/TREx/P495.jsonl
2821,De Dietrich Ferroviaire was created in [MASK] .,French,synth_Country/TREx/P495.jsonl
2825,Kathapurushan was created in [MASK] .,India,synth_Country/TREx/P495.jsonl
2827,Stargate SG-1 was created in [MASK] .,Canada,synth_Country/TREx/P495.jsonl
2828,Bakuman was created in [MASK] .,Japan,synth_Country/TREx/P495.jsonl
2830,Brihonnola was created in [MASK] .,Bangladesh,synth_Country/TREx/P495.jsonl
2831,Lux Occulta was created in [MASK] .,Polish,synth_Country/TREx/P495.jsonl
2840,Closely Watched Trains was created in [MASK] .,Czechoslovakia,synth_Country/TREx/P495.jsonl
2841,Boom Crash Opera was created in [MASK] .,Australia,synth_Country/TREx/P495.jsonl
2842,deadstar was created in [MASK] .,Australia,synth_Country/TREx/P495.jsonl
2843,Son Amores was created in [MASK] .,Argentine,synth_Country/TREx/P495.jsonl
2844,Le duc d'Albe was created in [MASK] .,Italy,synth_Country/TREx/P495.jsonl
2846,J-pop was created in [MASK] .,Japan,synth_Country/TREx/P495.jsonl
2962,Dacia was created in [MASK] .,Romania,synth_Country/TREx/P495.jsonl
2972,sarangi was created in [MASK] .,India,synth_Country/TREx/P495.jsonl
2974,Top Club was created in [MASK] .,Scottish,synth_Country/TREx/P495.jsonl
2976,Jo Maxi was created in [MASK] .,Ireland,synth_Country/TREx/P495.jsonl
2977,Sianspheric was created in [MASK] .,Canada,synth_Country/TREx/P495.jsonl
2980,Bobby Taylor & the Vancouvers was created in [MASK] .,Canada,synth_Country/TREx/P495.jsonl
2982,Sydney Twelve was created in [MASK] .,Australia,synth_Country/TREx/P495.jsonl
2983,Hockey Night in Canada was created in [MASK] .,Canada,synth_Country/TREx/P495.jsonl
3013,Nicktoons was created in [MASK] .,Brazil,synth_Country/TREx/P495.jsonl
3014,waffle was created in [MASK] .,Belgium,synth_Country/TREx/P495.jsonl
3017,Elling was created in [MASK] .,Norway,synth_Country/TREx/P495.jsonl
3030,Show-Ya was created in [MASK] .,Japan,synth_Country/TREx/P495.jsonl
3032,Red Rider was created in [MASK] .,Canada,synth_Country/TREx/P495.jsonl
3037,Ernani was created in [MASK] .,Italia,synth_Country/TREx/P495.jsonl
3039,The Strypes was created in [MASK] .,Ireland,synth_Country/TREx/P495.jsonl
3042,Rekkit Rabbit was created in [MASK] .,France,synth_Country/TREx/P495.jsonl
3044,Baaz was created in [MASK] .,India,synth_Country/TREx/P495.jsonl
3045,Agri Tayo Dito was created in [MASK] .,Philippines,synth_Country/TREx/P495.jsonl
3047,tapenade was created in [MASK] .,France,synth_Country/TREx/P495.jsonl
3049,Pinoy Idol was created in [MASK] .,Philippines,synth_Country/TREx/P495.jsonl
3054,The Phantom Carriage was created in [MASK] .,Sweden,synth_Country/TREx/P495.jsonl
3055,Gueuze was created in [MASK] .,Belgian,synth_Country/TREx/P495.jsonl
3061,Brice de Nice was created in [MASK] .,France,synth_Country/TREx/P495.jsonl
3063,Mezamashi TV was created in [MASK] .,Japan,synth_Country/TREx/P495.jsonl
3064,Crazed Fruit was created in [MASK] .,Japan,synth_Country/TREx/P495.jsonl
3065,Doctor Who was created in [MASK] .,Canada,synth_Country/TREx/P495.jsonl
3067,Johan and Peewit was created in [MASK] .,Belgian,synth_Country/TREx/P495.jsonl
3076,Income Property was created in [MASK] .,Canadian,synth_Country/TREx/P495.jsonl
3079,Dansbandskampen was created in [MASK] .,Swedish,synth_Country/TREx/P495.jsonl
3082,Sainyam was created in [MASK] .,India,synth_Country/TREx/P495.jsonl
3083,Vogue Paris was created in [MASK] .,France,synth_Country/TREx/P495.jsonl
3084,AC4 was created in [MASK] .,Sweden,synth_Country/TREx/P495.jsonl
3089,Orzo was created in [MASK] .,Italy,synth_Country/TREx/P495.jsonl
3090,Hootenanny Singers was created in [MASK] .,Sweden,synth_Country/TREx/P495.jsonl
3093,TV Patrol Southern Tagalog was created in [MASK] .,Philippines,synth_Country/TREx/P495.jsonl
3094,Lukanka was created in [MASK] .,Bulgaria,synth_Country/TREx/P495.jsonl
3100,nata de coco was created in [MASK] .,Philippines,synth_Country/TREx/P495.jsonl
3102,El Cazador de la Bruja was created in [MASK] .,Japan,synth_Country/TREx/P495.jsonl
3103,Devilman was created in [MASK] .,Japan,synth_Country/TREx/P495.jsonl
3105,West Beirut was created in [MASK] .,Lebanese,synth_Country/TREx/P495.jsonl
3107,Equinox Flower was created in [MASK] .,Japan,synth_Country/TREx/P495.jsonl
3108,The Man on the Roof was created in [MASK] .,Swedish,synth_Country/TREx/P495.jsonl
3112,Ayria was created in [MASK] .,Canada,synth_Country/TREx/P495.jsonl
3113,FHM India was created in [MASK] .,India,synth_Country/TREx/P495.jsonl
3118,Mulheres de Areia was created in [MASK] .,Brazil,synth_Country/TREx/P495.jsonl
3119,Pacific Banana was created in [MASK] .,Australia,synth_Country/TREx/P495.jsonl
3120,Lies My Father Told Me was created in [MASK] .,Canadian,synth_Country/TREx/P495.jsonl
3122,The Tenors was created in [MASK] .,Canada,synth_Country/TREx/P495.jsonl
3124,El Filibusterismo was created in [MASK] .,Philippines,synth_Country/TREx/P495.jsonl
3125,association football was created in [MASK] .,England,synth_Country/TREx/P495.jsonl
5140,Heartbreak High was created in [MASK] .,Australia,synth_Country/TREx/P495.jsonl
5141,The Departure was created in [MASK] .,Belgian,synth_Country/TREx/P495.jsonl
5142,Golgo 13 was created in [MASK] .,Japan,synth_Country/TREx/P495.jsonl
5145,Stories We Tell was created in [MASK] .,Canada,synth_Country/TREx/P495.jsonl
5147,Chibi Vampire was created in [MASK] .,Japan,synth_Country/TREx/P495.jsonl
5150,Leigh Ashford was created in [MASK] .,Canada,synth_Country/TREx/P495.jsonl
5152,Orphan Black was created in [MASK] .,Canada,synth_Country/TREx/P495.jsonl
5155,Dannii Minogue was created in [MASK] .,Australia,synth_Country/TREx/P495.jsonl
5157,To Heart was created in [MASK] .,Japan,synth_Country/TREx/P495.jsonl
5159,One Million Star was created in [MASK] .,Taiwan,synth_Country/TREx/P495.jsonl
5164,Korrespondent was created in [MASK] .,Ukraine,synth_Country/TREx/P495.jsonl
5171,Waterzooi was created in [MASK] .,Belgian,synth_Country/TREx/P495.jsonl
5173,Mountain City Four was created in [MASK] .,Canadian,synth_Country/TREx/P495.jsonl
5174,Hartwall was created in [MASK] .,Finland,synth_Country/TREx/P495.jsonl
5186,The Escaped was created in [MASK] .,Argentina,synth_Country/TREx/P495.jsonl
5187,ballet de cour was created in [MASK] .,France,synth_Country/TREx/P495.jsonl
5189,EZ Basic was created in [MASK] .,Hungary,synth_Country/TREx/P495.jsonl
5191,Het Financieele Dagblad was created in [MASK] .,Netherlands,synth_Country/TREx/P495.jsonl
5192,The Two Babylons was created in [MASK] .,Scotland,synth_Country/TREx/P495.jsonl
5194,Slayers Great was created in [MASK] .,Japan,synth_Country/TREx/P495.jsonl
5195,The Manster was created in [MASK] .,Japan,synth_Country/TREx/P495.jsonl
5197,Niboshi was created in [MASK] .,Japan,synth_Country/TREx/P495.jsonl
5199,FLCL was created in [MASK] .,Japan,synth_Country/TREx/P495.jsonl
5200,The Boys was created in [MASK] .,Finland,synth_Country/TREx/P495.jsonl
5202,Comic High! was created in [MASK] .,Japan,synth_Country/TREx/P495.jsonl
5204,RTL Radio was created in [MASK] .,Dutch,synth_Country/TREx/P495.jsonl
5205,Natarang was created in [MASK] .,India,synth_Country/TREx/P495.jsonl
5206,Boys Over Flowers was created in [MASK] .,Japan,synth_Country/TREx/P495.jsonl
5213,El Caballo del pueblo was created in [MASK] .,Argentina,synth_Country/TREx/P495.jsonl
5214,No Game No Life was created in [MASK] .,Japan,synth_Country/TREx/P495.jsonl
5215,Mughal-e-Azam was created in [MASK] .,India,synth_Country/TREx/P495.jsonl
5216,Gormiti was created in [MASK] .,Italy,synth_Country/TREx/P495.jsonl
5217,Timomatic was created in [MASK] .,Australia,synth_Country/TREx/P495.jsonl
5218,Rollo and the Spirit of the Woods was created in [MASK] .,Finland,synth_Country/TREx/P495.jsonl
5219,The Good Heart was created in [MASK] .,Icelandic,synth_Country/TREx/P495.jsonl
5221,AnnaGrace was created in [MASK] .,Belgian,synth_Country/TREx/P495.jsonl
5243,Kidstreet was created in [MASK] .,Canadian,synth_Country/TREx/P495.jsonl
5250,Chakrapani was created in [MASK] .,India,synth_Country/TREx/P495.jsonl
5251,Schnitzel Paradise was created in [MASK] .,Dutch,synth_Country/TREx/P495.jsonl
5257,The Swiss Family Robinson was created in [MASK] .,Swiss,synth_Country/TREx/P495.jsonl
5262,Novelas ejemplares was created in [MASK] .,Spain,synth_Country/TREx/P495.jsonl
5263,The World Sinks Except Japan was created in [MASK] .,Japan,synth_Country/TREx/P495.jsonl
5264,Video Option was created in [MASK] .,Japan,synth_Country/TREx/P495.jsonl
5265,Tocotronic was created in [MASK] .,Germany,synth_Country/TREx/P495.jsonl
5267,Le Bureau was created in [MASK] .,France,synth_Country/TREx/P495.jsonl
5268,Dagbladet Information was created in [MASK] .,Danish,synth_Country/TREx/P495.jsonl
5269,Role Models was created in [MASK] .,Germany,synth_Country/TREx/P495.jsonl
5270,The Decameron was created in [MASK] .,Italy,synth_Country/TREx/P495.jsonl
5273,Mama Corsica was created in [MASK] .,France,synth_Country/TREx/P495.jsonl
5275,Japanese Pharmacopoeia was created in [MASK] .,JP,synth_Country/TREx/P495.jsonl
5278,Radio Free Roscoe was created in [MASK] .,Canadian,synth_Country/TREx/P495.jsonl
5280,Sommarlovsmorgon was created in [MASK] .,Swedish,synth_Country/TREx/P495.jsonl
5285,Cutie Honey was created in [MASK] .,Japan,synth_Country/TREx/P495.jsonl
5287,Godzilla Raids Again was created in [MASK] .,Japan,synth_Country/TREx/P495.jsonl
5288,Wild Adapter was created in [MASK] .,Japan,synth_Country/TREx/P495.jsonl
5291,CFL on CBC was created in [MASK] .,Canada,synth_Country/TREx/P495.jsonl
5293,Threat Signal was created in [MASK] .,Canada,synth_Country/TREx/P495.jsonl
5295,Chilly Beach was created in [MASK] .,Canada,synth_Country/TREx/P495.jsonl
5297,Dir en grey was created in [MASK] .,Japan,synth_Country/TREx/P495.jsonl
5312,Dash Berlin was created in [MASK] .,Dutch,synth_Country/TREx/P495.jsonl
5314,Saint-Marcellin was created in [MASK] .,France,synth_Country/TREx/P495.jsonl
5319,Ultraman Dyna was created in [MASK] .,Japan,synth_Country/TREx/P495.jsonl
5321,antipasto was created in [MASK] .,Italy,synth_Country/TREx/P495.jsonl
5326,Matt Finish was created in [MASK] .,Australia,synth_Country/TREx/P495.jsonl
5327,Brzydula was created in [MASK] .,Poland,synth_Country/TREx/P495.jsonl
5331,In-Flight Safety was created in [MASK] .,Canada,synth_Country/TREx/P495.jsonl
5333,Boyzone was created in [MASK] .,Ireland,synth_Country/TREx/P495.jsonl
5337,Scotland Today was created in [MASK] .,Scotland,synth_Country/TREx/P495.jsonl
5343,Skavlan was created in [MASK] .,Sweden,synth_Country/TREx/P495.jsonl
5348,Necromance was created in [MASK] .,Germany,synth_Country/TREx/P495.jsonl
5350,Kroumata was created in [MASK] .,Sweden,synth_Country/TREx/P495.jsonl
5353,The Starlost was created in [MASK] .,Canada,synth_Country/TREx/P495.jsonl
5355,Ao Haru Ride was created in [MASK] .,Japan,synth_Country/TREx/P495.jsonl
5358,Calavera was created in [MASK] .,Mexico,synth_Country/TREx/P495.jsonl
5359,U2 was created in [MASK] .,Ireland,synth_Country/TREx/P495.jsonl
5376,Bandila was created in [MASK] .,Philippines,synth_Country/TREx/P495.jsonl
5378,Crash Investigation Unit was created in [MASK] .,Australia,synth_Country/TREx/P495.jsonl
5379,Stealing Beauty was created in [MASK] .,France,synth_Country/TREx/P495.jsonl
5381,Pretty Maids was created in [MASK] .,Danish,synth_Country/TREx/P495.jsonl
5388,Tristan Psionic was created in [MASK] .,Canada,synth_Country/TREx/P495.jsonl
5389,Bienvenue chez les Ch'tis was created in [MASK] .,France,synth_Country/TREx/P495.jsonl
5391,Palt was created in [MASK] .,Sweden,synth_Country/TREx/P495.jsonl
5394,Stonegard was created in [MASK] .,Norway,synth_Country/TREx/P495.jsonl
5396,Shironamhin was created in [MASK] .,Bangladesh,synth_Country/TREx/P495.jsonl
5398,escabeche was created in [MASK] .,Spain,synth_Country/TREx/P495.jsonl
5403,Ah My Buddha was created in [MASK] .,Japan,synth_Country/TREx/P495.jsonl
5405,The Dream Catchers was created in [MASK] .,Singapore,synth_Country/TREx/P495.jsonl
5407,Asian Scientist was created in [MASK] .,Singapore,synth_Country/TREx/P495.jsonl
5409,Sonic X was created in [MASK] .,Japan,synth_Country/TREx/P495.jsonl
5410,The Dewarists was created in [MASK] .,India,synth_Country/TREx/P495.jsonl
5412,PC PowerPlay was created in [MASK] .,Australia,synth_Country/TREx/P495.jsonl
5414,"Kapuso Mo, Jessica Soho was created in [MASK] .",Philippines,synth_Country/TREx/P495.jsonl
5416,Rang De Basanti was created in [MASK] .,India,synth_Country/TREx/P495.jsonl
5421,Dogora was created in [MASK] .,Japan,synth_Country/TREx/P495.jsonl
5423,Bukkene Bruse was created in [MASK] .,Norway,synth_Country/TREx/P495.jsonl
5425,Sholay was created in [MASK] .,India,synth_Country/TREx/P495.jsonl
5429,Deewaar was created in [MASK] .,India,synth_Country/TREx/P495.jsonl
5433,Rokudenashi Blues was created in [MASK] .,Japan,synth_Country/TREx/P495.jsonl
5434,The Sharon Cuneta Show was created in [MASK] .,Philippines,synth_Country/TREx/P495.jsonl
5436,Ma vie en rose was created in [MASK] .,Belgian,synth_Country/TREx/P495.jsonl
5438,3 Idiots was created in [MASK] .,India,synth_Country/TREx/P495.jsonl
5439,Floricienta was created in [MASK] .,Argentina,synth_Country/TREx/P495.jsonl
5440,Amenra was created in [MASK] .,Belgian,synth_Country/TREx/P495.jsonl
5442,Female Agents was created in [MASK] .,France,synth_Country/TREx/P495.jsonl
5443,Genma Taisen was created in [MASK] .,Japan,synth_Country/TREx/P495.jsonl
5446,Sope was created in [MASK] .,Mexico,synth_Country/TREx/P495.jsonl
5447,Selector Infected WIXOSS was created in [MASK] .,Japan,synth_Country/TREx/P495.jsonl
5451,golf was created in [MASK] .,Scotland,synth_Country/TREx/P495.jsonl
5563,Pilipinas News was created in [MASK] .,Philippines,synth_Country/TREx/P495.jsonl
5567,Samurai Pizza Cats was created in [MASK] .,Japan,synth_Country/TREx/P495.jsonl
5568,The Party Boys was created in [MASK] .,Australia,synth_Country/TREx/P495.jsonl
5570,Swing Girls was created in [MASK] .,Japan,synth_Country/TREx/P495.jsonl
5571,Keinohrhasen was created in [MASK] .,Germany,synth_Country/TREx/P495.jsonl
5573,Coulommiers cheese was created in [MASK] .,France,synth_Country/TREx/P495.jsonl
5582,Sugo was created in [MASK] .,Philippines,synth_Country/TREx/P495.jsonl
5584,Gutur Gu was created in [MASK] .,India,synth_Country/TREx/P495.jsonl
5585,I Not Stupid was created in [MASK] .,Singapore,synth_Country/TREx/P495.jsonl
5586,Sven-Ingvars was created in [MASK] .,Sweden,synth_Country/TREx/P495.jsonl
5590,Trouw was created in [MASK] .,Netherlands,synth_Country/TREx/P495.jsonl
5592,Tulpan was created in [MASK] .,Russia,synth_Country/TREx/P495.jsonl
5594,Seven Servants was created in [MASK] .,Germany,synth_Country/TREx/P495.jsonl
5595,Planet 51 was created in [MASK] .,Spain,synth_Country/TREx/P495.jsonl
5597,The Amazing Race Canada was created in [MASK] .,Canada,synth_Country/TREx/P495.jsonl
5603,Food Safari was created in [MASK] .,Australia,synth_Country/TREx/P495.jsonl
5605,Daryll-Ann was created in [MASK] .,Netherlands,synth_Country/TREx/P495.jsonl
5607,Carosello was created in [MASK] .,Italian,synth_Country/TREx/P495.jsonl
5610,Save Tonight was created in [MASK] .,Swedish,synth_Country/TREx/P495.jsonl
5612,Bezimienni bohaterowie was created in [MASK] .,Polish,synth_Country/TREx/P495.jsonl
5614,High Valley was created in [MASK] .,Canadian,synth_Country/TREx/P495.jsonl
5616,salmorejo was created in [MASK] .,Spain,synth_Country/TREx/P495.jsonl
5618,pretzel was created in [MASK] .,Germany,synth_Country/TREx/P495.jsonl
5619,Nobody Waved Good-bye was created in [MASK] .,Canada,synth_Country/TREx/P495.jsonl
5622,fish and chips was created in [MASK] .,England,synth_Country/TREx/P495.jsonl
5623,Teledyaryo was created in [MASK] .,Philippines,synth_Country/TREx/P495.jsonl
5624,Pavitra Rishta was created in [MASK] .,India,synth_Country/TREx/P495.jsonl
5625,The Jakarta Post was created in [MASK] .,Indonesia,synth_Country/TREx/P495.jsonl
5633,Feijoada was created in [MASK] .,Portugal,synth_Country/TREx/P495.jsonl
5635,I Touch Myself was created in [MASK] .,Australia,synth_Country/TREx/P495.jsonl
5638,Mohabbatein was created in [MASK] .,India,synth_Country/TREx/P495.jsonl
5639,Ronan Keating was created in [MASK] .,Australia,synth_Country/TREx/P495.jsonl
5641,Nymphomaniac was created in [MASK] .,Denmark,synth_Country/TREx/P495.jsonl
5643,Prokurator Alicja Horn was created in [MASK] .,Polish,synth_Country/TREx/P495.jsonl
5645,Absynthe Minded was created in [MASK] .,Belgian,synth_Country/TREx/P495.jsonl
5651,FitzGerald dynasty was created in [MASK] .,Wales,synth_Country/TREx/P495.jsonl
5653,The Hairy Bird was created in [MASK] .,Canada,synth_Country/TREx/P495.jsonl
5655,Paradise Now was created in [MASK] .,Israel,synth_Country/TREx/P495.jsonl
5657,Young Canadians was created in [MASK] .,Canada,synth_Country/TREx/P495.jsonl
5669,La Vanguardia was created in [MASK] .,Spain,synth_Country/TREx/P495.jsonl
5676,The Pupil was created in [MASK] .,Singapore,synth_Country/TREx/P495.jsonl
5677,Dozer was created in [MASK] .,Swedish,synth_Country/TREx/P495.jsonl
5683,2LDK was created in [MASK] .,Japan,synth_Country/TREx/P495.jsonl
5684,The H-Man was created in [MASK] .,Japan,synth_Country/TREx/P495.jsonl
5686,Tinkle was created in [MASK] .,India,synth_Country/TREx/P495.jsonl
5694,Gladrags was created in [MASK] .,India,synth_Country/TREx/P495.jsonl
5697,Debdas was created in [MASK] .,India,synth_Country/TREx/P495.jsonl
5700,VTT Technical Research Centre of Finland was created in [MASK] .,Finland,synth_Country/TREx/P495.jsonl
5712,Tenjho Tenge was created in [MASK] .,Japan,synth_Country/TREx/P495.jsonl
5713,Dronningens vagtmester was created in [MASK] .,Danish,synth_Country/TREx/P495.jsonl
5715,Hermanas was created in [MASK] .,Spain,synth_Country/TREx/P495.jsonl
5716,Euroclear was created in [MASK] .,Belgium,synth_Country/TREx/P495.jsonl
5721,Home Sweetie Home was created in [MASK] .,Philippines,synth_Country/TREx/P495.jsonl
5722,Hearts of Soul was created in [MASK] .,Netherlands,synth_Country/TREx/P495.jsonl
5723,Titash Ekti Nadir Naam was created in [MASK] .,Bangladesh,synth_Country/TREx/P495.jsonl
5724,Mansaf was created in [MASK] .,Jordan,synth_Country/TREx/P495.jsonl
5725,Dansez pentru tine was created in [MASK] .,Romania,synth_Country/TREx/P495.jsonl
5726,Tina Arena was created in [MASK] .,Australia,synth_Country/TREx/P495.jsonl
5734,The Creepshow was created in [MASK] .,Canada,synth_Country/TREx/P495.jsonl
