,sent,gold,filename
0,Paraguay maintains diplomatic relations with [MASK] .,Germany,synth_Country/TREx/P530.jsonl
5,Libya maintains diplomatic relations with [MASK] .,Brazil,synth_Country/TREx/P530.jsonl
12,Bosnia and Herzegovina maintains diplomatic relations with [MASK] .,Montenegro,synth_Country/TREx/P530.jsonl
456,Australia maintains diplomatic relations with [MASK] .,Romania,synth_Country/TREx/P530.jsonl
507,Saudi Arabia maintains diplomatic relations with [MASK] .,Lebanon,synth_Country/TREx/P530.jsonl
639,Belarus maintains diplomatic relations with [MASK] .,Serbia,synth_Country/TREx/P530.jsonl
685,Yemen maintains diplomatic relations with [MASK] .,Syria,synth_Country/TREx/P530.jsonl
768,Brazil maintains diplomatic relations with [MASK] .,Venezuela,synth_Country/TREx/P530.jsonl
2503,People's Republic of China maintains diplomatic relations with [MASK] .,Germany,synth_Country/TREx/P530.jsonl
2985,Ireland maintains diplomatic relations with [MASK] .,Italy,synth_Country/TREx/P530.jsonl
4164,Italy maintains diplomatic relations with [MASK] .,Peru,synth_Country/TREx/P530.jsonl
4213,Estonia maintains diplomatic relations with [MASK] .,Australia,synth_Country/TREx/P530.jsonl
4261,Syria maintains diplomatic relations with [MASK] .,Egypt,synth_Country/TREx/P530.jsonl
4757,Israel maintains diplomatic relations with [MASK] .,Ethiopia,synth_Country/TREx/P530.jsonl
4806,Zambia maintains diplomatic relations with [MASK] .,Australia,synth_Country/TREx/P530.jsonl
4831,Peru maintains diplomatic relations with [MASK] .,Italy,synth_Country/TREx/P530.jsonl
4880,Ukraine maintains diplomatic relations with [MASK] .,Kenya,synth_Country/TREx/P530.jsonl
4897,Andorra maintains diplomatic relations with [MASK] .,Italy,synth_Country/TREx/P530.jsonl
5084,Holy See maintains diplomatic relations with [MASK] .,Poland,synth_Country/TREx/P530.jsonl
5309,Germany maintains diplomatic relations with [MASK] .,Mali,synth_Country/TREx/P530.jsonl
5527,Soviet Union maintains diplomatic relations with [MASK] .,Canada,synth_Country/TREx/P530.jsonl
6239,Canada maintains diplomatic relations with [MASK] .,Pakistan,synth_Country/TREx/P530.jsonl
7261,Benin maintains diplomatic relations with [MASK] .,Brazil,synth_Country/TREx/P530.jsonl
7272,Jordan maintains diplomatic relations with [MASK] .,Germany,synth_Country/TREx/P530.jsonl
7515,Taiwan maintains diplomatic relations with [MASK] .,Panama,synth_Country/TREx/P530.jsonl
7608,Vanuatu maintains diplomatic relations with [MASK] .,Australia,synth_Country/TREx/P530.jsonl
8178,European Union maintains diplomatic relations with [MASK] .,Brazil,synth_Country/TREx/P530.jsonl
8282,Panama maintains diplomatic relations with [MASK] .,Germany,synth_Country/TREx/P530.jsonl
8299,Kenya maintains diplomatic relations with [MASK] .,Egypt,synth_Country/TREx/P530.jsonl
8366,Guyana maintains diplomatic relations with [MASK] .,Brazil,synth_Country/TREx/P530.jsonl
10165,Cyprus maintains diplomatic relations with [MASK] .,Australia,synth_Country/TREx/P530.jsonl
10213,Iceland maintains diplomatic relations with [MASK] .,Italy,synth_Country/TREx/P530.jsonl
10460,Mexico maintains diplomatic relations with [MASK] .,Australia,synth_Country/TREx/P530.jsonl
10882,Algeria maintains diplomatic relations with [MASK] .,Germany,synth_Country/TREx/P530.jsonl
10902,Venezuela maintains diplomatic relations with [MASK] .,Brazil,synth_Country/TREx/P530.jsonl
12637,South Korea maintains diplomatic relations with [MASK] .,Germany,synth_Country/TREx/P530.jsonl
13175,United Kingdom maintains diplomatic relations with [MASK] .,Lithuania,synth_Country/TREx/P530.jsonl
13177,Russia maintains diplomatic relations with [MASK] .,Serbia,synth_Country/TREx/P530.jsonl
14155,Denmark maintains diplomatic relations with [MASK] .,Germany,synth_Country/TREx/P530.jsonl
14967,Angola maintains diplomatic relations with [MASK] .,Australia,synth_Country/TREx/P530.jsonl
15227,Romania maintains diplomatic relations with [MASK] .,Italy,synth_Country/TREx/P530.jsonl
15725,Liechtenstein maintains diplomatic relations with [MASK] .,Germany,synth_Country/TREx/P530.jsonl
15793,Greece maintains diplomatic relations with [MASK] .,Italy,synth_Country/TREx/P530.jsonl
16517,New Caledonia maintains diplomatic relations with [MASK] .,Australia,synth_Country/TREx/P530.jsonl
16854,Czech Republic maintains diplomatic relations with [MASK] .,Israel,synth_Country/TREx/P530.jsonl
16915,Hong Kong maintains diplomatic relations with [MASK] .,Australia,synth_Country/TREx/P530.jsonl
18141,Nepal maintains diplomatic relations with [MASK] .,Australia,synth_Country/TREx/P530.jsonl
18205,Austria maintains diplomatic relations with [MASK] .,France,synth_Country/TREx/P530.jsonl
21319,United Arab Emirates maintains diplomatic relations with [MASK] .,Yemen,synth_Country/TREx/P530.jsonl
21482,United States of America maintains diplomatic relations with [MASK] .,Afghanistan,synth_Country/TREx/P530.jsonl
22312,Slovakia maintains diplomatic relations with [MASK] .,Germany,synth_Country/TREx/P530.jsonl
22755,Jamaica maintains diplomatic relations with [MASK] .,Brazil,synth_Country/TREx/P530.jsonl
22847,Egypt maintains diplomatic relations with [MASK] .,Germany,synth_Country/TREx/P530.jsonl
23574,Philippines maintains diplomatic relations with [MASK] .,Italy,synth_Country/TREx/P530.jsonl
24004,East Timor maintains diplomatic relations with [MASK] .,Australia,synth_Country/TREx/P530.jsonl
24092,Iran maintains diplomatic relations with [MASK] .,Israel,synth_Country/TREx/P530.jsonl
24466,South Africa maintains diplomatic relations with [MASK] .,Italy,synth_Country/TREx/P530.jsonl
24808,Malta maintains diplomatic relations with [MASK] .,Italy,synth_Country/TREx/P530.jsonl
25018,Cape Verde maintains diplomatic relations with [MASK] .,France,synth_Country/TREx/P530.jsonl
27251,Mongolia maintains diplomatic relations with [MASK] .,Turkey,synth_Country/TREx/P530.jsonl
27339,France maintains diplomatic relations with [MASK] .,Serbia,synth_Country/TREx/P530.jsonl
29266,Uganda maintains diplomatic relations with [MASK] .,Germany,synth_Country/TREx/P530.jsonl
29809,Netherlands maintains diplomatic relations with [MASK] .,Germany,synth_Country/TREx/P530.jsonl
31349,Bulgaria maintains diplomatic relations with [MASK] .,Italy,synth_Country/TREx/P530.jsonl
32133,India maintains diplomatic relations with [MASK] .,Brazil,synth_Country/TREx/P530.jsonl
32817,Ethiopia maintains diplomatic relations with [MASK] .,Israel,synth_Country/TREx/P530.jsonl
32867,Latvia maintains diplomatic relations with [MASK] .,Australia,synth_Country/TREx/P530.jsonl
33245,Central African Republic maintains diplomatic relations with [MASK] .,Nigeria,synth_Country/TREx/P530.jsonl
39326,Singapore maintains diplomatic relations with [MASK] .,Malaysia,synth_Country/TREx/P530.jsonl
41028,Poland maintains diplomatic relations with [MASK] .,Canada,synth_Country/TREx/P530.jsonl
41299,Ecuador maintains diplomatic relations with [MASK] .,Germany,synth_Country/TREx/P530.jsonl
44022,Trinidad and Tobago maintains diplomatic relations with [MASK] .,Australia,synth_Country/TREx/P530.jsonl
46025,Sweden maintains diplomatic relations with [MASK] .,Italy,synth_Country/TREx/P530.jsonl
47329,Portugal maintains diplomatic relations with [MASK] .,Australia,synth_Country/TREx/P530.jsonl
47476,Colombia maintains diplomatic relations with [MASK] .,Italy,synth_Country/TREx/P530.jsonl
47548,Finland maintains diplomatic relations with [MASK] .,Canada,synth_Country/TREx/P530.jsonl
47972,Tanzania maintains diplomatic relations with [MASK] .,Germany,synth_Country/TREx/P530.jsonl
47980,German Democratic Republic maintains diplomatic relations with [MASK] .,Germany,synth_Country/TREx/P530.jsonl
50335,Cuba maintains diplomatic relations with [MASK] .,Brazil,synth_Country/TREx/P530.jsonl
51121,Albania maintains diplomatic relations with [MASK] .,Afghanistan,synth_Country/TREx/P530.jsonl
51139,North Macedonia maintains diplomatic relations with [MASK] .,Australia,synth_Country/TREx/P530.jsonl
52162,Pakistan maintains diplomatic relations with [MASK] .,Germany,synth_Country/TREx/P530.jsonl
52545,Botswana maintains diplomatic relations with [MASK] .,Australia,synth_Country/TREx/P530.jsonl
57828,Vietnam maintains diplomatic relations with [MASK] .,Germany,synth_Country/TREx/P530.jsonl
58420,Afghanistan maintains diplomatic relations with [MASK] .,Italy,synth_Country/TREx/P530.jsonl
58446,Honduras maintains diplomatic relations with [MASK] .,Germany,synth_Country/TREx/P530.jsonl
58868,Spain maintains diplomatic relations with [MASK] .,Australia,synth_Country/TREx/P530.jsonl
61332,Iraq maintains diplomatic relations with [MASK] .,Australia,synth_Country/TREx/P530.jsonl
62410,New Zealand maintains diplomatic relations with [MASK] .,Australia,synth_Country/TREx/P530.jsonl
62984,Laos maintains diplomatic relations with [MASK] .,Australia,synth_Country/TREx/P530.jsonl
63477,Kosovo maintains diplomatic relations with [MASK] .,Australia,synth_Country/TREx/P530.jsonl
63525,Norway maintains diplomatic relations with [MASK] .,Germany,synth_Country/TREx/P530.jsonl
63984,Burkina Faso maintains diplomatic relations with [MASK] .,Germany,synth_Country/TREx/P530.jsonl
66129,Thailand maintains diplomatic relations with [MASK] .,Italy,synth_Country/TREx/P530.jsonl
66225,Bangladesh maintains diplomatic relations with [MASK] .,Germany,synth_Country/TREx/P530.jsonl
67286,Mauritius maintains diplomatic relations with [MASK] .,Australia,synth_Country/TREx/P530.jsonl
67352,Malaysia maintains diplomatic relations with [MASK] .,Canada,synth_Country/TREx/P530.jsonl
69195,Lebanon maintains diplomatic relations with [MASK] .,Brazil,synth_Country/TREx/P530.jsonl
70723,Samoa maintains diplomatic relations with [MASK] .,Australia,synth_Country/TREx/P530.jsonl
70816,Tonga maintains diplomatic relations with [MASK] .,Australia,synth_Country/TREx/P530.jsonl
71599,Turkey maintains diplomatic relations with [MASK] .,Russia,synth_Country/TREx/P530.jsonl
75970,Serbia maintains diplomatic relations with [MASK] .,Russia,synth_Country/TREx/P530.jsonl
79648,Madagascar maintains diplomatic relations with [MASK] .,Germany,synth_Country/TREx/P530.jsonl
79668,Guatemala maintains diplomatic relations with [MASK] .,Germany,synth_Country/TREx/P530.jsonl
86344,Costa Rica maintains diplomatic relations with [MASK] .,Australia,synth_Country/TREx/P530.jsonl
86433,Slovenia maintains diplomatic relations with [MASK] .,Israel,synth_Country/TREx/P530.jsonl
87675,Tunisia maintains diplomatic relations with [MASK] .,Germany,synth_Country/TREx/P530.jsonl
88753,African Union maintains diplomatic relations with [MASK] .,Brazil,synth_Country/TREx/P530.jsonl
88754,Indonesia maintains diplomatic relations with [MASK] .,Germany,synth_Country/TREx/P530.jsonl
88978,Japan maintains diplomatic relations with [MASK] .,Israel,synth_Country/TREx/P530.jsonl
89199,Luxembourg maintains diplomatic relations with [MASK] .,France,synth_Country/TREx/P530.jsonl
90037,Kuwait maintains diplomatic relations with [MASK] .,Australia,synth_Country/TREx/P530.jsonl
92039,Namibia maintains diplomatic relations with [MASK] .,Australia,synth_Country/TREx/P530.jsonl
98463,Mozambique maintains diplomatic relations with [MASK] .,Canada,synth_Country/TREx/P530.jsonl
98698,Argentina maintains diplomatic relations with [MASK] .,Italy,synth_Country/TREx/P530.jsonl
100408,Ghana maintains diplomatic relations with [MASK] .,Australia,synth_Country/TREx/P530.jsonl
102914,Switzerland maintains diplomatic relations with [MASK] .,Germany,synth_Country/TREx/P530.jsonl
107633,Croatia maintains diplomatic relations with [MASK] .,Italy,synth_Country/TREx/P530.jsonl
108937,Bhutan maintains diplomatic relations with [MASK] .,Germany,synth_Country/TREx/P530.jsonl
111981,Chile maintains diplomatic relations with [MASK] .,Germany,synth_Country/TREx/P530.jsonl
114718,Djibouti maintains diplomatic relations with [MASK] .,Australia,synth_Country/TREx/P530.jsonl
115395,Armenia maintains diplomatic relations with [MASK] .,Italy,synth_Country/TREx/P530.jsonl
115442,Belgium maintains diplomatic relations with [MASK] .,Luxembourg,synth_Country/TREx/P530.jsonl
116454,South Sudan maintains diplomatic relations with [MASK] .,Germany,synth_Country/TREx/P530.jsonl
119865,Chad maintains diplomatic relations with [MASK] .,Germany,synth_Country/TREx/P530.jsonl
126906,Rwanda maintains diplomatic relations with [MASK] .,Germany,synth_Country/TREx/P530.jsonl
127965,Morocco maintains diplomatic relations with [MASK] .,Germany,synth_Country/TREx/P530.jsonl
130516,Uruguay maintains diplomatic relations with [MASK] .,Australia,synth_Country/TREx/P530.jsonl
130716,Abkhazia maintains diplomatic relations with [MASK] .,Russia,synth_Country/TREx/P530.jsonl
139315,Somalia maintains diplomatic relations with [MASK] .,Italian,synth_Country/TREx/P530.jsonl
139987,Senegal maintains diplomatic relations with [MASK] .,Australia,synth_Country/TREx/P530.jsonl
141043,Lithuania maintains diplomatic relations with [MASK] .,Australia,synth_Country/TREx/P530.jsonl
145389,Gambia maintains diplomatic relations with [MASK] .,Germany,synth_Country/TREx/P530.jsonl
147865,Qatar maintains diplomatic relations with [MASK] .,Australia,synth_Country/TREx/P530.jsonl
147888,Nicaragua maintains diplomatic relations with [MASK] .,Germany,synth_Country/TREx/P530.jsonl
147892,Republic of the Congo maintains diplomatic relations with [MASK] .,Germany,synth_Country/TREx/P530.jsonl
154445,Suriname maintains diplomatic relations with [MASK] .,Germany,synth_Country/TREx/P530.jsonl
156838,Ivory Coast maintains diplomatic relations with [MASK] .,Germany,synth_Country/TREx/P530.jsonl
158591,Grenada maintains diplomatic relations with [MASK] .,Australia,synth_Country/TREx/P530.jsonl
158947,Oman maintains diplomatic relations with [MASK] .,Yemen,synth_Country/TREx/P530.jsonl
159708,Azerbaijan maintains diplomatic relations with [MASK] .,Japan,synth_Country/TREx/P530.jsonl
160648,Togo maintains diplomatic relations with [MASK] .,Germany,synth_Country/TREx/P530.jsonl
164261,Federated States of Micronesia maintains diplomatic relations with [MASK] .,Australia,synth_Country/TREx/P530.jsonl
169474,Belize maintains diplomatic relations with [MASK] .,Germany,synth_Country/TREx/P530.jsonl
170451,North Korea maintains diplomatic relations with [MASK] .,Germany,synth_Country/TREx/P530.jsonl
175682,Moldova maintains diplomatic relations with [MASK] .,Italy,synth_Country/TREx/P530.jsonl
175753,Mali maintains diplomatic relations with [MASK] .,Germany,synth_Country/TREx/P530.jsonl
176810,Kazakhstan maintains diplomatic relations with [MASK] .,Germany,synth_Country/TREx/P530.jsonl
181054,Cameroon maintains diplomatic relations with [MASK] .,Germany,synth_Country/TREx/P530.jsonl
188851,Sudan maintains diplomatic relations with [MASK] .,Germany,synth_Country/TREx/P530.jsonl
188919,Papua New Guinea maintains diplomatic relations with [MASK] .,Australia,synth_Country/TREx/P530.jsonl
189470,Monaco maintains diplomatic relations with [MASK] .,Italy,synth_Country/TREx/P530.jsonl
193361,Haiti maintains diplomatic relations with [MASK] .,Brazil,synth_Country/TREx/P530.jsonl
195292,El Salvador maintains diplomatic relations with [MASK] .,Australia,synth_Country/TREx/P530.jsonl
197958,San Marino maintains diplomatic relations with [MASK] .,Germany,synth_Country/TREx/P530.jsonl
200041,Dominican Republic maintains diplomatic relations with [MASK] .,Germany,synth_Country/TREx/P530.jsonl
203220,Palau maintains diplomatic relations with [MASK] .,Australia,synth_Country/TREx/P530.jsonl
204816,Nigeria maintains diplomatic relations with [MASK] .,Australia,synth_Country/TREx/P530.jsonl
205725,Bolivia maintains diplomatic relations with [MASK] .,Brazil,synth_Country/TREx/P530.jsonl
209668,Sri Lanka maintains diplomatic relations with [MASK] .,Australia,synth_Country/TREx/P530.jsonl
215076,Uzbekistan maintains diplomatic relations with [MASK] .,Germany,synth_Country/TREx/P530.jsonl
220780,Hungary maintains diplomatic relations with [MASK] .,Italy,synth_Country/TREx/P530.jsonl
224974,Burundi maintains diplomatic relations with [MASK] .,Germany,synth_Country/TREx/P530.jsonl
227655,Fiji maintains diplomatic relations with [MASK] .,Australia,synth_Country/TREx/P530.jsonl
230276,Malawi maintains diplomatic relations with [MASK] .,Australia,synth_Country/TREx/P530.jsonl
249222,French Polynesia maintains diplomatic relations with [MASK] .,Australia,synth_Country/TREx/P530.jsonl
255658,Nauru maintains diplomatic relations with [MASK] .,Australia,synth_Country/TREx/P530.jsonl
266747,Guinea-Bissau maintains diplomatic relations with [MASK] .,Germany,synth_Country/TREx/P530.jsonl
278755,Zimbabwe maintains diplomatic relations with [MASK] .,Australia,synth_Country/TREx/P530.jsonl
280944,Bahamas maintains diplomatic relations with [MASK] .,Australia,synth_Country/TREx/P530.jsonl
280981,Barbados maintains diplomatic relations with [MASK] .,Australia,synth_Country/TREx/P530.jsonl
282611,Gabon maintains diplomatic relations with [MASK] .,Germany,synth_Country/TREx/P530.jsonl
283260,Solomon Islands maintains diplomatic relations with [MASK] .,Australia,synth_Country/TREx/P530.jsonl
285446,Brunei maintains diplomatic relations with [MASK] .,Australia,synth_Country/TREx/P530.jsonl
