,sent,gold,filename
0,Fiat Multipla is produced by [MASK] .,Fiat,synth_Manufacturer/TREx/P176.jsonl
3,Cadillac Fleetwood is produced by [MASK] .,Cadillac,synth_Manufacturer/TREx/P176.jsonl
15,Nokia Lumia 800 is produced by [MASK] .,Nokia,synth_Manufacturer/TREx/P176.jsonl
20,Renault Vel Satis is produced by [MASK] .,Renault,synth_Manufacturer/TREx/P176.jsonl
25,IBM 407 is produced by [MASK] .,IBM,synth_Manufacturer/TREx/P176.jsonl
27,Chevrolet Malibu is produced by [MASK] .,Chevrolet,synth_Manufacturer/TREx/P176.jsonl
35,Honda Life is produced by [MASK] .,Honda,synth_Manufacturer/TREx/P176.jsonl
37,System Controller Hub is produced by [MASK] .,Intel,synth_Manufacturer/TREx/P176.jsonl
39,Chevrolet Cobalt is produced by [MASK] .,Chevrolet,synth_Manufacturer/TREx/P176.jsonl
43,Cadillac V-12 is produced by [MASK] .,Cadillac,synth_Manufacturer/TREx/P176.jsonl
46,Toyota Etios is produced by [MASK] .,Toyota,synth_Manufacturer/TREx/P176.jsonl
54,Cadillac de Ville series is produced by [MASK] .,Cadillac,synth_Manufacturer/TREx/P176.jsonl
59,IBM 402 is produced by [MASK] .,IBM,synth_Manufacturer/TREx/P176.jsonl
65,Nissan GT-R is produced by [MASK] .,Nissan,synth_Manufacturer/TREx/P176.jsonl
74,Nissan Stagea is produced by [MASK] .,Nissan,synth_Manufacturer/TREx/P176.jsonl
80,Enzo Ferrari is produced by [MASK] .,Ferrari,synth_Manufacturer/TREx/P176.jsonl
81,Chevrolet Lumina APV is produced by [MASK] .,Chevrolet,synth_Manufacturer/TREx/P176.jsonl
83,Fiat 126 is produced by [MASK] .,Fiat,synth_Manufacturer/TREx/P176.jsonl
108,Windows 2000 is produced by [MASK] .,Microsoft,synth_Manufacturer/TREx/P176.jsonl
134,Fiat Idea is produced by [MASK] .,Fiat,synth_Manufacturer/TREx/P176.jsonl
138,Fiat Ritmo is produced by [MASK] .,Fiat,synth_Manufacturer/TREx/P176.jsonl
151,Chrysler 200 is produced by [MASK] .,Chrysler,synth_Manufacturer/TREx/P176.jsonl
156,Sega Pico is produced by [MASK] .,Sega,synth_Manufacturer/TREx/P176.jsonl
165,Ferrari Daytona is produced by [MASK] .,Ferrari,synth_Manufacturer/TREx/P176.jsonl
168,Toyota Supra is produced by [MASK] .,Toyota,synth_Manufacturer/TREx/P176.jsonl
184,Porsche 910 is produced by [MASK] .,Porsche,synth_Manufacturer/TREx/P176.jsonl
187,Honda CB750 is produced by [MASK] .,Honda,synth_Manufacturer/TREx/P176.jsonl
199,Honda Concerto is produced by [MASK] .,Honda,synth_Manufacturer/TREx/P176.jsonl
202,IBM RAD6000 is produced by [MASK] .,IBM,synth_Manufacturer/TREx/P176.jsonl
209,Dodge Nitro is produced by [MASK] .,Dodge,synth_Manufacturer/TREx/P176.jsonl
211,Nissan MR engine is produced by [MASK] .,Nissan,synth_Manufacturer/TREx/P176.jsonl
212,Fiat Tipo is produced by [MASK] .,Fiat,synth_Manufacturer/TREx/P176.jsonl
221,Shahab-2 is produced by [MASK] .,Iran,synth_Manufacturer/TREx/P176.jsonl
222,Daihatsu Boon is produced by [MASK] .,Toyota,synth_Manufacturer/TREx/P176.jsonl
224,Nissan President is produced by [MASK] .,Nissan,synth_Manufacturer/TREx/P176.jsonl
238,Airbus A330 is produced by [MASK] .,Airbus,synth_Manufacturer/TREx/P176.jsonl
267,Chevrolet Monte Carlo is produced by [MASK] .,Chevrolet,synth_Manufacturer/TREx/P176.jsonl
271,BMW 5 Series Gran Turismo is produced by [MASK] .,BMW,synth_Manufacturer/TREx/P176.jsonl
284,Windows Server 2003 is produced by [MASK] .,Microsoft,synth_Manufacturer/TREx/P176.jsonl
298,Dodge Dakota is produced by [MASK] .,Dodge,synth_Manufacturer/TREx/P176.jsonl
302,Audi 80 is produced by [MASK] .,Audi,synth_Manufacturer/TREx/P176.jsonl
317,Ferrari 212 Inter is produced by [MASK] .,Ferrari,synth_Manufacturer/TREx/P176.jsonl
325,Nokia Lumia 900 is produced by [MASK] .,Nokia,synth_Manufacturer/TREx/P176.jsonl
327,Kindle Fire is produced by [MASK] .,Amazon,synth_Manufacturer/TREx/P176.jsonl
366,BMW N54 is produced by [MASK] .,BMW,synth_Manufacturer/TREx/P176.jsonl
368,British Rail Class 360 is produced by [MASK] .,Siemens,synth_Manufacturer/TREx/P176.jsonl
373,Lancia Dedra is produced by [MASK] .,Fiat,synth_Manufacturer/TREx/P176.jsonl
380,Toyota Previa is produced by [MASK] .,Toyota,synth_Manufacturer/TREx/P176.jsonl
386,Nasr-1 is produced by [MASK] .,Iran,synth_Manufacturer/TREx/P176.jsonl
389,Dino is produced by [MASK] .,Ferrari,synth_Manufacturer/TREx/P176.jsonl
392,BMW 7 F01 F02 is produced by [MASK] .,BMW,synth_Manufacturer/TREx/P176.jsonl
404,Dodge Charger is produced by [MASK] .,Dodge,synth_Manufacturer/TREx/P176.jsonl
416,Renault Safrane is produced by [MASK] .,Renault,synth_Manufacturer/TREx/P176.jsonl
423,Acura Legend is produced by [MASK] .,Honda,synth_Manufacturer/TREx/P176.jsonl
428,Wii Balance Board is produced by [MASK] .,Nintendo,synth_Manufacturer/TREx/P176.jsonl
429,Cadillac Series 61 is produced by [MASK] .,Cadillac,synth_Manufacturer/TREx/P176.jsonl
431,Fiat Cinquecento is produced by [MASK] .,Fiat,synth_Manufacturer/TREx/P176.jsonl
436,Toyota Stout is produced by [MASK] .,Toyota,synth_Manufacturer/TREx/P176.jsonl
438,Nokia 1100 is produced by [MASK] .,Nokia,synth_Manufacturer/TREx/P176.jsonl
452,Suzuki Jimny is produced by [MASK] .,Suzuki,synth_Manufacturer/TREx/P176.jsonl
462,Toyota Dyna is produced by [MASK] .,Toyota,synth_Manufacturer/TREx/P176.jsonl
463,Bentley Turbo R is produced by [MASK] .,Bentley,synth_Manufacturer/TREx/P176.jsonl
468,Chevrolet Aveo is produced by [MASK] .,Chevrolet,synth_Manufacturer/TREx/P176.jsonl
474,Nissan Xterra is produced by [MASK] .,Nissan,synth_Manufacturer/TREx/P176.jsonl
483,Honda FCX is produced by [MASK] .,Honda,synth_Manufacturer/TREx/P176.jsonl
499,Nintendo DS Lite is produced by [MASK] .,Nintendo,synth_Manufacturer/TREx/P176.jsonl
510,Renault 14 is produced by [MASK] .,Renault,synth_Manufacturer/TREx/P176.jsonl
515,Porsche Panamera is produced by [MASK] .,Porsche,synth_Manufacturer/TREx/P176.jsonl
518,Nokia Lumia 630 is produced by [MASK] .,Nokia,synth_Manufacturer/TREx/P176.jsonl
520,Dodge SRT-4 is produced by [MASK] .,Dodge,synth_Manufacturer/TREx/P176.jsonl
523,Amiibo is produced by [MASK] .,Nintendo,synth_Manufacturer/TREx/P176.jsonl
530,BMW M30 is produced by [MASK] .,BMW,synth_Manufacturer/TREx/P176.jsonl
533,Daihatsu Charmant is produced by [MASK] .,Toyota,synth_Manufacturer/TREx/P176.jsonl
535,Pontiac Firebird is produced by [MASK] .,Chevrolet,synth_Manufacturer/TREx/P176.jsonl
536,Toyota Tundra is produced by [MASK] .,Toyota,synth_Manufacturer/TREx/P176.jsonl
541,Dodge Dynasty is produced by [MASK] .,Dodge,synth_Manufacturer/TREx/P176.jsonl
544,PlayStation Eye is produced by [MASK] .,Sony,synth_Manufacturer/TREx/P176.jsonl
546,Daihatsu Sirion is produced by [MASK] .,Toyota,synth_Manufacturer/TREx/P176.jsonl
547,Honda Vamos is produced by [MASK] .,Honda,synth_Manufacturer/TREx/P176.jsonl
552,Nokia N810 is produced by [MASK] .,Nokia,synth_Manufacturer/TREx/P176.jsonl
560,Ferrari 250 GTO is produced by [MASK] .,Fiat,synth_Manufacturer/TREx/P176.jsonl
561,Jeep Commander is produced by [MASK] .,Jeep,synth_Manufacturer/TREx/P176.jsonl
564,Lancia 037 is produced by [MASK] .,Fiat,synth_Manufacturer/TREx/P176.jsonl
565,Porsche 911 is produced by [MASK] .,Porsche,synth_Manufacturer/TREx/P176.jsonl
582,Nokia X is produced by [MASK] .,Nokia,synth_Manufacturer/TREx/P176.jsonl
583,Nissan Be-1 is produced by [MASK] .,Nissan,synth_Manufacturer/TREx/P176.jsonl
592,Fiat Stilo is produced by [MASK] .,Fiat,synth_Manufacturer/TREx/P176.jsonl
605,IBM 1710 is produced by [MASK] .,IBM,synth_Manufacturer/TREx/P176.jsonl
608,Typekit is produced by [MASK] .,Adobe,synth_Manufacturer/TREx/P176.jsonl
610,Honda Civic is produced by [MASK] .,Honda,synth_Manufacturer/TREx/P176.jsonl
634,Nissan Armada is produced by [MASK] .,Nissan,synth_Manufacturer/TREx/P176.jsonl
636,BMW E65 is produced by [MASK] .,BMW,synth_Manufacturer/TREx/P176.jsonl
641,SteadyShot is produced by [MASK] .,Sony,synth_Manufacturer/TREx/P176.jsonl
647,Acura EL is produced by [MASK] .,Honda,synth_Manufacturer/TREx/P176.jsonl
649,Nokia 5800 XpressMusic is produced by [MASK] .,Nokia,synth_Manufacturer/TREx/P176.jsonl
653,Cadillac V-16 is produced by [MASK] .,Cadillac,synth_Manufacturer/TREx/P176.jsonl
659,Honda Brio is produced by [MASK] .,Honda,synth_Manufacturer/TREx/P176.jsonl
663,Toyota FJ Cruiser is produced by [MASK] .,Toyota,synth_Manufacturer/TREx/P176.jsonl
670,Honda Mobilio is produced by [MASK] .,Honda,synth_Manufacturer/TREx/P176.jsonl
682,Audi A8 is produced by [MASK] .,Audi,synth_Manufacturer/TREx/P176.jsonl
696,Toyota Platz is produced by [MASK] .,Toyota,synth_Manufacturer/TREx/P176.jsonl
701,Chevrolet Vega is produced by [MASK] .,Chevrolet,synth_Manufacturer/TREx/P176.jsonl
704,Nissan 300ZX is produced by [MASK] .,Nissan,synth_Manufacturer/TREx/P176.jsonl
712,Ferrari 195 Inter is produced by [MASK] .,Ferrari,synth_Manufacturer/TREx/P176.jsonl
715,Porsche 911 GT2 is produced by [MASK] .,Porsche,synth_Manufacturer/TREx/P176.jsonl
725,Sony NEX-5 is produced by [MASK] .,Sony,synth_Manufacturer/TREx/P176.jsonl
730,Cadillac Eldorado is produced by [MASK] .,Cadillac,synth_Manufacturer/TREx/P176.jsonl
739,Dardo IFV is produced by [MASK] .,Fiat,synth_Manufacturer/TREx/P176.jsonl
745,Rolls-Royce Phantom is produced by [MASK] .,BMW,synth_Manufacturer/TREx/P176.jsonl
746,Renault 12 is produced by [MASK] .,Renault,synth_Manufacturer/TREx/P176.jsonl
758,Toyota Tacoma is produced by [MASK] .,Toyota,synth_Manufacturer/TREx/P176.jsonl
766,Acura TL is produced by [MASK] .,Honda,synth_Manufacturer/TREx/P176.jsonl
771,Autobianchi A112 is produced by [MASK] .,Fiat,synth_Manufacturer/TREx/P176.jsonl
772,Nissan Bluebird is produced by [MASK] .,Nissan,synth_Manufacturer/TREx/P176.jsonl
779,Audi A1 is produced by [MASK] .,Audi,synth_Manufacturer/TREx/P176.jsonl
781,Dodge Stratus is produced by [MASK] .,Dodge,synth_Manufacturer/TREx/P176.jsonl
787,Toyota Origin is produced by [MASK] .,Toyota,synth_Manufacturer/TREx/P176.jsonl
790,Nokia N8 is produced by [MASK] .,Nokia,synth_Manufacturer/TREx/P176.jsonl
795,Volvo C30 is produced by [MASK] .,Volvo,synth_Manufacturer/TREx/P176.jsonl
802,Sony NEX-7 is produced by [MASK] .,Sony,synth_Manufacturer/TREx/P176.jsonl
804,Cadillac ELR is produced by [MASK] .,Cadillac,synth_Manufacturer/TREx/P176.jsonl
809,Ferrari F12 berlinetta is produced by [MASK] .,Ferrari,synth_Manufacturer/TREx/P176.jsonl
818,Nissan NPT-90 is produced by [MASK] .,Nissan,synth_Manufacturer/TREx/P176.jsonl
825,Ferrari 458 is produced by [MASK] .,Ferrari,synth_Manufacturer/TREx/P176.jsonl
830,Acura TSX is produced by [MASK] .,Honda,synth_Manufacturer/TREx/P176.jsonl
834,BMW Z1 is produced by [MASK] .,BMW,synth_Manufacturer/TREx/P176.jsonl
845,C-40 Clipper is produced by [MASK] .,Boeing,synth_Manufacturer/TREx/P176.jsonl
849,Nissan Wingroad is produced by [MASK] .,Nissan,synth_Manufacturer/TREx/P176.jsonl
852,Fiat Dino is produced by [MASK] .,Fiat,synth_Manufacturer/TREx/P176.jsonl
854,Ferrari F40 is produced by [MASK] .,Ferrari,synth_Manufacturer/TREx/P176.jsonl
856,Dodge Colt is produced by [MASK] .,Dodge,synth_Manufacturer/TREx/P176.jsonl
862,Acura RDX is produced by [MASK] .,Honda,synth_Manufacturer/TREx/P176.jsonl
871,Fiat 1100 is produced by [MASK] .,Fiat,synth_Manufacturer/TREx/P176.jsonl
883,BMW 4 Series is produced by [MASK] .,BMW,synth_Manufacturer/TREx/P176.jsonl
888,Honda NSX is produced by [MASK] .,Honda,synth_Manufacturer/TREx/P176.jsonl
896,BMW 3 Series is produced by [MASK] .,BMW,synth_Manufacturer/TREx/P176.jsonl
903,Honda NSR250 is produced by [MASK] .,Honda,synth_Manufacturer/TREx/P176.jsonl
905,Porsche 356 is produced by [MASK] .,Porsche,synth_Manufacturer/TREx/P176.jsonl
908,BMW E24 is produced by [MASK] .,BMW,synth_Manufacturer/TREx/P176.jsonl
909,Toyota RAV4 EV is produced by [MASK] .,Toyota,synth_Manufacturer/TREx/P176.jsonl
913,Ferrari 125 F1 is produced by [MASK] .,Ferrari,synth_Manufacturer/TREx/P176.jsonl
928,CineAlta is produced by [MASK] .,Sony,synth_Manufacturer/TREx/P176.jsonl
930,Honda Stream is produced by [MASK] .,Honda,synth_Manufacturer/TREx/P176.jsonl
933,Honda Wave series is produced by [MASK] .,Honda,synth_Manufacturer/TREx/P176.jsonl
950,Porsche 911 GT3 is produced by [MASK] .,Porsche,synth_Manufacturer/TREx/P176.jsonl
984,Toyota Highlander is produced by [MASK] .,Toyota,synth_Manufacturer/TREx/P176.jsonl
1000,Chevrolet Corvette C3 is produced by [MASK] .,Chevrolet,synth_Manufacturer/TREx/P176.jsonl
1002,Nissan Sentra is produced by [MASK] .,Nissan,synth_Manufacturer/TREx/P176.jsonl
1011,Renault Twingo is produced by [MASK] .,Renault,synth_Manufacturer/TREx/P176.jsonl
1026,Toyota Raum is produced by [MASK] .,Toyota,synth_Manufacturer/TREx/P176.jsonl
1027,Apple II series is produced by [MASK] .,Apple,synth_Manufacturer/TREx/P176.jsonl
1067,Honda VFR1200F is produced by [MASK] .,Honda,synth_Manufacturer/TREx/P176.jsonl
1070,Lexus SC is produced by [MASK] .,Toyota,synth_Manufacturer/TREx/P176.jsonl
1071,Dodge WC54 is produced by [MASK] .,Dodge,synth_Manufacturer/TREx/P176.jsonl
1072,Honda CX series is produced by [MASK] .,Honda,synth_Manufacturer/TREx/P176.jsonl
1074,BMW X5 is produced by [MASK] .,BMW,synth_Manufacturer/TREx/P176.jsonl
1095,Audi R8R is produced by [MASK] .,Audi,synth_Manufacturer/TREx/P176.jsonl
1098,Triumph TR2 is produced by [MASK] .,Triumph,synth_Manufacturer/TREx/P176.jsonl
1099,IBM 5100 is produced by [MASK] .,IBM,synth_Manufacturer/TREx/P176.jsonl
1102,Toyota Belta is produced by [MASK] .,Toyota,synth_Manufacturer/TREx/P176.jsonl
1117,Game Boy Advance SP is produced by [MASK] .,Nintendo,synth_Manufacturer/TREx/P176.jsonl
1118,Renault 4 is produced by [MASK] .,Renault,synth_Manufacturer/TREx/P176.jsonl
1129,Renault 25 is produced by [MASK] .,Renault,synth_Manufacturer/TREx/P176.jsonl
1132,Fiat 500X is produced by [MASK] .,Fiat,synth_Manufacturer/TREx/P176.jsonl
1136,Chevrolet Captiva is produced by [MASK] .,Chevrolet,synth_Manufacturer/TREx/P176.jsonl
1138,Chrysler 3.3 & 3.8 engine is produced by [MASK] .,Chrysler,synth_Manufacturer/TREx/P176.jsonl
1139,Toyota Crown is produced by [MASK] .,Toyota,synth_Manufacturer/TREx/P176.jsonl
1151,Jeep Cherokee (XJ) is produced by [MASK] .,Jeep,synth_Manufacturer/TREx/P176.jsonl
1155,Sony Alpha 77 is produced by [MASK] .,Sony,synth_Manufacturer/TREx/P176.jsonl
1164,M6 Gun Motor Carriage is produced by [MASK] .,Dodge,synth_Manufacturer/TREx/P176.jsonl
1169,Nissan Cedric is produced by [MASK] .,Nissan,synth_Manufacturer/TREx/P176.jsonl
1182,BMW M5 is produced by [MASK] .,BMW,synth_Manufacturer/TREx/P176.jsonl
1190,Fiat Barchetta is produced by [MASK] .,Fiat,synth_Manufacturer/TREx/P176.jsonl
1193,IBM 9370 is produced by [MASK] .,IBM,synth_Manufacturer/TREx/P176.jsonl
1216,Daihatsu Compagno is produced by [MASK] .,Toyota,synth_Manufacturer/TREx/P176.jsonl
1223,C-119 Flying Boxcar is produced by [MASK] .,Fairchild,synth_Manufacturer/TREx/P176.jsonl
1225,Toyota Paseo is produced by [MASK] .,Toyota,synth_Manufacturer/TREx/P176.jsonl
1226,DeltaWing is produced by [MASK] .,Nissan,synth_Manufacturer/TREx/P176.jsonl
1229,Hepcidin antimicrobial peptide is produced by [MASK] .,liver,synth_Manufacturer/TREx/P176.jsonl
1233,Toyota Auris is produced by [MASK] .,Toyota,synth_Manufacturer/TREx/P176.jsonl
1239,BMW E9 is produced by [MASK] .,BMW,synth_Manufacturer/TREx/P176.jsonl
1245,BMW M70 is produced by [MASK] .,BMW,synth_Manufacturer/TREx/P176.jsonl
1248,LGA 775 is produced by [MASK] .,Intel,synth_Manufacturer/TREx/P176.jsonl
1259,Dodge Dart is produced by [MASK] .,Dodge,synth_Manufacturer/TREx/P176.jsonl
1270,Boeing 777 is produced by [MASK] .,Boeing,synth_Manufacturer/TREx/P176.jsonl
1276,Dodge Caravan is produced by [MASK] .,Dodge,synth_Manufacturer/TREx/P176.jsonl
1279,Honda RA272 is produced by [MASK] .,Honda,synth_Manufacturer/TREx/P176.jsonl
1331,Dodge Rampage is produced by [MASK] .,Dodge,synth_Manufacturer/TREx/P176.jsonl
1334,Nissan Elgrand is produced by [MASK] .,Nissan,synth_Manufacturer/TREx/P176.jsonl
1341,Honda Express is produced by [MASK] .,Honda,synth_Manufacturer/TREx/P176.jsonl
1347,Windows 7 is produced by [MASK] .,Microsoft,synth_Manufacturer/TREx/P176.jsonl
1390,Volvo S40 is produced by [MASK] .,Volvo,synth_Manufacturer/TREx/P176.jsonl
1395,Lancia Thema is produced by [MASK] .,Fiat,synth_Manufacturer/TREx/P176.jsonl
1396,Game Boy Micro is produced by [MASK] .,Nintendo,synth_Manufacturer/TREx/P176.jsonl
1397,Nintendo 3DS is produced by [MASK] .,Nintendo,synth_Manufacturer/TREx/P176.jsonl
1489,Suzuki GT750 is produced by [MASK] .,Suzuki,synth_Manufacturer/TREx/P176.jsonl
1494,Honda Accord is produced by [MASK] .,Honda,synth_Manufacturer/TREx/P176.jsonl
1512,Chevrolet Biscayne is produced by [MASK] .,Chevrolet,synth_Manufacturer/TREx/P176.jsonl
1515,BMW i8 is produced by [MASK] .,BMW,synth_Manufacturer/TREx/P176.jsonl
1522,Porsche 996 is produced by [MASK] .,Porsche,synth_Manufacturer/TREx/P176.jsonl
1524,Bentley Arnage is produced by [MASK] .,Bentley,synth_Manufacturer/TREx/P176.jsonl
1529,Fully Integrated Robotised Engine is produced by [MASK] .,Fiat,synth_Manufacturer/TREx/P176.jsonl
1539,Nokia Lumia 925 is produced by [MASK] .,Nokia,synth_Manufacturer/TREx/P176.jsonl
1542,Ferrari Monza is produced by [MASK] .,Ferrari,synth_Manufacturer/TREx/P176.jsonl
1546,Toyota Publica is produced by [MASK] .,Toyota,synth_Manufacturer/TREx/P176.jsonl
1550,Suzuki GSV-R is produced by [MASK] .,Suzuki,synth_Manufacturer/TREx/P176.jsonl
1560,Nissan Murano is produced by [MASK] .,Nissan,synth_Manufacturer/TREx/P176.jsonl
1566,BMW X1 is produced by [MASK] .,BMW,synth_Manufacturer/TREx/P176.jsonl
1578,BMW 328 is produced by [MASK] .,BMW,synth_Manufacturer/TREx/P176.jsonl
1585,Suzuki Kizashi is produced by [MASK] .,Suzuki,synth_Manufacturer/TREx/P176.jsonl
1590,Renault 19 is produced by [MASK] .,Renault,synth_Manufacturer/TREx/P176.jsonl
1597,Toyota Alphard is produced by [MASK] .,Toyota,synth_Manufacturer/TREx/P176.jsonl
1602,Chevrolet Aveo T200 is produced by [MASK] .,Chevrolet,synth_Manufacturer/TREx/P176.jsonl
1603,Nissan Sunny is produced by [MASK] .,Nissan,synth_Manufacturer/TREx/P176.jsonl
1619,Alfa Romeo SZ is produced by [MASK] .,Fiat,synth_Manufacturer/TREx/P176.jsonl
1621,Audi Q5 is produced by [MASK] .,Audi,synth_Manufacturer/TREx/P176.jsonl
1625,BMW 303 is produced by [MASK] .,BMW,synth_Manufacturer/TREx/P176.jsonl
1633,Ferrari 166 S is produced by [MASK] .,Ferrari,synth_Manufacturer/TREx/P176.jsonl
1643,Honda Fireblade is produced by [MASK] .,Honda,synth_Manufacturer/TREx/P176.jsonl
1651,Nissan Quest is produced by [MASK] .,Nissan,synth_Manufacturer/TREx/P176.jsonl
1654,Lancia Lybra is produced by [MASK] .,Fiat,synth_Manufacturer/TREx/P176.jsonl
1656,Ferrari FF is produced by [MASK] .,Ferrari,synth_Manufacturer/TREx/P176.jsonl
1666,Honda NR500 is produced by [MASK] .,Honda,synth_Manufacturer/TREx/P176.jsonl
1675,Hwasong-5 is produced by [MASK] .,Iran,synth_Manufacturer/TREx/P176.jsonl
1679,Audi e-tron is produced by [MASK] .,Audi,synth_Manufacturer/TREx/P176.jsonl
1681,Volvo 140 Series is produced by [MASK] .,Volvo,synth_Manufacturer/TREx/P176.jsonl
1692,Renault Dauphine is produced by [MASK] .,Renault,synth_Manufacturer/TREx/P176.jsonl
1706,Samsung NX-mount is produced by [MASK] .,Samsung,synth_Manufacturer/TREx/P176.jsonl
1708,IBM 3790 is produced by [MASK] .,IBM,synth_Manufacturer/TREx/P176.jsonl
1712,Eagle Premier is produced by [MASK] .,Renault,synth_Manufacturer/TREx/P176.jsonl
1716,Fiat 124 Sport Spider is produced by [MASK] .,Fiat,synth_Manufacturer/TREx/P176.jsonl
1717,Honda Domani is produced by [MASK] .,Honda,synth_Manufacturer/TREx/P176.jsonl
1752,Vickers Viking is produced by [MASK] .,Vickers,synth_Manufacturer/TREx/P176.jsonl
1755,Chevrolet Equinox is produced by [MASK] .,Chevrolet,synth_Manufacturer/TREx/P176.jsonl
1757,Dodge Intrepid is produced by [MASK] .,Dodge,synth_Manufacturer/TREx/P176.jsonl
1763,Toyota RAV4 is produced by [MASK] .,Toyota,synth_Manufacturer/TREx/P176.jsonl
1781,Nissan Qashqai is produced by [MASK] .,Nissan,synth_Manufacturer/TREx/P176.jsonl
1788,Honda VFR800 is produced by [MASK] .,Honda,synth_Manufacturer/TREx/P176.jsonl
1790,Bentley Continental GT is produced by [MASK] .,Bentley,synth_Manufacturer/TREx/P176.jsonl
1795,Nissan Pivo is produced by [MASK] .,Nissan,synth_Manufacturer/TREx/P176.jsonl
1797,Suzuki RGV500 is produced by [MASK] .,Suzuki,synth_Manufacturer/TREx/P176.jsonl
1800,IBM AP-101 is produced by [MASK] .,IBM,synth_Manufacturer/TREx/P176.jsonl
1801,Toyota Crown Majesta is produced by [MASK] .,Toyota,synth_Manufacturer/TREx/P176.jsonl
1815,iPhone is produced by [MASK] .,Apple,synth_Manufacturer/TREx/P176.jsonl
1954,iPhone 5 is produced by [MASK] .,Apple,synth_Manufacturer/TREx/P176.jsonl
1968,Fiat Linea is produced by [MASK] .,Fiat,synth_Manufacturer/TREx/P176.jsonl
1982,Microsoft Band is produced by [MASK] .,Microsoft,synth_Manufacturer/TREx/P176.jsonl
1984,Chevrolet Chevelle is produced by [MASK] .,Chevrolet,synth_Manufacturer/TREx/P176.jsonl
1989,McLaren MP4-20 is produced by [MASK] .,McLaren,synth_Manufacturer/TREx/P176.jsonl
1992,Chevrolet Citation is produced by [MASK] .,Chevrolet,synth_Manufacturer/TREx/P176.jsonl
1994,Plymouth Prowler is produced by [MASK] .,Chrysler,synth_Manufacturer/TREx/P176.jsonl
1995,Honda XR series is produced by [MASK] .,Honda,synth_Manufacturer/TREx/P176.jsonl
1999,Cadillac CTS-V is produced by [MASK] .,Cadillac,synth_Manufacturer/TREx/P176.jsonl
2001,Porsche 944 is produced by [MASK] .,Porsche,synth_Manufacturer/TREx/P176.jsonl
2005,Intel 8008 is produced by [MASK] .,Intel,synth_Manufacturer/TREx/P176.jsonl
2008,Nintendo e-Reader is produced by [MASK] .,Nintendo,synth_Manufacturer/TREx/P176.jsonl
2009,Audi RS 4 is produced by [MASK] .,Audi,synth_Manufacturer/TREx/P176.jsonl
2012,Renault 4CV is produced by [MASK] .,Renault,synth_Manufacturer/TREx/P176.jsonl
2023,Cyber-shot is produced by [MASK] .,Sony,synth_Manufacturer/TREx/P176.jsonl
2033,Sony camcorders is produced by [MASK] .,Sony,synth_Manufacturer/TREx/P176.jsonl
2037,BMW 003 is produced by [MASK] .,BMW,synth_Manufacturer/TREx/P176.jsonl
2045,Nokia E72 is produced by [MASK] .,Nokia,synth_Manufacturer/TREx/P176.jsonl
2051,Toyota Comfort is produced by [MASK] .,Toyota,synth_Manufacturer/TREx/P176.jsonl
2052,Suzuki Ertiga is produced by [MASK] .,Suzuki,synth_Manufacturer/TREx/P176.jsonl
2055,Renault Symbol is produced by [MASK] .,Renault,synth_Manufacturer/TREx/P176.jsonl
2060,Acura ILX is produced by [MASK] .,Honda,synth_Manufacturer/TREx/P176.jsonl
2062,Windows Phone 8 is produced by [MASK] .,Microsoft,synth_Manufacturer/TREx/P176.jsonl
2078,Geo Metro is produced by [MASK] .,Suzuki,synth_Manufacturer/TREx/P176.jsonl
2083,Nokia E71 is produced by [MASK] .,Nokia,synth_Manufacturer/TREx/P176.jsonl
2085,DualShock is produced by [MASK] .,Sony,synth_Manufacturer/TREx/P176.jsonl
2105,Google Authenticator is produced by [MASK] .,Google,synth_Manufacturer/TREx/P176.jsonl
2108,Fiat Croma is produced by [MASK] .,Fiat,synth_Manufacturer/TREx/P176.jsonl
2109,Audi A5 is produced by [MASK] .,Audi,synth_Manufacturer/TREx/P176.jsonl
2118,Porsche 930 is produced by [MASK] .,Porsche,synth_Manufacturer/TREx/P176.jsonl
2123,Toyota Matrix is produced by [MASK] .,Toyota,synth_Manufacturer/TREx/P176.jsonl
2124,Sony Alpha 99 is produced by [MASK] .,Sony,synth_Manufacturer/TREx/P176.jsonl
2126,Daihatsu Terios is produced by [MASK] .,Toyota,synth_Manufacturer/TREx/P176.jsonl
2129,Toyota Land Cruiser is produced by [MASK] .,Toyota,synth_Manufacturer/TREx/P176.jsonl
2164,Packard Eight is produced by [MASK] .,Packard,synth_Manufacturer/TREx/P176.jsonl
2166,Toyota Camry Solara is produced by [MASK] .,Toyota,synth_Manufacturer/TREx/P176.jsonl
2171,Datsun Sports is produced by [MASK] .,Nissan,synth_Manufacturer/TREx/P176.jsonl
2173,Toyota Camry is produced by [MASK] .,Toyota,synth_Manufacturer/TREx/P176.jsonl
2217,BMW Z3 is produced by [MASK] .,BMW,synth_Manufacturer/TREx/P176.jsonl
2227,Airbus A380 is produced by [MASK] .,Airbus,synth_Manufacturer/TREx/P176.jsonl
2242,Nokia N900 is produced by [MASK] .,Nokia,synth_Manufacturer/TREx/P176.jsonl
2250,Acura RL is produced by [MASK] .,Honda,synth_Manufacturer/TREx/P176.jsonl
2254,Dodge Spirit is produced by [MASK] .,Dodge,synth_Manufacturer/TREx/P176.jsonl
2256,Honda Civic (fifth generation) is produced by [MASK] .,Honda,synth_Manufacturer/TREx/P176.jsonl
2264,Sony Mavica is produced by [MASK] .,Sony,synth_Manufacturer/TREx/P176.jsonl
2270,PGM-17 Thor is produced by [MASK] .,Douglas,synth_Manufacturer/TREx/P176.jsonl
2272,Fiat 850 is produced by [MASK] .,Fiat,synth_Manufacturer/TREx/P176.jsonl
2282,Alpine A108 is produced by [MASK] .,Renault,synth_Manufacturer/TREx/P176.jsonl
2307,Honda Super Cub is produced by [MASK] .,Honda,synth_Manufacturer/TREx/P176.jsonl
2316,Honda FCX Clarity is produced by [MASK] .,Honda,synth_Manufacturer/TREx/P176.jsonl
2322,Fiat Panda is produced by [MASK] .,Fiat,synth_Manufacturer/TREx/P176.jsonl
2325,Jeep Grand Cherokee is produced by [MASK] .,Chrysler,synth_Manufacturer/TREx/P176.jsonl
2330,Cadillac Brougham is produced by [MASK] .,Cadillac,synth_Manufacturer/TREx/P176.jsonl
2336,Porsche 959 is produced by [MASK] .,Porsche,synth_Manufacturer/TREx/P176.jsonl
2339,Dodge Charger Daytona is produced by [MASK] .,Dodge,synth_Manufacturer/TREx/P176.jsonl
2344,Honda CB400T is produced by [MASK] .,Honda,synth_Manufacturer/TREx/P176.jsonl
2347,iPhone 4s is produced by [MASK] .,Apple,synth_Manufacturer/TREx/P176.jsonl
2359,Chevrolet Chevelle Laguna is produced by [MASK] .,Chevrolet,synth_Manufacturer/TREx/P176.jsonl
2362,Renault Avantime is produced by [MASK] .,Renault,synth_Manufacturer/TREx/P176.jsonl
2369,BMW 503 is produced by [MASK] .,BMW,synth_Manufacturer/TREx/P176.jsonl
2372,Volvo S80 is produced by [MASK] .,Volvo,synth_Manufacturer/TREx/P176.jsonl
2379,Nintendo DS is produced by [MASK] .,Nintendo,synth_Manufacturer/TREx/P176.jsonl
2500,BMW M6 is produced by [MASK] .,BMW,synth_Manufacturer/TREx/P176.jsonl
2506,Fiat Regata is produced by [MASK] .,Fiat,synth_Manufacturer/TREx/P176.jsonl
2509,Audi Q7 is produced by [MASK] .,Audi,synth_Manufacturer/TREx/P176.jsonl
2513,iISO flash shoe is produced by [MASK] .,Sony,synth_Manufacturer/TREx/P176.jsonl
2519,Nissan Caravan is produced by [MASK] .,Nissan,synth_Manufacturer/TREx/P176.jsonl
2538,B-17 Flying Fortress is produced by [MASK] .,Boeing,synth_Manufacturer/TREx/P176.jsonl
2607,Sony SLT camera is produced by [MASK] .,Sony,synth_Manufacturer/TREx/P176.jsonl
2624,Toyota Allion is produced by [MASK] .,Toyota,synth_Manufacturer/TREx/P176.jsonl
2627,Cadillac Northstar LMP is produced by [MASK] .,Cadillac,synth_Manufacturer/TREx/P176.jsonl
2633,Audi TT is produced by [MASK] .,Audi,synth_Manufacturer/TREx/P176.jsonl
2640,Honda CB450 is produced by [MASK] .,Honda,synth_Manufacturer/TREx/P176.jsonl
2645,Honda Civic Hybrid is produced by [MASK] .,Honda,synth_Manufacturer/TREx/P176.jsonl
2649,Nissan Skyline GT-R is produced by [MASK] .,Nissan,synth_Manufacturer/TREx/P176.jsonl
2660,Honda Logo is produced by [MASK] .,Honda,synth_Manufacturer/TREx/P176.jsonl
2686,Porsche 997 is produced by [MASK] .,Porsche,synth_Manufacturer/TREx/P176.jsonl
2690,Fiat Bravo is produced by [MASK] .,Fiat,synth_Manufacturer/TREx/P176.jsonl
2693,Toyota MR2 is produced by [MASK] .,Toyota,synth_Manufacturer/TREx/P176.jsonl
2698,Mitsubishi F1M is produced by [MASK] .,Mitsubishi,synth_Manufacturer/TREx/P176.jsonl
2721,Sega Mega-CD is produced by [MASK] .,Sega,synth_Manufacturer/TREx/P176.jsonl
2761,Toyota Cressida is produced by [MASK] .,Toyota,synth_Manufacturer/TREx/P176.jsonl
2776,iPod Classic is produced by [MASK] .,Apple,synth_Manufacturer/TREx/P176.jsonl
2793,Honda Passport is produced by [MASK] .,Honda,synth_Manufacturer/TREx/P176.jsonl
2797,Scion xD is produced by [MASK] .,Toyota,synth_Manufacturer/TREx/P176.jsonl
2800,Triumph GT6 is produced by [MASK] .,Triumph,synth_Manufacturer/TREx/P176.jsonl
2804,SEAT 133 is produced by [MASK] .,Fiat,synth_Manufacturer/TREx/P176.jsonl
2805,Honda CR-X is produced by [MASK] .,Honda,synth_Manufacturer/TREx/P176.jsonl
2820,Honda N360 is produced by [MASK] .,Honda,synth_Manufacturer/TREx/P176.jsonl
2826,Nissan Prairie is produced by [MASK] .,Nissan,synth_Manufacturer/TREx/P176.jsonl
2828,Porsche 550 is produced by [MASK] .,Porsche,synth_Manufacturer/TREx/P176.jsonl
2829,Sony E-mount is produced by [MASK] .,Sony,synth_Manufacturer/TREx/P176.jsonl
2844,Zelzal-2 is produced by [MASK] .,Iran,synth_Manufacturer/TREx/P176.jsonl
2846,Nissan Leaf is produced by [MASK] .,Nissan,synth_Manufacturer/TREx/P176.jsonl
2852,Ferrari 125 S is produced by [MASK] .,Ferrari,synth_Manufacturer/TREx/P176.jsonl
2860,Toyota Hilux is produced by [MASK] .,Toyota,synth_Manufacturer/TREx/P176.jsonl
2880,Toyota Verossa is produced by [MASK] .,Toyota,synth_Manufacturer/TREx/P176.jsonl
2892,Toyota AE86 is produced by [MASK] .,Toyota,synth_Manufacturer/TREx/P176.jsonl
2912,Family Computer Disk System is produced by [MASK] .,Nintendo,synth_Manufacturer/TREx/P176.jsonl
2913,Jeep Compass is produced by [MASK] .,Jeep,synth_Manufacturer/TREx/P176.jsonl
2914,BMW Z4 E85 is produced by [MASK] .,BMW,synth_Manufacturer/TREx/P176.jsonl
2918,BMW 3 Series (E46) is produced by [MASK] .,BMW,synth_Manufacturer/TREx/P176.jsonl
2920,BMW 5 Series is produced by [MASK] .,BMW,synth_Manufacturer/TREx/P176.jsonl
2921,Renault 16 is produced by [MASK] .,Renault,synth_Manufacturer/TREx/P176.jsonl
2927,Chevrolet Corsica is produced by [MASK] .,Chevrolet,synth_Manufacturer/TREx/P176.jsonl
2932,Xbox is produced by [MASK] .,Microsoft,synth_Manufacturer/TREx/P176.jsonl
2934,Renault Modus is produced by [MASK] .,Renault,synth_Manufacturer/TREx/P176.jsonl
2942,Ferrari Mondial is produced by [MASK] .,Ferrari,synth_Manufacturer/TREx/P176.jsonl
2949,BMW E32 is produced by [MASK] .,BMW,synth_Manufacturer/TREx/P176.jsonl
2953,Triumph TR7 is produced by [MASK] .,Triumph,synth_Manufacturer/TREx/P176.jsonl
2961,RC-135 is produced by [MASK] .,Boeing,synth_Manufacturer/TREx/P176.jsonl
2966,Toyota Corolla is produced by [MASK] .,Toyota,synth_Manufacturer/TREx/P176.jsonl
3059,Exmor is produced by [MASK] .,Sony,synth_Manufacturer/TREx/P176.jsonl
3076,Toyota ist is produced by [MASK] .,Toyota,synth_Manufacturer/TREx/P176.jsonl
3078,Nokia Lumia 1020 is produced by [MASK] .,Nokia,synth_Manufacturer/TREx/P176.jsonl
3086,iPhone 3GS is produced by [MASK] .,Apple,synth_Manufacturer/TREx/P176.jsonl
3093,Audi R10 TDI is produced by [MASK] .,Audi,synth_Manufacturer/TREx/P176.jsonl
3109,BMW New Class is produced by [MASK] .,BMW,synth_Manufacturer/TREx/P176.jsonl
3111,Honda Legend is produced by [MASK] .,Honda,synth_Manufacturer/TREx/P176.jsonl
3122,Suzuki Ignis is produced by [MASK] .,Suzuki,synth_Manufacturer/TREx/P176.jsonl
3138,Nissan Avenir is produced by [MASK] .,Nissan,synth_Manufacturer/TREx/P176.jsonl
3142,Nokia N73 is produced by [MASK] .,Nokia,synth_Manufacturer/TREx/P176.jsonl
3144,Cadillac Fleetwood Brougham is produced by [MASK] .,Cadillac,synth_Manufacturer/TREx/P176.jsonl
3150,Autobianchi Y10 is produced by [MASK] .,Fiat,synth_Manufacturer/TREx/P176.jsonl
3151,Dodge Diplomat is produced by [MASK] .,Dodge,synth_Manufacturer/TREx/P176.jsonl
3153,Ferrari FXX is produced by [MASK] .,Ferrari,synth_Manufacturer/TREx/P176.jsonl
3158,Fiat Marea is produced by [MASK] .,Fiat,synth_Manufacturer/TREx/P176.jsonl
3164,Honda CBR600RR is produced by [MASK] .,Honda,synth_Manufacturer/TREx/P176.jsonl
3170,Scion tC is produced by [MASK] .,Toyota,synth_Manufacturer/TREx/P176.jsonl
3174,BMW E87 is produced by [MASK] .,BMW,synth_Manufacturer/TREx/P176.jsonl
3175,Chevrolet HHR is produced by [MASK] .,Chevrolet,synth_Manufacturer/TREx/P176.jsonl
3177,Nissan Cube is produced by [MASK] .,Nissan,synth_Manufacturer/TREx/P176.jsonl
3180,Audi V8 is produced by [MASK] .,Audi,synth_Manufacturer/TREx/P176.jsonl
3183,iPod is produced by [MASK] .,Apple,synth_Manufacturer/TREx/P176.jsonl
3271,Chevrolet Corvette C5-R is produced by [MASK] .,Chevrolet,synth_Manufacturer/TREx/P176.jsonl
3275,Dodge Super Bee is produced by [MASK] .,Dodge,synth_Manufacturer/TREx/P176.jsonl
3278,Audi RS 2 Avant is produced by [MASK] .,Audi,synth_Manufacturer/TREx/P176.jsonl
3284,Toyota FT-HS is produced by [MASK] .,Toyota,synth_Manufacturer/TREx/P176.jsonl
3288,Ferrari 333 SP is produced by [MASK] .,Ferrari,synth_Manufacturer/TREx/P176.jsonl
3299,Acura ZDX is produced by [MASK] .,Honda,synth_Manufacturer/TREx/P176.jsonl
3303,Yamaha TZR250 is produced by [MASK] .,Yamaha,synth_Manufacturer/TREx/P176.jsonl
3306,Bentley Mark VI is produced by [MASK] .,Bentley,synth_Manufacturer/TREx/P176.jsonl
3316,Dodge Lancer is produced by [MASK] .,Dodge,synth_Manufacturer/TREx/P176.jsonl
3319,Nokia C7-00 is produced by [MASK] .,Nokia,synth_Manufacturer/TREx/P176.jsonl
3323,BMW M52 is produced by [MASK] .,BMW,synth_Manufacturer/TREx/P176.jsonl
3325,Windows Phone 7 is produced by [MASK] .,Microsoft,synth_Manufacturer/TREx/P176.jsonl
3340,Chevrolet Van is produced by [MASK] .,Chevrolet,synth_Manufacturer/TREx/P176.jsonl
3342,AGM-69 SRAM is produced by [MASK] .,Boeing,synth_Manufacturer/TREx/P176.jsonl
3345,Honda S600 is produced by [MASK] .,Honda,synth_Manufacturer/TREx/P176.jsonl
3348,Renault 21 is produced by [MASK] .,Renault,synth_Manufacturer/TREx/P176.jsonl
3357,Super Game Boy is produced by [MASK] .,Nintendo,synth_Manufacturer/TREx/P176.jsonl
3359,BMW X3 is produced by [MASK] .,BMW,synth_Manufacturer/TREx/P176.jsonl
3402,Dodge Monaco is produced by [MASK] .,Dodge,synth_Manufacturer/TREx/P176.jsonl
3407,Auto Avio Costruzioni 815 is produced by [MASK] .,Ferrari,synth_Manufacturer/TREx/P176.jsonl
3412,Alfa Romeo 164 is produced by [MASK] .,Fiat,synth_Manufacturer/TREx/P176.jsonl
3413,Nissan 180SX is produced by [MASK] .,Nissan,synth_Manufacturer/TREx/P176.jsonl
3419,Triumph TR4 is produced by [MASK] .,Triumph,synth_Manufacturer/TREx/P176.jsonl
3422,Nissan R390 GT1 is produced by [MASK] .,Nissan,synth_Manufacturer/TREx/P176.jsonl
3423,B-29 Superfortress is produced by [MASK] .,Boeing,synth_Manufacturer/TREx/P176.jsonl
3463,Lancia Ypsilon is produced by [MASK] .,Fiat,synth_Manufacturer/TREx/P176.jsonl
3464,Platform Controller Hub is produced by [MASK] .,Intel,synth_Manufacturer/TREx/P176.jsonl
3489,IBM 7030 Stretch is produced by [MASK] .,IBM,synth_Manufacturer/TREx/P176.jsonl
3493,Audi S5 is produced by [MASK] .,Audi,synth_Manufacturer/TREx/P176.jsonl
3495,MacBook Air is produced by [MASK] .,Apple,synth_Manufacturer/TREx/P176.jsonl
3514,Alfa Romeo 75 is produced by [MASK] .,Fiat,synth_Manufacturer/TREx/P176.jsonl
3532,iPod shuffle is produced by [MASK] .,Apple,synth_Manufacturer/TREx/P176.jsonl
3536,Audi R18 is produced by [MASK] .,Audi,synth_Manufacturer/TREx/P176.jsonl
3552,Chevrolet Orlando is produced by [MASK] .,Chevrolet,synth_Manufacturer/TREx/P176.jsonl
3555,Toyota bB is produced by [MASK] .,Toyota,synth_Manufacturer/TREx/P176.jsonl
3562,Ferrari 375 F1 is produced by [MASK] .,Ferrari,synth_Manufacturer/TREx/P176.jsonl
3564,Alfa Romeo Alfasud is produced by [MASK] .,Fiat,synth_Manufacturer/TREx/P176.jsonl
3565,Yamaha YZF-R1 is produced by [MASK] .,Yamaha,synth_Manufacturer/TREx/P176.jsonl
3573,Ferrari 312PB is produced by [MASK] .,Ferrari,synth_Manufacturer/TREx/P176.jsonl
3574,Chevrolet Brookwood is produced by [MASK] .,Chevrolet,synth_Manufacturer/TREx/P176.jsonl
3576,Dodge Power Wagon is produced by [MASK] .,Dodge,synth_Manufacturer/TREx/P176.jsonl
3578,Triumph TR8 is produced by [MASK] .,Triumph,synth_Manufacturer/TREx/P176.jsonl
3581,Renault Koleos is produced by [MASK] .,Renault,synth_Manufacturer/TREx/P176.jsonl
3584,Audi 100 is produced by [MASK] .,Audi,synth_Manufacturer/TREx/P176.jsonl
3590,Fiat Duna is produced by [MASK] .,Fiat,synth_Manufacturer/TREx/P176.jsonl
3594,Audi S4 is produced by [MASK] .,Audi,synth_Manufacturer/TREx/P176.jsonl
3606,Chromebook Pixel is produced by [MASK] .,Google,synth_Manufacturer/TREx/P176.jsonl
3608,Chrysler 300C is produced by [MASK] .,Chrysler,synth_Manufacturer/TREx/P176.jsonl
3609,AGM-86 ALCM is produced by [MASK] .,Boeing,synth_Manufacturer/TREx/P176.jsonl
3614,Alfa Romeo Brera is produced by [MASK] .,Fiat,synth_Manufacturer/TREx/P176.jsonl
3615,Volvo Duett is produced by [MASK] .,Volvo,synth_Manufacturer/TREx/P176.jsonl
3616,Sega 32X is produced by [MASK] .,Sega,synth_Manufacturer/TREx/P176.jsonl
3626,BMW i3 is produced by [MASK] .,BMW,synth_Manufacturer/TREx/P176.jsonl
3630,Toyota GT-86 is produced by [MASK] .,Toyota,synth_Manufacturer/TREx/P176.jsonl
3631,Toyota LiteAce is produced by [MASK] .,Toyota,synth_Manufacturer/TREx/P176.jsonl
3646,Honda Z series is produced by [MASK] .,Honda,synth_Manufacturer/TREx/P176.jsonl
3653,Packard One-Twenty is produced by [MASK] .,Packard,synth_Manufacturer/TREx/P176.jsonl
3656,Alpine A106 is produced by [MASK] .,Renault,synth_Manufacturer/TREx/P176.jsonl
3658,Honda Shadow is produced by [MASK] .,Honda,synth_Manufacturer/TREx/P176.jsonl
3661,Chevrolet S-10 Blazer is produced by [MASK] .,Chevrolet,synth_Manufacturer/TREx/P176.jsonl
3664,Honda Zoomer is produced by [MASK] .,Honda,synth_Manufacturer/TREx/P176.jsonl
3673,Suzuki B-King is produced by [MASK] .,Suzuki,synth_Manufacturer/TREx/P176.jsonl
3677,Airbus A330neo is produced by [MASK] .,Airbus,synth_Manufacturer/TREx/P176.jsonl
3683,BMW IIIa is produced by [MASK] .,BMW,synth_Manufacturer/TREx/P176.jsonl
3685,Cadillac Sixty Special is produced by [MASK] .,Cadillac,synth_Manufacturer/TREx/P176.jsonl
3687,Honda Ballade is produced by [MASK] .,Honda,synth_Manufacturer/TREx/P176.jsonl
3692,Lexus ES is produced by [MASK] .,Toyota,synth_Manufacturer/TREx/P176.jsonl
3697,Audi A2 is produced by [MASK] .,Audi,synth_Manufacturer/TREx/P176.jsonl
3700,BMW 1 Series is produced by [MASK] .,BMW,synth_Manufacturer/TREx/P176.jsonl
3701,Renault 8 is produced by [MASK] .,Renault,synth_Manufacturer/TREx/P176.jsonl
3713,Toyota Mirai is produced by [MASK] .,Toyota,synth_Manufacturer/TREx/P176.jsonl
3714,Porsche 906 is produced by [MASK] .,Porsche,synth_Manufacturer/TREx/P176.jsonl
3718,Toyota Century is produced by [MASK] .,Toyota,synth_Manufacturer/TREx/P176.jsonl
3722,Nintendo Entertainment System is produced by [MASK] .,Nintendo,synth_Manufacturer/TREx/P176.jsonl
3734,Dodge 400 is produced by [MASK] .,Dodge,synth_Manufacturer/TREx/P176.jsonl
3737,Nokia N85 is produced by [MASK] .,Nokia,synth_Manufacturer/TREx/P176.jsonl
3739,Nissan Vanette is produced by [MASK] .,Nissan,synth_Manufacturer/TREx/P176.jsonl
3741,Dodge Challenger is produced by [MASK] .,Dodge,synth_Manufacturer/TREx/P176.jsonl
3744,Infiniti Q50 is produced by [MASK] .,Nissan,synth_Manufacturer/TREx/P176.jsonl
3747,Toyota Soarer is produced by [MASK] .,Toyota,synth_Manufacturer/TREx/P176.jsonl
3752,Ictineo II is produced by [MASK] .,Spain,synth_Manufacturer/TREx/P176.jsonl
3754,Toyota Cresta is produced by [MASK] .,Toyota,synth_Manufacturer/TREx/P176.jsonl
3768,Chromecast is produced by [MASK] .,Google,synth_Manufacturer/TREx/P176.jsonl
3777,Honda Insight is produced by [MASK] .,Honda,synth_Manufacturer/TREx/P176.jsonl
3781,Porsche 919 Hybrid is produced by [MASK] .,Porsche,synth_Manufacturer/TREx/P176.jsonl
3786,Nissan Almera is produced by [MASK] .,Nissan,synth_Manufacturer/TREx/P176.jsonl
3801,IBM 2780/3780 is produced by [MASK] .,IBM,synth_Manufacturer/TREx/P176.jsonl
3815,Fiat 125 is produced by [MASK] .,Fiat,synth_Manufacturer/TREx/P176.jsonl
3818,Honda Prelude is produced by [MASK] .,Honda,synth_Manufacturer/TREx/P176.jsonl
3821,iPad Mini is produced by [MASK] .,Apple,synth_Manufacturer/TREx/P176.jsonl
3836,Fiat 132/Argenta is produced by [MASK] .,Fiat,synth_Manufacturer/TREx/P176.jsonl
3839,Nissan Fuga is produced by [MASK] .,Nissan,synth_Manufacturer/TREx/P176.jsonl
3847,Ferrari 575M Maranello is produced by [MASK] .,Ferrari,synth_Manufacturer/TREx/P176.jsonl
3850,MacBook Pro is produced by [MASK] .,Apple,synth_Manufacturer/TREx/P176.jsonl
3868,Nissan 370Z is produced by [MASK] .,Nissan,synth_Manufacturer/TREx/P176.jsonl
3875,Chevrolet Camaro (fifth generation) is produced by [MASK] .,Chevrolet,synth_Manufacturer/TREx/P176.jsonl
3877,YF-22 is produced by [MASK] .,Boeing,synth_Manufacturer/TREx/P176.jsonl
3882,Porsche 908 is produced by [MASK] .,Porsche,synth_Manufacturer/TREx/P176.jsonl
3889,EA-18G Growler is produced by [MASK] .,Boeing,synth_Manufacturer/TREx/P176.jsonl
3891,Chevrolet Venture is produced by [MASK] .,Chevrolet,synth_Manufacturer/TREx/P176.jsonl
3893,Porsche Cayenne is produced by [MASK] .,Porsche,synth_Manufacturer/TREx/P176.jsonl
3902,Suzuki GSX-R750 is produced by [MASK] .,Suzuki,synth_Manufacturer/TREx/P176.jsonl
3906,Toyota Celica is produced by [MASK] .,Toyota,synth_Manufacturer/TREx/P176.jsonl
3929,Alfa Romeo 155 is produced by [MASK] .,Fiat,synth_Manufacturer/TREx/P176.jsonl
3931,1955 Dodge is produced by [MASK] .,Dodge,synth_Manufacturer/TREx/P176.jsonl
3934,Nissan Teana is produced by [MASK] .,Nissan,synth_Manufacturer/TREx/P176.jsonl
3939,Ferrari Berlinetta Boxer is produced by [MASK] .,Ferrari,synth_Manufacturer/TREx/P176.jsonl
3947,Toyota Corona EXiV is produced by [MASK] .,Toyota,synth_Manufacturer/TREx/P176.jsonl
3955,Fiat 128 is produced by [MASK] .,Fiat,synth_Manufacturer/TREx/P176.jsonl
3961,Nissan Silvia is produced by [MASK] .,Nissan,synth_Manufacturer/TREx/P176.jsonl
3973,Nissan Skyline is produced by [MASK] .,Nissan,synth_Manufacturer/TREx/P176.jsonl
3995,Lexus RX is produced by [MASK] .,Toyota,synth_Manufacturer/TREx/P176.jsonl
4000,Dodge Daytona is produced by [MASK] .,Dodge,synth_Manufacturer/TREx/P176.jsonl
4002,iPad is produced by [MASK] .,Apple,synth_Manufacturer/TREx/P176.jsonl
4088,Alfa Romeo Montreal is produced by [MASK] .,Fiat,synth_Manufacturer/TREx/P176.jsonl
4089,Triumph Acclaim is produced by [MASK] .,Triumph,synth_Manufacturer/TREx/P176.jsonl
4093,Monomail is produced by [MASK] .,Boeing,synth_Manufacturer/TREx/P176.jsonl
4095,New Nintendo 3DS is produced by [MASK] .,Nintendo,synth_Manufacturer/TREx/P176.jsonl
4097,Renault Alpine A442 is produced by [MASK] .,Renault,synth_Manufacturer/TREx/P176.jsonl
4118,Nissan Juke is produced by [MASK] .,Nissan,synth_Manufacturer/TREx/P176.jsonl
4125,C-135 Stratolifter is produced by [MASK] .,Boeing,synth_Manufacturer/TREx/P176.jsonl
4128,StyleWriter is produced by [MASK] .,Apple,synth_Manufacturer/TREx/P176.jsonl
4134,Nissan NV200 is produced by [MASK] .,Nissan,synth_Manufacturer/TREx/P176.jsonl
4137,Windows Live Mail is produced by [MASK] .,Microsoft,synth_Manufacturer/TREx/P176.jsonl
4176,Multi Interface Shoe is produced by [MASK] .,Sony,synth_Manufacturer/TREx/P176.jsonl
4186,Cadillac SRX is produced by [MASK] .,Cadillac,synth_Manufacturer/TREx/P176.jsonl
4195,Toyota TS010 is produced by [MASK] .,Toyota,synth_Manufacturer/TREx/P176.jsonl
4198,BMW M50 is produced by [MASK] .,BMW,synth_Manufacturer/TREx/P176.jsonl
4202,Douglas DC-4 is produced by [MASK] .,Douglas,synth_Manufacturer/TREx/P176.jsonl
4214,California and Hawaiian Sugar Company is produced by [MASK] .,sugar,synth_Manufacturer/TREx/P176.jsonl
4216,Sileighty is produced by [MASK] .,Nissan,synth_Manufacturer/TREx/P176.jsonl
4217,Nokia N82 is produced by [MASK] .,Nokia,synth_Manufacturer/TREx/P176.jsonl
4219,Toyota Sera is produced by [MASK] .,Toyota,synth_Manufacturer/TREx/P176.jsonl
4222,Nissan Patrol is produced by [MASK] .,Nissan,synth_Manufacturer/TREx/P176.jsonl
4231,Nokia N80 is produced by [MASK] .,Nokia,synth_Manufacturer/TREx/P176.jsonl
4237,Shahab-1 is produced by [MASK] .,Iran,synth_Manufacturer/TREx/P176.jsonl
4241,Porsche 936 is produced by [MASK] .,Porsche,synth_Manufacturer/TREx/P176.jsonl
4250,Toyota Prius is produced by [MASK] .,Toyota,synth_Manufacturer/TREx/P176.jsonl
4284,Toyota Sienna is produced by [MASK] .,Toyota,synth_Manufacturer/TREx/P176.jsonl
4288,Renault Twizy is produced by [MASK] .,Renault,synth_Manufacturer/TREx/P176.jsonl
4292,Toyota Sequoia is produced by [MASK] .,Toyota,synth_Manufacturer/TREx/P176.jsonl
4299,Toyota Aygo is produced by [MASK] .,Toyota,synth_Manufacturer/TREx/P176.jsonl
4306,Bluesmobile is produced by [MASK] .,Dodge,synth_Manufacturer/TREx/P176.jsonl
4308,McLaren MP4-25 is produced by [MASK] .,McLaren,synth_Manufacturer/TREx/P176.jsonl
4311,IBM Roadrunner is produced by [MASK] .,IBM,synth_Manufacturer/TREx/P176.jsonl
4313,Suzuki Cultus Crescent is produced by [MASK] .,Suzuki,synth_Manufacturer/TREx/P176.jsonl
4319,Fiat 130 is produced by [MASK] .,Fiat,synth_Manufacturer/TREx/P176.jsonl
4322,CIM-10 Bomarc is produced by [MASK] .,Boeing,synth_Manufacturer/TREx/P176.jsonl
4328,Nissan Civilian is produced by [MASK] .,Nissan,synth_Manufacturer/TREx/P176.jsonl
4331,Lancia Aprilia is produced by [MASK] .,Fiat,synth_Manufacturer/TREx/P176.jsonl
4332,BMW Z4 is produced by [MASK] .,BMW,synth_Manufacturer/TREx/P176.jsonl
4353,Airbus A300 is produced by [MASK] .,Airbus,synth_Manufacturer/TREx/P176.jsonl
4363,Fiat 1400 is produced by [MASK] .,Fiat,synth_Manufacturer/TREx/P176.jsonl
4371,Honda Acty is produced by [MASK] .,Honda,synth_Manufacturer/TREx/P176.jsonl
4376,Porsche 2020 is produced by [MASK] .,Porsche,synth_Manufacturer/TREx/P176.jsonl
4384,Nokia Asha 501 is produced by [MASK] .,Nokia,synth_Manufacturer/TREx/P176.jsonl
4387,Volvo 900 Series is produced by [MASK] .,Volvo,synth_Manufacturer/TREx/P176.jsonl
4391,Audi Q3 is produced by [MASK] .,Audi,synth_Manufacturer/TREx/P176.jsonl
4397,Nokia X family is produced by [MASK] .,Nokia,synth_Manufacturer/TREx/P176.jsonl
4399,Honda CB900F is produced by [MASK] .,Honda,synth_Manufacturer/TREx/P176.jsonl
4403,Jeep Wrangler is produced by [MASK] .,Chrysler,synth_Manufacturer/TREx/P176.jsonl
4404,BMW M3 is produced by [MASK] .,BMW,synth_Manufacturer/TREx/P176.jsonl
4415,Audi R8C is produced by [MASK] .,Audi,synth_Manufacturer/TREx/P176.jsonl
4420,LaFerrari is produced by [MASK] .,Ferrari,synth_Manufacturer/TREx/P176.jsonl
4427,Boeing 367-80 is produced by [MASK] .,Boeing,synth_Manufacturer/TREx/P176.jsonl
4430,Toyota Mega Cruiser is produced by [MASK] .,Toyota,synth_Manufacturer/TREx/P176.jsonl
4432,Pratt & Miller is produced by [MASK] .,Chevrolet,synth_Manufacturer/TREx/P176.jsonl
4438,Dacia Sandero is produced by [MASK] .,Renault,synth_Manufacturer/TREx/P176.jsonl
4443,SNES-CD is produced by [MASK] .,Sony,synth_Manufacturer/TREx/P176.jsonl
4448,iPhone 1 is produced by [MASK] .,Apple,synth_Manufacturer/TREx/P176.jsonl
4455,Nissan Navara is produced by [MASK] .,Nissan,synth_Manufacturer/TREx/P176.jsonl
4459,Suzuki Hayabusa is produced by [MASK] .,Suzuki,synth_Manufacturer/TREx/P176.jsonl
4465,Fiat Campagnola is produced by [MASK] .,Fiat,synth_Manufacturer/TREx/P176.jsonl
4471,Audi R15 TDI is produced by [MASK] .,Audi,synth_Manufacturer/TREx/P176.jsonl
4488,Toyopet Master is produced by [MASK] .,Toyota,synth_Manufacturer/TREx/P176.jsonl
4492,Bentley Continental is produced by [MASK] .,Bentley,synth_Manufacturer/TREx/P176.jsonl
4515,Suzuki Intruder is produced by [MASK] .,Suzuki,synth_Manufacturer/TREx/P176.jsonl
4518,Renault 4P is produced by [MASK] .,Renault,synth_Manufacturer/TREx/P176.jsonl
4520,omnipotence is produced by [MASK] .,God,synth_Manufacturer/TREx/P176.jsonl
4559,Dacia Duster is produced by [MASK] .,Renault,synth_Manufacturer/TREx/P176.jsonl
4565,Fiat 127 is produced by [MASK] .,Fiat,synth_Manufacturer/TREx/P176.jsonl
4572,Ferrari 365 is produced by [MASK] .,Ferrari,synth_Manufacturer/TREx/P176.jsonl
4579,Chevrolet Spark is produced by [MASK] .,Chevrolet,synth_Manufacturer/TREx/P176.jsonl
4580,Infiniti QX is produced by [MASK] .,Nissan,synth_Manufacturer/TREx/P176.jsonl
4583,Chevrolet Express is produced by [MASK] .,Chevrolet,synth_Manufacturer/TREx/P176.jsonl
4584,Ferrari 550 is produced by [MASK] .,Ferrari,synth_Manufacturer/TREx/P176.jsonl
4591,PGM-19 Jupiter is produced by [MASK] .,Chrysler,synth_Manufacturer/TREx/P176.jsonl
4592,Sapsan is produced by [MASK] .,Siemens,synth_Manufacturer/TREx/P176.jsonl
4593,Cadillac Series 62 is produced by [MASK] .,Cadillac,synth_Manufacturer/TREx/P176.jsonl
4596,Renault Wind is produced by [MASK] .,Renault,synth_Manufacturer/TREx/P176.jsonl
4599,Toyota Corolla E140 is produced by [MASK] .,Toyota,synth_Manufacturer/TREx/P176.jsonl
4600,Nissan Laurel is produced by [MASK] .,Nissan,synth_Manufacturer/TREx/P176.jsonl
4626,Honda CBR600F3 is produced by [MASK] .,Honda,synth_Manufacturer/TREx/P176.jsonl
4643,Dodge Omni is produced by [MASK] .,Dodge,synth_Manufacturer/TREx/P176.jsonl
4645,Cadillac Type 51 is produced by [MASK] .,Cadillac,synth_Manufacturer/TREx/P176.jsonl
4647,Dodge Custom Royal is produced by [MASK] .,Dodge,synth_Manufacturer/TREx/P176.jsonl
4650,Fiat Fiorino is produced by [MASK] .,Fiat,synth_Manufacturer/TREx/P176.jsonl
4658,Boeing 601 is produced by [MASK] .,Boeing,synth_Manufacturer/TREx/P176.jsonl
4670,Toyota Avalon is produced by [MASK] .,Toyota,synth_Manufacturer/TREx/P176.jsonl
4676,Fiat 124 is produced by [MASK] .,Fiat,synth_Manufacturer/TREx/P176.jsonl
4686,Fiat 500 is produced by [MASK] .,Fiat,synth_Manufacturer/TREx/P176.jsonl
4687,IBM 704 is produced by [MASK] .,IBM,synth_Manufacturer/TREx/P176.jsonl
4690,Mini E is produced by [MASK] .,BMW,synth_Manufacturer/TREx/P176.jsonl
4698,AMR 35 is produced by [MASK] .,Renault,synth_Manufacturer/TREx/P176.jsonl
4702,Shahab-4 is produced by [MASK] .,Iran,synth_Manufacturer/TREx/P176.jsonl
4703,Isetta is produced by [MASK] .,BMW,synth_Manufacturer/TREx/P176.jsonl
4705,Chevrolet LUV is produced by [MASK] .,Chevrolet,synth_Manufacturer/TREx/P176.jsonl
4710,Dodge Kingsway is produced by [MASK] .,Dodge,synth_Manufacturer/TREx/P176.jsonl
4715,AMR 33 is produced by [MASK] .,Renault,synth_Manufacturer/TREx/P176.jsonl
4719,Toyota Starlet is produced by [MASK] .,Toyota,synth_Manufacturer/TREx/P176.jsonl
4729,Nokia 3310 is produced by [MASK] .,Nokia,synth_Manufacturer/TREx/P176.jsonl
4752,Japanese battleship Mikasa is produced by [MASK] .,Vickers,synth_Manufacturer/TREx/P176.jsonl
4754,Triumph TR6 is produced by [MASK] .,Triumph,synth_Manufacturer/TREx/P176.jsonl
4761,Toyota Porte is produced by [MASK] .,Toyota,synth_Manufacturer/TREx/P176.jsonl
4763,Chevrolet Kingswood is produced by [MASK] .,Chevrolet,synth_Manufacturer/TREx/P176.jsonl
4765,BMW M54 is produced by [MASK] .,BMW,synth_Manufacturer/TREx/P176.jsonl
4774,Nokia 808 PureView is produced by [MASK] .,Nokia,synth_Manufacturer/TREx/P176.jsonl
4775,Lancia Gamma is produced by [MASK] .,Fiat,synth_Manufacturer/TREx/P176.jsonl
4777,Nissan X-Trail is produced by [MASK] .,Nissan,synth_Manufacturer/TREx/P176.jsonl
4781,Fiat Siena is produced by [MASK] .,Fiat,synth_Manufacturer/TREx/P176.jsonl
4791,Porsche 911 GT1 is produced by [MASK] .,Porsche,synth_Manufacturer/TREx/P176.jsonl
4813,Porsche 804 is produced by [MASK] .,Porsche,synth_Manufacturer/TREx/P176.jsonl
4814,Audi Quattro is produced by [MASK] .,Audi,synth_Manufacturer/TREx/P176.jsonl
4821,Volvo 300 Series is produced by [MASK] .,Volvo,synth_Manufacturer/TREx/P176.jsonl
4822,Dodge Hornet is produced by [MASK] .,Dodge,synth_Manufacturer/TREx/P176.jsonl
4824,Ferrari 599 GTB Fiorano is produced by [MASK] .,Ferrari,synth_Manufacturer/TREx/P176.jsonl
4829,Nissan S130 is produced by [MASK] .,Nissan,synth_Manufacturer/TREx/P176.jsonl
4839,Renault 18 is produced by [MASK] .,Renault,synth_Manufacturer/TREx/P176.jsonl
4845,Lancia Musa is produced by [MASK] .,Fiat,synth_Manufacturer/TREx/P176.jsonl
4847,Ferrari 375 MM is produced by [MASK] .,Ferrari,synth_Manufacturer/TREx/P176.jsonl
4849,Game Boy Advance is produced by [MASK] .,Nintendo,synth_Manufacturer/TREx/P176.jsonl
4932,Audi R8 is produced by [MASK] .,Audi,synth_Manufacturer/TREx/P176.jsonl
4950,Volvo 66 is produced by [MASK] .,Volvo,synth_Manufacturer/TREx/P176.jsonl
4952,Toyota FCHV is produced by [MASK] .,Toyota,synth_Manufacturer/TREx/P176.jsonl
4956,BMW ActiveE is produced by [MASK] .,BMW,synth_Manufacturer/TREx/P176.jsonl
4957,Bentley State Limousine is produced by [MASK] .,Bentley,synth_Manufacturer/TREx/P176.jsonl
4959,Dodge Durango is produced by [MASK] .,Dodge,synth_Manufacturer/TREx/P176.jsonl
4961,Chevrolet Delray is produced by [MASK] .,Chevrolet,synth_Manufacturer/TREx/P176.jsonl
4963,Suzuki Swift is produced by [MASK] .,Suzuki,synth_Manufacturer/TREx/P176.jsonl
4976,Chevrolet TrailBlazer is produced by [MASK] .,Chevrolet,synth_Manufacturer/TREx/P176.jsonl
4979,Honda Today is produced by [MASK] .,Honda,synth_Manufacturer/TREx/P176.jsonl
4981,Chevrolet El Camino is produced by [MASK] .,Chevrolet,synth_Manufacturer/TREx/P176.jsonl
4985,Audi A6 allroad quattro is produced by [MASK] .,Audi,synth_Manufacturer/TREx/P176.jsonl
4990,Honda Inspire is produced by [MASK] .,Honda,synth_Manufacturer/TREx/P176.jsonl
4995,Nokia 8800 is produced by [MASK] .,Nokia,synth_Manufacturer/TREx/P176.jsonl
5000,Fairchild Swearingen Metroliner is produced by [MASK] .,Fairchild,synth_Manufacturer/TREx/P176.jsonl
5007,BMW M1 is produced by [MASK] .,BMW,synth_Manufacturer/TREx/P176.jsonl
5012,Toyota Toyoace is produced by [MASK] .,Toyota,synth_Manufacturer/TREx/P176.jsonl
5015,Chevrolet Suburban is produced by [MASK] .,Chevrolet,synth_Manufacturer/TREx/P176.jsonl
5020,Nokia N9 is produced by [MASK] .,Nokia,synth_Manufacturer/TREx/P176.jsonl
5026,BMW M60 is produced by [MASK] .,BMW,synth_Manufacturer/TREx/P176.jsonl
5029,Honda CRF series is produced by [MASK] .,Honda,synth_Manufacturer/TREx/P176.jsonl
5035,Bionz is produced by [MASK] .,Sony,synth_Manufacturer/TREx/P176.jsonl
5049,Game & Watch is produced by [MASK] .,Nintendo,synth_Manufacturer/TREx/P176.jsonl
5063,Dodge 600 is produced by [MASK] .,Dodge,synth_Manufacturer/TREx/P176.jsonl
5070,Ferrari 612 Scaglietti is produced by [MASK] .,Ferrari,synth_Manufacturer/TREx/P176.jsonl
5072,Sega Game Gear is produced by [MASK] .,Sega,synth_Manufacturer/TREx/P176.jsonl
5133,BMW 6 Series is produced by [MASK] .,BMW,synth_Manufacturer/TREx/P176.jsonl
5158,Airbus A320 is produced by [MASK] .,Airbus,synth_Manufacturer/TREx/P176.jsonl
5173,Nissan 200SX is produced by [MASK] .,Nissan,synth_Manufacturer/TREx/P176.jsonl
5176,Lexus IS is produced by [MASK] .,Toyota,synth_Manufacturer/TREx/P176.jsonl
5177,Dodge Ram SRT-10 is produced by [MASK] .,Dodge,synth_Manufacturer/TREx/P176.jsonl
5191,Renault Captur is produced by [MASK] .,Renault,synth_Manufacturer/TREx/P176.jsonl
5194,Chevrolet Corvette (C4) is produced by [MASK] .,Chevrolet,synth_Manufacturer/TREx/P176.jsonl
5196,Suzuki Carry is produced by [MASK] .,Suzuki,synth_Manufacturer/TREx/P176.jsonl
5199,Chevrolet Corvette C7 is produced by [MASK] .,Chevrolet,synth_Manufacturer/TREx/P176.jsonl
5201,Ferrari F430 Challenge is produced by [MASK] .,Ferrari,synth_Manufacturer/TREx/P176.jsonl
5205,Apple II is produced by [MASK] .,Apple,synth_Manufacturer/TREx/P176.jsonl
5284,Honda EV Plus is produced by [MASK] .,Honda,synth_Manufacturer/TREx/P176.jsonl
5290,Packard 1A-2500 is produced by [MASK] .,Packard,synth_Manufacturer/TREx/P176.jsonl
5292,Toyota Avanza is produced by [MASK] .,Toyota,synth_Manufacturer/TREx/P176.jsonl
5296,Chevrolet Astro is produced by [MASK] .,Chevrolet,synth_Manufacturer/TREx/P176.jsonl
5298,Nissan Pulsar is produced by [MASK] .,Nissan,synth_Manufacturer/TREx/P176.jsonl
5334,Chevrolet Caprice is produced by [MASK] .,Chevrolet,synth_Manufacturer/TREx/P176.jsonl
5338,Chevrolet 210 is produced by [MASK] .,Chevrolet,synth_Manufacturer/TREx/P176.jsonl
5339,Cadillac Escalade is produced by [MASK] .,Cadillac,synth_Manufacturer/TREx/P176.jsonl
5348,Nissan Latio is produced by [MASK] .,Nissan,synth_Manufacturer/TREx/P176.jsonl
5351,Triumph 2000 is produced by [MASK] .,Triumph,synth_Manufacturer/TREx/P176.jsonl
5356,Toyota Isis is produced by [MASK] .,Toyota,synth_Manufacturer/TREx/P176.jsonl
5359,Audi Le Mans quattro is produced by [MASK] .,Audi,synth_Manufacturer/TREx/P176.jsonl
5368,Toyota HiAce is produced by [MASK] .,Toyota,synth_Manufacturer/TREx/P176.jsonl
5371,Nokia N800 is produced by [MASK] .,Nokia,synth_Manufacturer/TREx/P176.jsonl
5376,BMW E38 is produced by [MASK] .,BMW,synth_Manufacturer/TREx/P176.jsonl
5382,Toyota Tercel is produced by [MASK] .,Toyota,synth_Manufacturer/TREx/P176.jsonl
5399,Nokia Lumia 920 is produced by [MASK] .,Nokia,synth_Manufacturer/TREx/P176.jsonl
5409,Cadillac DTS is produced by [MASK] .,Cadillac,synth_Manufacturer/TREx/P176.jsonl
5414,Chevrolet Kodiak is produced by [MASK] .,Chevrolet,synth_Manufacturer/TREx/P176.jsonl
5415,Windows Vista is produced by [MASK] .,Microsoft,synth_Manufacturer/TREx/P176.jsonl
5513,Chevrolet Tavera is produced by [MASK] .,Chevrolet,synth_Manufacturer/TREx/P176.jsonl
5515,Nissan Cima is produced by [MASK] .,Nissan,synth_Manufacturer/TREx/P176.jsonl
5520,Nokia 6233 is produced by [MASK] .,Nokia,synth_Manufacturer/TREx/P176.jsonl
5526,Dodge Ram is produced by [MASK] .,Dodge,synth_Manufacturer/TREx/P176.jsonl
5532,Triumph Dolomite is produced by [MASK] .,Triumph,synth_Manufacturer/TREx/P176.jsonl
5538,Toyota Vios is produced by [MASK] .,Toyota,synth_Manufacturer/TREx/P176.jsonl
5548,MIM-3 Nike-Ajax is produced by [MASK] .,Douglas,synth_Manufacturer/TREx/P176.jsonl
5551,Porsche 904 is produced by [MASK] .,Porsche,synth_Manufacturer/TREx/P176.jsonl
5554,Toyota SA is produced by [MASK] .,Toyota,synth_Manufacturer/TREx/P176.jsonl
5556,Chevrolet Trax is produced by [MASK] .,Chevrolet,synth_Manufacturer/TREx/P176.jsonl
5559,Porsche Carrera is produced by [MASK] .,Porsche,synth_Manufacturer/TREx/P176.jsonl
5563,Renault Juvaquatre is produced by [MASK] .,Renault,synth_Manufacturer/TREx/P176.jsonl
5566,Fiat 2300 is produced by [MASK] .,Fiat,synth_Manufacturer/TREx/P176.jsonl
5575,angel is produced by [MASK] .,God,synth_Manufacturer/TREx/P176.jsonl
5585,Nokia Lumia 710 is produced by [MASK] .,Nokia,synth_Manufacturer/TREx/P176.jsonl
5590,Nokia Lumia 1520 is produced by [MASK] .,Nokia,synth_Manufacturer/TREx/P176.jsonl
5594,Honda City is produced by [MASK] .,Honda,synth_Manufacturer/TREx/P176.jsonl
5605,Chevrolet Corvette C2 is produced by [MASK] .,Chevrolet,synth_Manufacturer/TREx/P176.jsonl
5608,Renault 5 is produced by [MASK] .,Renault,synth_Manufacturer/TREx/P176.jsonl
5614,Super Nintendo Entertainment System is produced by [MASK] .,Nintendo,synth_Manufacturer/TREx/P176.jsonl
5644,IBM 729 is produced by [MASK] .,IBM,synth_Manufacturer/TREx/P176.jsonl
5646,ICE TD is produced by [MASK] .,Siemens,synth_Manufacturer/TREx/P176.jsonl
5647,Sony Alpha 900 is produced by [MASK] .,Sony,synth_Manufacturer/TREx/P176.jsonl
5649,Renault Clio is produced by [MASK] .,Renault,synth_Manufacturer/TREx/P176.jsonl
5660,Chevrolet Camaro (first generation) is produced by [MASK] .,Chevrolet,synth_Manufacturer/TREx/P176.jsonl
5662,Boeing KC-46 is produced by [MASK] .,Boeing,synth_Manufacturer/TREx/P176.jsonl
5665,Porsche 993 is produced by [MASK] .,Porsche,synth_Manufacturer/TREx/P176.jsonl
5672,Ferrari F355 is produced by [MASK] .,Ferrari,synth_Manufacturer/TREx/P176.jsonl
5683,Dodge Coronet is produced by [MASK] .,Dodge,synth_Manufacturer/TREx/P176.jsonl
5688,Mac Pro is produced by [MASK] .,Apple,synth_Manufacturer/TREx/P176.jsonl
5698,Peugeot 107 is produced by [MASK] .,Toyota,synth_Manufacturer/TREx/P176.jsonl
5699,Ferrari 288 GTO is produced by [MASK] .,Ferrari,synth_Manufacturer/TREx/P176.jsonl
5702,Nokia N70 is produced by [MASK] .,Nokia,synth_Manufacturer/TREx/P176.jsonl
5704,Toyota Aurion is produced by [MASK] .,Toyota,synth_Manufacturer/TREx/P176.jsonl
5707,BMW E23 is produced by [MASK] .,BMW,synth_Manufacturer/TREx/P176.jsonl
5712,Nissan R'nessa is produced by [MASK] .,Nissan,synth_Manufacturer/TREx/P176.jsonl
5715,Toyota Innova is produced by [MASK] .,Toyota,synth_Manufacturer/TREx/P176.jsonl
5731,Ferrari California is produced by [MASK] .,Ferrari,synth_Manufacturer/TREx/P176.jsonl
5735,Fiat Tempra is produced by [MASK] .,Fiat,synth_Manufacturer/TREx/P176.jsonl
5741,Renault Sport Spider is produced by [MASK] .,Renault,synth_Manufacturer/TREx/P176.jsonl
5743,Honda HR-V is produced by [MASK] .,Honda,synth_Manufacturer/TREx/P176.jsonl
5750,Renault Fluence is produced by [MASK] .,Renault,synth_Manufacturer/TREx/P176.jsonl
5753,Vickers Medium Mark I is produced by [MASK] .,Vickers,synth_Manufacturer/TREx/P176.jsonl
5756,Suzuki MR Wagon is produced by [MASK] .,Suzuki,synth_Manufacturer/TREx/P176.jsonl
5761,Bentley Speed Six is produced by [MASK] .,Bentley,synth_Manufacturer/TREx/P176.jsonl
5766,Intel MCS-48 is produced by [MASK] .,Intel,synth_Manufacturer/TREx/P176.jsonl
5772,Chevrolet Uplander is produced by [MASK] .,Chevrolet,synth_Manufacturer/TREx/P176.jsonl
5775,Volvo 480 is produced by [MASK] .,Volvo,synth_Manufacturer/TREx/P176.jsonl
5780,Renault 5 Turbo is produced by [MASK] .,Renault,synth_Manufacturer/TREx/P176.jsonl
5783,Toyota Carina is produced by [MASK] .,Toyota,synth_Manufacturer/TREx/P176.jsonl
5788,Porsche 962 is produced by [MASK] .,Porsche,synth_Manufacturer/TREx/P176.jsonl
5794,BMW Z4 (E89) is produced by [MASK] .,BMW,synth_Manufacturer/TREx/P176.jsonl
5816,Cadillac Series 60 is produced by [MASK] .,Cadillac,synth_Manufacturer/TREx/P176.jsonl
5823,BMW X Models is produced by [MASK] .,BMW,synth_Manufacturer/TREx/P176.jsonl
5827,Color TV-Game is produced by [MASK] .,Nintendo,synth_Manufacturer/TREx/P176.jsonl
5832,Infiniti JX is produced by [MASK] .,Nissan,synth_Manufacturer/TREx/P176.jsonl
5840,Nissan R89C is produced by [MASK] .,Nissan,synth_Manufacturer/TREx/P176.jsonl
5842,Ferrari 246 F1 is produced by [MASK] .,Ferrari,synth_Manufacturer/TREx/P176.jsonl
5850,Fiat Palio is produced by [MASK] .,Fiat,synth_Manufacturer/TREx/P176.jsonl
5854,Cadillac ATS is produced by [MASK] .,Cadillac,synth_Manufacturer/TREx/P176.jsonl
5856,Honda Ascot is produced by [MASK] .,Honda,synth_Manufacturer/TREx/P176.jsonl
5865,BMW 326 is produced by [MASK] .,BMW,synth_Manufacturer/TREx/P176.jsonl
5885,Suzuki Alto is produced by [MASK] .,Suzuki,synth_Manufacturer/TREx/P176.jsonl
5886,Fiat 501 is produced by [MASK] .,Fiat,synth_Manufacturer/TREx/P176.jsonl
5888,Toyota Kijang is produced by [MASK] .,Toyota,synth_Manufacturer/TREx/P176.jsonl
5908,Dodge 500 is produced by [MASK] .,Dodge,synth_Manufacturer/TREx/P176.jsonl
5920,Cadillac CTS is produced by [MASK] .,Cadillac,synth_Manufacturer/TREx/P176.jsonl
5924,Renault Espace is produced by [MASK] .,Renault,synth_Manufacturer/TREx/P176.jsonl
5929,Honda NS500 is produced by [MASK] .,Honda,synth_Manufacturer/TREx/P176.jsonl
5932,Airbus A350 is produced by [MASK] .,Airbus,synth_Manufacturer/TREx/P176.jsonl
5944,BMW Hydrogen 7 is produced by [MASK] .,BMW,synth_Manufacturer/TREx/P176.jsonl
5953,Chevrolet Chevette is produced by [MASK] .,Chevrolet,synth_Manufacturer/TREx/P176.jsonl
5955,VTEC is produced by [MASK] .,Honda,synth_Manufacturer/TREx/P176.jsonl
5970,Audi A4 is produced by [MASK] .,Audi,synth_Manufacturer/TREx/P176.jsonl
5988,B-47 Stratojet is produced by [MASK] .,Boeing,synth_Manufacturer/TREx/P176.jsonl
6016,BMW M62 is produced by [MASK] .,BMW,synth_Manufacturer/TREx/P176.jsonl
6023,Airbus Beluga is produced by [MASK] .,Airbus,synth_Manufacturer/TREx/P176.jsonl
6025,Alfa Romeo 6C is produced by [MASK] .,Fiat,synth_Manufacturer/TREx/P176.jsonl
6026,Suzuki GSX-R1000 is produced by [MASK] .,Suzuki,synth_Manufacturer/TREx/P176.jsonl
6039,Volvo C70 is produced by [MASK] .,Volvo,synth_Manufacturer/TREx/P176.jsonl
6042,Porsche Boxster is produced by [MASK] .,Porsche,synth_Manufacturer/TREx/P176.jsonl
6046,Toyota Fortuner is produced by [MASK] .,Toyota,synth_Manufacturer/TREx/P176.jsonl
6058,Cadillac Series 70 is produced by [MASK] .,Cadillac,synth_Manufacturer/TREx/P176.jsonl
6064,IBM 8100 is produced by [MASK] .,IBM,synth_Manufacturer/TREx/P176.jsonl
6067,Airbus A310 is produced by [MASK] .,Airbus,synth_Manufacturer/TREx/P176.jsonl
6073,Honda RC51 is produced by [MASK] .,Honda,synth_Manufacturer/TREx/P176.jsonl
6076,Honda Valkyrie is produced by [MASK] .,Honda,synth_Manufacturer/TREx/P176.jsonl
6087,Cadillac Series 355 is produced by [MASK] .,Cadillac,synth_Manufacturer/TREx/P176.jsonl
6090,Toyota 2000GT is produced by [MASK] .,Toyota,synth_Manufacturer/TREx/P176.jsonl
6093,ICE 3 is produced by [MASK] .,Siemens,synth_Manufacturer/TREx/P176.jsonl
6095,Suzuki GSX-R series is produced by [MASK] .,Suzuki,synth_Manufacturer/TREx/P176.jsonl
6103,Renault Kangoo is produced by [MASK] .,Renault,synth_Manufacturer/TREx/P176.jsonl
6119,LGM-30 Minuteman is produced by [MASK] .,Boeing,synth_Manufacturer/TREx/P176.jsonl
6120,Eagle Medallion is produced by [MASK] .,Renault,synth_Manufacturer/TREx/P176.jsonl
6133,Honda HSV-010 GT is produced by [MASK] .,Honda,synth_Manufacturer/TREx/P176.jsonl
6139,BMW 801 is produced by [MASK] .,BMW,synth_Manufacturer/TREx/P176.jsonl
6150,Airbus A340 is produced by [MASK] .,Airbus,synth_Manufacturer/TREx/P176.jsonl
6161,Nintendo 2DS is produced by [MASK] .,Nintendo,synth_Manufacturer/TREx/P176.jsonl
6177,iPod Touch is produced by [MASK] .,Apple,synth_Manufacturer/TREx/P176.jsonl
6226,Nissan Primera is produced by [MASK] .,Nissan,synth_Manufacturer/TREx/P176.jsonl
6229,Honda CR-X del Sol is produced by [MASK] .,Honda,synth_Manufacturer/TREx/P176.jsonl
6232,Toyota Avensis is produced by [MASK] .,Toyota,synth_Manufacturer/TREx/P176.jsonl
6242,Toyota Corolla Verso is produced by [MASK] .,Toyota,synth_Manufacturer/TREx/P176.jsonl
6247,Acura MDX is produced by [MASK] .,Honda,synth_Manufacturer/TREx/P176.jsonl
6258,China Railways CRH3 is produced by [MASK] .,Siemens,synth_Manufacturer/TREx/P176.jsonl
6260,BMW Dixi is produced by [MASK] .,BMW,synth_Manufacturer/TREx/P176.jsonl
6264,Honda CB550 is produced by [MASK] .,Honda,synth_Manufacturer/TREx/P176.jsonl
6269,BMW X6 is produced by [MASK] .,BMW,synth_Manufacturer/TREx/P176.jsonl
6283,Chevrolet Bel Air is produced by [MASK] .,Chevrolet,synth_Manufacturer/TREx/P176.jsonl
6292,Porsche 914 is produced by [MASK] .,Porsche,synth_Manufacturer/TREx/P176.jsonl
6296,Intel 8085 is produced by [MASK] .,Intel,synth_Manufacturer/TREx/P176.jsonl
6302,BMW 700 is produced by [MASK] .,BMW,synth_Manufacturer/TREx/P176.jsonl
6305,Jeep Patriot is produced by [MASK] .,Jeep,synth_Manufacturer/TREx/P176.jsonl
6308,Honda Civic (ninth generation) is produced by [MASK] .,Honda,synth_Manufacturer/TREx/P176.jsonl
6310,N-Gage QD is produced by [MASK] .,Nokia,synth_Manufacturer/TREx/P176.jsonl
6313,Nissan R391 is produced by [MASK] .,Nissan,synth_Manufacturer/TREx/P176.jsonl
6317,Renault Trafic is produced by [MASK] .,Renault,synth_Manufacturer/TREx/P176.jsonl
6344,Ferrari 158 is produced by [MASK] .,Ferrari,synth_Manufacturer/TREx/P176.jsonl
6347,IBM 6150 RT is produced by [MASK] .,IBM,synth_Manufacturer/TREx/P176.jsonl
6357,Renault Estafette is produced by [MASK] .,Renault,synth_Manufacturer/TREx/P176.jsonl
6358,Honda CBR250R is produced by [MASK] .,Honda,synth_Manufacturer/TREx/P176.jsonl
6365,Honda VFR400 is produced by [MASK] .,Honda,synth_Manufacturer/TREx/P176.jsonl
6369,Chevrolet Tahoe is produced by [MASK] .,Chevrolet,synth_Manufacturer/TREx/P176.jsonl
6372,Renault Alliance is produced by [MASK] .,Renault,synth_Manufacturer/TREx/P176.jsonl
6375,Chevrolet S-10 is produced by [MASK] .,Chevrolet,synth_Manufacturer/TREx/P176.jsonl
6384,Audi A7 is produced by [MASK] .,Audi,synth_Manufacturer/TREx/P176.jsonl
6387,Renault Fuego is produced by [MASK] .,Renault,synth_Manufacturer/TREx/P176.jsonl
6389,Honda RS125R is produced by [MASK] .,Honda,synth_Manufacturer/TREx/P176.jsonl
6391,Chevrolet Celebrity is produced by [MASK] .,Chevrolet,synth_Manufacturer/TREx/P176.jsonl
6398,IBM 5120 is produced by [MASK] .,IBM,synth_Manufacturer/TREx/P176.jsonl
6401,GAM-87 Skybolt is produced by [MASK] .,Douglas,synth_Manufacturer/TREx/P176.jsonl
6403,Fiat Uno is produced by [MASK] .,Fiat,synth_Manufacturer/TREx/P176.jsonl
6411,muscle car is produced by [MASK] .,Pontiac,synth_Manufacturer/TREx/P176.jsonl
6413,Nissan Terrano II is produced by [MASK] .,Nissan,synth_Manufacturer/TREx/P176.jsonl
6418,Dodge Avenger is produced by [MASK] .,Dodge,synth_Manufacturer/TREx/P176.jsonl
6431,BMW N52 is produced by [MASK] .,BMW,synth_Manufacturer/TREx/P176.jsonl
6438,Honda Airwave is produced by [MASK] .,Honda,synth_Manufacturer/TREx/P176.jsonl
6440,Nissan Cherry is produced by [MASK] .,Nissan,synth_Manufacturer/TREx/P176.jsonl
6442,Ferrari 348 is produced by [MASK] .,Ferrari,synth_Manufacturer/TREx/P176.jsonl
6444,Nokia Internet tablet is produced by [MASK] .,Nokia,synth_Manufacturer/TREx/P176.jsonl
6445,BMW 7 Series is produced by [MASK] .,BMW,synth_Manufacturer/TREx/P176.jsonl
6483,IKA-Renault Torino is produced by [MASK] .,Renault,synth_Manufacturer/TREx/P176.jsonl
6486,DC-3 is produced by [MASK] .,Douglas,synth_Manufacturer/TREx/P176.jsonl
6496,Renault R26 is produced by [MASK] .,Renault,synth_Manufacturer/TREx/P176.jsonl
6498,Acura CL is produced by [MASK] .,Honda,synth_Manufacturer/TREx/P176.jsonl
6504,Alfa Romeo MiTo is produced by [MASK] .,Fiat,synth_Manufacturer/TREx/P176.jsonl
6505,Nissan Prince Royal is produced by [MASK] .,Nissan,synth_Manufacturer/TREx/P176.jsonl
6507,BMW New Six is produced by [MASK] .,BMW,synth_Manufacturer/TREx/P176.jsonl
6510,.303 Vickers is produced by [MASK] .,Vickers,synth_Manufacturer/TREx/P176.jsonl
6515,Dodge WC series is produced by [MASK] .,Dodge,synth_Manufacturer/TREx/P176.jsonl
6518,BMW M40 is produced by [MASK] .,BMW,synth_Manufacturer/TREx/P176.jsonl
6522,Honda S2000 is produced by [MASK] .,Honda,synth_Manufacturer/TREx/P176.jsonl
6528,Ferrari F430 is produced by [MASK] .,Ferrari,synth_Manufacturer/TREx/P176.jsonl
6536,Chevrolet Greenbrier is produced by [MASK] .,Chevrolet,synth_Manufacturer/TREx/P176.jsonl
6538,Honda CBR1100XX is produced by [MASK] .,Honda,synth_Manufacturer/TREx/P176.jsonl
6541,Cadillac XTS is produced by [MASK] .,Cadillac,synth_Manufacturer/TREx/P176.jsonl
6545,Lumia series is produced by [MASK] .,Microsoft,synth_Manufacturer/TREx/P176.jsonl
6572,Xeon is produced by [MASK] .,Intel,synth_Manufacturer/TREx/P176.jsonl
6656,Toyota Land Cruiser 40 series is produced by [MASK] .,Toyota,synth_Manufacturer/TREx/P176.jsonl
6659,Dodge Polara is produced by [MASK] .,Dodge,synth_Manufacturer/TREx/P176.jsonl
6673,Wii U is produced by [MASK] .,Nintendo,synth_Manufacturer/TREx/P176.jsonl
6747,Kenmore Appliances is produced by [MASK] .,Sears,synth_Manufacturer/TREx/P176.jsonl
6749,Lancia Flavia is produced by [MASK] .,Fiat,synth_Manufacturer/TREx/P176.jsonl
6783,Audi F103 is produced by [MASK] .,Audi,synth_Manufacturer/TREx/P176.jsonl
6790,Chevrolet Silverado is produced by [MASK] .,Chevrolet,synth_Manufacturer/TREx/P176.jsonl
6795,BMW 501 is produced by [MASK] .,BMW,synth_Manufacturer/TREx/P176.jsonl
6801,Honda CR-V is produced by [MASK] .,Honda,synth_Manufacturer/TREx/P176.jsonl
6816,Ordnance QF 3 pounder Vickers is produced by [MASK] .,Vickers,synth_Manufacturer/TREx/P176.jsonl
6818,Ferrari 156 F1 is produced by [MASK] .,Ferrari,synth_Manufacturer/TREx/P176.jsonl
6828,Chevrolet Nomad is produced by [MASK] .,Chevrolet,synth_Manufacturer/TREx/P176.jsonl
6833,Windows Phone 8.1 is produced by [MASK] .,Microsoft,synth_Manufacturer/TREx/P176.jsonl
6843,Fiat 147 is produced by [MASK] .,Fiat,synth_Manufacturer/TREx/P176.jsonl
6848,Renault Talisman is produced by [MASK] .,Renault,synth_Manufacturer/TREx/P176.jsonl
6851,Cadillac XLR is produced by [MASK] .,Cadillac,synth_Manufacturer/TREx/P176.jsonl
6860,BMW S65 is produced by [MASK] .,BMW,synth_Manufacturer/TREx/P176.jsonl
6861,Chevrolet Montana is produced by [MASK] .,Chevrolet,synth_Manufacturer/TREx/P176.jsonl
6864,Porsche Carrera GT is produced by [MASK] .,Porsche,synth_Manufacturer/TREx/P176.jsonl
6867,Infiniti Q45 is produced by [MASK] .,Nissan,synth_Manufacturer/TREx/P176.jsonl
6873,Toyota Camry XV40 is produced by [MASK] .,Toyota,synth_Manufacturer/TREx/P176.jsonl
6879,Nokia Lumia 520 is produced by [MASK] .,Nokia,synth_Manufacturer/TREx/P176.jsonl
6883,Airbus A320neo family is produced by [MASK] .,Airbus,synth_Manufacturer/TREx/P176.jsonl
6892,Model M keyboard is produced by [MASK] .,IBM,synth_Manufacturer/TREx/P176.jsonl
6903,Chevrolet Impala is produced by [MASK] .,Chevrolet,synth_Manufacturer/TREx/P176.jsonl
6908,Fateh-110 is produced by [MASK] .,Iran,synth_Manufacturer/TREx/P176.jsonl
6912,Suzuki Wagon R is produced by [MASK] .,Suzuki,synth_Manufacturer/TREx/P176.jsonl
6923,Fiat Albea is produced by [MASK] .,Fiat,synth_Manufacturer/TREx/P176.jsonl
6927,BMW M Coupe is produced by [MASK] .,BMW,synth_Manufacturer/TREx/P176.jsonl
6929,Honda Fit is produced by [MASK] .,Honda,synth_Manufacturer/TREx/P176.jsonl
6942,Lexus NX is produced by [MASK] .,Toyota,synth_Manufacturer/TREx/P176.jsonl
6944,Toyota G1 is produced by [MASK] .,Toyota,synth_Manufacturer/TREx/P176.jsonl
6949,Chevrolet SSR is produced by [MASK] .,Chevrolet,synth_Manufacturer/TREx/P176.jsonl
6952,Dodge Viper is produced by [MASK] .,Dodge,synth_Manufacturer/TREx/P176.jsonl
6971,Toyota Land Cruiser Prado is produced by [MASK] .,Toyota,synth_Manufacturer/TREx/P176.jsonl
6980,Fiat Strada is produced by [MASK] .,Fiat,synth_Manufacturer/TREx/P176.jsonl
6983,AMC 35 is produced by [MASK] .,Renault,synth_Manufacturer/TREx/P176.jsonl
6989,Samsung NX series is produced by [MASK] .,Samsung,synth_Manufacturer/TREx/P176.jsonl
7000,Sega Master System is produced by [MASK] .,Sega,synth_Manufacturer/TREx/P176.jsonl
7097,Honda Integra is produced by [MASK] .,Honda,synth_Manufacturer/TREx/P176.jsonl
7133,Dodge Caliber is produced by [MASK] .,Dodge,synth_Manufacturer/TREx/P176.jsonl
7135,Nokia Lumia 820 is produced by [MASK] .,Nokia,synth_Manufacturer/TREx/P176.jsonl
7138,Renault Laguna is produced by [MASK] .,Renault,synth_Manufacturer/TREx/P176.jsonl
7154,Suzuki Escudo is produced by [MASK] .,Suzuki,synth_Manufacturer/TREx/P176.jsonl
7158,Audi RS 6 is produced by [MASK] .,Audi,synth_Manufacturer/TREx/P176.jsonl
7161,Mini Countryman is produced by [MASK] .,BMW,synth_Manufacturer/TREx/P176.jsonl
7162,Cadillac STS Wheels is produced by [MASK] .,Cadillac,synth_Manufacturer/TREx/P176.jsonl
7165,Squad 51 is produced by [MASK] .,Dodge,synth_Manufacturer/TREx/P176.jsonl
7167,Triumph 1300 is produced by [MASK] .,Triumph,synth_Manufacturer/TREx/P176.jsonl
7168,Airbus A318 is produced by [MASK] .,Airbus,synth_Manufacturer/TREx/P176.jsonl
7172,Toyota Mark II is produced by [MASK] .,Toyota,synth_Manufacturer/TREx/P176.jsonl
7179,Dodge Magnum is produced by [MASK] .,Dodge,synth_Manufacturer/TREx/P176.jsonl
7181,Chevrolet Corvette C6 is produced by [MASK] .,Chevrolet,synth_Manufacturer/TREx/P176.jsonl
7187,Fiat Grande Punto is produced by [MASK] .,Fiat,synth_Manufacturer/TREx/P176.jsonl
