,sent,gold,filename
40,Owen Bradley is represented by music label [MASK] .,Decca,synth_Record Label/TREx/P264.jsonl
58,Georg Solti is represented by music label [MASK] .,Decca,synth_Record Label/TREx/P264.jsonl
71,The Temptations is represented by music label [MASK] .,Motown,synth_Record Label/TREx/P264.jsonl
278,The Funk Brothers is represented by music label [MASK] .,Motown,synth_Record Label/TREx/P264.jsonl
302,The Marvelettes is represented by music label [MASK] .,Motown,synth_Record Label/TREx/P264.jsonl
353,David Bowie is represented by music label [MASK] .,EMI,synth_Record Label/TREx/P264.jsonl
364,Marvin Gaye is represented by music label [MASK] .,Motown,synth_Record Label/TREx/P264.jsonl
803,The Paris Sisters is represented by music label [MASK] .,Decca,synth_Record Label/TREx/P264.jsonl
995,The Supremes is represented by music label [MASK] .,Motown,synth_Record Label/TREx/P264.jsonl
1201,Barrett Strong is represented by music label [MASK] .,Motown,synth_Record Label/TREx/P264.jsonl
1229,Shoo-Be-Doo-Be-Doo-Da-Day is represented by music label [MASK] .,Motown,synth_Record Label/TREx/P264.jsonl
1231,"Yester-Me, Yester-You, Yesterday is represented by music label [MASK] .",Motown,synth_Record Label/TREx/P264.jsonl
1233,"Signed, Sealed, Delivered I'm Yours is represented by music label [MASK] .",Motown,synth_Record Label/TREx/P264.jsonl
1240,Boogie On Reggae Woman is represented by music label [MASK] .,Motown,synth_Record Label/TREx/P264.jsonl
1242,Fulfillingness' First Finale is represented by music label [MASK] .,Motown,synth_Record Label/TREx/P264.jsonl
1243,You Can't Hurry Love is represented by music label [MASK] .,Motown,synth_Record Label/TREx/P264.jsonl
1252,My World Is Empty Without You is represented by music label [MASK] .,Motown,synth_Record Label/TREx/P264.jsonl
1269,Up-Tight is represented by music label [MASK] .,Motown,synth_Record Label/TREx/P264.jsonl
1272,Conversation Peace is represented by music label [MASK] .,Motown,synth_Record Label/TREx/P264.jsonl
1277,Syreeta Wright is represented by music label [MASK] .,Motown,synth_Record Label/TREx/P264.jsonl
1304,Smokey Robinson is represented by music label [MASK] .,Motown,synth_Record Label/TREx/P264.jsonl
1502,Never Can Say Goodbye is represented by music label [MASK] .,Motown,synth_Record Label/TREx/P264.jsonl
1507,Pam Sawyer is represented by music label [MASK] .,Motown,synth_Record Label/TREx/P264.jsonl
1511,Eddie Kendricks is represented by music label [MASK] .,Motown,synth_Record Label/TREx/P264.jsonl
1526,Do You Love Me is represented by music label [MASK] .,Motown,synth_Record Label/TREx/P264.jsonl
1542,The Contours is represented by music label [MASK] .,Motown,synth_Record Label/TREx/P264.jsonl
1577,The Pointer Sisters is represented by music label [MASK] .,Motown,synth_Record Label/TREx/P264.jsonl
1580,Clarence Paul is represented by music label [MASK] .,Motown,synth_Record Label/TREx/P264.jsonl
1648,Chumbawamba is represented by music label [MASK] .,EMI,synth_Record Label/TREx/P264.jsonl
1652,Commodores is represented by music label [MASK] .,Motown,synth_Record Label/TREx/P264.jsonl
1683,Shop Around is represented by music label [MASK] .,Motown,synth_Record Label/TREx/P264.jsonl
1696,You Keep Me Hangin' On is represented by music label [MASK] .,Motown,synth_Record Label/TREx/P264.jsonl
1760,Louis Armstrong is represented by music label [MASK] .,Decca,synth_Record Label/TREx/P264.jsonl
1767,Norman Whitfield is represented by music label [MASK] .,Motown,synth_Record Label/TREx/P264.jsonl
1847,Eddie Holland is represented by music label [MASK] .,Motown,synth_Record Label/TREx/P264.jsonl
1870,The Velvelettes is represented by music label [MASK] .,Motown,synth_Record Label/TREx/P264.jsonl
1877,Victor Young is represented by music label [MASK] .,Decca,synth_Record Label/TREx/P264.jsonl
1879,Ella Fitzgerald is represented by music label [MASK] .,Decca,synth_Record Label/TREx/P264.jsonl
1898,Dock Boggs is represented by music label [MASK] .,Brunswick,synth_Record Label/TREx/P264.jsonl
1899,Maria Callas is represented by music label [MASK] .,EMI,synth_Record Label/TREx/P264.jsonl
1921,Gladys Knight & the Pips is represented by music label [MASK] .,Motown,synth_Record Label/TREx/P264.jsonl
1925,Diana Ross is represented by music label [MASK] .,Motown,synth_Record Label/TREx/P264.jsonl
2058,"Mary, Scherrie & Susaye is represented by music label [MASK] .",Motown,synth_Record Label/TREx/P264.jsonl
2061,Susaye Greene is represented by music label [MASK] .,Motown,synth_Record Label/TREx/P264.jsonl
2066,Lamont Dozier is represented by music label [MASK] .,Motown,synth_Record Label/TREx/P264.jsonl
2097,Strange Behaviour is represented by music label [MASK] .,EMI,synth_Record Label/TREx/P264.jsonl
2120,Neil Young is represented by music label [MASK] .,Motown,synth_Record Label/TREx/P264.jsonl
2121,The Rolling Stones is represented by music label [MASK] .,Decca,synth_Record Label/TREx/P264.jsonl
2177,Benjamin Britten is represented by music label [MASK] .,Decca,synth_Record Label/TREx/P264.jsonl
2187,Sigue Sigue Sputnik is represented by music label [MASK] .,EMI,synth_Record Label/TREx/P264.jsonl
2189,Talk Talk is represented by music label [MASK] .,EMI,synth_Record Label/TREx/P264.jsonl
2194,Pink Floyd is represented by music label [MASK] .,EMI,synth_Record Label/TREx/P264.jsonl
2206,James Jamerson is represented by music label [MASK] .,Motown,synth_Record Label/TREx/P264.jsonl
2213,Roxette is represented by music label [MASK] .,EMI,synth_Record Label/TREx/P264.jsonl
2230,Harry James is represented by music label [MASK] .,Brunswick,synth_Record Label/TREx/P264.jsonl
2233,Workin' Overtime is represented by music label [MASK] .,Motown,synth_Record Label/TREx/P264.jsonl
2235,Take Me Higher is represented by music label [MASK] .,Motown,synth_Record Label/TREx/P264.jsonl
2238,Kim Weston is represented by music label [MASK] .,Motown,synth_Record Label/TREx/P264.jsonl
2261,Johnny Bristol is represented by music label [MASK] .,Motown,synth_Record Label/TREx/P264.jsonl
2273,Skip James is represented by music label [MASK] .,Paramount,synth_Record Label/TREx/P264.jsonl
2274,Billie Holiday is represented by music label [MASK] .,Brunswick,synth_Record Label/TREx/P264.jsonl
2277,The Shelton Brothers is represented by music label [MASK] .,Decca,synth_Record Label/TREx/P264.jsonl
2279,George Martin is represented by music label [MASK] .,EMI,synth_Record Label/TREx/P264.jsonl
2302,Joan Sutherland is represented by music label [MASK] .,Decca,synth_Record Label/TREx/P264.jsonl
2317,Water Runs Dry is represented by music label [MASK] .,Motown,synth_Record Label/TREx/P264.jsonl
2325,Red Foley is represented by music label [MASK] .,Decca,synth_Record Label/TREx/P264.jsonl
2338,Mary Wells is represented by music label [MASK] .,Motown,synth_Record Label/TREx/P264.jsonl
2419,I Want You Back is represented by music label [MASK] .,Motown,synth_Record Label/TREx/P264.jsonl
2432,Duke Ellington is represented by music label [MASK] .,Decca,synth_Record Label/TREx/P264.jsonl
2440,Dennis Edwards is represented by music label [MASK] .,Motown,synth_Record Label/TREx/P264.jsonl
2445,Wizzard is represented by music label [MASK] .,EMI,synth_Record Label/TREx/P264.jsonl
2446,Burl Ives is represented by music label [MASK] .,Decca,synth_Record Label/TREx/P264.jsonl
2451,Vic Schoen is represented by music label [MASK] .,Decca,synth_Record Label/TREx/P264.jsonl
2459,Tin Machine is represented by music label [MASK] .,EMI,synth_Record Label/TREx/P264.jsonl
2468,Ted Heath is represented by music label [MASK] .,Decca,synth_Record Label/TREx/P264.jsonl
2470,The Elgins is represented by music label [MASK] .,Motown,synth_Record Label/TREx/P264.jsonl
2477,Re-Flex is represented by music label [MASK] .,EMI,synth_Record Label/TREx/P264.jsonl
2482,Wanda Young is represented by music label [MASK] .,Motown,synth_Record Label/TREx/P264.jsonl
2486,Leaving Here is represented by music label [MASK] .,Motown,synth_Record Label/TREx/P264.jsonl
2488,Beauty Is Only Skin Deep is represented by music label [MASK] .,Motown,synth_Record Label/TREx/P264.jsonl
2492,Martha and the Vandellas is represented by music label [MASK] .,Motown,synth_Record Label/TREx/P264.jsonl
2547,Freddie Gorman is represented by music label [MASK] .,Motown,synth_Record Label/TREx/P264.jsonl
2559,Supergrass is represented by music label [MASK] .,EMI,synth_Record Label/TREx/P264.jsonl
2562,The Fool on the Hill is represented by music label [MASK] .,EMI,synth_Record Label/TREx/P264.jsonl
2563,Cinder Road is represented by music label [MASK] .,EMI,synth_Record Label/TREx/P264.jsonl
2565,Nickelback is represented by music label [MASK] .,EMI,synth_Record Label/TREx/P264.jsonl
2566,Les Paul is represented by music label [MASK] .,Decca,synth_Record Label/TREx/P264.jsonl
2568,Deep Purple is represented by music label [MASK] .,EMI,synth_Record Label/TREx/P264.jsonl
2572,Marc Bolan is represented by music label [MASK] .,EMI,synth_Record Label/TREx/P264.jsonl
2574,Tiny Hill is represented by music label [MASK] .,Decca,synth_Record Label/TREx/P264.jsonl
2575,Marv Tarplin is represented by music label [MASK] .,Motown,synth_Record Label/TREx/P264.jsonl
2585,Kate Bush is represented by music label [MASK] .,EMI,synth_Record Label/TREx/P264.jsonl
2586,Ain't No Mountain High Enough is represented by music label [MASK] .,Motown,synth_Record Label/TREx/P264.jsonl
2598,Inner City Blues (Make Me Wanna Holler) is represented by music label [MASK] .,Motown,synth_Record Label/TREx/P264.jsonl
2599,Overpowered is represented by music label [MASK] .,EMI,synth_Record Label/TREx/P264.jsonl
2601,Kylie Minogue is represented by music label [MASK] .,EMI,synth_Record Label/TREx/P264.jsonl
2612,Marmalade is represented by music label [MASK] .,Decca,synth_Record Label/TREx/P264.jsonl
2614,Luis Miguel is represented by music label [MASK] .,EMI,synth_Record Label/TREx/P264.jsonl
2624,Judy Garland is represented by music label [MASK] .,Decca,synth_Record Label/TREx/P264.jsonl
2627,Andy Strachan is represented by music label [MASK] .,EMI,synth_Record Label/TREx/P264.jsonl
2633,Elgie Stover is represented by music label [MASK] .,Motown,synth_Record Label/TREx/P264.jsonl
2639,Teena Marie is represented by music label [MASK] .,Motown,synth_Record Label/TREx/P264.jsonl
2646,Distant Lover is represented by music label [MASK] .,Motown,synth_Record Label/TREx/P264.jsonl
2654,Bill Haley is represented by music label [MASK] .,Decca,synth_Record Label/TREx/P264.jsonl
2666,Nick Lucas is represented by music label [MASK] .,Brunswick,synth_Record Label/TREx/P264.jsonl
2667,Forever Came Today is represented by music label [MASK] .,Motown,synth_Record Label/TREx/P264.jsonl
2673,Deke Richards is represented by music label [MASK] .,Motown,synth_Record Label/TREx/P264.jsonl
2678,Just My Imagination is represented by music label [MASK] .,Motown,synth_Record Label/TREx/P264.jsonl
2686,Mike Leander is represented by music label [MASK] .,Decca,synth_Record Label/TREx/P264.jsonl
2687,Ralph Vaughan Williams is represented by music label [MASK] .,Decca,synth_Record Label/TREx/P264.jsonl
2696,Betty Kelly is represented by music label [MASK] .,Motown,synth_Record Label/TREx/P264.jsonl
2702,Martha Reeves is represented by music label [MASK] .,Motown,synth_Record Label/TREx/P264.jsonl
2720,Ooo Baby Baby is represented by music label [MASK] .,Motown,synth_Record Label/TREx/P264.jsonl
2723,I Second That Emotion is represented by music label [MASK] .,Motown,synth_Record Label/TREx/P264.jsonl
2734,Do It Baby is represented by music label [MASK] .,Motown,synth_Record Label/TREx/P264.jsonl
2749,My Guy is represented by music label [MASK] .,Motown,synth_Record Label/TREx/P264.jsonl
2758,Casa Loma Orchestra is represented by music label [MASK] .,Decca,synth_Record Label/TREx/P264.jsonl
2760,Strange Cruise is represented by music label [MASK] .,EMI,synth_Record Label/TREx/P264.jsonl
2762,Jackie Wilson is represented by music label [MASK] .,Brunswick,synth_Record Label/TREx/P264.jsonl
2766,Bobby Darin is represented by music label [MASK] .,Decca,synth_Record Label/TREx/P264.jsonl
2779,Loving You Is Sweeter Than Ever is represented by music label [MASK] .,Motown,synth_Record Label/TREx/P264.jsonl
2782,Kiki Dee is represented by music label [MASK] .,EMI,synth_Record Label/TREx/P264.jsonl
2783,Dolly Parton is represented by music label [MASK] .,Decca,synth_Record Label/TREx/P264.jsonl
2785,Tina Turner is represented by music label [MASK] .,EMI,synth_Record Label/TREx/P264.jsonl
2793,Baby I Need Your Loving is represented by music label [MASK] .,Motown,synth_Record Label/TREx/P264.jsonl
2831,Girl (Why You Wanna Make Me Blue) is represented by music label [MASK] .,Motown,synth_Record Label/TREx/P264.jsonl
2836,You're All I Need to Get By is represented by music label [MASK] .,Motown,synth_Record Label/TREx/P264.jsonl
2840,Iron Maiden is represented by music label [MASK] .,EMI,synth_Record Label/TREx/P264.jsonl
2852,Mark DeBarge is represented by music label [MASK] .,Motown,synth_Record Label/TREx/P264.jsonl
2854,Lonely Teardrops is represented by music label [MASK] .,Brunswick,synth_Record Label/TREx/P264.jsonl
2857,Morrissey is represented by music label [MASK] .,Decca,synth_Record Label/TREx/P264.jsonl
2865,The Andantes is represented by music label [MASK] .,Motown,synth_Record Label/TREx/P264.jsonl
2900,I Wanna Be Your Man is represented by music label [MASK] .,Decca,synth_Record Label/TREx/P264.jsonl
2902,Bad Weather is represented by music label [MASK] .,Motown,synth_Record Label/TREx/P264.jsonl
2917,Roy Rogers is represented by music label [MASK] .,Decca,synth_Record Label/TREx/P264.jsonl
2919,Woody Herman is represented by music label [MASK] .,Decca,synth_Record Label/TREx/P264.jsonl
2921,Where Did Our Love Go is represented by music label [MASK] .,Motown,synth_Record Label/TREx/P264.jsonl
2933,Acid Queen is represented by music label [MASK] .,EMI,synth_Record Label/TREx/P264.jsonl
2936,Elbridge Bryant is represented by music label [MASK] .,Motown,synth_Record Label/TREx/P264.jsonl
2943,The Temptin' Temptations is represented by music label [MASK] .,Motown,synth_Record Label/TREx/P264.jsonl
2951,Kudai is represented by music label [MASK] .,EMI,synth_Record Label/TREx/P264.jsonl
2954,Powerslave is represented by music label [MASK] .,EMI,synth_Record Label/TREx/P264.jsonl
2960,Billy Griffin is represented by music label [MASK] .,Motown,synth_Record Label/TREx/P264.jsonl
2968,Tina Arena is represented by music label [MASK] .,EMI,synth_Record Label/TREx/P264.jsonl
2971,This Is War is represented by music label [MASK] .,EMI,synth_Record Label/TREx/P264.jsonl
2974,Valery Gergiev is represented by music label [MASK] .,Decca,synth_Record Label/TREx/P264.jsonl
3009,Carpark North is represented by music label [MASK] .,EMI,synth_Record Label/TREx/P264.jsonl
3020,Brian McKnight is represented by music label [MASK] .,Motown,synth_Record Label/TREx/P264.jsonl
3022,Still Water is represented by music label [MASK] .,Motown,synth_Record Label/TREx/P264.jsonl
3024,I'll Be Doggone is represented by music label [MASK] .,Motown,synth_Record Label/TREx/P264.jsonl
3028,Ain't That Peculiar is represented by music label [MASK] .,Motown,synth_Record Label/TREx/P264.jsonl
3035,Lovex is represented by music label [MASK] .,EMI,synth_Record Label/TREx/P264.jsonl
3040,Virtual XI is represented by music label [MASK] .,EMI,synth_Record Label/TREx/P264.jsonl
3041,Jake Thackray is represented by music label [MASK] .,EMI,synth_Record Label/TREx/P264.jsonl
3046,Midge Ure is represented by music label [MASK] .,EMI,synth_Record Label/TREx/P264.jsonl
3052,Away We a Go-Go is represented by music label [MASK] .,Motown,synth_Record Label/TREx/P264.jsonl
3055,"Forever, Michael is represented by music label [MASK] .",Motown,synth_Record Label/TREx/P264.jsonl
3062,Gladys Horton is represented by music label [MASK] .,Motown,synth_Record Label/TREx/P264.jsonl
3067,Katherine Anderson is represented by music label [MASK] .,Motown,synth_Record Label/TREx/P264.jsonl
3070,Conway Twitty is represented by music label [MASK] .,Decca,synth_Record Label/TREx/P264.jsonl
3071,The Kingston Trio is represented by music label [MASK] .,Decca,synth_Record Label/TREx/P264.jsonl
3082,Levi Stubbs is represented by music label [MASK] .,Motown,synth_Record Label/TREx/P264.jsonl
3086,Savoy Brown is represented by music label [MASK] .,Decca,synth_Record Label/TREx/P264.jsonl
3089,Val Young is represented by music label [MASK] .,Motown,synth_Record Label/TREx/P264.jsonl
3090,Dancing Machine is represented by music label [MASK] .,Motown,synth_Record Label/TREx/P264.jsonl
3095,Nat King Cole is represented by music label [MASK] .,Decca,synth_Record Label/TREx/P264.jsonl
3104,Mi Delirio is represented by music label [MASK] .,EMI,synth_Record Label/TREx/P264.jsonl
3106,Untitled Korn album is represented by music label [MASK] .,EMI,synth_Record Label/TREx/P264.jsonl
3114,Beechwood 4-5789 is represented by music label [MASK] .,Motown,synth_Record Label/TREx/P264.jsonl
3117,Dennis Coffey is represented by music label [MASK] .,Motown,synth_Record Label/TREx/P264.jsonl
3118,The Love You Save is represented by music label [MASK] .,Motown,synth_Record Label/TREx/P264.jsonl
3121,Chiddy Bang is represented by music label [MASK] .,EMI,synth_Record Label/TREx/P264.jsonl
3125,Lovedrive is represented by music label [MASK] .,EMI,synth_Record Label/TREx/P264.jsonl
3128,Cincinnati Symphony Orchestra is represented by music label [MASK] .,Decca,synth_Record Label/TREx/P264.jsonl
3143,Miami Horror is represented by music label [MASK] .,EMI,synth_Record Label/TREx/P264.jsonl
3144,Robin Gibb is represented by music label [MASK] .,EMI,synth_Record Label/TREx/P264.jsonl
3145,Alexander O'Neal is represented by music label [MASK] .,EMI,synth_Record Label/TREx/P264.jsonl
3146,Another One Bites the Dust is represented by music label [MASK] .,EMI,synth_Record Label/TREx/P264.jsonl
3147,Crystal Gayle is represented by music label [MASK] .,Decca,synth_Record Label/TREx/P264.jsonl
3155,The Who is represented by music label [MASK] .,Brunswick,synth_Record Label/TREx/P264.jsonl
3159,Moving Violation is represented by music label [MASK] .,Motown,synth_Record Label/TREx/P264.jsonl
3164,Charles Aznavour is represented by music label [MASK] .,EMI,synth_Record Label/TREx/P264.jsonl
3166,Ray Singleton is represented by music label [MASK] .,Motown,synth_Record Label/TREx/P264.jsonl
3175,Cock Sparrer is represented by music label [MASK] .,Decca,synth_Record Label/TREx/P264.jsonl
3176,We Love You is represented by music label [MASK] .,Decca,synth_Record Label/TREx/P264.jsonl
3177,Riccardo Muti is represented by music label [MASK] .,EMI,synth_Record Label/TREx/P264.jsonl
3178,The Tremeloes is represented by music label [MASK] .,Decca,synth_Record Label/TREx/P264.jsonl
3182,Kathleen Ferrier is represented by music label [MASK] .,Decca,synth_Record Label/TREx/P264.jsonl
3183,Georgeanna Tillman is represented by music label [MASK] .,Motown,synth_Record Label/TREx/P264.jsonl
3184,Live After Death is represented by music label [MASK] .,EMI,synth_Record Label/TREx/P264.jsonl
3187,Tommy Dorsey is represented by music label [MASK] .,Decca,synth_Record Label/TREx/P264.jsonl
3188,Amr Mostafa is represented by music label [MASK] .,EMI,synth_Record Label/TREx/P264.jsonl
3189,Come See About Me is represented by music label [MASK] .,Motown,synth_Record Label/TREx/P264.jsonl
3192,Stoned Love is represented by music label [MASK] .,Motown,synth_Record Label/TREx/P264.jsonl
3223,The Artwoods is represented by music label [MASK] .,Decca,synth_Record Label/TREx/P264.jsonl
3224,The Animals is represented by music label [MASK] .,Decca,synth_Record Label/TREx/P264.jsonl
3225,Smiling Faces Sometimes is represented by music label [MASK] .,Motown,synth_Record Label/TREx/P264.jsonl
3229,Bobby Wright is represented by music label [MASK] .,Decca,synth_Record Label/TREx/P264.jsonl
3234,Swedish House Mafia is represented by music label [MASK] .,EMI,synth_Record Label/TREx/P264.jsonl
3235,Scrapper Blackwell is represented by music label [MASK] .,Decca,synth_Record Label/TREx/P264.jsonl
3241,Leon Ware is represented by music label [MASK] .,Motown,synth_Record Label/TREx/P264.jsonl
3248,Turboweekend is represented by music label [MASK] .,EMI,synth_Record Label/TREx/P264.jsonl
3251,Tiziano Ferro is represented by music label [MASK] .,EMI,synth_Record Label/TREx/P264.jsonl
3252,David Guetta is represented by music label [MASK] .,EMI,synth_Record Label/TREx/P264.jsonl
3256,Willie Hutch is represented by music label [MASK] .,Motown,synth_Record Label/TREx/P264.jsonl
3261,Jonathan King is represented by music label [MASK] .,Decca,synth_Record Label/TREx/P264.jsonl
3282,OK Go is represented by music label [MASK] .,EMI,synth_Record Label/TREx/P264.jsonl
3284,Valerio Scanu is represented by music label [MASK] .,EMI,synth_Record Label/TREx/P264.jsonl
3286,Grady Martin is represented by music label [MASK] .,Decca,synth_Record Label/TREx/P264.jsonl
3287,Vera Lynn is represented by music label [MASK] .,EMI,synth_Record Label/TREx/P264.jsonl
3289,Petula Clark is represented by music label [MASK] .,EMI,synth_Record Label/TREx/P264.jsonl
3290,The Supremes A' Go-Go is represented by music label [MASK] .,Motown,synth_Record Label/TREx/P264.jsonl
3292,Psychedelic Shack is represented by music label [MASK] .,Motown,synth_Record Label/TREx/P264.jsonl
3299,Sleeping Satellite is represented by music label [MASK] .,EMI,synth_Record Label/TREx/P264.jsonl
3303,Me & My is represented by music label [MASK] .,EMI,synth_Record Label/TREx/P264.jsonl
3310,Angus Young is represented by music label [MASK] .,EMI,synth_Record Label/TREx/P264.jsonl
3315,Count Basie is represented by music label [MASK] .,Decca,synth_Record Label/TREx/P264.jsonl
3319,Marianne Faithfull is represented by music label [MASK] .,Decca,synth_Record Label/TREx/P264.jsonl
3320,I Wish It Would Rain is represented by music label [MASK] .,Motown,synth_Record Label/TREx/P264.jsonl
3325,I'm Gonna Make You Love Me is represented by music label [MASK] .,Motown,synth_Record Label/TREx/P264.jsonl
3328,Kate Ryan is represented by music label [MASK] .,EMI,synth_Record Label/TREx/P264.jsonl
3330,KRU is represented by music label [MASK] .,EMI,synth_Record Label/TREx/P264.jsonl
3341,Anouk is represented by music label [MASK] .,EMI,synth_Record Label/TREx/P264.jsonl
3344,Val Doonican is represented by music label [MASK] .,Decca,synth_Record Label/TREx/P264.jsonl
3346,Your Precious Love is represented by music label [MASK] .,Motown,synth_Record Label/TREx/P264.jsonl
3348,Too Busy Thinking About My Baby is represented by music label [MASK] .,Motown,synth_Record Label/TREx/P264.jsonl
3356,Pete Townshend is represented by music label [MASK] .,Decca,synth_Record Label/TREx/P264.jsonl
3357,Medazzaland is represented by music label [MASK] .,EMI,synth_Record Label/TREx/P264.jsonl
3361,Kitty Kallen is represented by music label [MASK] .,Decca,synth_Record Label/TREx/P264.jsonl
3369,Music & Me is represented by music label [MASK] .,Motown,synth_Record Label/TREx/P264.jsonl
3372,Sex Pistols is represented by music label [MASK] .,EMI,synth_Record Label/TREx/P264.jsonl
3376,All I Do Is Think of You is represented by music label [MASK] .,Motown,synth_Record Label/TREx/P264.jsonl
3382,Takk... is represented by music label [MASK] .,EMI,synth_Record Label/TREx/P264.jsonl
3395,I'm Ready for Love is represented by music label [MASK] .,Motown,synth_Record Label/TREx/P264.jsonl
3396,Riccardo Chailly is represented by music label [MASK] .,Decca,synth_Record Label/TREx/P264.jsonl
3397,Diana & Marvin is represented by music label [MASK] .,Motown,synth_Record Label/TREx/P264.jsonl
3404,On Bended Knee is represented by music label [MASK] .,Motown,synth_Record Label/TREx/P264.jsonl
3407,Anni-Frid Lyngstad is represented by music label [MASK] .,EMI,synth_Record Label/TREx/P264.jsonl
3429,I Heard It Through the Grapevine is represented by music label [MASK] .,Motown,synth_Record Label/TREx/P264.jsonl
3430,Damon Harris is represented by music label [MASK] .,Motown,synth_Record Label/TREx/P264.jsonl
3431,George Harrison is represented by music label [MASK] .,EMI,synth_Record Label/TREx/P264.jsonl
3432,The Temptations Sing Smokey is represented by music label [MASK] .,Motown,synth_Record Label/TREx/P264.jsonl
3438,The Stranglers is represented by music label [MASK] .,EMI,synth_Record Label/TREx/P264.jsonl
3440,Steve Reid is represented by music label [MASK] .,Motown,synth_Record Label/TREx/P264.jsonl
3442,Wir sind Helden is represented by music label [MASK] .,EMI,synth_Record Label/TREx/P264.jsonl
3444,Adelaide Hall is represented by music label [MASK] .,Decca,synth_Record Label/TREx/P264.jsonl
3446,The Weavers is represented by music label [MASK] .,Decca,synth_Record Label/TREx/P264.jsonl
3451,Mi Chico Latino is represented by music label [MASK] .,EMI,synth_Record Label/TREx/P264.jsonl
3455,Careless Memories is represented by music label [MASK] .,EMI,synth_Record Label/TREx/P264.jsonl
3456,Every Little Bit Hurts is represented by music label [MASK] .,Motown,synth_Record Label/TREx/P264.jsonl
3458,A Quiet Storm is represented by music label [MASK] .,Motown,synth_Record Label/TREx/P264.jsonl
3460,Peter Vince is represented by music label [MASK] .,EMI,synth_Record Label/TREx/P264.jsonl
3463,Sandra Tilley is represented by music label [MASK] .,Motown,synth_Record Label/TREx/P264.jsonl
3465,Jimmy Mack is represented by music label [MASK] .,Motown,synth_Record Label/TREx/P264.jsonl
3469,Honey Chile is represented by music label [MASK] .,Motown,synth_Record Label/TREx/P264.jsonl
3474,Breaks Co-Op is represented by music label [MASK] .,EMI,synth_Record Label/TREx/P264.jsonl
