,sent,gold,filename
0,The native language of Louis Jules Trochu is [MASK] .,French,synth_Language/TREx/P103.jsonl
2,The native language of Valeria Bruni Tedeschi is [MASK] .,French,synth_Language/TREx/P103.jsonl
4,The native language of Pierre Messmer is [MASK] .,French,synth_Language/TREx/P103.jsonl
8,The native language of Roger Nimier is [MASK] .,French,synth_Language/TREx/P103.jsonl
12,The native language of Andrey Malakhov is [MASK] .,Russian,synth_Language/TREx/P103.jsonl
14,The native language of Emmanuelle Arsan is [MASK] .,French,synth_Language/TREx/P103.jsonl
18,The native language of Georges Mouton is [MASK] .,French,synth_Language/TREx/P103.jsonl
20,The native language of Nie Weiping is [MASK] .,Chinese,synth_Language/TREx/P103.jsonl
23,The native language of Muppalaneni Shiva is [MASK] .,Telugu,synth_Language/TREx/P103.jsonl
28,The native language of Laurent Lafitte is [MASK] .,French,synth_Language/TREx/P103.jsonl
32,The native language of Joseph Reinach is [MASK] .,French,synth_Language/TREx/P103.jsonl
41,The native language of Russians is [MASK] .,Russian,synth_Language/TREx/P103.jsonl
95,The native language of Claude Aveline is [MASK] .,French,synth_Language/TREx/P103.jsonl
96,The native language of Jan Commelin is [MASK] .,Dutch,synth_Language/TREx/P103.jsonl
97,The native language of Jean Rotrou is [MASK] .,French,synth_Language/TREx/P103.jsonl
99,The native language of Laura Smet is [MASK] .,French,synth_Language/TREx/P103.jsonl
101,The native language of Sara Coleridge is [MASK] .,English,synth_Language/TREx/P103.jsonl
103,The native language of Jean-Antoine Chaptal is [MASK] .,French,synth_Language/TREx/P103.jsonl
105,The native language of Raymond Queneau is [MASK] .,French,synth_Language/TREx/P103.jsonl
126,The native language of Guy Sorman is [MASK] .,French,synth_Language/TREx/P103.jsonl
128,The native language of Jean-Luc Marion is [MASK] .,French,synth_Language/TREx/P103.jsonl
131,The native language of Goncourt brothers is [MASK] .,French,synth_Language/TREx/P103.jsonl
133,The native language of Mahesh Babu is [MASK] .,Telugu,synth_Language/TREx/P103.jsonl
142,"The native language of Victor de Riqueti, marquis de Mirabeau is [MASK] .",French,synth_Language/TREx/P103.jsonl
144,The native language of Gustaaf Schlegel is [MASK] .,Dutch,synth_Language/TREx/P103.jsonl
146,The native language of Dmitry Rybolovlev is [MASK] .,Russian,synth_Language/TREx/P103.jsonl
148,The native language of Sophie Marceau is [MASK] .,French,synth_Language/TREx/P103.jsonl
176,The native language of Louis-Nicolas Davout is [MASK] .,French,synth_Language/TREx/P103.jsonl
184,The native language of Paul-Jean Toulet is [MASK] .,French,synth_Language/TREx/P103.jsonl
186,The native language of Adrien Duport is [MASK] .,French,synth_Language/TREx/P103.jsonl
188,The native language of Lionel Jospin is [MASK] .,French,synth_Language/TREx/P103.jsonl
192,The native language of Dmitry Malikov is [MASK] .,Russian,synth_Language/TREx/P103.jsonl
193,The native language of Michel Bouquet is [MASK] .,French,synth_Language/TREx/P103.jsonl
196,The native language of William Henry Harrison is [MASK] .,English,synth_Language/TREx/P103.jsonl
201,The native language of Jean Rouch is [MASK] .,French,synth_Language/TREx/P103.jsonl
208,The native language of Alain Delon is [MASK] .,French,synth_Language/TREx/P103.jsonl
223,The native language of Alfred Marie-Jeanne is [MASK] .,French,synth_Language/TREx/P103.jsonl
226,The native language of Philippe de Mornay is [MASK] .,French,synth_Language/TREx/P103.jsonl
227,The native language of Michel de Montaigne is [MASK] .,Latin,synth_Language/TREx/P103.jsonl
229,The native language of Yevgeny Yevtushenko is [MASK] .,Russian,synth_Language/TREx/P103.jsonl
238,The native language of Mukesh is [MASK] .,Malayalam,synth_Language/TREx/P103.jsonl
239,The native language of Pierre Alcover is [MASK] .,French,synth_Language/TREx/P103.jsonl
241,The native language of Pierre-Alexandre-Laurent Forfait is [MASK] .,French,synth_Language/TREx/P103.jsonl
243,The native language of Imanol Arias is [MASK] .,Spanish,synth_Language/TREx/P103.jsonl
251,The native language of Marthe Mellot is [MASK] .,French,synth_Language/TREx/P103.jsonl
253,The native language of Daniel Ceccaldi is [MASK] .,French,synth_Language/TREx/P103.jsonl
255,The native language of Jean-Pierre Marielle is [MASK] .,French,synth_Language/TREx/P103.jsonl
257,The native language of Patrick Topaloff is [MASK] .,French,synth_Language/TREx/P103.jsonl
259,The native language of John Paul II is [MASK] .,Polish,synth_Language/TREx/P103.jsonl
283,The native language of Henry de Montherlant is [MASK] .,French,synth_Language/TREx/P103.jsonl
286,The native language of Charles Le Goffic is [MASK] .,Breton,synth_Language/TREx/P103.jsonl
288,The native language of Pingali Nagendrarao is [MASK] .,Telugu,synth_Language/TREx/P103.jsonl
297,The native language of Jacques Laurent is [MASK] .,French,synth_Language/TREx/P103.jsonl
299,The native language of Nikolai Bukharin is [MASK] .,Russian,synth_Language/TREx/P103.jsonl
304,The native language of Gerrit Komrij is [MASK] .,Dutch,synth_Language/TREx/P103.jsonl
313,The native language of Jan Wils is [MASK] .,Dutch,synth_Language/TREx/P103.jsonl
315,The native language of Maurice Renard is [MASK] .,French,synth_Language/TREx/P103.jsonl
318,The native language of Jean Rostand is [MASK] .,French,synth_Language/TREx/P103.jsonl
323,The native language of Fernand Gravey is [MASK] .,French,synth_Language/TREx/P103.jsonl
334,The native language of Jules Paul Benjamin Delessert is [MASK] .,French,synth_Language/TREx/P103.jsonl
335,The native language of Jean Claudio is [MASK] .,French,synth_Language/TREx/P103.jsonl
337,The native language of Christophe Hondelatte is [MASK] .,French,synth_Language/TREx/P103.jsonl
339,The native language of Bruno Cremer is [MASK] .,French,synth_Language/TREx/P103.jsonl
341,The native language of Henri Vidal is [MASK] .,French,synth_Language/TREx/P103.jsonl
345,The native language of Louis Gallet is [MASK] .,French,synth_Language/TREx/P103.jsonl
356,The native language of Ville Haapasalo is [MASK] .,Russian,synth_Language/TREx/P103.jsonl
358,The native language of Claude Gensac is [MASK] .,French,synth_Language/TREx/P103.jsonl
360,The native language of Lindsey Davis is [MASK] .,English,synth_Language/TREx/P103.jsonl
362,The native language of Orane Demazis is [MASK] .,French,synth_Language/TREx/P103.jsonl
364,The native language of S. V. Ranga Rao is [MASK] .,Telugu,synth_Language/TREx/P103.jsonl
365,The native language of Guy Hocquenghem is [MASK] .,French,synth_Language/TREx/P103.jsonl
367,The native language of Gilles Quispel is [MASK] .,Dutch,synth_Language/TREx/P103.jsonl
369,The native language of Stefanos Stratigos is [MASK] .,Greek,synth_Language/TREx/P103.jsonl
375,The native language of Michael Albert is [MASK] .,English,synth_Language/TREx/P103.jsonl
376,The native language of Michele Bartoli is [MASK] .,Italian,synth_Language/TREx/P103.jsonl
379,The native language of Pierre Jolivet is [MASK] .,French,synth_Language/TREx/P103.jsonl
382,The native language of Roger Duchesne is [MASK] .,French,synth_Language/TREx/P103.jsonl
384,The native language of Alexandra Marinina is [MASK] .,Russian,synth_Language/TREx/P103.jsonl
397,The native language of Adriaan van Dis is [MASK] .,Dutch,synth_Language/TREx/P103.jsonl
404,The native language of Ginette Leclerc is [MASK] .,French,synth_Language/TREx/P103.jsonl
408,The native language of Daniel-Rops is [MASK] .,French,synth_Language/TREx/P103.jsonl
409,The native language of Christophe Moreau is [MASK] .,French,synth_Language/TREx/P103.jsonl
411,The native language of Ann Scott is [MASK] .,French,synth_Language/TREx/P103.jsonl
413,The native language of Franz-Olivier Giesbert is [MASK] .,French,synth_Language/TREx/P103.jsonl
415,The native language of Tonino Benacquista is [MASK] .,French,synth_Language/TREx/P103.jsonl
421,The native language of Joachim Lebreton is [MASK] .,French,synth_Language/TREx/P103.jsonl
424,The native language of Nikolay Strakhov is [MASK] .,Russian,synth_Language/TREx/P103.jsonl
436,The native language of Paul Bonifas is [MASK] .,French,synth_Language/TREx/P103.jsonl
438,The native language of Jacques Charles Dupont de l'Eure is [MASK] .,French,synth_Language/TREx/P103.jsonl
440,The native language of Jacques MacDonald is [MASK] .,French,synth_Language/TREx/P103.jsonl
445,The native language of Lionel Messi is [MASK] .,Spanish,synth_Language/TREx/P103.jsonl
449,The native language of Michel-Jean Sedaine is [MASK] .,French,synth_Language/TREx/P103.jsonl
462,The native language of Anatole France is [MASK] .,French,synth_Language/TREx/P103.jsonl
473,The native language of Vera Brezhneva is [MASK] .,Russian,synth_Language/TREx/P103.jsonl
477,The native language of Achille Varzi is [MASK] .,Italian,synth_Language/TREx/P103.jsonl
484,The native language of Babu Mohan is [MASK] .,Telugu,synth_Language/TREx/P103.jsonl
485,The native language of Marcel Vibert is [MASK] .,French,synth_Language/TREx/P103.jsonl
493,The native language of Jean Marais is [MASK] .,French,synth_Language/TREx/P103.jsonl
518,The native language of Jean-Marie Guyau is [MASK] .,French,synth_Language/TREx/P103.jsonl
521,The native language of Michel Delebarre is [MASK] .,French,synth_Language/TREx/P103.jsonl
523,The native language of Victor de Laprade is [MASK] .,French,synth_Language/TREx/P103.jsonl
525,The native language of Firmin Abauzit is [MASK] .,French,synth_Language/TREx/P103.jsonl
527,The native language of Dasaradhi is [MASK] .,Telugu,synth_Language/TREx/P103.jsonl
531,The native language of S. S. Rajamouli is [MASK] .,Telugu,synth_Language/TREx/P103.jsonl
533,The native language of Oleg Kotov is [MASK] .,Russian,synth_Language/TREx/P103.jsonl
547,The native language of Jean-Paul Sartre is [MASK] .,French,synth_Language/TREx/P103.jsonl
610,The native language of Louis Jourdan is [MASK] .,French,synth_Language/TREx/P103.jsonl
612,The native language of Evert Willem Beth is [MASK] .,Dutch,synth_Language/TREx/P103.jsonl
616,The native language of Michel Poniatowski is [MASK] .,French,synth_Language/TREx/P103.jsonl
624,The native language of Alexander Pushkin is [MASK] .,Russian,synth_Language/TREx/P103.jsonl
800,The native language of Marc-Philippe Daubresse is [MASK] .,French,synth_Language/TREx/P103.jsonl
802,The native language of Myriam Bru is [MASK] .,French,synth_Language/TREx/P103.jsonl
804,The native language of Robert Garnier is [MASK] .,French,synth_Language/TREx/P103.jsonl
807,The native language of Andy Murray is [MASK] .,English,synth_Language/TREx/P103.jsonl
809,The native language of Alphonse Pyramus de Candolle is [MASK] .,French,synth_Language/TREx/P103.jsonl
841,The native language of Georges Courteline is [MASK] .,French,synth_Language/TREx/P103.jsonl
844,The native language of Agoston Haraszthy is [MASK] .,Hungarian,synth_Language/TREx/P103.jsonl
846,The native language of Pierre Blanchar is [MASK] .,French,synth_Language/TREx/P103.jsonl
848,"The native language of Claude Henri de Rouvroy, comte de Saint-Simon is [MASK] .",French,synth_Language/TREx/P103.jsonl
854,The native language of Sourou-Migan Apithy is [MASK] .,French,synth_Language/TREx/P103.jsonl
856,The native language of Christine Boisson is [MASK] .,French,synth_Language/TREx/P103.jsonl
858,The native language of Jean Rollin is [MASK] .,French,synth_Language/TREx/P103.jsonl
868,The native language of Thierry Lhermitte is [MASK] .,French,synth_Language/TREx/P103.jsonl
871,The native language of Miho Mosulishvili is [MASK] .,Georgian,synth_Language/TREx/P103.jsonl
878,The native language of John Calvin is [MASK] .,French,synth_Language/TREx/P103.jsonl
891,The native language of Pierre Pelot is [MASK] .,French,synth_Language/TREx/P103.jsonl
892,The native language of Louis Legendre is [MASK] .,French,synth_Language/TREx/P103.jsonl
894,The native language of Christian Bouchet is [MASK] .,French,synth_Language/TREx/P103.jsonl
900,The native language of Cees Nooteboom is [MASK] .,Dutch,synth_Language/TREx/P103.jsonl
914,The native language of Henricus Hondius II is [MASK] .,Dutch,synth_Language/TREx/P103.jsonl
916,The native language of Fernand Ledoux is [MASK] .,French,synth_Language/TREx/P103.jsonl
920,The native language of Milly Mathis is [MASK] .,French,synth_Language/TREx/P103.jsonl
922,The native language of Boris Kochno is [MASK] .,French,synth_Language/TREx/P103.jsonl
924,The native language of Angelica Agurbash is [MASK] .,Russian,synth_Language/TREx/P103.jsonl
928,The native language of Oleg Skripochka is [MASK] .,Russian,synth_Language/TREx/P103.jsonl
930,The native language of Fredrika Bremer is [MASK] .,Swedish,synth_Language/TREx/P103.jsonl
939,The native language of Korney Chukovsky is [MASK] .,Russian,synth_Language/TREx/P103.jsonl
947,The native language of Peter Kassovitz is [MASK] .,French,synth_Language/TREx/P103.jsonl
949,The native language of Gaby Morlay is [MASK] .,French,synth_Language/TREx/P103.jsonl
953,The native language of Gabrielle Fontan is [MASK] .,French,synth_Language/TREx/P103.jsonl
955,The native language of Dmitry Merezhkovsky is [MASK] .,Russian,synth_Language/TREx/P103.jsonl
956,The native language of Mabrouk El Mechri is [MASK] .,French,synth_Language/TREx/P103.jsonl
959,"The native language of Claude Victor-Perrin, Duc de Belluno is [MASK] .",French,synth_Language/TREx/P103.jsonl
965,The native language of Roger Hanin is [MASK] .,French,synth_Language/TREx/P103.jsonl
970,The native language of Roland Armontel is [MASK] .,French,synth_Language/TREx/P103.jsonl
972,The native language of Viacheslav Belavkin is [MASK] .,Russian,synth_Language/TREx/P103.jsonl
973,The native language of Michel Godard is [MASK] .,French,synth_Language/TREx/P103.jsonl
977,The native language of Edmond Michelet is [MASK] .,French,synth_Language/TREx/P103.jsonl
979,The native language of Adurthi Subba Rao is [MASK] .,Telugu,synth_Language/TREx/P103.jsonl
986,The native language of Jacques Toubon is [MASK] .,French,synth_Language/TREx/P103.jsonl
988,The native language of Maurice Bucaille is [MASK] .,French,synth_Language/TREx/P103.jsonl
992,The native language of Martine Brochard is [MASK] .,French,synth_Language/TREx/P103.jsonl
994,The native language of Marcelin Pleynet is [MASK] .,French,synth_Language/TREx/P103.jsonl
996,The native language of Armand Trousseau is [MASK] .,French,synth_Language/TREx/P103.jsonl
999,The native language of Kozma Prutkov is [MASK] .,Russian,synth_Language/TREx/P103.jsonl
1001,The native language of Sylvia Lopez is [MASK] .,French,synth_Language/TREx/P103.jsonl
1003,The native language of Georges Perec is [MASK] .,French,synth_Language/TREx/P103.jsonl
1020,The native language of Lee Chang-dong is [MASK] .,Hangul,synth_Language/TREx/P103.jsonl
1023,The native language of Pierre Fresnay is [MASK] .,French,synth_Language/TREx/P103.jsonl
1029,The native language of William-Adolphe Bouguereau is [MASK] .,French,synth_Language/TREx/P103.jsonl
1049,The native language of Park Bum-shin is [MASK] .,Hangul,synth_Language/TREx/P103.jsonl
1050,The native language of Ram Gopal Varma is [MASK] .,Telugu,synth_Language/TREx/P103.jsonl
1073,The native language of Constantijn Huygens is [MASK] .,Dutch,synth_Language/TREx/P103.jsonl
1080,The native language of Lannick Gautry is [MASK] .,French,synth_Language/TREx/P103.jsonl
1082,The native language of Jean Reno is [MASK] .,French,synth_Language/TREx/P103.jsonl
1094,The native language of Christine Albanel is [MASK] .,French,synth_Language/TREx/P103.jsonl
1097,The native language of Pietro Mennea is [MASK] .,Italian,synth_Language/TREx/P103.jsonl
1100,The native language of Michel Etcheverry is [MASK] .,French,synth_Language/TREx/P103.jsonl
1102,The native language of Audrey Tautou is [MASK] .,French,synth_Language/TREx/P103.jsonl
1107,The native language of Dmitry Muratov is [MASK] .,Russian,synth_Language/TREx/P103.jsonl
1109,The native language of Geoff Dyer is [MASK] .,English,synth_Language/TREx/P103.jsonl
1111,The native language of Marcel Ichac is [MASK] .,French,synth_Language/TREx/P103.jsonl
1113,The native language of Polina Zherebtsova is [MASK] .,Russian,synth_Language/TREx/P103.jsonl
1117,The native language of J. Robert Oppenheimer is [MASK] .,English,synth_Language/TREx/P103.jsonl
1120,The native language of Alain Robbe-Grillet is [MASK] .,French,synth_Language/TREx/P103.jsonl
1132,The native language of Bernadette Lafont is [MASK] .,French,synth_Language/TREx/P103.jsonl
1137,The native language of Eugene Roshal is [MASK] .,Russian,synth_Language/TREx/P103.jsonl
1144,The native language of Louis Edmond Duranty is [MASK] .,French,synth_Language/TREx/P103.jsonl
1146,The native language of Viktor Bychkov is [MASK] .,Russian,synth_Language/TREx/P103.jsonl
1148,The native language of Jean-Baptiste Solignac is [MASK] .,French,synth_Language/TREx/P103.jsonl
1150,The native language of Olivier Marchal is [MASK] .,French,synth_Language/TREx/P103.jsonl
1155,The native language of Ingrian Finns is [MASK] .,Finnish,synth_Language/TREx/P103.jsonl
1175,The native language of Manuel Blanc is [MASK] .,French,synth_Language/TREx/P103.jsonl
1177,The native language of Erick van Egeraat is [MASK] .,Dutch,synth_Language/TREx/P103.jsonl
1180,The native language of Gwen Stefani is [MASK] .,English,synth_Language/TREx/P103.jsonl
1182,The native language of Ivan Ivanov-Vano is [MASK] .,Russian,synth_Language/TREx/P103.jsonl
1184,The native language of Claude Ribbe is [MASK] .,French,synth_Language/TREx/P103.jsonl
1188,The native language of Pyotr Vyazemsky is [MASK] .,Russian,synth_Language/TREx/P103.jsonl
1190,The native language of William Habington is [MASK] .,English,synth_Language/TREx/P103.jsonl
1194,The native language of George Sluizer is [MASK] .,Dutch,synth_Language/TREx/P103.jsonl
1202,The native language of Olympe de Gouges is [MASK] .,French,synth_Language/TREx/P103.jsonl
1208,The native language of Christopher Smart is [MASK] .,English,synth_Language/TREx/P103.jsonl
1212,The native language of David Beckham is [MASK] .,English,synth_Language/TREx/P103.jsonl
1218,The native language of Blaise Pascal is [MASK] .,French,synth_Language/TREx/P103.jsonl
1303,The native language of Pierre Magnier is [MASK] .,French,synth_Language/TREx/P103.jsonl
1307,The native language of Odette Joyeux is [MASK] .,French,synth_Language/TREx/P103.jsonl
1310,The native language of Kad Merad is [MASK] .,French,synth_Language/TREx/P103.jsonl
1312,The native language of Maurice Schutz is [MASK] .,French,synth_Language/TREx/P103.jsonl
1314,The native language of Bernard Giraudeau is [MASK] .,French,synth_Language/TREx/P103.jsonl
1318,The native language of Pierre Trabaud is [MASK] .,French,synth_Language/TREx/P103.jsonl
1320,The native language of Georges Leygues is [MASK] .,French,synth_Language/TREx/P103.jsonl
1322,The native language of Vladimir Bekhterev is [MASK] .,Russian,synth_Language/TREx/P103.jsonl
1333,The native language of Jenson Button is [MASK] .,English,synth_Language/TREx/P103.jsonl
1335,The native language of Pierre Louis Prieur is [MASK] .,French,synth_Language/TREx/P103.jsonl
1336,The native language of Isaac Massa is [MASK] .,Dutch,synth_Language/TREx/P103.jsonl
1337,The native language of Jean Giraudoux is [MASK] .,French,synth_Language/TREx/P103.jsonl
1360,The native language of Aleksei Dikiy is [MASK] .,Russian,synth_Language/TREx/P103.jsonl
1362,The native language of Clovis Cornillac is [MASK] .,French,synth_Language/TREx/P103.jsonl
1365,The native language of Antonietta Di Martino is [MASK] .,Italian,synth_Language/TREx/P103.jsonl
1367,The native language of Anna Bijns is [MASK] .,Dutch,synth_Language/TREx/P103.jsonl
1368,The native language of Bernard Menez is [MASK] .,French,synth_Language/TREx/P103.jsonl
1370,The native language of Danielle Darrieux is [MASK] .,French,synth_Language/TREx/P103.jsonl
1377,The native language of Pauline Lafont is [MASK] .,French,synth_Language/TREx/P103.jsonl
1380,The native language of Pierre Reverdy is [MASK] .,French,synth_Language/TREx/P103.jsonl
1382,The native language of Venu Thottempudi is [MASK] .,Telugu,synth_Language/TREx/P103.jsonl
1383,The native language of Fyodor Pavlovich Reshetnikov is [MASK] .,Russian,synth_Language/TREx/P103.jsonl
1384,The native language of Ewa Farna is [MASK] .,Polish,synth_Language/TREx/P103.jsonl
1385,The native language of Ercole Baldini is [MASK] .,Italian,synth_Language/TREx/P103.jsonl
1389,The native language of Pierre Bayle is [MASK] .,French,synth_Language/TREx/P103.jsonl
1391,The native language of Nikolay Akimov is [MASK] .,Russian,synth_Language/TREx/P103.jsonl
1393,The native language of Gennady Zyuganov is [MASK] .,Russian,synth_Language/TREx/P103.jsonl
1395,The native language of Jean Gaven is [MASK] .,French,synth_Language/TREx/P103.jsonl
1397,The native language of Kool Shen is [MASK] .,French,synth_Language/TREx/P103.jsonl
1399,The native language of Pierre Bec is [MASK] .,French,synth_Language/TREx/P103.jsonl
1402,The native language of Dominique Besnehard is [MASK] .,French,synth_Language/TREx/P103.jsonl
1404,The native language of Gerard Bilders is [MASK] .,Dutch,synth_Language/TREx/P103.jsonl
1405,The native language of Joseph Laniel is [MASK] .,French,synth_Language/TREx/P103.jsonl
1408,The native language of Hamidou Benmassoud is [MASK] .,French,synth_Language/TREx/P103.jsonl
1409,The native language of Henri Gault is [MASK] .,French,synth_Language/TREx/P103.jsonl
1411,The native language of Olivier Messiaen is [MASK] .,French,synth_Language/TREx/P103.jsonl
1443,The native language of Leo Klejn is [MASK] .,Russian,synth_Language/TREx/P103.jsonl
1445,The native language of Victor Horta is [MASK] .,Dutch,synth_Language/TREx/P103.jsonl
1451,The native language of Miguel de Cervantes is [MASK] .,Spanish,synth_Language/TREx/P103.jsonl
1528,The native language of Woodrow Wilson is [MASK] .,English,synth_Language/TREx/P103.jsonl
1530,The native language of Alexander Butlerov is [MASK] .,Russian,synth_Language/TREx/P103.jsonl
1531,The native language of Oleg Novitskiy is [MASK] .,Russian,synth_Language/TREx/P103.jsonl
1532,The native language of Marc Caro is [MASK] .,French,synth_Language/TREx/P103.jsonl
1533,The native language of Robert Jan van Pelt is [MASK] .,Dutch,synth_Language/TREx/P103.jsonl
1535,The native language of Alexander Lebedev is [MASK] .,Russian,synth_Language/TREx/P103.jsonl
1536,The native language of Augustin Barruel is [MASK] .,French,synth_Language/TREx/P103.jsonl
1538,The native language of Maurice Poli is [MASK] .,French,synth_Language/TREx/P103.jsonl
1540,The native language of Nikolai Luzin is [MASK] .,Russian,synth_Language/TREx/P103.jsonl
1546,The native language of Patrick Devedjian is [MASK] .,French,synth_Language/TREx/P103.jsonl
1549,The native language of Jean Paulhan is [MASK] .,French,synth_Language/TREx/P103.jsonl
1560,The native language of Romain Duris is [MASK] .,French,synth_Language/TREx/P103.jsonl
1568,The native language of Thom Hoffman is [MASK] .,Dutch,synth_Language/TREx/P103.jsonl
1572,The native language of Anna Kournikova is [MASK] .,Russian,synth_Language/TREx/P103.jsonl
1574,The native language of Alice Delysia is [MASK] .,French,synth_Language/TREx/P103.jsonl
1576,The native language of Coralie Trinh Thi is [MASK] .,French,synth_Language/TREx/P103.jsonl
1579,The native language of Catherine Rouvel is [MASK] .,French,synth_Language/TREx/P103.jsonl
1582,The native language of Isabelle Caro is [MASK] .,French,synth_Language/TREx/P103.jsonl
1583,The native language of Nagendra Babu is [MASK] .,Telugu,synth_Language/TREx/P103.jsonl
1587,The native language of Francis Jammes is [MASK] .,French,synth_Language/TREx/P103.jsonl
1591,The native language of Bam Margera is [MASK] .,English,synth_Language/TREx/P103.jsonl
1592,The native language of Jean-Marie Cavada is [MASK] .,French,synth_Language/TREx/P103.jsonl
1593,The native language of Henri Garat is [MASK] .,French,synth_Language/TREx/P103.jsonl
1596,The native language of Jacques Attali is [MASK] .,French,synth_Language/TREx/P103.jsonl
1601,The native language of Camille de Casabianca is [MASK] .,French,synth_Language/TREx/P103.jsonl
1604,The native language of Daniel Ivernel is [MASK] .,French,synth_Language/TREx/P103.jsonl
1609,The native language of Frans G. Bengtsson is [MASK] .,Swedish,synth_Language/TREx/P103.jsonl
1611,The native language of Tina Turner is [MASK] .,English,synth_Language/TREx/P103.jsonl
1612,The native language of Riebeeck Jan Van is [MASK] .,Dutch,synth_Language/TREx/P103.jsonl
1613,The native language of Fred Vargas is [MASK] .,French,synth_Language/TREx/P103.jsonl
1622,The native language of Mithat Bayrak is [MASK] .,Turkish,synth_Language/TREx/P103.jsonl
1624,The native language of Marcel Schwob is [MASK] .,French,synth_Language/TREx/P103.jsonl
1632,The native language of Zelimkhan Yandarbiyev is [MASK] .,Russian,synth_Language/TREx/P103.jsonl
1634,The native language of Louis Joxe is [MASK] .,French,synth_Language/TREx/P103.jsonl
1636,The native language of Raghu Babu is [MASK] .,Telugu,synth_Language/TREx/P103.jsonl
1638,The native language of Odette Barencey is [MASK] .,French,synth_Language/TREx/P103.jsonl
1640,The native language of Irma Boom is [MASK] .,Dutch,synth_Language/TREx/P103.jsonl
1643,The native language of Nyusha is [MASK] .,Russian,synth_Language/TREx/P103.jsonl
1647,The native language of Henriette-Julie de Murat is [MASK] .,French,synth_Language/TREx/P103.jsonl
1657,The native language of Lev Landau is [MASK] .,Russian,synth_Language/TREx/P103.jsonl
1662,The native language of Alex Ferguson is [MASK] .,English,synth_Language/TREx/P103.jsonl
1666,The native language of Louis-Jean-Marie Daubenton is [MASK] .,French,synth_Language/TREx/P103.jsonl
1669,The native language of Ferdinand-Alphonse Hamelin is [MASK] .,French,synth_Language/TREx/P103.jsonl
1672,The native language of Lydie Denier is [MASK] .,French,synth_Language/TREx/P103.jsonl
1674,The native language of Dominique Bouhours is [MASK] .,French,synth_Language/TREx/P103.jsonl
1676,The native language of Frederick Marryat is [MASK] .,English,synth_Language/TREx/P103.jsonl
1677,The native language of Elsa Zylberstein is [MASK] .,French,synth_Language/TREx/P103.jsonl
1679,The native language of Nicolaas Pierson is [MASK] .,Dutch,synth_Language/TREx/P103.jsonl
1681,The native language of Adolphe Schneider is [MASK] .,French,synth_Language/TREx/P103.jsonl
1683,The native language of Julie Myerson is [MASK] .,English,synth_Language/TREx/P103.jsonl
1686,The native language of Juan de Espinosa Medrano is [MASK] .,Spanish,synth_Language/TREx/P103.jsonl
1687,The native language of Paolo Tiralongo is [MASK] .,Italian,synth_Language/TREx/P103.jsonl
1689,The native language of Isabelle Nanty is [MASK] .,French,synth_Language/TREx/P103.jsonl
1691,The native language of Marcel Mouloudji is [MASK] .,French,synth_Language/TREx/P103.jsonl
1692,The native language of Jean-Pierre Andrevon is [MASK] .,French,synth_Language/TREx/P103.jsonl
1693,The native language of Joannes de Laet is [MASK] .,Dutch,synth_Language/TREx/P103.jsonl
1695,The native language of Charles Augustin Sainte-Beuve is [MASK] .,French,synth_Language/TREx/P103.jsonl
1702,The native language of Gilles Lellouche is [MASK] .,French,synth_Language/TREx/P103.jsonl
1705,The native language of Marguerite Audoux is [MASK] .,French,synth_Language/TREx/P103.jsonl
1707,The native language of Shy'm is [MASK] .,French,synth_Language/TREx/P103.jsonl
1717,The native language of Colette Darfeuil is [MASK] .,French,synth_Language/TREx/P103.jsonl
1719,The native language of Mohammad-Reza Sharifinia is [MASK] .,Persian,synth_Language/TREx/P103.jsonl
1721,The native language of Blanchette Brunoy is [MASK] .,French,synth_Language/TREx/P103.jsonl
1723,The native language of Patrick Chamoiseau is [MASK] .,French,synth_Language/TREx/P103.jsonl
1727,The native language of Wil Huygen is [MASK] .,Dutch,synth_Language/TREx/P103.jsonl
1731,The native language of Jacques Ellul is [MASK] .,French,synth_Language/TREx/P103.jsonl
1737,The native language of Edward Bulwer-Lytton is [MASK] .,English,synth_Language/TREx/P103.jsonl
1746,The native language of Glenmor is [MASK] .,Breton,synth_Language/TREx/P103.jsonl
1750,The native language of Geetu Mohandas is [MASK] .,Malayalam,synth_Language/TREx/P103.jsonl
1752,The native language of Guy Debord is [MASK] .,French,synth_Language/TREx/P103.jsonl
1758,The native language of Christopher Frank is [MASK] .,French,synth_Language/TREx/P103.jsonl
1761,The native language of Simon Dubnow is [MASK] .,Russian,synth_Language/TREx/P103.jsonl
1763,The native language of Gautier de Metz is [MASK] .,French,synth_Language/TREx/P103.jsonl
1766,The native language of Cyril Collard is [MASK] .,French,synth_Language/TREx/P103.jsonl
1768,The native language of Henri Desgrange is [MASK] .,French,synth_Language/TREx/P103.jsonl
1770,The native language of Silvia Monfort is [MASK] .,French,synth_Language/TREx/P103.jsonl
1772,The native language of Joseph Buonaparte is [MASK] .,French,synth_Language/TREx/P103.jsonl
1778,The native language of Michel Saint-Denis is [MASK] .,French,synth_Language/TREx/P103.jsonl
1780,The native language of Pierre Brice is [MASK] .,French,synth_Language/TREx/P103.jsonl
1782,The native language of Maurice Teynac is [MASK] .,French,synth_Language/TREx/P103.jsonl
1784,The native language of Boris Vian is [MASK] .,French,synth_Language/TREx/P103.jsonl
1815,The native language of Brahmaji is [MASK] .,Telugu,synth_Language/TREx/P103.jsonl
1816,The native language of Michel Robin is [MASK] .,French,synth_Language/TREx/P103.jsonl
1818,The native language of Jean-Marie Le Pen is [MASK] .,French,synth_Language/TREx/P103.jsonl
1829,The native language of Farid Chopel is [MASK] .,French,synth_Language/TREx/P103.jsonl
1831,The native language of Novak Djokovic is [MASK] .,Serbian,synth_Language/TREx/P103.jsonl
1845,The native language of Muriel Barbery is [MASK] .,French,synth_Language/TREx/P103.jsonl
1850,The native language of Jean Piat is [MASK] .,French,synth_Language/TREx/P103.jsonl
1852,The native language of Alain Mabanckou is [MASK] .,French,synth_Language/TREx/P103.jsonl
1856,The native language of Lipke Holthuis is [MASK] .,Dutch,synth_Language/TREx/P103.jsonl
1858,The native language of Chaya Devi is [MASK] .,Bengali,synth_Language/TREx/P103.jsonl
1860,The native language of Anne Fontaine is [MASK] .,French,synth_Language/TREx/P103.jsonl
1867,The native language of Maximilian Voloshin is [MASK] .,Russian,synth_Language/TREx/P103.jsonl
1871,The native language of Maarten Tromp is [MASK] .,Dutch,synth_Language/TREx/P103.jsonl
1876,The native language of Paul Guimard is [MASK] .,French,synth_Language/TREx/P103.jsonl
1879,The native language of Jacques Frantz is [MASK] .,French,synth_Language/TREx/P103.jsonl
1881,The native language of Vera Zvonareva is [MASK] .,Russian,synth_Language/TREx/P103.jsonl
1884,The native language of Irina Shayk is [MASK] .,Russian,synth_Language/TREx/P103.jsonl
1894,The native language of Ludivine Sagnier is [MASK] .,French,synth_Language/TREx/P103.jsonl
1900,The native language of John Dalton is [MASK] .,English,synth_Language/TREx/P103.jsonl
1910,The native language of Claude Rich is [MASK] .,French,synth_Language/TREx/P103.jsonl
1912,The native language of Marcelle Auclair is [MASK] .,French,synth_Language/TREx/P103.jsonl
1914,The native language of Theodore Roosevelt is [MASK] .,English,synth_Language/TREx/P103.jsonl
1917,The native language of Bas Jan Ader is [MASK] .,Dutch,synth_Language/TREx/P103.jsonl
1919,The native language of Xavier Beauvois is [MASK] .,French,synth_Language/TREx/P103.jsonl
1927,The native language of Olga Medvedtseva is [MASK] .,Russian,synth_Language/TREx/P103.jsonl
1929,The native language of Jaak Aaviksoo is [MASK] .,Estonian,synth_Language/TREx/P103.jsonl
1934,The native language of Aleksandr Lyapunov is [MASK] .,Russian,synth_Language/TREx/P103.jsonl
1939,The native language of Didier Van Cauwelaert is [MASK] .,French,synth_Language/TREx/P103.jsonl
1944,The native language of Guy Drut is [MASK] .,French,synth_Language/TREx/P103.jsonl
1945,The native language of Boris Asafyev is [MASK] .,Russian,synth_Language/TREx/P103.jsonl
1949,The native language of Samuel Benchetrit is [MASK] .,French,synth_Language/TREx/P103.jsonl
1950,The native language of Julie Delpy is [MASK] .,French,synth_Language/TREx/P103.jsonl
1951,The native language of Almeida Garrett is [MASK] .,Portuguese,synth_Language/TREx/P103.jsonl
1957,The native language of Henri Barbusse is [MASK] .,French,synth_Language/TREx/P103.jsonl
1958,The native language of Aleksandr Ptushko is [MASK] .,Russian,synth_Language/TREx/P103.jsonl
1962,The native language of Robin Renucci is [MASK] .,French,synth_Language/TREx/P103.jsonl
1964,The native language of Manuel Valls is [MASK] .,Spanish,synth_Language/TREx/P103.jsonl
1967,The native language of Jean Foyer is [MASK] .,French,synth_Language/TREx/P103.jsonl
1969,The native language of Octave Uzanne is [MASK] .,French,synth_Language/TREx/P103.jsonl
1972,The native language of George Sand is [MASK] .,French,synth_Language/TREx/P103.jsonl
1993,The native language of Jeroen Willems is [MASK] .,Dutch,synth_Language/TREx/P103.jsonl
1995,The native language of Jiang Qinqin is [MASK] .,Chinese,synth_Language/TREx/P103.jsonl
1998,The native language of Betha Sudhakar is [MASK] .,Telugu,synth_Language/TREx/P103.jsonl
2002,The native language of Artyom Borovik is [MASK] .,Russian,synth_Language/TREx/P103.jsonl
2006,The native language of Fabrice Luchini is [MASK] .,French,synth_Language/TREx/P103.jsonl
2012,The native language of Fanny Ardant is [MASK] .,French,synth_Language/TREx/P103.jsonl
2014,The native language of Annick Alane is [MASK] .,French,synth_Language/TREx/P103.jsonl
2017,The native language of Pierre Brasseur is [MASK] .,French,synth_Language/TREx/P103.jsonl
2023,The native language of Jean-Antoine Roucher is [MASK] .,French,synth_Language/TREx/P103.jsonl
2025,The native language of Hendrik Petrus Berlage is [MASK] .,Dutch,synth_Language/TREx/P103.jsonl
2031,"The native language of Louis de Rouvroy, duc de Saint-Simon is [MASK] .",French,synth_Language/TREx/P103.jsonl
2034,The native language of Walter Pater is [MASK] .,English,synth_Language/TREx/P103.jsonl
2036,The native language of Roger Dumas is [MASK] .,French,synth_Language/TREx/P103.jsonl
2040,The native language of Jean-Baptiste Henri Lacordaire is [MASK] .,French,synth_Language/TREx/P103.jsonl
2044,The native language of Leo Tolstoy is [MASK] .,Russian,synth_Language/TREx/P103.jsonl
2177,The native language of Al Gore is [MASK] .,English,synth_Language/TREx/P103.jsonl
2180,The native language of Jean Bruller is [MASK] .,French,synth_Language/TREx/P103.jsonl
2184,The native language of Nicola Sirkis is [MASK] .,French,synth_Language/TREx/P103.jsonl
2186,The native language of Ilya Ehrenburg is [MASK] .,Russian,synth_Language/TREx/P103.jsonl
2189,The native language of Kannadasan is [MASK] .,Tamil,synth_Language/TREx/P103.jsonl
2209,The native language of Jacques Dufilho is [MASK] .,French,synth_Language/TREx/P103.jsonl
2211,The native language of Jean Le Poulain is [MASK] .,French,synth_Language/TREx/P103.jsonl
2213,The native language of Julien Carette is [MASK] .,French,synth_Language/TREx/P103.jsonl
2220,The native language of Joop Zoetemelk is [MASK] .,Dutch,synth_Language/TREx/P103.jsonl
2221,The native language of Jean-Christophe Bouvet is [MASK] .,French,synth_Language/TREx/P103.jsonl
2223,The native language of Xavier Saint-Macary is [MASK] .,French,synth_Language/TREx/P103.jsonl
2225,The native language of Johan van Heemskerk is [MASK] .,Dutch,synth_Language/TREx/P103.jsonl
2227,The native language of Emmanuel Hocquard is [MASK] .,French,synth_Language/TREx/P103.jsonl
2232,The native language of Louis Gabriel Michaud is [MASK] .,French,synth_Language/TREx/P103.jsonl
2236,"The native language of Jean-Baptiste de Boyer, Marquis d'Argens is [MASK] .",French,synth_Language/TREx/P103.jsonl
2238,The native language of Maurice Thorez is [MASK] .,French,synth_Language/TREx/P103.jsonl
2244,The native language of Claude Cerval is [MASK] .,French,synth_Language/TREx/P103.jsonl
2246,The native language of Hendrikus Colijn is [MASK] .,Dutch,synth_Language/TREx/P103.jsonl
2247,The native language of Edsger W. Dijkstra is [MASK] .,Dutch,synth_Language/TREx/P103.jsonl
2251,The native language of Dominique Sanda is [MASK] .,French,synth_Language/TREx/P103.jsonl
2254,The native language of Vincent Rottiers is [MASK] .,French,synth_Language/TREx/P103.jsonl
2257,The native language of Jean-Louis Curtis is [MASK] .,French,synth_Language/TREx/P103.jsonl
2263,The native language of Edward Burnett Tylor is [MASK] .,English,synth_Language/TREx/P103.jsonl
2266,The native language of Vincent Lacoste is [MASK] .,French,synth_Language/TREx/P103.jsonl
2270,The native language of Paul Capellani is [MASK] .,French,synth_Language/TREx/P103.jsonl
2272,The native language of Charles de Rochefort is [MASK] .,French,synth_Language/TREx/P103.jsonl
2273,The native language of Maurice Risch is [MASK] .,French,synth_Language/TREx/P103.jsonl
2275,The native language of Raymond Abellio is [MASK] .,French,synth_Language/TREx/P103.jsonl
2278,The native language of Paul Pellisson is [MASK] .,French,synth_Language/TREx/P103.jsonl
2280,The native language of Daniel Tammet is [MASK] .,English,synth_Language/TREx/P103.jsonl
2282,The native language of Pierre Bourdieu is [MASK] .,French,synth_Language/TREx/P103.jsonl
2292,The native language of Hans Peter Anvin is [MASK] .,Swedish,synth_Language/TREx/P103.jsonl
2294,The native language of Raymond Triboulet is [MASK] .,French,synth_Language/TREx/P103.jsonl
2296,The native language of Josiane Balasko is [MASK] .,French,synth_Language/TREx/P103.jsonl
2301,The native language of Paul Frankeur is [MASK] .,French,synth_Language/TREx/P103.jsonl
2303,The native language of Symeon of Polotsk is [MASK] .,Russian,synth_Language/TREx/P103.jsonl
2305,The native language of Isabelle Autissier is [MASK] .,French,synth_Language/TREx/P103.jsonl
2307,The native language of Jean-Hilaire Aubame is [MASK] .,French,synth_Language/TREx/P103.jsonl
2308,The native language of Laurent Casanova is [MASK] .,French,synth_Language/TREx/P103.jsonl
2310,The native language of Pierre Schneiter is [MASK] .,French,synth_Language/TREx/P103.jsonl
2312,The native language of Louis Florencie is [MASK] .,French,synth_Language/TREx/P103.jsonl
2314,The native language of Charlotte-Rose de Caumont de La Force is [MASK] .,French,synth_Language/TREx/P103.jsonl
2320,The native language of Willem Johan Kolff is [MASK] .,Dutch,synth_Language/TREx/P103.jsonl
2323,The native language of Arthur Dupont is [MASK] .,French,synth_Language/TREx/P103.jsonl
2325,The native language of Devulapalli Krishnasastri is [MASK] .,Telugu,synth_Language/TREx/P103.jsonl
2327,The native language of Louis Dutens is [MASK] .,French,synth_Language/TREx/P103.jsonl
2335,The native language of Anastasy Vonsyatsky is [MASK] .,Russian,synth_Language/TREx/P103.jsonl
2336,The native language of Kondavalasa Lakshmana Rao is [MASK] .,Telugu,synth_Language/TREx/P103.jsonl
2338,The native language of Yuri Knorozov is [MASK] .,Russian,synth_Language/TREx/P103.jsonl
2341,The native language of Johnny Hallyday is [MASK] .,French,synth_Language/TREx/P103.jsonl
2388,The native language of Marie-Arlette Carlotti is [MASK] .,French,synth_Language/TREx/P103.jsonl
2390,The native language of Ida Dalser is [MASK] .,Italian,synth_Language/TREx/P103.jsonl
2392,The native language of Ger van Elk is [MASK] .,Dutch,synth_Language/TREx/P103.jsonl
2394,The native language of Tylman van Gameren is [MASK] .,Dutch,synth_Language/TREx/P103.jsonl
2395,The native language of Nazi Boni is [MASK] .,French,synth_Language/TREx/P103.jsonl
2396,The native language of Roger Caillois is [MASK] .,French,synth_Language/TREx/P103.jsonl
2403,The native language of Roger Garaudy is [MASK] .,French,synth_Language/TREx/P103.jsonl
2408,The native language of Paul Louis Courier is [MASK] .,French,synth_Language/TREx/P103.jsonl
2410,The native language of Jalil Lespert is [MASK] .,French,synth_Language/TREx/P103.jsonl
2412,The native language of Alfred Capus is [MASK] .,French,synth_Language/TREx/P103.jsonl
2415,The native language of Daniel Darc is [MASK] .,French,synth_Language/TREx/P103.jsonl
2417,The native language of Jules Favre is [MASK] .,French,synth_Language/TREx/P103.jsonl
2418,The native language of Anton Nilson is [MASK] .,Swedish,synth_Language/TREx/P103.jsonl
2420,The native language of Nicolas Giraud is [MASK] .,French,synth_Language/TREx/P103.jsonl
2422,The native language of Marcel Pagnol is [MASK] .,French,synth_Language/TREx/P103.jsonl
2439,The native language of Zachris Topelius is [MASK] .,Swedish,synth_Language/TREx/P103.jsonl
2445,The native language of Aluri Chakrapani is [MASK] .,Telugu,synth_Language/TREx/P103.jsonl
2450,The native language of Panagiotis Lafazanis is [MASK] .,Greek,synth_Language/TREx/P103.jsonl
2454,The native language of Amira Casar is [MASK] .,French,synth_Language/TREx/P103.jsonl
2456,The native language of Shakira is [MASK] .,Spanish,synth_Language/TREx/P103.jsonl
2485,The native language of Joseph Brodsky is [MASK] .,Russian,synth_Language/TREx/P103.jsonl
2502,The native language of Master Venu is [MASK] .,Telugu,synth_Language/TREx/P103.jsonl
2504,The native language of Louis Friant is [MASK] .,French,synth_Language/TREx/P103.jsonl
2505,The native language of Henri-Joseph Paixhans is [MASK] .,French,synth_Language/TREx/P103.jsonl
2509,The native language of Maurice Biraud is [MASK] .,French,synth_Language/TREx/P103.jsonl
2511,The native language of Pierre Daniel Huet is [MASK] .,French,synth_Language/TREx/P103.jsonl
2513,The native language of Michel d'Ornano is [MASK] .,French,synth_Language/TREx/P103.jsonl
2514,The native language of Jacques Mauclair is [MASK] .,French,synth_Language/TREx/P103.jsonl
2516,The native language of Alberto Giacometti is [MASK] .,Italian,synth_Language/TREx/P103.jsonl
2561,The native language of Jean Marot is [MASK] .,French,synth_Language/TREx/P103.jsonl
2562,The native language of Gollapudi Maruti Rao is [MASK] .,Telugu,synth_Language/TREx/P103.jsonl
2565,The native language of Christiane Taubira is [MASK] .,French,synth_Language/TREx/P103.jsonl
2568,The native language of Vlada Roslyakova is [MASK] .,Russian,synth_Language/TREx/P103.jsonl
2572,The native language of Marie Curie is [MASK] .,Polish,synth_Language/TREx/P103.jsonl
2576,The native language of Joost Swarte is [MASK] .,Dutch,synth_Language/TREx/P103.jsonl
2579,The native language of Akkineni Nagarjuna is [MASK] .,Telugu,synth_Language/TREx/P103.jsonl
2604,The native language of Louis Nicolas Vauquelin is [MASK] .,French,synth_Language/TREx/P103.jsonl
2607,The native language of Robert Lecourt is [MASK] .,French,synth_Language/TREx/P103.jsonl
2609,The native language of Marguerite Yourcenar is [MASK] .,French,synth_Language/TREx/P103.jsonl
2621,The native language of Aleksey Khomyakov is [MASK] .,Russian,synth_Language/TREx/P103.jsonl
2626,The native language of F. Springer is [MASK] .,Dutch,synth_Language/TREx/P103.jsonl
2628,The native language of Chveneburi is [MASK] .,Georgian,synth_Language/TREx/P103.jsonl
2630,The native language of Hans Christian Andersen is [MASK] .,Danish,synth_Language/TREx/P103.jsonl
2642,The native language of Aleksandr Kaleri is [MASK] .,Russian,synth_Language/TREx/P103.jsonl
2646,The native language of Jean Lefebvre is [MASK] .,French,synth_Language/TREx/P103.jsonl
2648,The native language of Jacques Cazotte is [MASK] .,French,synth_Language/TREx/P103.jsonl
2651,The native language of Gough Whitlam is [MASK] .,English,synth_Language/TREx/P103.jsonl
2652,The native language of Swedes is [MASK] .,Swedish,synth_Language/TREx/P103.jsonl
2690,The native language of Jonathan Littell is [MASK] .,French,synth_Language/TREx/P103.jsonl
2693,The native language of Bertrand Tavernier is [MASK] .,French,synth_Language/TREx/P103.jsonl
2716,The native language of Dominique Rocheteau is [MASK] .,French,synth_Language/TREx/P103.jsonl
2717,The native language of Jean Schopfer is [MASK] .,French,synth_Language/TREx/P103.jsonl
2721,The native language of Jacques Roubaud is [MASK] .,French,synth_Language/TREx/P103.jsonl
2723,The native language of Cherusseri Namboothiri is [MASK] .,Malayalam,synth_Language/TREx/P103.jsonl
2727,The native language of Antoine Augustin Calmet is [MASK] .,French,synth_Language/TREx/P103.jsonl
2728,The native language of Maurice Clavel is [MASK] .,French,synth_Language/TREx/P103.jsonl
2730,The native language of Alexandros Rizos Rangavis is [MASK] .,Greek,synth_Language/TREx/P103.jsonl
2734,The native language of Christian Clavier is [MASK] .,French,synth_Language/TREx/P103.jsonl
2737,The native language of Michel Modo is [MASK] .,French,synth_Language/TREx/P103.jsonl
2739,The native language of Jacques Werup is [MASK] .,Swedish,synth_Language/TREx/P103.jsonl
2742,The native language of Jean-Christophe Rufin is [MASK] .,French,synth_Language/TREx/P103.jsonl
2751,The native language of Vasil Kiryienka is [MASK] .,Belarusian,synth_Language/TREx/P103.jsonl
2752,The native language of Jean Desailly is [MASK] .,French,synth_Language/TREx/P103.jsonl
2754,The native language of Valentin Rasputin is [MASK] .,Russian,synth_Language/TREx/P103.jsonl
2757,The native language of Auguste Villiers de l'Isle-Adam is [MASK] .,French,synth_Language/TREx/P103.jsonl
2760,The native language of Jules de Goncourt is [MASK] .,French,synth_Language/TREx/P103.jsonl
2761,The native language of Mathieu de Montmorency is [MASK] .,French,synth_Language/TREx/P103.jsonl
2762,The native language of Andreas Karkavitsas is [MASK] .,Greek,synth_Language/TREx/P103.jsonl
2766,The native language of Louis Barthou is [MASK] .,French,synth_Language/TREx/P103.jsonl
2771,The native language of Andrew Jackson is [MASK] .,English,synth_Language/TREx/P103.jsonl
2782,The native language of Antoine Isaac Silvestre de Sacy is [MASK] .,French,synth_Language/TREx/P103.jsonl
2786,The native language of Sophie Calle is [MASK] .,French,synth_Language/TREx/P103.jsonl
2788,The native language of Pierre Guyotat is [MASK] .,French,synth_Language/TREx/P103.jsonl
2791,The native language of Georges Pompidou is [MASK] .,French,synth_Language/TREx/P103.jsonl
2799,The native language of Jean-Baptiste Say is [MASK] .,French,synth_Language/TREx/P103.jsonl
2802,The native language of Ivan Kireyevsky is [MASK] .,Russian,synth_Language/TREx/P103.jsonl
2803,The native language of Gad Elmaleh is [MASK] .,French,synth_Language/TREx/P103.jsonl
2809,The native language of Thomas Joannes Stieltjes is [MASK] .,Dutch,synth_Language/TREx/P103.jsonl
2811,The native language of Joseph Conombo is [MASK] .,French,synth_Language/TREx/P103.jsonl
2812,The native language of Isaac Vossius is [MASK] .,Dutch,synth_Language/TREx/P103.jsonl
2814,The native language of Anna Prucnal is [MASK] .,French,synth_Language/TREx/P103.jsonl
2815,The native language of Sergey Aksyonov is [MASK] .,Russian,synth_Language/TREx/P103.jsonl
2817,The native language of Aagje Deken is [MASK] .,Dutch,synth_Language/TREx/P103.jsonl
2820,The native language of Jean-Bernard Raimond is [MASK] .,French,synth_Language/TREx/P103.jsonl
2824,The native language of Christian Millau is [MASK] .,French,synth_Language/TREx/P103.jsonl
2826,The native language of Louis Aragon is [MASK] .,French,synth_Language/TREx/P103.jsonl
2842,The native language of Mathieu Amalric is [MASK] .,French,synth_Language/TREx/P103.jsonl
2852,The native language of Ruslan Khasbulatov is [MASK] .,Russian,synth_Language/TREx/P103.jsonl
2856,The native language of Porfiry Ivanov is [MASK] .,Russian,synth_Language/TREx/P103.jsonl
2857,The native language of Raimu is [MASK] .,French,synth_Language/TREx/P103.jsonl
2859,The native language of Franz Roubaud is [MASK] .,Russian,synth_Language/TREx/P103.jsonl
2861,The native language of Joseph Joubert is [MASK] .,French,synth_Language/TREx/P103.jsonl
2862,The native language of Paul Collin is [MASK] .,French,synth_Language/TREx/P103.jsonl
2864,The native language of Jean Sorel is [MASK] .,French,synth_Language/TREx/P103.jsonl
2867,The native language of Didier Daeninckx is [MASK] .,French,synth_Language/TREx/P103.jsonl
2868,The native language of Alexander Osmerkin is [MASK] .,Russian,synth_Language/TREx/P103.jsonl
2869,The native language of Francis Blanche is [MASK] .,French,synth_Language/TREx/P103.jsonl
2877,The native language of Nadezhda Krupskaya is [MASK] .,Russian,synth_Language/TREx/P103.jsonl
2882,The native language of Jean Davy is [MASK] .,French,synth_Language/TREx/P103.jsonl
2884,The native language of Leconte de Lisle is [MASK] .,French,synth_Language/TREx/P103.jsonl
2888,The native language of Ariane Labed is [MASK] .,French,synth_Language/TREx/P103.jsonl
2890,The native language of Marc Alyn is [MASK] .,French,synth_Language/TREx/P103.jsonl
2892,The native language of Michel Sardou is [MASK] .,French,synth_Language/TREx/P103.jsonl
2898,The native language of Paul Citroen is [MASK] .,Dutch,synth_Language/TREx/P103.jsonl
2900,The native language of Jean Raspail is [MASK] .,French,synth_Language/TREx/P103.jsonl
2904,The native language of Skolts is [MASK] .,Finnish,synth_Language/TREx/P103.jsonl
2907,The native language of Louis-Pierre Baltard is [MASK] .,French,synth_Language/TREx/P103.jsonl
2909,The native language of Claude Simon is [MASK] .,French,synth_Language/TREx/P103.jsonl
2911,The native language of Slava Zaitsev is [MASK] .,Russian,synth_Language/TREx/P103.jsonl
2917,The native language of Felix Dzerzhinsky is [MASK] .,Russian,synth_Language/TREx/P103.jsonl
2923,The native language of Julien Boisselier is [MASK] .,French,synth_Language/TREx/P103.jsonl
2925,The native language of Yvonne de Bray is [MASK] .,French,synth_Language/TREx/P103.jsonl
2927,The native language of Chrisye is [MASK] .,Indonesian,synth_Language/TREx/P103.jsonl
2947,The native language of Guy Patin is [MASK] .,French,synth_Language/TREx/P103.jsonl
2948,The native language of Jacques Dumesnil is [MASK] .,French,synth_Language/TREx/P103.jsonl
2950,The native language of Sarath Babu is [MASK] .,Telugu,synth_Language/TREx/P103.jsonl
2960,The native language of Jean Allemane is [MASK] .,French,synth_Language/TREx/P103.jsonl
2961,The native language of Hendrik Nicolaas Werkman is [MASK] .,Dutch,synth_Language/TREx/P103.jsonl
2962,The native language of Paul Doumer is [MASK] .,French,synth_Language/TREx/P103.jsonl
2964,The native language of Beatrix of the Netherlands is [MASK] .,Dutch,synth_Language/TREx/P103.jsonl
2981,The native language of William Howitt is [MASK] .,English,synth_Language/TREx/P103.jsonl
2985,The native language of Paule Andral is [MASK] .,French,synth_Language/TREx/P103.jsonl
2987,The native language of Jean Baptiste Antoine Auget de Montyon is [MASK] .,French,synth_Language/TREx/P103.jsonl
2988,The native language of Nikolay Dobrolyubov is [MASK] .,Russian,synth_Language/TREx/P103.jsonl
2992,The native language of Pierre Assouline is [MASK] .,French,synth_Language/TREx/P103.jsonl
3005,The native language of Georges Hugnet is [MASK] .,French,synth_Language/TREx/P103.jsonl
3007,The native language of Paul Coste-Floret is [MASK] .,French,synth_Language/TREx/P103.jsonl
3009,The native language of Lisa Ekdahl is [MASK] .,Swedish,synth_Language/TREx/P103.jsonl
3017,The native language of Jandhyala Subramanya Sastry is [MASK] .,Telugu,synth_Language/TREx/P103.jsonl
3030,The native language of Anthony Delon is [MASK] .,French,synth_Language/TREx/P103.jsonl
3031,The native language of Michel Brault is [MASK] .,French,synth_Language/TREx/P103.jsonl
3035,The native language of Gunasekhar is [MASK] .,Telugu,synth_Language/TREx/P103.jsonl
3044,The native language of Caroline Ducey is [MASK] .,French,synth_Language/TREx/P103.jsonl
3047,The native language of Aletta Jacobs is [MASK] .,Dutch,synth_Language/TREx/P103.jsonl
3048,The native language of Vladimir Mayakovsky is [MASK] .,Russian,synth_Language/TREx/P103.jsonl
3067,The native language of Arnould Galopin is [MASK] .,French,synth_Language/TREx/P103.jsonl
3070,The native language of Bernard Tapie is [MASK] .,French,synth_Language/TREx/P103.jsonl
3071,The native language of Charles Hernu is [MASK] .,French,synth_Language/TREx/P103.jsonl
3074,The native language of Kamala Surayya is [MASK] .,Malayalam,synth_Language/TREx/P103.jsonl
3077,The native language of Anastasia Myskina is [MASK] .,Russian,synth_Language/TREx/P103.jsonl
3083,The native language of Pierre Braunberger is [MASK] .,French,synth_Language/TREx/P103.jsonl
3086,The native language of Vaikom Muhammad Basheer is [MASK] .,Malayalam,synth_Language/TREx/P103.jsonl
3099,The native language of Claude-Joseph Dorat is [MASK] .,French,synth_Language/TREx/P103.jsonl
3105,The native language of Michel Ordener is [MASK] .,French,synth_Language/TREx/P103.jsonl
3106,The native language of Sridevi is [MASK] .,Tamil,synth_Language/TREx/P103.jsonl
3127,The native language of Dominique Joseph Garat is [MASK] .,French,synth_Language/TREx/P103.jsonl
3130,The native language of Luc Besson is [MASK] .,French,synth_Language/TREx/P103.jsonl
3140,The native language of Anne-Marie Idrac is [MASK] .,French,synth_Language/TREx/P103.jsonl
3144,The native language of Mario Vargas Llosa is [MASK] .,Spanish,synth_Language/TREx/P103.jsonl
3152,The native language of Jean-Claude Brisseau is [MASK] .,French,synth_Language/TREx/P103.jsonl
3161,The native language of Paul Guth is [MASK] .,French,synth_Language/TREx/P103.jsonl
3163,The native language of Paul Crauchet is [MASK] .,French,synth_Language/TREx/P103.jsonl
3165,The native language of Henri Decoin is [MASK] .,French,synth_Language/TREx/P103.jsonl
3171,The native language of Balthasar Bekker is [MASK] .,Dutch,synth_Language/TREx/P103.jsonl
3173,The native language of Roland Topor is [MASK] .,French,synth_Language/TREx/P103.jsonl
3179,The native language of Bernard Blancan is [MASK] .,French,synth_Language/TREx/P103.jsonl
3181,The native language of Toine Manders is [MASK] .,Dutch,synth_Language/TREx/P103.jsonl
3184,The native language of Maria Tesselschade Visscher is [MASK] .,Dutch,synth_Language/TREx/P103.jsonl
3188,The native language of Nedurumalli Janardhana Reddy is [MASK] .,Telugu,synth_Language/TREx/P103.jsonl
3190,The native language of Thieleman J. van Braght is [MASK] .,Dutch,synth_Language/TREx/P103.jsonl
3191,The native language of Francis de Croisset is [MASK] .,French,synth_Language/TREx/P103.jsonl
3195,The native language of Georges Chamarat is [MASK] .,French,synth_Language/TREx/P103.jsonl
3197,The native language of Adel Bencherif is [MASK] .,French,synth_Language/TREx/P103.jsonl
3199,"The native language of Marie Anne de Vichy-Chamrond, marquise du Deffand is [MASK] .",French,synth_Language/TREx/P103.jsonl
3201,The native language of Gil J Wolman is [MASK] .,French,synth_Language/TREx/P103.jsonl
3203,The native language of Jacques Legras is [MASK] .,French,synth_Language/TREx/P103.jsonl
3205,The native language of Jean-Sifrein Maury is [MASK] .,French,synth_Language/TREx/P103.jsonl
3207,The native language of Georges Sadoul is [MASK] .,French,synth_Language/TREx/P103.jsonl
3213,The native language of Eduardo Duhalde is [MASK] .,Spanish,synth_Language/TREx/P103.jsonl
3214,The native language of Joseph Roumanille is [MASK] .,French,synth_Language/TREx/P103.jsonl
3215,The native language of Louis Bonaparte is [MASK] .,French,synth_Language/TREx/P103.jsonl
3222,The native language of Chris Marker is [MASK] .,French,synth_Language/TREx/P103.jsonl
3240,The native language of Yvan Goll is [MASK] .,French,synth_Language/TREx/P103.jsonl
3242,The native language of Georgy Shpagin is [MASK] .,Russian,synth_Language/TREx/P103.jsonl
3243,The native language of Antoine Bourdelle is [MASK] .,French,synth_Language/TREx/P103.jsonl
3249,The native language of Jean Petitot is [MASK] .,French,synth_Language/TREx/P103.jsonl
3251,The native language of Maurice Herzog is [MASK] .,French,synth_Language/TREx/P103.jsonl
3255,The native language of Russians in Ukraine is [MASK] .,Russian,synth_Language/TREx/P103.jsonl
3259,The native language of Victorien Sardou is [MASK] .,French,synth_Language/TREx/P103.jsonl
3272,The native language of Louane is [MASK] .,French,synth_Language/TREx/P103.jsonl
3278,The native language of Eduard Uspensky is [MASK] .,Russian,synth_Language/TREx/P103.jsonl
3283,The native language of Theo van Doesburg is [MASK] .,Dutch,synth_Language/TREx/P103.jsonl
3288,The native language of Hannah Szenes is [MASK] .,Hungarian,synth_Language/TREx/P103.jsonl
3292,The native language of Roger Karoutchi is [MASK] .,French,synth_Language/TREx/P103.jsonl
3294,The native language of Lili Damita is [MASK] .,French,synth_Language/TREx/P103.jsonl
3297,The native language of Marc Dolez is [MASK] .,French,synth_Language/TREx/P103.jsonl
3298,The native language of Michel Vinaver is [MASK] .,French,synth_Language/TREx/P103.jsonl
3302,The native language of Ernest Picard is [MASK] .,French,synth_Language/TREx/P103.jsonl
3304,The native language of Mikhail Evstafiev is [MASK] .,Russian,synth_Language/TREx/P103.jsonl
3305,The native language of Bernard Cerquiglini is [MASK] .,French,synth_Language/TREx/P103.jsonl
3308,The native language of Bertrand Russell is [MASK] .,English,synth_Language/TREx/P103.jsonl
3310,The native language of Bhimrao Ramji Ambedkar is [MASK] .,Marathi,synth_Language/TREx/P103.jsonl
3311,The native language of Alfred Savoir is [MASK] .,French,synth_Language/TREx/P103.jsonl
3315,The native language of Jean Follain is [MASK] .,French,synth_Language/TREx/P103.jsonl
3317,The native language of Louis-Paul Aujoulat is [MASK] .,French,synth_Language/TREx/P103.jsonl
3319,The native language of Jacques Doriot is [MASK] .,French,synth_Language/TREx/P103.jsonl
3324,The native language of Victor Prosper Considerant is [MASK] .,French,synth_Language/TREx/P103.jsonl
3327,The native language of Herman Dooyeweerd is [MASK] .,Dutch,synth_Language/TREx/P103.jsonl
3331,The native language of Suman Pokhrel is [MASK] .,Nepali,synth_Language/TREx/P103.jsonl
3342,The native language of Sully Prudhomme is [MASK] .,French,synth_Language/TREx/P103.jsonl
3343,The native language of Allan Kardec is [MASK] .,French,synth_Language/TREx/P103.jsonl
3352,The native language of Michel Aumont is [MASK] .,French,synth_Language/TREx/P103.jsonl
3354,The native language of Frantz Fanon is [MASK] .,French,synth_Language/TREx/P103.jsonl
3356,The native language of Irina Khakamada is [MASK] .,Russian,synth_Language/TREx/P103.jsonl
3358,The native language of Jean-Baptiste Maunier is [MASK] .,French,synth_Language/TREx/P103.jsonl
3363,The native language of Dmitry Pisarev is [MASK] .,Russian,synth_Language/TREx/P103.jsonl
3364,The native language of Eva Ionesco is [MASK] .,French,synth_Language/TREx/P103.jsonl
3367,The native language of Jules Berry is [MASK] .,French,synth_Language/TREx/P103.jsonl
3369,The native language of Georges Altman is [MASK] .,French,synth_Language/TREx/P103.jsonl
3371,The native language of Don Cossacks is [MASK] .,Russian,synth_Language/TREx/P103.jsonl
3458,The native language of Wim Crouwel is [MASK] .,Dutch,synth_Language/TREx/P103.jsonl
3459,The native language of Coluche is [MASK] .,French,synth_Language/TREx/P103.jsonl
3464,The native language of Virginia Woolf is [MASK] .,English,synth_Language/TREx/P103.jsonl
3480,The native language of Daniel Pennacchioni is [MASK] .,French,synth_Language/TREx/P103.jsonl
3484,The native language of Catherine Deneuve is [MASK] .,French,synth_Language/TREx/P103.jsonl
3501,The native language of John Stuart Mill is [MASK] .,English,synth_Language/TREx/P103.jsonl
3510,The native language of Emil Cioran is [MASK] .,Romanian,synth_Language/TREx/P103.jsonl
3521,The native language of Dominique Perben is [MASK] .,French,synth_Language/TREx/P103.jsonl
3523,The native language of Freek de Jonge is [MASK] .,Dutch,synth_Language/TREx/P103.jsonl
3527,The native language of Vladimir Bukovsky is [MASK] .,Russian,synth_Language/TREx/P103.jsonl
3533,The native language of Nathalie Kosciusko-Morizet is [MASK] .,French,synth_Language/TREx/P103.jsonl
3534,The native language of Georges Marchal is [MASK] .,French,synth_Language/TREx/P103.jsonl
3537,The native language of Laurent Fabius is [MASK] .,French,synth_Language/TREx/P103.jsonl
3541,The native language of Pablo Picasso is [MASK] .,Spanish,synth_Language/TREx/P103.jsonl
3588,The native language of Robert Merle is [MASK] .,French,synth_Language/TREx/P103.jsonl
3597,The native language of Klaas Schilder is [MASK] .,Dutch,synth_Language/TREx/P103.jsonl
3603,The native language of Shi Yongxin is [MASK] .,Chinese,synth_Language/TREx/P103.jsonl
3605,The native language of Grigoris Lambrakis is [MASK] .,Greek,synth_Language/TREx/P103.jsonl
3610,The native language of Suzy Vernon is [MASK] .,French,synth_Language/TREx/P103.jsonl
3612,The native language of Moses Amyraut is [MASK] .,French,synth_Language/TREx/P103.jsonl
3615,The native language of Jean Yanne is [MASK] .,French,synth_Language/TREx/P103.jsonl
3622,"The native language of Joseph-Marie, comte Portalis is [MASK] .",French,synth_Language/TREx/P103.jsonl
3624,The native language of Valentin Conrart is [MASK] .,French,synth_Language/TREx/P103.jsonl
3626,The native language of Christiaan Snouck Hurgronje is [MASK] .,Dutch,synth_Language/TREx/P103.jsonl
3630,The native language of Georges Ernest Boulanger is [MASK] .,French,synth_Language/TREx/P103.jsonl
3641,The native language of Alice Isaaz is [MASK] .,French,synth_Language/TREx/P103.jsonl
3643,The native language of Darry Cowl is [MASK] .,French,synth_Language/TREx/P103.jsonl
3646,The native language of Bernard Musson is [MASK] .,French,synth_Language/TREx/P103.jsonl
3648,The native language of Marcel Dassault is [MASK] .,French,synth_Language/TREx/P103.jsonl
3658,The native language of Alphonse Daudet is [MASK] .,French,synth_Language/TREx/P103.jsonl
3662,The native language of Jean-Pierre Thiollet is [MASK] .,French,synth_Language/TREx/P103.jsonl
3670,The native language of John Ruskin is [MASK] .,English,synth_Language/TREx/P103.jsonl
3681,The native language of Edurne is [MASK] .,Spanish,synth_Language/TREx/P103.jsonl
3687,"The native language of Alexandre Dumas, fils is [MASK] .",French,synth_Language/TREx/P103.jsonl
3690,The native language of Hendrick de Keyser is [MASK] .,Dutch,synth_Language/TREx/P103.jsonl
3693,The native language of Vincent de Moro-Giafferi is [MASK] .,French,synth_Language/TREx/P103.jsonl
3695,The native language of Pedro de la Rosa is [MASK] .,Spanish,synth_Language/TREx/P103.jsonl
3699,The native language of Andries Cornelis Dirk de Graeff is [MASK] .,Dutch,synth_Language/TREx/P103.jsonl
3701,The native language of Grigore Moisil is [MASK] .,Romanian,synth_Language/TREx/P103.jsonl
3705,The native language of Brian May is [MASK] .,English,synth_Language/TREx/P103.jsonl
3709,The native language of Georges Gorse is [MASK] .,French,synth_Language/TREx/P103.jsonl
3711,The native language of Charles Maurras is [MASK] .,French,synth_Language/TREx/P103.jsonl
3717,"The native language of Georges-Louis Leclerc, Comte de Buffon is [MASK] .",French,synth_Language/TREx/P103.jsonl
3718,The native language of Stieg Larsson is [MASK] .,Swedish,synth_Language/TREx/P103.jsonl
3728,The native language of Jean-Claude Izzo is [MASK] .,French,synth_Language/TREx/P103.jsonl
3732,The native language of Herman Gorter is [MASK] .,Dutch,synth_Language/TREx/P103.jsonl
3739,The native language of Casimir Delavigne is [MASK] .,French,synth_Language/TREx/P103.jsonl
3746,The native language of Rafael Alberti is [MASK] .,Spanish,synth_Language/TREx/P103.jsonl
3752,The native language of Alain Cuny is [MASK] .,French,synth_Language/TREx/P103.jsonl
3754,The native language of Paul Le Person is [MASK] .,French,synth_Language/TREx/P103.jsonl
3757,The native language of Pascal Quignard is [MASK] .,French,synth_Language/TREx/P103.jsonl
3764,The native language of Brigitte Fontaine is [MASK] .,French,synth_Language/TREx/P103.jsonl
3769,The native language of Bhuvanachandra is [MASK] .,Telugu,synth_Language/TREx/P103.jsonl
3770,The native language of Yves Bonnefoy is [MASK] .,French,synth_Language/TREx/P103.jsonl
3775,The native language of Hafsia Herzi is [MASK] .,French,synth_Language/TREx/P103.jsonl
3779,The native language of Wang Shu is [MASK] .,Chinese,synth_Language/TREx/P103.jsonl
3786,The native language of Jacques Sadoul is [MASK] .,French,synth_Language/TREx/P103.jsonl
3790,The native language of Ilya Nikolaevich Ulyanov is [MASK] .,Russian,synth_Language/TREx/P103.jsonl
3793,The native language of Nikolay Nekrasov is [MASK] .,Russian,synth_Language/TREx/P103.jsonl
3823,The native language of Eva Rivas is [MASK] .,Armenian,synth_Language/TREx/P103.jsonl
3828,The native language of Dominique Cabrera is [MASK] .,French,synth_Language/TREx/P103.jsonl
3839,The native language of Raja Ravi Varma is [MASK] .,Malayalam,synth_Language/TREx/P103.jsonl
3840,The native language of Paul Biegel is [MASK] .,Dutch,synth_Language/TREx/P103.jsonl
3843,The native language of Jean-Baptiste Alphonse Karr is [MASK] .,French,synth_Language/TREx/P103.jsonl
3845,The native language of Laurent Stocker is [MASK] .,French,synth_Language/TREx/P103.jsonl
3847,The native language of Sergey Platonov is [MASK] .,Russian,synth_Language/TREx/P103.jsonl
3849,The native language of Dominique Zardi is [MASK] .,French,synth_Language/TREx/P103.jsonl
3851,The native language of Delphine de Girardin is [MASK] .,French,synth_Language/TREx/P103.jsonl
3853,The native language of Zachary Taylor is [MASK] .,English,synth_Language/TREx/P103.jsonl
3855,The native language of Margot Anand is [MASK] .,French,synth_Language/TREx/P103.jsonl
3857,The native language of John Webster is [MASK] .,English,synth_Language/TREx/P103.jsonl
3889,The native language of Jean-Claude Brialy is [MASK] .,French,synth_Language/TREx/P103.jsonl
3893,The native language of Denis Robert is [MASK] .,French,synth_Language/TREx/P103.jsonl
3896,The native language of Michel Zevaco is [MASK] .,French,synth_Language/TREx/P103.jsonl
3898,The native language of Vera Lynn is [MASK] .,English,synth_Language/TREx/P103.jsonl
3903,The native language of Mimie Mathy is [MASK] .,French,synth_Language/TREx/P103.jsonl
3905,The native language of Jean-Baptiste Philibert Willaumez is [MASK] .,French,synth_Language/TREx/P103.jsonl
3909,The native language of Alexey Miller is [MASK] .,Russian,synth_Language/TREx/P103.jsonl
3910,The native language of Mathieu Demy is [MASK] .,French,synth_Language/TREx/P103.jsonl
3913,The native language of Benjamin Constant is [MASK] .,French,synth_Language/TREx/P103.jsonl
3917,The native language of Clio Goldsmith is [MASK] .,French,synth_Language/TREx/P103.jsonl
3919,The native language of Learco Guerra is [MASK] .,Italian,synth_Language/TREx/P103.jsonl
3922,The native language of James A. Garfield is [MASK] .,English,synth_Language/TREx/P103.jsonl
3924,The native language of Olga Georges-Picot is [MASK] .,French,synth_Language/TREx/P103.jsonl
3927,The native language of Jacques Dupin is [MASK] .,French,synth_Language/TREx/P103.jsonl
3930,The native language of Charles Vanel is [MASK] .,French,synth_Language/TREx/P103.jsonl
3932,The native language of Jan van Krimpen is [MASK] .,Dutch,synth_Language/TREx/P103.jsonl
3934,The native language of Vasily Kamensky is [MASK] .,Russian,synth_Language/TREx/P103.jsonl
3935,The native language of Jules Barbier is [MASK] .,French,synth_Language/TREx/P103.jsonl
3945,The native language of Irina Arkhipova is [MASK] .,Russian,synth_Language/TREx/P103.jsonl
3948,The native language of Paul Verhoeven is [MASK] .,Dutch,synth_Language/TREx/P103.jsonl
3973,The native language of Claude Bartolone is [MASK] .,French,synth_Language/TREx/P103.jsonl
3975,The native language of Joseph Paul-Boncour is [MASK] .,French,synth_Language/TREx/P103.jsonl
3977,The native language of Jean Anouilh is [MASK] .,French,synth_Language/TREx/P103.jsonl
3992,The native language of Armand Lunel is [MASK] .,French,synth_Language/TREx/P103.jsonl
3995,The native language of Brigitte Bardot is [MASK] .,French,synth_Language/TREx/P103.jsonl
4020,The native language of Posani Krishna Murali is [MASK] .,Telugu,synth_Language/TREx/P103.jsonl
4023,The native language of Tatiana Sorokko is [MASK] .,Russian,synth_Language/TREx/P103.jsonl
4025,The native language of Edmond Gondinet is [MASK] .,French,synth_Language/TREx/P103.jsonl
4028,The native language of Michel Ciment is [MASK] .,French,synth_Language/TREx/P103.jsonl
4030,The native language of Jean-Marie Pardessus is [MASK] .,French,synth_Language/TREx/P103.jsonl
4032,The native language of Jacobus Henricus van 't Hoff is [MASK] .,Dutch,synth_Language/TREx/P103.jsonl
4036,The native language of Alain Marleix is [MASK] .,French,synth_Language/TREx/P103.jsonl
4038,The native language of Christian Jacq is [MASK] .,French,synth_Language/TREx/P103.jsonl
4041,The native language of Leslie Caron is [MASK] .,French,synth_Language/TREx/P103.jsonl
4043,The native language of Jean-Marie Colombani is [MASK] .,French,synth_Language/TREx/P103.jsonl
4047,The native language of Jan Davidsz. de Heem is [MASK] .,Dutch,synth_Language/TREx/P103.jsonl
4048,The native language of Judith Chemla is [MASK] .,French,synth_Language/TREx/P103.jsonl
4050,The native language of Pierre Laval is [MASK] .,French,synth_Language/TREx/P103.jsonl
4062,The native language of Ernest Monis is [MASK] .,French,synth_Language/TREx/P103.jsonl
4064,The native language of Roger Coggio is [MASK] .,French,synth_Language/TREx/P103.jsonl
4066,The native language of JoeyStarr is [MASK] .,French,synth_Language/TREx/P103.jsonl
4071,The native language of Jean-Michel Dupuis is [MASK] .,French,synth_Language/TREx/P103.jsonl
4073,The native language of Corinne Calvet is [MASK] .,French,synth_Language/TREx/P103.jsonl
4075,The native language of Giuseppe Saronni is [MASK] .,Italian,synth_Language/TREx/P103.jsonl
4082,The native language of Lo Hartog van Banda is [MASK] .,Dutch,synth_Language/TREx/P103.jsonl
4083,The native language of Armand de Kersaint is [MASK] .,French,synth_Language/TREx/P103.jsonl
4086,The native language of Alain Savary is [MASK] .,French,synth_Language/TREx/P103.jsonl
4087,The native language of Jan Peter Balkenende is [MASK] .,Dutch,synth_Language/TREx/P103.jsonl
4088,The native language of Giovanni Boccaccio is [MASK] .,Italian,synth_Language/TREx/P103.jsonl
4120,The native language of Sacha Briquet is [MASK] .,French,synth_Language/TREx/P103.jsonl
4122,The native language of Junie Astor is [MASK] .,French,synth_Language/TREx/P103.jsonl
4124,The native language of Valentin Glushko is [MASK] .,Russian,synth_Language/TREx/P103.jsonl
4128,The native language of Michel Subor is [MASK] .,French,synth_Language/TREx/P103.jsonl
4130,The native language of Nathalie Baye is [MASK] .,French,synth_Language/TREx/P103.jsonl
4132,The native language of Jeanna Friske is [MASK] .,Russian,synth_Language/TREx/P103.jsonl
4136,The native language of Jean Vautrin is [MASK] .,French,synth_Language/TREx/P103.jsonl
4139,The native language of Vladimir Vinogradov is [MASK] .,Russian,synth_Language/TREx/P103.jsonl
4145,The native language of Maurice Faure is [MASK] .,French,synth_Language/TREx/P103.jsonl
4148,The native language of Nicolas Chamfort is [MASK] .,French,synth_Language/TREx/P103.jsonl
4150,The native language of Pierre Lescure is [MASK] .,French,synth_Language/TREx/P103.jsonl
4153,The native language of Anton Reinhard Falck is [MASK] .,Dutch,synth_Language/TREx/P103.jsonl
4156,The native language of Sergey Lavrov is [MASK] .,Russian,synth_Language/TREx/P103.jsonl
4189,The native language of Toon Hermans is [MASK] .,Dutch,synth_Language/TREx/P103.jsonl
4192,The native language of Menno ter Braak is [MASK] .,Dutch,synth_Language/TREx/P103.jsonl
4195,The native language of Suzy Prim is [MASK] .,French,synth_Language/TREx/P103.jsonl
4197,The native language of Marina Hands is [MASK] .,French,synth_Language/TREx/P103.jsonl
4199,The native language of John Abraham Heraud is [MASK] .,English,synth_Language/TREx/P103.jsonl
4201,The native language of Jacobus Revius is [MASK] .,Dutch,synth_Language/TREx/P103.jsonl
4203,The native language of Ginette Garcin is [MASK] .,French,synth_Language/TREx/P103.jsonl
4206,The native language of Olivier Rabourdin is [MASK] .,French,synth_Language/TREx/P103.jsonl
4208,The native language of Peter Kropotkin is [MASK] .,Russian,synth_Language/TREx/P103.jsonl
4222,The native language of Nicholas Marr is [MASK] .,Russian,synth_Language/TREx/P103.jsonl
4227,The native language of Jean de La Fontaine is [MASK] .,French,synth_Language/TREx/P103.jsonl
4242,The native language of Pieter Cornelis Boutens is [MASK] .,Dutch,synth_Language/TREx/P103.jsonl
4244,The native language of Alfonso V of Aragon is [MASK] .,Spanish,synth_Language/TREx/P103.jsonl
4245,The native language of Isabelle Breitman is [MASK] .,French,synth_Language/TREx/P103.jsonl
4250,The native language of Germaine Dieterlen is [MASK] .,French,synth_Language/TREx/P103.jsonl
4252,The native language of Herbert Edward Read is [MASK] .,English,synth_Language/TREx/P103.jsonl
4258,The native language of Jean-Pierre Pernaut is [MASK] .,French,synth_Language/TREx/P103.jsonl
4260,The native language of Xavier de Maistre is [MASK] .,French,synth_Language/TREx/P103.jsonl
4262,The native language of Jean-Jacques Pauvert is [MASK] .,French,synth_Language/TREx/P103.jsonl
4267,The native language of Hendrik Marsman is [MASK] .,Dutch,synth_Language/TREx/P103.jsonl
4272,The native language of Pino Caruso is [MASK] .,Italian,synth_Language/TREx/P103.jsonl
4274,The native language of Dino Dvornik is [MASK] .,Croatian,synth_Language/TREx/P103.jsonl
4277,The native language of Aruna Mucherla is [MASK] .,Telugu,synth_Language/TREx/P103.jsonl
4281,The native language of Jean Galland is [MASK] .,French,synth_Language/TREx/P103.jsonl
4283,The native language of Patrice Leconte is [MASK] .,French,synth_Language/TREx/P103.jsonl
4302,The native language of Yvonne Monlaur is [MASK] .,French,synth_Language/TREx/P103.jsonl
4304,The native language of Gustave Geffroy is [MASK] .,French,synth_Language/TREx/P103.jsonl
4307,The native language of Roger Holeindre is [MASK] .,French,synth_Language/TREx/P103.jsonl
4309,The native language of Coenraad Jacob Temminck is [MASK] .,Dutch,synth_Language/TREx/P103.jsonl
4320,The native language of Min Gyu-dong is [MASK] .,Hangul,synth_Language/TREx/P103.jsonl
4325,The native language of Bernard Alane is [MASK] .,French,synth_Language/TREx/P103.jsonl
4327,The native language of Edwy Plenel is [MASK] .,French,synth_Language/TREx/P103.jsonl
4330,The native language of Reinhart Dozy is [MASK] .,Dutch,synth_Language/TREx/P103.jsonl
4334,The native language of L. V. Prasad is [MASK] .,Telugu,synth_Language/TREx/P103.jsonl
4336,The native language of Dmitry Puchkov is [MASK] .,Russian,synth_Language/TREx/P103.jsonl
4338,The native language of Marie-Anne Chazel is [MASK] .,French,synth_Language/TREx/P103.jsonl
4341,The native language of Jean Martinelli is [MASK] .,French,synth_Language/TREx/P103.jsonl
4345,The native language of Bruno Racine is [MASK] .,French,synth_Language/TREx/P103.jsonl
4348,The native language of Yuliya Snigir is [MASK] .,Russian,synth_Language/TREx/P103.jsonl
4349,The native language of Paulette Dubost is [MASK] .,French,synth_Language/TREx/P103.jsonl
4353,The native language of Dmitry Medvedev is [MASK] .,Russian,synth_Language/TREx/P103.jsonl
4441,The native language of Michel Boujenah is [MASK] .,French,synth_Language/TREx/P103.jsonl
4443,The native language of Jo Coenen is [MASK] .,Dutch,synth_Language/TREx/P103.jsonl
4445,The native language of Go Hyeon-jeong is [MASK] .,Hangul,synth_Language/TREx/P103.jsonl
4447,The native language of Lev Kulidzhanov is [MASK] .,Russian,synth_Language/TREx/P103.jsonl
4448,The native language of Eustache-Hyacinthe Langlois is [MASK] .,French,synth_Language/TREx/P103.jsonl
4450,The native language of Andrew Lang is [MASK] .,English,synth_Language/TREx/P103.jsonl
4455,The native language of Lydia Chukovskaya is [MASK] .,Russian,synth_Language/TREx/P103.jsonl
4457,The native language of Camille Flammarion is [MASK] .,French,synth_Language/TREx/P103.jsonl
4461,The native language of Gautier de Coincy is [MASK] .,French,synth_Language/TREx/P103.jsonl
4463,The native language of John Banville is [MASK] .,English,synth_Language/TREx/P103.jsonl
4465,The native language of Robert de Flers is [MASK] .,French,synth_Language/TREx/P103.jsonl
4470,The native language of Louis Carrogis Carmontelle is [MASK] .,French,synth_Language/TREx/P103.jsonl
4472,The native language of Gabriel Hanotaux is [MASK] .,French,synth_Language/TREx/P103.jsonl
4476,The native language of Michel Denisot is [MASK] .,French,synth_Language/TREx/P103.jsonl
4478,The native language of Ivan Puni is [MASK] .,Russian,synth_Language/TREx/P103.jsonl
4480,The native language of Jean Rouaud is [MASK] .,French,synth_Language/TREx/P103.jsonl
4482,The native language of Marie NDiaye is [MASK] .,French,synth_Language/TREx/P103.jsonl
4488,The native language of Donald Keene is [MASK] .,English,synth_Language/TREx/P103.jsonl
4491,The native language of Prabhas Raju Uppalapati is [MASK] .,Telugu,synth_Language/TREx/P103.jsonl
4492,The native language of Yevgenia Albats is [MASK] .,Russian,synth_Language/TREx/P103.jsonl
4494,The native language of Raymond Depardon is [MASK] .,French,synth_Language/TREx/P103.jsonl
4501,The native language of Pierre Brossolette is [MASK] .,French,synth_Language/TREx/P103.jsonl
4503,The native language of Julien Dray is [MASK] .,French,synth_Language/TREx/P103.jsonl
4506,The native language of Jean Lacouture is [MASK] .,French,synth_Language/TREx/P103.jsonl
4508,The native language of Hendrik Lorentz is [MASK] .,Dutch,synth_Language/TREx/P103.jsonl
4514,The native language of Mikhail Khodorkovsky is [MASK] .,Russian,synth_Language/TREx/P103.jsonl
4520,The native language of Nina Companéez is [MASK] .,French,synth_Language/TREx/P103.jsonl
4526,The native language of Alexandre Rignault is [MASK] .,French,synth_Language/TREx/P103.jsonl
4528,The native language of Charles-Joseph Panckoucke is [MASK] .,French,synth_Language/TREx/P103.jsonl
4535,The native language of Lalithambika Antharjanam is [MASK] .,Malayalam,synth_Language/TREx/P103.jsonl
4538,The native language of Dominique Lapierre is [MASK] .,French,synth_Language/TREx/P103.jsonl
4540,The native language of Paul Morand is [MASK] .,French,synth_Language/TREx/P103.jsonl
4569,The native language of Akkitham Achuthan Namboothiri is [MASK] .,Malayalam,synth_Language/TREx/P103.jsonl
4573,The native language of Huguette Duflos is [MASK] .,French,synth_Language/TREx/P103.jsonl
4575,The native language of Jacques Laffitte is [MASK] .,French,synth_Language/TREx/P103.jsonl
4583,The native language of Christiane Martel is [MASK] .,French,synth_Language/TREx/P103.jsonl
4585,The native language of Goswin de Stassart is [MASK] .,French,synth_Language/TREx/P103.jsonl
4586,The native language of C. N. Annadurai is [MASK] .,Tamil,synth_Language/TREx/P103.jsonl
4596,The native language of Michel Camdessus is [MASK] .,French,synth_Language/TREx/P103.jsonl
4600,The native language of Leonard Knijff is [MASK] .,Dutch,synth_Language/TREx/P103.jsonl
4602,The native language of Nadine Morano is [MASK] .,French,synth_Language/TREx/P103.jsonl
4604,The native language of Martin Lamotte is [MASK] .,French,synth_Language/TREx/P103.jsonl
4606,The native language of Julien Courbet is [MASK] .,French,synth_Language/TREx/P103.jsonl
4609,The native language of Florent Chrestien is [MASK] .,French,synth_Language/TREx/P103.jsonl
4611,The native language of Thomas Horsfield is [MASK] .,English,synth_Language/TREx/P103.jsonl
4612,The native language of Adriaan Roland Holst is [MASK] .,Dutch,synth_Language/TREx/P103.jsonl
4617,The native language of Jacques Jouanneau is [MASK] .,French,synth_Language/TREx/P103.jsonl
4619,The native language of Pascal Gentil is [MASK] .,French,synth_Language/TREx/P103.jsonl
4635,The native language of Andrei Soldatov is [MASK] .,Russian,synth_Language/TREx/P103.jsonl
4640,The native language of Indrajith Sukumaran is [MASK] .,Malayalam,synth_Language/TREx/P103.jsonl
4643,The native language of Adolphe Pinard is [MASK] .,French,synth_Language/TREx/P103.jsonl
4645,The native language of Vladimir Putin is [MASK] .,Russian,synth_Language/TREx/P103.jsonl
4830,The native language of Roger Vitrac is [MASK] .,French,synth_Language/TREx/P103.jsonl
4833,The native language of Gustave Flaubert is [MASK] .,French,synth_Language/TREx/P103.jsonl
4855,The native language of Alain Soral is [MASK] .,French,synth_Language/TREx/P103.jsonl
4857,The native language of Anatoly Kudryavitsky is [MASK] .,Russian,synth_Language/TREx/P103.jsonl
4859,The native language of Dany Robin is [MASK] .,French,synth_Language/TREx/P103.jsonl
4868,The native language of Gleb Kotelnikov is [MASK] .,Russian,synth_Language/TREx/P103.jsonl
4879,The native language of Georgios Rallis is [MASK] .,Greek,synth_Language/TREx/P103.jsonl
4884,The native language of Eduard Khil is [MASK] .,Russian,synth_Language/TREx/P103.jsonl
4886,The native language of Jean-Paul Belmondo is [MASK] .,French,synth_Language/TREx/P103.jsonl
4903,The native language of Hendrik Wagenvoort is [MASK] .,Dutch,synth_Language/TREx/P103.jsonl
4905,The native language of Norman Rockwell is [MASK] .,English,synth_Language/TREx/P103.jsonl
4906,The native language of Pothana is [MASK] .,Telugu,synth_Language/TREx/P103.jsonl
4918,The native language of Jeanne Balibar is [MASK] .,French,synth_Language/TREx/P103.jsonl
4921,The native language of Victor Margueritte is [MASK] .,French,synth_Language/TREx/P103.jsonl
4924,The native language of Dominique Pinon is [MASK] .,French,synth_Language/TREx/P103.jsonl
4926,The native language of Michel Onfray is [MASK] .,French,synth_Language/TREx/P103.jsonl
4936,The native language of Jean-Roger Milo is [MASK] .,French,synth_Language/TREx/P103.jsonl
4938,The native language of Bernard Blier is [MASK] .,French,synth_Language/TREx/P103.jsonl
4946,The native language of Emmanuel Mouret is [MASK] .,French,synth_Language/TREx/P103.jsonl
4953,The native language of Tanikella Bharani is [MASK] .,Telugu,synth_Language/TREx/P103.jsonl
4958,The native language of Sivaji Raja is [MASK] .,Telugu,synth_Language/TREx/P103.jsonl
4962,The native language of Louis Darquier de Pellepoix is [MASK] .,French,synth_Language/TREx/P103.jsonl
4963,The native language of Marc Chagall is [MASK] .,Russian,synth_Language/TREx/P103.jsonl
4966,The native language of Narsing Yadav is [MASK] .,Telugu,synth_Language/TREx/P103.jsonl
4968,The native language of Catherine Picard is [MASK] .,French,synth_Language/TREx/P103.jsonl
4971,The native language of Robert Buron is [MASK] .,French,synth_Language/TREx/P103.jsonl
4973,The native language of Claude Bernard is [MASK] .,French,synth_Language/TREx/P103.jsonl
4982,The native language of Denys Corbet is [MASK] .,French,synth_Language/TREx/P103.jsonl
4984,The native language of Zakhar Prilepin is [MASK] .,Russian,synth_Language/TREx/P103.jsonl
5002,The native language of Alexandre de Laborde is [MASK] .,French,synth_Language/TREx/P103.jsonl
5003,The native language of Barend Cornelis Koekkoek is [MASK] .,Dutch,synth_Language/TREx/P103.jsonl
5005,The native language of Michel Braudeau is [MASK] .,French,synth_Language/TREx/P103.jsonl
5007,The native language of Pascale Ogier is [MASK] .,French,synth_Language/TREx/P103.jsonl
5009,The native language of Pierre-Joseph Cambon is [MASK] .,French,synth_Language/TREx/P103.jsonl
5011,The native language of Louis Pergaud is [MASK] .,French,synth_Language/TREx/P103.jsonl
5015,The native language of Yves Beneyton is [MASK] .,French,synth_Language/TREx/P103.jsonl
5019,The native language of Virginie Ledoyen is [MASK] .,French,synth_Language/TREx/P103.jsonl
5021,The native language of Pierre Emmanuel is [MASK] .,French,synth_Language/TREx/P103.jsonl
5025,The native language of Nelly Kaplan is [MASK] .,French,synth_Language/TREx/P103.jsonl
5029,The native language of Alexandre Auguste Ledru-Rollin is [MASK] .,French,synth_Language/TREx/P103.jsonl
5032,The native language of Douglas Adams is [MASK] .,English,synth_Language/TREx/P103.jsonl
5033,The native language of Giunta Pisano is [MASK] .,Italian,synth_Language/TREx/P103.jsonl
5035,The native language of Kim Philby is [MASK] .,English,synth_Language/TREx/P103.jsonl
5036,The native language of Cornelis Tiele is [MASK] .,Dutch,synth_Language/TREx/P103.jsonl
5042,The native language of Mehdi Nebbou is [MASK] .,French,synth_Language/TREx/P103.jsonl
5046,The native language of Ehud Olmert is [MASK] .,Hebrew,synth_Language/TREx/P103.jsonl
5050,The native language of Charles Perrault is [MASK] .,French,synth_Language/TREx/P103.jsonl
5087,The native language of Francis Carco is [MASK] .,French,synth_Language/TREx/P103.jsonl
5089,The native language of Gustave de Beaumont is [MASK] .,French,synth_Language/TREx/P103.jsonl
5090,The native language of Mani Sharma is [MASK] .,Telugu,synth_Language/TREx/P103.jsonl
5092,The native language of Marie Dorval is [MASK] .,French,synth_Language/TREx/P103.jsonl
5094,The native language of Jean-Claude Grumberg is [MASK] .,French,synth_Language/TREx/P103.jsonl
5096,The native language of Yuri Vizbor is [MASK] .,Russian,synth_Language/TREx/P103.jsonl
5098,The native language of Eugene Kaspersky is [MASK] .,Russian,synth_Language/TREx/P103.jsonl
5099,The native language of Maurice Viollette is [MASK] .,French,synth_Language/TREx/P103.jsonl
5100,The native language of Georges Bernier is [MASK] .,French,synth_Language/TREx/P103.jsonl
5105,The native language of Saluri Koteswara Rao is [MASK] .,Telugu,synth_Language/TREx/P103.jsonl
5107,The native language of Marcel Marceau is [MASK] .,French,synth_Language/TREx/P103.jsonl
5110,The native language of Marie Glory is [MASK] .,French,synth_Language/TREx/P103.jsonl
5112,The native language of Virgil is [MASK] .,Latin,synth_Language/TREx/P103.jsonl
5131,The native language of Edita Piekha is [MASK] .,French,synth_Language/TREx/P103.jsonl
5133,The native language of Paschal Grousset is [MASK] .,French,synth_Language/TREx/P103.jsonl
5135,The native language of Jeanne Moreau is [MASK] .,French,synth_Language/TREx/P103.jsonl
5147,The native language of Jean Debucourt is [MASK] .,French,synth_Language/TREx/P103.jsonl
5149,The native language of Jean Dujardin is [MASK] .,French,synth_Language/TREx/P103.jsonl
5157,The native language of Elsa Lunghini is [MASK] .,French,synth_Language/TREx/P103.jsonl
5169,The native language of Jean Chiappe is [MASK] .,French,synth_Language/TREx/P103.jsonl
5170,The native language of Jacques Leroy de Saint Arnaud is [MASK] .,French,synth_Language/TREx/P103.jsonl
5177,The native language of Relangi Venkata Ramaiah is [MASK] .,Telugu,synth_Language/TREx/P103.jsonl
5181,The native language of Emmanuel Macron is [MASK] .,French,synth_Language/TREx/P103.jsonl
5183,The native language of Charles Chamberland is [MASK] .,French,synth_Language/TREx/P103.jsonl
5185,The native language of A. P. J. Abdul Kalam is [MASK] .,Tamil,synth_Language/TREx/P103.jsonl
5189,The native language of Henri Diamant-Berger is [MASK] .,French,synth_Language/TREx/P103.jsonl
5191,The native language of Jules Roy is [MASK] .,French,synth_Language/TREx/P103.jsonl
5193,The native language of Jean Gabriel Marchand is [MASK] .,French,synth_Language/TREx/P103.jsonl
5194,The native language of Alexander Penn is [MASK] .,Russian,synth_Language/TREx/P103.jsonl
5196,The native language of Jean-Louis Barrault is [MASK] .,French,synth_Language/TREx/P103.jsonl
5198,The native language of Rajesh Khanna is [MASK] .,Hindi,synth_Language/TREx/P103.jsonl
5213,The native language of William Craft Brumfield is [MASK] .,Russian,synth_Language/TREx/P103.jsonl
5215,The native language of Joseph Luns is [MASK] .,Dutch,synth_Language/TREx/P103.jsonl
5216,The native language of Christopher Lambert is [MASK] .,French,synth_Language/TREx/P103.jsonl
5222,The native language of Lucien Bonaparte is [MASK] .,French,synth_Language/TREx/P103.jsonl
5287,The native language of Basavaraju Venkata Padmanabha Rao is [MASK] .,Telugu,synth_Language/TREx/P103.jsonl
5290,The native language of Brigitte Catillon is [MASK] .,French,synth_Language/TREx/P103.jsonl
5292,The native language of Jacques Dynam is [MASK] .,French,synth_Language/TREx/P103.jsonl
5294,The native language of Jean-Claude Gaudin is [MASK] .,French,synth_Language/TREx/P103.jsonl
5296,The native language of Vincent Moscato is [MASK] .,French,synth_Language/TREx/P103.jsonl
5298,The native language of Barack Obama is [MASK] .,English,synth_Language/TREx/P103.jsonl
5306,The native language of Basshunter is [MASK] .,Swedish,synth_Language/TREx/P103.jsonl
5329,The native language of Albert Sarraut is [MASK] .,French,synth_Language/TREx/P103.jsonl
5331,The native language of Paul Klebnikov is [MASK] .,Russian,synth_Language/TREx/P103.jsonl
5333,The native language of William Butler Yeats is [MASK] .,English,synth_Language/TREx/P103.jsonl
5335,The native language of Tommy Nilsson is [MASK] .,Swedish,synth_Language/TREx/P103.jsonl
5337,The native language of Arthur Conan Doyle is [MASK] .,English,synth_Language/TREx/P103.jsonl
5342,The native language of Tanya Lopert is [MASK] .,French,synth_Language/TREx/P103.jsonl
5344,The native language of Olaus Rudbeck is [MASK] .,Swedish,synth_Language/TREx/P103.jsonl
5346,The native language of Max Jacob is [MASK] .,French,synth_Language/TREx/P103.jsonl
5348,The native language of Omar Sy is [MASK] .,French,synth_Language/TREx/P103.jsonl
5353,The native language of Francis Ponge is [MASK] .,French,synth_Language/TREx/P103.jsonl
