,sent,gold,filename
0,Iginio Ugo Tarchetti used to communicate in [MASK] .,Italian,synth_Language/TREx/P1412.jsonl
2,Juan Carlos Garrido used to communicate in [MASK] .,Spanish,synth_Language/TREx/P1412.jsonl
3,Michael Hutchence used to communicate in [MASK] .,English,synth_Language/TREx/P1412.jsonl
4,Aitor Karanka used to communicate in [MASK] .,Spanish,synth_Language/TREx/P1412.jsonl
6,Charles Bronson used to communicate in [MASK] .,English,synth_Language/TREx/P1412.jsonl
8,Giovanni Ruffini used to communicate in [MASK] .,Italian,synth_Language/TREx/P1412.jsonl
15,Guy Maddin used to communicate in [MASK] .,English,synth_Language/TREx/P1412.jsonl
16,Alfred Cort Haddon used to communicate in [MASK] .,English,synth_Language/TREx/P1412.jsonl
18,Ioannis Kasoulidis used to communicate in [MASK] .,Greek,synth_Language/TREx/P1412.jsonl
20,Itzik Zohar used to communicate in [MASK] .,Hebrew,synth_Language/TREx/P1412.jsonl
22,Abraham Isaac Kook used to communicate in [MASK] .,Hebrew,synth_Language/TREx/P1412.jsonl
29,William James used to communicate in [MASK] .,English,synth_Language/TREx/P1412.jsonl
40,Rajit Kapur used to communicate in [MASK] .,Hindi,synth_Language/TREx/P1412.jsonl
42,Bernardino Ochino used to communicate in [MASK] .,Italian,synth_Language/TREx/P1412.jsonl
45,Benito Arias Montano used to communicate in [MASK] .,Spanish,synth_Language/TREx/P1412.jsonl
49,Erna Solberg used to communicate in [MASK] .,Norwegian,synth_Language/TREx/P1412.jsonl
51,Gilles Groulx used to communicate in [MASK] .,English,synth_Language/TREx/P1412.jsonl
52,Bernardo Dovizi used to communicate in [MASK] .,Italian,synth_Language/TREx/P1412.jsonl
55,Leonhard Christian Borchgrevink Holmboe used to communicate in [MASK] .,Norwegian,synth_Language/TREx/P1412.jsonl
57,Henry Maudsley used to communicate in [MASK] .,English,synth_Language/TREx/P1412.jsonl
58,Mick Lally used to communicate in [MASK] .,Irish,synth_Language/TREx/P1412.jsonl
59,Felisa Mary used to communicate in [MASK] .,Spanish,synth_Language/TREx/P1412.jsonl
60,Olavi Paavolainen used to communicate in [MASK] .,Finnish,synth_Language/TREx/P1412.jsonl
62,Joseph Milner used to communicate in [MASK] .,English,synth_Language/TREx/P1412.jsonl
64,Basarab Nicolescu used to communicate in [MASK] .,French,synth_Language/TREx/P1412.jsonl
66,Henry Warburton used to communicate in [MASK] .,English,synth_Language/TREx/P1412.jsonl
68,Sextus Pompeius Festus used to communicate in [MASK] .,Latin,synth_Language/TREx/P1412.jsonl
72,Thomas Sturge Moore used to communicate in [MASK] .,English,synth_Language/TREx/P1412.jsonl
74,Alexander Bulatovich used to communicate in [MASK] .,Russian,synth_Language/TREx/P1412.jsonl
75,Walter Laqueur used to communicate in [MASK] .,English,synth_Language/TREx/P1412.jsonl
76,Ephraim Katzir used to communicate in [MASK] .,Hebrew,synth_Language/TREx/P1412.jsonl
78,Park Chan-wook used to communicate in [MASK] .,Hangul,synth_Language/TREx/P1412.jsonl
80,Anil Kapoor used to communicate in [MASK] .,Hindi,synth_Language/TREx/P1412.jsonl
85,Erkki Karu used to communicate in [MASK] .,Finnish,synth_Language/TREx/P1412.jsonl
88,Jean-Pierre Claris de Florian used to communicate in [MASK] .,French,synth_Language/TREx/P1412.jsonl
105,Elena Valenciano used to communicate in [MASK] .,Spanish,synth_Language/TREx/P1412.jsonl
107,Huangfu Mi used to communicate in [MASK] .,Chinese,synth_Language/TREx/P1412.jsonl
109,Nathaniel Hawthorne used to communicate in [MASK] .,English,synth_Language/TREx/P1412.jsonl
114,Paul Tortelier used to communicate in [MASK] .,French,synth_Language/TREx/P1412.jsonl
116,Paul Ramadier used to communicate in [MASK] .,French,synth_Language/TREx/P1412.jsonl
118,James Earl Jones used to communicate in [MASK] .,English,synth_Language/TREx/P1412.jsonl
119,Wordsworth Donisthorpe used to communicate in [MASK] .,English,synth_Language/TREx/P1412.jsonl
121,Zhang Zhidong used to communicate in [MASK] .,Chinese,synth_Language/TREx/P1412.jsonl
127,Gustav Frederik Holm used to communicate in [MASK] .,Danish,synth_Language/TREx/P1412.jsonl
128,Eadweard Muybridge used to communicate in [MASK] .,English,synth_Language/TREx/P1412.jsonl
131,Maurice Merleau-Ponty used to communicate in [MASK] .,French,synth_Language/TREx/P1412.jsonl
140,Claudio Baglioni used to communicate in [MASK] .,Italian,synth_Language/TREx/P1412.jsonl
143,Robert Naunton used to communicate in [MASK] .,English,synth_Language/TREx/P1412.jsonl
145,Nino Bravo used to communicate in [MASK] .,Spanish,synth_Language/TREx/P1412.jsonl
150,Sallust used to communicate in [MASK] .,Latin,synth_Language/TREx/P1412.jsonl
152,Peter Benchley used to communicate in [MASK] .,English,synth_Language/TREx/P1412.jsonl
154,Louis Comfort Tiffany used to communicate in [MASK] .,English,synth_Language/TREx/P1412.jsonl
156,Ion Cristoiu used to communicate in [MASK] .,Romanian,synth_Language/TREx/P1412.jsonl
158,Georgios Lassanis used to communicate in [MASK] .,Greek,synth_Language/TREx/P1412.jsonl
160,Giambattista Nolli used to communicate in [MASK] .,Italian,synth_Language/TREx/P1412.jsonl
162,Martin Koolhoven used to communicate in [MASK] .,Dutch,synth_Language/TREx/P1412.jsonl
165,Mario Scelba used to communicate in [MASK] .,Italian,synth_Language/TREx/P1412.jsonl
168,Arantxa Parra Santonja used to communicate in [MASK] .,Spanish,synth_Language/TREx/P1412.jsonl
172,Giovanni Bertati used to communicate in [MASK] .,Italian,synth_Language/TREx/P1412.jsonl
174,Thor Heyerdahl used to communicate in [MASK] .,Norwegian,synth_Language/TREx/P1412.jsonl
195,David Blondel used to communicate in [MASK] .,French,synth_Language/TREx/P1412.jsonl
197,Asser used to communicate in [MASK] .,Welsh,synth_Language/TREx/P1412.jsonl
201,Chester Kallman used to communicate in [MASK] .,English,synth_Language/TREx/P1412.jsonl
206,Anna Mouglalis used to communicate in [MASK] .,French,synth_Language/TREx/P1412.jsonl
211,Jean Lhermitte used to communicate in [MASK] .,French,synth_Language/TREx/P1412.jsonl
216,Antony Thomas used to communicate in [MASK] .,English,synth_Language/TREx/P1412.jsonl
218,Marius Constant used to communicate in [MASK] .,French,synth_Language/TREx/P1412.jsonl
220,James Sully used to communicate in [MASK] .,English,synth_Language/TREx/P1412.jsonl
222,George Dance the Younger used to communicate in [MASK] .,English,synth_Language/TREx/P1412.jsonl
225,Karan Razdan used to communicate in [MASK] .,Hindi,synth_Language/TREx/P1412.jsonl
227,Lafcadio Hearn used to communicate in [MASK] .,English,synth_Language/TREx/P1412.jsonl
231,Jason Statham used to communicate in [MASK] .,English,synth_Language/TREx/P1412.jsonl
233,Mary Wollstonecraft used to communicate in [MASK] .,French,synth_Language/TREx/P1412.jsonl
234,Lennart Geijer used to communicate in [MASK] .,Swedish,synth_Language/TREx/P1412.jsonl
236,Raquel Morell used to communicate in [MASK] .,Spanish,synth_Language/TREx/P1412.jsonl
238,Maria Petrovykh used to communicate in [MASK] .,Russian,synth_Language/TREx/P1412.jsonl
239,Eric de Kuyper used to communicate in [MASK] .,Dutch,synth_Language/TREx/P1412.jsonl
241,Ivan Mazepa used to communicate in [MASK] .,Ukrainian,synth_Language/TREx/P1412.jsonl
261,Carl Bildt used to communicate in [MASK] .,Swedish,synth_Language/TREx/P1412.jsonl
267,Sombhu Mitra used to communicate in [MASK] .,Bengali,synth_Language/TREx/P1412.jsonl
269,Manuel Dorrego used to communicate in [MASK] .,Spanish,synth_Language/TREx/P1412.jsonl
271,Shantideva used to communicate in [MASK] .,Sanskrit,synth_Language/TREx/P1412.jsonl
277,Frida Kahlo used to communicate in [MASK] .,Spanish,synth_Language/TREx/P1412.jsonl
282,Goswin de Stassart used to communicate in [MASK] .,French,synth_Language/TREx/P1412.jsonl
283,Giulio Donadio used to communicate in [MASK] .,Italian,synth_Language/TREx/P1412.jsonl
287,Carl Jakob Sundevall used to communicate in [MASK] .,Swedish,synth_Language/TREx/P1412.jsonl
290,Boris Stomakhin used to communicate in [MASK] .,Russian,synth_Language/TREx/P1412.jsonl
291,Jeanne Moreau used to communicate in [MASK] .,French,synth_Language/TREx/P1412.jsonl
300,Peter Englund used to communicate in [MASK] .,Swedish,synth_Language/TREx/P1412.jsonl
302,Gunnar Staalesen used to communicate in [MASK] .,Norwegian,synth_Language/TREx/P1412.jsonl
304,Sanghavi used to communicate in [MASK] .,Hindi,synth_Language/TREx/P1412.jsonl
306,Santiago Segura used to communicate in [MASK] .,Spanish,synth_Language/TREx/P1412.jsonl
308,Sven Elvestad used to communicate in [MASK] .,Norwegian,synth_Language/TREx/P1412.jsonl
313,Rose Caron used to communicate in [MASK] .,French,synth_Language/TREx/P1412.jsonl
315,Patrick Chamoiseau used to communicate in [MASK] .,French,synth_Language/TREx/P1412.jsonl
319,Nadia Boulanger used to communicate in [MASK] .,French,synth_Language/TREx/P1412.jsonl
329,Hermenegildo Anglada Camarasa used to communicate in [MASK] .,Spanish,synth_Language/TREx/P1412.jsonl
331,Ferdinando Fontana used to communicate in [MASK] .,Italian,synth_Language/TREx/P1412.jsonl
335,Duygu Asena used to communicate in [MASK] .,Turkish,synth_Language/TREx/P1412.jsonl
337,Ramon Llull used to communicate in [MASK] .,Catalan,synth_Language/TREx/P1412.jsonl
345,Bas Jan Ader used to communicate in [MASK] .,Dutch,synth_Language/TREx/P1412.jsonl
347,Pascal Dagnan-Bouveret used to communicate in [MASK] .,French,synth_Language/TREx/P1412.jsonl
349,William Didier-Pouget used to communicate in [MASK] .,French,synth_Language/TREx/P1412.jsonl
351,Avram Iancu used to communicate in [MASK] .,Romanian,synth_Language/TREx/P1412.jsonl
361,Victoria Silvstedt used to communicate in [MASK] .,French,synth_Language/TREx/P1412.jsonl
362,Amal Nasser el-Din used to communicate in [MASK] .,Hebrew,synth_Language/TREx/P1412.jsonl
364,Jean Debucourt used to communicate in [MASK] .,French,synth_Language/TREx/P1412.jsonl
366,Jim Wright used to communicate in [MASK] .,English,synth_Language/TREx/P1412.jsonl
367,Jean Daive used to communicate in [MASK] .,French,synth_Language/TREx/P1412.jsonl
369,Victor Jacquemont used to communicate in [MASK] .,French,synth_Language/TREx/P1412.jsonl
372,Heikki Siren used to communicate in [MASK] .,Finnish,synth_Language/TREx/P1412.jsonl
376,Ji Kang used to communicate in [MASK] .,Chinese,synth_Language/TREx/P1412.jsonl
382,Giacinto Scelsi used to communicate in [MASK] .,Italian,synth_Language/TREx/P1412.jsonl
387,George Shaw used to communicate in [MASK] .,English,synth_Language/TREx/P1412.jsonl
392,Hussniya Jabara used to communicate in [MASK] .,Hebrew,synth_Language/TREx/P1412.jsonl
394,Alfred Russel Wallace used to communicate in [MASK] .,English,synth_Language/TREx/P1412.jsonl
396,Kadi Burhan al-Din used to communicate in [MASK] .,Azerbaijani,synth_Language/TREx/P1412.jsonl
399,Hector Guimard used to communicate in [MASK] .,French,synth_Language/TREx/P1412.jsonl
402,Seebohm Rowntree used to communicate in [MASK] .,English,synth_Language/TREx/P1412.jsonl
404,Zacharie Astruc used to communicate in [MASK] .,French,synth_Language/TREx/P1412.jsonl
406,Anne Curry used to communicate in [MASK] .,English,synth_Language/TREx/P1412.jsonl
408,Cecilia Bartoli used to communicate in [MASK] .,Italian,synth_Language/TREx/P1412.jsonl
411,Pierre Etchebaster used to communicate in [MASK] .,French,synth_Language/TREx/P1412.jsonl
413,Raquel Meller used to communicate in [MASK] .,Spanish,synth_Language/TREx/P1412.jsonl
417,Giovanni Morone used to communicate in [MASK] .,Italian,synth_Language/TREx/P1412.jsonl
419,Arthur Dupont used to communicate in [MASK] .,French,synth_Language/TREx/P1412.jsonl
433,Jean-Pierre Petit used to communicate in [MASK] .,French,synth_Language/TREx/P1412.jsonl
436,Paul Antoine Fleuriot de Langle used to communicate in [MASK] .,French,synth_Language/TREx/P1412.jsonl
438,Alain Jessua used to communicate in [MASK] .,French,synth_Language/TREx/P1412.jsonl
448,Parvin E'tesami used to communicate in [MASK] .,Persian,synth_Language/TREx/P1412.jsonl
454,Coluche used to communicate in [MASK] .,French,synth_Language/TREx/P1412.jsonl
459,Hakan Fidan used to communicate in [MASK] .,Turkish,synth_Language/TREx/P1412.jsonl
461,Valerius of Saragossa used to communicate in [MASK] .,Spanish,synth_Language/TREx/P1412.jsonl
463,Derick Thomson used to communicate in [MASK] .,English,synth_Language/TREx/P1412.jsonl
467,Luigi Boccherini used to communicate in [MASK] .,Italian,synth_Language/TREx/P1412.jsonl
470,Franciscus Donders used to communicate in [MASK] .,Dutch,synth_Language/TREx/P1412.jsonl
473,Tabish Khair used to communicate in [MASK] .,English,synth_Language/TREx/P1412.jsonl
475,Janet Street-Porter used to communicate in [MASK] .,English,synth_Language/TREx/P1412.jsonl
478,Carl Sigismund Kunth used to communicate in [MASK] .,Latin,synth_Language/TREx/P1412.jsonl
479,Samson Occom used to communicate in [MASK] .,English,synth_Language/TREx/P1412.jsonl
480,Keith Wood used to communicate in [MASK] .,Irish,synth_Language/TREx/P1412.jsonl
481,Matthew Waterhouse used to communicate in [MASK] .,English,synth_Language/TREx/P1412.jsonl
483,Abraham de Moivre used to communicate in [MASK] .,English,synth_Language/TREx/P1412.jsonl
484,A. N. Wilson used to communicate in [MASK] .,English,synth_Language/TREx/P1412.jsonl
486,Ehud Barak used to communicate in [MASK] .,English,synth_Language/TREx/P1412.jsonl
487,Oreste Biancoli used to communicate in [MASK] .,Italian,synth_Language/TREx/P1412.jsonl
493,Yakov Sverdlov used to communicate in [MASK] .,Russian,synth_Language/TREx/P1412.jsonl
495,Leopoldo Lugones used to communicate in [MASK] .,Spanish,synth_Language/TREx/P1412.jsonl
497,Vanessa Beecroft used to communicate in [MASK] .,Italian,synth_Language/TREx/P1412.jsonl
500,Romualdo Marenco used to communicate in [MASK] .,Italian,synth_Language/TREx/P1412.jsonl
502,Jehuda Cresques used to communicate in [MASK] .,Catalan,synth_Language/TREx/P1412.jsonl
504,Edith Maude Hull used to communicate in [MASK] .,English,synth_Language/TREx/P1412.jsonl
505,Gopi Chand Narang used to communicate in [MASK] .,Urdu,synth_Language/TREx/P1412.jsonl
507,Arthur Hallam used to communicate in [MASK] .,English,synth_Language/TREx/P1412.jsonl
509,Alexander William Kinglake used to communicate in [MASK] .,English,synth_Language/TREx/P1412.jsonl
512,Jules de Polignac used to communicate in [MASK] .,French,synth_Language/TREx/P1412.jsonl
523,Lin Huiyin used to communicate in [MASK] .,Chinese,synth_Language/TREx/P1412.jsonl
527,Dino Cazares used to communicate in [MASK] .,Spanish,synth_Language/TREx/P1412.jsonl
528,Marcus Licinius Crassus used to communicate in [MASK] .,Latin,synth_Language/TREx/P1412.jsonl
531,Maria Bellonci used to communicate in [MASK] .,Italian,synth_Language/TREx/P1412.jsonl
532,Jean-Jacques Annaud used to communicate in [MASK] .,French,synth_Language/TREx/P1412.jsonl
545,Alfred Sutro used to communicate in [MASK] .,English,synth_Language/TREx/P1412.jsonl
547,Yu-seon used to communicate in [MASK] .,Hangul,synth_Language/TREx/P1412.jsonl
548,Mikiel Anton Vassalli used to communicate in [MASK] .,Maltese,synth_Language/TREx/P1412.jsonl
561,Francis Blanche used to communicate in [MASK] .,French,synth_Language/TREx/P1412.jsonl
569,Ugo Falena used to communicate in [MASK] .,Italian,synth_Language/TREx/P1412.jsonl
571,Arturo Issel used to communicate in [MASK] .,Italian,synth_Language/TREx/P1412.jsonl
573,Bruno Tabacci used to communicate in [MASK] .,Italian,synth_Language/TREx/P1412.jsonl
576,Xavier Bertrand used to communicate in [MASK] .,French,synth_Language/TREx/P1412.jsonl
578,Dirk Bogarde used to communicate in [MASK] .,English,synth_Language/TREx/P1412.jsonl
581,Sreekanth used to communicate in [MASK] .,Tamil,synth_Language/TREx/P1412.jsonl
607,Benvenuto Rambaldi da Imola used to communicate in [MASK] .,Latin,synth_Language/TREx/P1412.jsonl
608,Josep Llimona i Bruguera used to communicate in [MASK] .,Catalan,synth_Language/TREx/P1412.jsonl
611,Edward Kimber used to communicate in [MASK] .,English,synth_Language/TREx/P1412.jsonl
613,Ahmad Karimi-Hakkak used to communicate in [MASK] .,Persian,synth_Language/TREx/P1412.jsonl
617,Elizabeth Eastlake used to communicate in [MASK] .,English,synth_Language/TREx/P1412.jsonl
618,Henri Queuille used to communicate in [MASK] .,French,synth_Language/TREx/P1412.jsonl
620,Oriol Junqueras used to communicate in [MASK] .,Catalan,synth_Language/TREx/P1412.jsonl
623,Virgil used to communicate in [MASK] .,Latin,synth_Language/TREx/P1412.jsonl
642,Annie Ernaux used to communicate in [MASK] .,French,synth_Language/TREx/P1412.jsonl
645,Mother Teresa used to communicate in [MASK] .,English,synth_Language/TREx/P1412.jsonl
652,Ivana Baquero used to communicate in [MASK] .,Spanish,synth_Language/TREx/P1412.jsonl
655,Russian Red used to communicate in [MASK] .,Spanish,synth_Language/TREx/P1412.jsonl
661,"Charles Louis Auguste Fouquet, duc de Belle-Isle used to communicate in [MASK] .",French,synth_Language/TREx/P1412.jsonl
664,Steve Biko used to communicate in [MASK] .,English,synth_Language/TREx/P1412.jsonl
665,Sybil Ruscoe used to communicate in [MASK] .,English,synth_Language/TREx/P1412.jsonl
667,Italo Bocchino used to communicate in [MASK] .,Italian,synth_Language/TREx/P1412.jsonl
669,Adriana Russo used to communicate in [MASK] .,Italian,synth_Language/TREx/P1412.jsonl
671,Nicolas Perrenot de Granvelle used to communicate in [MASK] .,French,synth_Language/TREx/P1412.jsonl
672,Patrick J. Kennedy used to communicate in [MASK] .,English,synth_Language/TREx/P1412.jsonl
673,Hossein Amini used to communicate in [MASK] .,Persian,synth_Language/TREx/P1412.jsonl
675,Paul Keres used to communicate in [MASK] .,Estonian,synth_Language/TREx/P1412.jsonl
683,Hieronymus Fabricius used to communicate in [MASK] .,Latin,synth_Language/TREx/P1412.jsonl
685,Giuseppe Bossi used to communicate in [MASK] .,Italian,synth_Language/TREx/P1412.jsonl
687,Dick King-Smith used to communicate in [MASK] .,English,synth_Language/TREx/P1412.jsonl
690,Raimonds Pauls used to communicate in [MASK] .,Russian,synth_Language/TREx/P1412.jsonl
693,Vita Sackville-West used to communicate in [MASK] .,English,synth_Language/TREx/P1412.jsonl
701,Timo Koivusalo used to communicate in [MASK] .,Finnish,synth_Language/TREx/P1412.jsonl
706,Malbim used to communicate in [MASK] .,Hebrew,synth_Language/TREx/P1412.jsonl
710,William Blandowski used to communicate in [MASK] .,English,synth_Language/TREx/P1412.jsonl
712,J. Thomas Looney used to communicate in [MASK] .,English,synth_Language/TREx/P1412.jsonl
715,Christiaan Huygens used to communicate in [MASK] .,Latin,synth_Language/TREx/P1412.jsonl
716,James Ussher used to communicate in [MASK] .,English,synth_Language/TREx/P1412.jsonl
722,Jacques Nicolas Augustin Thierry used to communicate in [MASK] .,French,synth_Language/TREx/P1412.jsonl
777,Rossano Brazzi used to communicate in [MASK] .,Italian,synth_Language/TREx/P1412.jsonl
782,Ben Myers used to communicate in [MASK] .,English,synth_Language/TREx/P1412.jsonl
785,Giovanni Lindo Ferretti used to communicate in [MASK] .,Italian,synth_Language/TREx/P1412.jsonl
790,Francis de Croisset used to communicate in [MASK] .,French,synth_Language/TREx/P1412.jsonl
794,Claire Croiza used to communicate in [MASK] .,French,synth_Language/TREx/P1412.jsonl
796,Victor Horta used to communicate in [MASK] .,Dutch,synth_Language/TREx/P1412.jsonl
802,Giorgio Almirante used to communicate in [MASK] .,Italian,synth_Language/TREx/P1412.jsonl
805,Edward Martyn used to communicate in [MASK] .,English,synth_Language/TREx/P1412.jsonl
806,"Claude Henri de Rouvroy, comte de Saint-Simon used to communicate in [MASK] .",French,synth_Language/TREx/P1412.jsonl
812,Cipriano Mera used to communicate in [MASK] .,Spanish,synth_Language/TREx/P1412.jsonl
814,Gianni Letta used to communicate in [MASK] .,Italian,synth_Language/TREx/P1412.jsonl
816,"George Goring, Lord Goring used to communicate in [MASK] .",English,synth_Language/TREx/P1412.jsonl
820,Peter Rogers used to communicate in [MASK] .,English,synth_Language/TREx/P1412.jsonl
822,Christopher Dresser used to communicate in [MASK] .,English,synth_Language/TREx/P1412.jsonl
825,Paul Viiding used to communicate in [MASK] .,Estonian,synth_Language/TREx/P1412.jsonl
827,Jean-Baptiste Tuby used to communicate in [MASK] .,French,synth_Language/TREx/P1412.jsonl
829,Francisco Coloane used to communicate in [MASK] .,Spanish,synth_Language/TREx/P1412.jsonl
831,Pierre Chenal used to communicate in [MASK] .,French,synth_Language/TREx/P1412.jsonl
834,Antonio Basoli used to communicate in [MASK] .,Italian,synth_Language/TREx/P1412.jsonl
836,Maria Valtorta used to communicate in [MASK] .,Italian,synth_Language/TREx/P1412.jsonl
841,Jacques Rouffio used to communicate in [MASK] .,French,synth_Language/TREx/P1412.jsonl
845,Alexandra Marinina used to communicate in [MASK] .,Russian,synth_Language/TREx/P1412.jsonl
858,"Infante Juan, Count of Barcelona used to communicate in [MASK] .",Spanish,synth_Language/TREx/P1412.jsonl
860,Samuel Coster used to communicate in [MASK] .,Dutch,synth_Language/TREx/P1412.jsonl
862,Boris Shaposhnikov used to communicate in [MASK] .,Russian,synth_Language/TREx/P1412.jsonl
868,Rosanna Fratello used to communicate in [MASK] .,Italian,synth_Language/TREx/P1412.jsonl
870,"Henry Brougham, 1st Baron Brougham and Vaux used to communicate in [MASK] .",English,synth_Language/TREx/P1412.jsonl
871,Enric Prat de la Riba used to communicate in [MASK] .,Catalan,synth_Language/TREx/P1412.jsonl
873,Emanuel Tov used to communicate in [MASK] .,Hebrew,synth_Language/TREx/P1412.jsonl
875,George Michael used to communicate in [MASK] .,English,synth_Language/TREx/P1412.jsonl
891,Thomas Seccombe used to communicate in [MASK] .,English,synth_Language/TREx/P1412.jsonl
893,George Howard Earle III used to communicate in [MASK] .,English,synth_Language/TREx/P1412.jsonl
894,Giuseppe Peano used to communicate in [MASK] .,Italian,synth_Language/TREx/P1412.jsonl
903,Alberto Lora used to communicate in [MASK] .,Spanish,synth_Language/TREx/P1412.jsonl
905,Vinu Mohan used to communicate in [MASK] .,Malayalam,synth_Language/TREx/P1412.jsonl
906,Suzanne Malherbe used to communicate in [MASK] .,French,synth_Language/TREx/P1412.jsonl
908,Alexandre de Marenches used to communicate in [MASK] .,French,synth_Language/TREx/P1412.jsonl
913,Arvo Tuominen used to communicate in [MASK] .,Finnish,synth_Language/TREx/P1412.jsonl
914,Jiang Qinqin used to communicate in [MASK] .,Chinese,synth_Language/TREx/P1412.jsonl
917,Andrea Bianchi used to communicate in [MASK] .,Italian,synth_Language/TREx/P1412.jsonl
919,James Bainham used to communicate in [MASK] .,English,synth_Language/TREx/P1412.jsonl
921,Alex Levac used to communicate in [MASK] .,Hebrew,synth_Language/TREx/P1412.jsonl
923,Orna Banai used to communicate in [MASK] .,Hebrew,synth_Language/TREx/P1412.jsonl
925,Bernard Griffin used to communicate in [MASK] .,English,synth_Language/TREx/P1412.jsonl
927,Valerio Evangelisti used to communicate in [MASK] .,Italian,synth_Language/TREx/P1412.jsonl
931,Petter Dass used to communicate in [MASK] .,Norwegian,synth_Language/TREx/P1412.jsonl
932,Agnolo Firenzuola used to communicate in [MASK] .,Italian,synth_Language/TREx/P1412.jsonl
934,Willem-Alexander of the Netherlands used to communicate in [MASK] .,Dutch,synth_Language/TREx/P1412.jsonl
958,Kenneth Hurlstone Jackson used to communicate in [MASK] .,English,synth_Language/TREx/P1412.jsonl
960,Maurice Dekobra used to communicate in [MASK] .,French,synth_Language/TREx/P1412.jsonl
962,Alain de Benoist used to communicate in [MASK] .,French,synth_Language/TREx/P1412.jsonl
970,Peter Brook used to communicate in [MASK] .,English,synth_Language/TREx/P1412.jsonl
975,Tristan Tzara used to communicate in [MASK] .,French,synth_Language/TREx/P1412.jsonl
981,Laura Gore used to communicate in [MASK] .,Italian,synth_Language/TREx/P1412.jsonl
983,Bertrand Tavernier used to communicate in [MASK] .,French,synth_Language/TREx/P1412.jsonl
1006,Orchidea De Santis used to communicate in [MASK] .,Italian,synth_Language/TREx/P1412.jsonl
1008,Robert Jan van Pelt used to communicate in [MASK] .,Dutch,synth_Language/TREx/P1412.jsonl
1010,Piero Manzoni used to communicate in [MASK] .,Italian,synth_Language/TREx/P1412.jsonl
1017,Louis Petit de Bachaumont used to communicate in [MASK] .,French,synth_Language/TREx/P1412.jsonl
1019,Raymond van Barneveld used to communicate in [MASK] .,Dutch,synth_Language/TREx/P1412.jsonl
1021,Richard Arkwright used to communicate in [MASK] .,English,synth_Language/TREx/P1412.jsonl
1025,Umberto Spadaro used to communicate in [MASK] .,Italian,synth_Language/TREx/P1412.jsonl
1029,Pep Guardiola used to communicate in [MASK] .,Spanish,synth_Language/TREx/P1412.jsonl
1030,Melvyn Bragg used to communicate in [MASK] .,English,synth_Language/TREx/P1412.jsonl
1033,Emilio Lussu used to communicate in [MASK] .,Italian,synth_Language/TREx/P1412.jsonl
1035,Patrizia Toia used to communicate in [MASK] .,Italian,synth_Language/TREx/P1412.jsonl
1037,Pierre Carniti used to communicate in [MASK] .,Italian,synth_Language/TREx/P1412.jsonl
1039,Jean-Baptiste Boussingault used to communicate in [MASK] .,French,synth_Language/TREx/P1412.jsonl
1040,Sarah Waters used to communicate in [MASK] .,Welsh,synth_Language/TREx/P1412.jsonl
1042,Anastasia Volochkova used to communicate in [MASK] .,Russian,synth_Language/TREx/P1412.jsonl
1046,Joaquin Mir Trinxet used to communicate in [MASK] .,Spanish,synth_Language/TREx/P1412.jsonl
1048,Rafael Jofresa used to communicate in [MASK] .,Spanish,synth_Language/TREx/P1412.jsonl
1050,Anders Sunesen used to communicate in [MASK] .,Latin,synth_Language/TREx/P1412.jsonl
1051,Imre Nagy used to communicate in [MASK] .,Hungarian,synth_Language/TREx/P1412.jsonl
1065,Calixto Bieito used to communicate in [MASK] .,Spanish,synth_Language/TREx/P1412.jsonl
1068,Saxo Grammaticus used to communicate in [MASK] .,Latin,synth_Language/TREx/P1412.jsonl
1076,Ernest William Hornung used to communicate in [MASK] .,English,synth_Language/TREx/P1412.jsonl
1079,Michel Duchaussoy used to communicate in [MASK] .,French,synth_Language/TREx/P1412.jsonl
1083,Renzo Novatore used to communicate in [MASK] .,Italian,synth_Language/TREx/P1412.jsonl
1085,Kulbhushan Kharbanda used to communicate in [MASK] .,Hindi,synth_Language/TREx/P1412.jsonl
1089,Debashree Roy used to communicate in [MASK] .,Bengali,synth_Language/TREx/P1412.jsonl
1093,Willem Einthoven used to communicate in [MASK] .,Dutch,synth_Language/TREx/P1412.jsonl
1098,Ferrante Gonzaga used to communicate in [MASK] .,Italian,synth_Language/TREx/P1412.jsonl
1099,Kadiri Venkata Reddy used to communicate in [MASK] .,Telugu,synth_Language/TREx/P1412.jsonl
1109,Margrethe II of Denmark used to communicate in [MASK] .,Swedish,synth_Language/TREx/P1412.jsonl
1110,Antoine Arnauld used to communicate in [MASK] .,French,synth_Language/TREx/P1412.jsonl
1116,Aleksey Pisemsky used to communicate in [MASK] .,Russian,synth_Language/TREx/P1412.jsonl
1118,Jean Marais used to communicate in [MASK] .,French,synth_Language/TREx/P1412.jsonl
1143,Nicolaus Olahus used to communicate in [MASK] .,Latin,synth_Language/TREx/P1412.jsonl
1146,Georgius Agricola used to communicate in [MASK] .,Latin,synth_Language/TREx/P1412.jsonl
1151,Maxence Caron used to communicate in [MASK] .,French,synth_Language/TREx/P1412.jsonl
1153,Andrea Carandini used to communicate in [MASK] .,Italian,synth_Language/TREx/P1412.jsonl
1155,Satyendra Nath Bose used to communicate in [MASK] .,English,synth_Language/TREx/P1412.jsonl
1160,Christopher Logue used to communicate in [MASK] .,English,synth_Language/TREx/P1412.jsonl
1162,Didier Haudepin used to communicate in [MASK] .,French,synth_Language/TREx/P1412.jsonl
1166,Jean Bobet used to communicate in [MASK] .,French,synth_Language/TREx/P1412.jsonl
1180,Pu Songling used to communicate in [MASK] .,Chinese,synth_Language/TREx/P1412.jsonl
1208,Michael Atherton used to communicate in [MASK] .,English,synth_Language/TREx/P1412.jsonl
1209,David Warrilow used to communicate in [MASK] .,English,synth_Language/TREx/P1412.jsonl
1211,Petras Klimas used to communicate in [MASK] .,Lithuanian,synth_Language/TREx/P1412.jsonl
1215,Dino Dvornik used to communicate in [MASK] .,Croatian,synth_Language/TREx/P1412.jsonl
1218,Hamid Algar used to communicate in [MASK] .,English,synth_Language/TREx/P1412.jsonl
1220,Leonard Plugge used to communicate in [MASK] .,English,synth_Language/TREx/P1412.jsonl
1222,Fermin used to communicate in [MASK] .,Spanish,synth_Language/TREx/P1412.jsonl
1225,Ernest Shackleton used to communicate in [MASK] .,English,synth_Language/TREx/P1412.jsonl
1228,Jorge Glusberg used to communicate in [MASK] .,Spanish,synth_Language/TREx/P1412.jsonl
1229,David Van Reybrouck used to communicate in [MASK] .,Dutch,synth_Language/TREx/P1412.jsonl
1230,Bernard Lewis used to communicate in [MASK] .,English,synth_Language/TREx/P1412.jsonl
1231,Nikolai Myaskovsky used to communicate in [MASK] .,Russian,synth_Language/TREx/P1412.jsonl
1237,Salvador Allende used to communicate in [MASK] .,Spanish,synth_Language/TREx/P1412.jsonl
1250,Jan Matejko used to communicate in [MASK] .,Polish,synth_Language/TREx/P1412.jsonl
1261,David Foster Wallace used to communicate in [MASK] .,English,synth_Language/TREx/P1412.jsonl
1264,Leonora Fani used to communicate in [MASK] .,Italian,synth_Language/TREx/P1412.jsonl
1266,Yury Grigorovich used to communicate in [MASK] .,Russian,synth_Language/TREx/P1412.jsonl
1291,Agoston Haraszthy used to communicate in [MASK] .,Hungarian,synth_Language/TREx/P1412.jsonl
1293,Guido Pieters used to communicate in [MASK] .,Dutch,synth_Language/TREx/P1412.jsonl
1298,Ebenezer Howard used to communicate in [MASK] .,English,synth_Language/TREx/P1412.jsonl
1300,Yotam Halperin used to communicate in [MASK] .,Hebrew,synth_Language/TREx/P1412.jsonl
1302,Niels Arestrup used to communicate in [MASK] .,French,synth_Language/TREx/P1412.jsonl
1310,Imadaddin Nasimi used to communicate in [MASK] .,Azerbaijani,synth_Language/TREx/P1412.jsonl
1323,Tharika used to communicate in [MASK] .,Tamil,synth_Language/TREx/P1412.jsonl
1327,Nikolai Leskov used to communicate in [MASK] .,Russian,synth_Language/TREx/P1412.jsonl
1336,Mirza Basheer-ud-Din Mahmood Ahmad used to communicate in [MASK] .,English,synth_Language/TREx/P1412.jsonl
1341,Mervyn Peake used to communicate in [MASK] .,English,synth_Language/TREx/P1412.jsonl
1344,Victor Emmanuel II of Savoy used to communicate in [MASK] .,Italian,synth_Language/TREx/P1412.jsonl
1345,Zuber Usman used to communicate in [MASK] .,Indonesian,synth_Language/TREx/P1412.jsonl
1349,Pierre Boucher used to communicate in [MASK] .,French,synth_Language/TREx/P1412.jsonl
1353,Ivan Vasilenko used to communicate in [MASK] .,Russian,synth_Language/TREx/P1412.jsonl
1355,Bozorg Alavi used to communicate in [MASK] .,Persian,synth_Language/TREx/P1412.jsonl
1357,Juraj Herz used to communicate in [MASK] .,Czech,synth_Language/TREx/P1412.jsonl
1358,Bo Lundgren used to communicate in [MASK] .,Swedish,synth_Language/TREx/P1412.jsonl
1370,Georges Polti used to communicate in [MASK] .,French,synth_Language/TREx/P1412.jsonl
1372,Edmund Waller used to communicate in [MASK] .,English,synth_Language/TREx/P1412.jsonl
1374,Eiliv Skard used to communicate in [MASK] .,Norwegian,synth_Language/TREx/P1412.jsonl
1376,James Pennethorne used to communicate in [MASK] .,English,synth_Language/TREx/P1412.jsonl
1378,Mia Couto used to communicate in [MASK] .,Portuguese,synth_Language/TREx/P1412.jsonl
1381,Christine Angot used to communicate in [MASK] .,French,synth_Language/TREx/P1412.jsonl
1384,Marc Bloch used to communicate in [MASK] .,French,synth_Language/TREx/P1412.jsonl
1387,Jean-Baptiste Lebas used to communicate in [MASK] .,French,synth_Language/TREx/P1412.jsonl
1389,George Enescu used to communicate in [MASK] .,Romanian,synth_Language/TREx/P1412.jsonl
1414,Lodovico Agostini used to communicate in [MASK] .,Italian,synth_Language/TREx/P1412.jsonl
1416,Aleksander Griboyedov used to communicate in [MASK] .,Russian,synth_Language/TREx/P1412.jsonl
1424,Eleanor Steber used to communicate in [MASK] .,English,synth_Language/TREx/P1412.jsonl
1425,Yves Bonnefoy used to communicate in [MASK] .,French,synth_Language/TREx/P1412.jsonl
1430,Gloria Estefan used to communicate in [MASK] .,Spanish,synth_Language/TREx/P1412.jsonl
1465,Emmanuelle Bercot used to communicate in [MASK] .,French,synth_Language/TREx/P1412.jsonl
1475,Eleanor Bron used to communicate in [MASK] .,English,synth_Language/TREx/P1412.jsonl
1477,Michel Godard used to communicate in [MASK] .,French,synth_Language/TREx/P1412.jsonl
1481,Eleanor Marx used to communicate in [MASK] .,English,synth_Language/TREx/P1412.jsonl
1482,Michael Moore used to communicate in [MASK] .,English,synth_Language/TREx/P1412.jsonl
1483,Manuel De Sica used to communicate in [MASK] .,Italian,synth_Language/TREx/P1412.jsonl
1485,Pierre-Charles Villeneuve used to communicate in [MASK] .,French,synth_Language/TREx/P1412.jsonl
1510,William Johnson Cory used to communicate in [MASK] .,English,synth_Language/TREx/P1412.jsonl
1512,Vytautas Petrulis used to communicate in [MASK] .,Lithuanian,synth_Language/TREx/P1412.jsonl
1514,Pietro Bellotti used to communicate in [MASK] .,Italian,synth_Language/TREx/P1412.jsonl
1516,Marina Ripa di Meana used to communicate in [MASK] .,Italian,synth_Language/TREx/P1412.jsonl
1518,Michel Etcheverry used to communicate in [MASK] .,French,synth_Language/TREx/P1412.jsonl
1520,Adolphe Joseph Thomas Monticelli used to communicate in [MASK] .,French,synth_Language/TREx/P1412.jsonl
1523,Rafael Pascual used to communicate in [MASK] .,Spanish,synth_Language/TREx/P1412.jsonl
1525,Dennis Wilson used to communicate in [MASK] .,English,synth_Language/TREx/P1412.jsonl
1527,Ion Vianu used to communicate in [MASK] .,Romanian,synth_Language/TREx/P1412.jsonl
1529,Yvette Giraud used to communicate in [MASK] .,French,synth_Language/TREx/P1412.jsonl
1530,Jacques Callot used to communicate in [MASK] .,French,synth_Language/TREx/P1412.jsonl
1534,Max Blecher used to communicate in [MASK] .,Romanian,synth_Language/TREx/P1412.jsonl
1537,Jean-Baptiste Marchand used to communicate in [MASK] .,French,synth_Language/TREx/P1412.jsonl
1553,Pierre Beaumarchais used to communicate in [MASK] .,French,synth_Language/TREx/P1412.jsonl
1585,Benedetto Croce used to communicate in [MASK] .,Italian,synth_Language/TREx/P1412.jsonl
1593,Miguel A. Torres used to communicate in [MASK] .,Spanish,synth_Language/TREx/P1412.jsonl
1595,Lucrezia Bori used to communicate in [MASK] .,Spanish,synth_Language/TREx/P1412.jsonl
1597,Joseph Oller used to communicate in [MASK] .,Catalan,synth_Language/TREx/P1412.jsonl
1599,Bruno Racine used to communicate in [MASK] .,French,synth_Language/TREx/P1412.jsonl
1602,Ravi Shankar used to communicate in [MASK] .,English,synth_Language/TREx/P1412.jsonl
1606,Jorge Lanata used to communicate in [MASK] .,Spanish,synth_Language/TREx/P1412.jsonl
1607,Colin MacInnes used to communicate in [MASK] .,English,synth_Language/TREx/P1412.jsonl
1611,Philip Nel used to communicate in [MASK] .,English,synth_Language/TREx/P1412.jsonl
1613,Roy Orbison used to communicate in [MASK] .,English,synth_Language/TREx/P1412.jsonl
1618,Hariharananda Giri used to communicate in [MASK] .,Bengali,synth_Language/TREx/P1412.jsonl
1620,Claude Chappe used to communicate in [MASK] .,French,synth_Language/TREx/P1412.jsonl
1621,Cathi Unsworth used to communicate in [MASK] .,English,synth_Language/TREx/P1412.jsonl
1623,Costache Negri used to communicate in [MASK] .,Romanian,synth_Language/TREx/P1412.jsonl
1625,John Willie used to communicate in [MASK] .,English,synth_Language/TREx/P1412.jsonl
1626,Vilhelm Ekelund used to communicate in [MASK] .,Swedish,synth_Language/TREx/P1412.jsonl
1628,Vittorio De Sisti used to communicate in [MASK] .,Italian,synth_Language/TREx/P1412.jsonl
1630,Georges Guibourg used to communicate in [MASK] .,French,synth_Language/TREx/P1412.jsonl
1632,Sam Mendes used to communicate in [MASK] .,English,synth_Language/TREx/P1412.jsonl
1634,Chrisye used to communicate in [MASK] .,Indonesian,synth_Language/TREx/P1412.jsonl
1654,Denis Verdini used to communicate in [MASK] .,Italian,synth_Language/TREx/P1412.jsonl
1656,Ivan Bunin used to communicate in [MASK] .,Russian,synth_Language/TREx/P1412.jsonl
1683,Roger Caillois used to communicate in [MASK] .,French,synth_Language/TREx/P1412.jsonl
1690,Jacques Grange used to communicate in [MASK] .,French,synth_Language/TREx/P1412.jsonl
1693,Samuel Purchas used to communicate in [MASK] .,English,synth_Language/TREx/P1412.jsonl
1697,Albert Willemetz used to communicate in [MASK] .,French,synth_Language/TREx/P1412.jsonl
1706,Maria Elena Kiriakou used to communicate in [MASK] .,Greek,synth_Language/TREx/P1412.jsonl
1708,John Skelton used to communicate in [MASK] .,English,synth_Language/TREx/P1412.jsonl
1712,Angelica Balabanoff used to communicate in [MASK] .,Russian,synth_Language/TREx/P1412.jsonl
1714,Jean Marot used to communicate in [MASK] .,French,synth_Language/TREx/P1412.jsonl
1715,Rose Tremain used to communicate in [MASK] .,English,synth_Language/TREx/P1412.jsonl
1718,Francesc Eiximenis used to communicate in [MASK] .,Catalan,synth_Language/TREx/P1412.jsonl
1723,Amaia Salamanca used to communicate in [MASK] .,Spanish,synth_Language/TREx/P1412.jsonl
1732,Nathalie Kosciusko-Morizet used to communicate in [MASK] .,French,synth_Language/TREx/P1412.jsonl
1734,Jonas Mekas used to communicate in [MASK] .,English,synth_Language/TREx/P1412.jsonl
1735,Vytautas Barkauskas used to communicate in [MASK] .,Lithuanian,synth_Language/TREx/P1412.jsonl
1740,Jacques Pills used to communicate in [MASK] .,French,synth_Language/TREx/P1412.jsonl
1742,Louis Pergaud used to communicate in [MASK] .,French,synth_Language/TREx/P1412.jsonl
1746,Itay Tiran used to communicate in [MASK] .,Hebrew,synth_Language/TREx/P1412.jsonl
1748,Jacobus de Voragine used to communicate in [MASK] .,Latin,synth_Language/TREx/P1412.jsonl
1750,Humberto Delgado used to communicate in [MASK] .,Portuguese,synth_Language/TREx/P1412.jsonl
1757,John Diefenbaker used to communicate in [MASK] .,English,synth_Language/TREx/P1412.jsonl
1758,Jagapati Babu used to communicate in [MASK] .,Telugu,synth_Language/TREx/P1412.jsonl
1767,Johan Gottschalk Wallerius used to communicate in [MASK] .,Swedish,synth_Language/TREx/P1412.jsonl
1769,Piero Gobetti used to communicate in [MASK] .,Italian,synth_Language/TREx/P1412.jsonl
1771,Giacomo Luigi Ciamician used to communicate in [MASK] .,Italian,synth_Language/TREx/P1412.jsonl
1773,Gaston Palewski used to communicate in [MASK] .,French,synth_Language/TREx/P1412.jsonl
1776,Paul Personne used to communicate in [MASK] .,French,synth_Language/TREx/P1412.jsonl
1778,Auguste de Marmont used to communicate in [MASK] .,French,synth_Language/TREx/P1412.jsonl
1782,Johanne Luise Heiberg used to communicate in [MASK] .,Danish,synth_Language/TREx/P1412.jsonl
1784,Jorge Arvizu used to communicate in [MASK] .,Spanish,synth_Language/TREx/P1412.jsonl
1786,Martin Lowry used to communicate in [MASK] .,English,synth_Language/TREx/P1412.jsonl
1787,Abulhassan Banisadr used to communicate in [MASK] .,Persian,synth_Language/TREx/P1412.jsonl
1792,Paul Philippoteaux used to communicate in [MASK] .,French,synth_Language/TREx/P1412.jsonl
1795,Giovanni Falcone used to communicate in [MASK] .,Italian,synth_Language/TREx/P1412.jsonl
1799,Ivano Staccioli used to communicate in [MASK] .,Italian,synth_Language/TREx/P1412.jsonl
1802,Sharon Osbourne used to communicate in [MASK] .,English,synth_Language/TREx/P1412.jsonl
1804,Anggun used to communicate in [MASK] .,Indonesian,synth_Language/TREx/P1412.jsonl
1826,Mercedes Valdivieso used to communicate in [MASK] .,Spanish,synth_Language/TREx/P1412.jsonl
1827,Jennifer Pareja used to communicate in [MASK] .,Spanish,synth_Language/TREx/P1412.jsonl
1829,Nick Cave used to communicate in [MASK] .,English,synth_Language/TREx/P1412.jsonl
1832,William Henry Flower used to communicate in [MASK] .,English,synth_Language/TREx/P1412.jsonl
1834,Carlo Porta used to communicate in [MASK] .,Italian,synth_Language/TREx/P1412.jsonl
1836,Diego de Landa used to communicate in [MASK] .,Spanish,synth_Language/TREx/P1412.jsonl
1840,Luc Moullet used to communicate in [MASK] .,French,synth_Language/TREx/P1412.jsonl
1846,Giulio Questi used to communicate in [MASK] .,Italian,synth_Language/TREx/P1412.jsonl
1847,Alain Touraine used to communicate in [MASK] .,French,synth_Language/TREx/P1412.jsonl
1850,Kazimierz Wyka used to communicate in [MASK] .,Polish,synth_Language/TREx/P1412.jsonl
1852,Sergey Uvarov used to communicate in [MASK] .,Russian,synth_Language/TREx/P1412.jsonl
1853,Clark Gable used to communicate in [MASK] .,English,synth_Language/TREx/P1412.jsonl
1855,Auguste Chevalier used to communicate in [MASK] .,French,synth_Language/TREx/P1412.jsonl
1859,Ricardo Bofill used to communicate in [MASK] .,Spanish,synth_Language/TREx/P1412.jsonl
1867,Yordi used to communicate in [MASK] .,Spanish,synth_Language/TREx/P1412.jsonl
1869,Lon Chaney used to communicate in [MASK] .,English,synth_Language/TREx/P1412.jsonl
1871,Caroline Alice Elgar used to communicate in [MASK] .,English,synth_Language/TREx/P1412.jsonl
1872,Jacques Lacan used to communicate in [MASK] .,French,synth_Language/TREx/P1412.jsonl
1894,Olivier Baroux used to communicate in [MASK] .,French,synth_Language/TREx/P1412.jsonl
1898,Ian McShane used to communicate in [MASK] .,English,synth_Language/TREx/P1412.jsonl
1901,Natasha Parry used to communicate in [MASK] .,English,synth_Language/TREx/P1412.jsonl
1903,Jean Rollin used to communicate in [MASK] .,French,synth_Language/TREx/P1412.jsonl
1913,James Garner used to communicate in [MASK] .,English,synth_Language/TREx/P1412.jsonl
1917,Johannes Sikkar used to communicate in [MASK] .,Estonian,synth_Language/TREx/P1412.jsonl
1920,Alex Benno used to communicate in [MASK] .,Dutch,synth_Language/TREx/P1412.jsonl
1929,Pascal Quignard used to communicate in [MASK] .,French,synth_Language/TREx/P1412.jsonl
1936,Melvin Van Peebles used to communicate in [MASK] .,English,synth_Language/TREx/P1412.jsonl
1937,Constantijn Huygens used to communicate in [MASK] .,Dutch,synth_Language/TREx/P1412.jsonl
1944,Musa Manarov used to communicate in [MASK] .,Russian,synth_Language/TREx/P1412.jsonl
1945,Antonio Margheriti used to communicate in [MASK] .,Italian,synth_Language/TREx/P1412.jsonl
1952,Gaston Defferre used to communicate in [MASK] .,French,synth_Language/TREx/P1412.jsonl
1954,Maria de Medeiros used to communicate in [MASK] .,French,synth_Language/TREx/P1412.jsonl
1955,Sajjad Ali used to communicate in [MASK] .,English,synth_Language/TREx/P1412.jsonl
1957,Gilad Shalit used to communicate in [MASK] .,Hebrew,synth_Language/TREx/P1412.jsonl
1959,Cedar Paul used to communicate in [MASK] .,English,synth_Language/TREx/P1412.jsonl
1960,Shahu Modak used to communicate in [MASK] .,Hindi,synth_Language/TREx/P1412.jsonl
1962,Henry Louis Gates used to communicate in [MASK] .,English,synth_Language/TREx/P1412.jsonl
1964,Gilbert Romme used to communicate in [MASK] .,French,synth_Language/TREx/P1412.jsonl
1966,Paco Rabanne used to communicate in [MASK] .,Spanish,synth_Language/TREx/P1412.jsonl
1969,Pier Luigi Nervi used to communicate in [MASK] .,Italian,synth_Language/TREx/P1412.jsonl
1974,Matt Greenhalgh used to communicate in [MASK] .,English,synth_Language/TREx/P1412.jsonl
1976,Henry Winter used to communicate in [MASK] .,English,synth_Language/TREx/P1412.jsonl
1978,Manuel Valls used to communicate in [MASK] .,Spanish,synth_Language/TREx/P1412.jsonl
1981,Riccardo Freda used to communicate in [MASK] .,Italian,synth_Language/TREx/P1412.jsonl
1990,John McEnery used to communicate in [MASK] .,English,synth_Language/TREx/P1412.jsonl
1992,Willie Nelson used to communicate in [MASK] .,English,synth_Language/TREx/P1412.jsonl
1994,Dominic Behan used to communicate in [MASK] .,Irish,synth_Language/TREx/P1412.jsonl
2003,Nassau William Senior used to communicate in [MASK] .,English,synth_Language/TREx/P1412.jsonl
2005,"John Jervis, 1st Earl of St Vincent used to communicate in [MASK] .",English,synth_Language/TREx/P1412.jsonl
2006,Abbas Kiarostami used to communicate in [MASK] .,Persian,synth_Language/TREx/P1412.jsonl
2033,Joseph Albo used to communicate in [MASK] .,Hebrew,synth_Language/TREx/P1412.jsonl
2036,Henry Clay Frick used to communicate in [MASK] .,English,synth_Language/TREx/P1412.jsonl
2037,Remy de Gourmont used to communicate in [MASK] .,French,synth_Language/TREx/P1412.jsonl
2040,Jan Kruis used to communicate in [MASK] .,Dutch,synth_Language/TREx/P1412.jsonl
2041,Valmiki used to communicate in [MASK] .,Sanskrit,synth_Language/TREx/P1412.jsonl
2053,John V. Evans used to communicate in [MASK] .,English,synth_Language/TREx/P1412.jsonl
2058,Christophe Barratier used to communicate in [MASK] .,French,synth_Language/TREx/P1412.jsonl
2065,George Bentham used to communicate in [MASK] .,English,synth_Language/TREx/P1412.jsonl
2093,Rui Naiwei used to communicate in [MASK] .,Chinese,synth_Language/TREx/P1412.jsonl
2097,Jean Benguigui used to communicate in [MASK] .,French,synth_Language/TREx/P1412.jsonl
2099,Zevulun Hammer used to communicate in [MASK] .,Hebrew,synth_Language/TREx/P1412.jsonl
2101,Ahn Byeong-ki used to communicate in [MASK] .,Hangul,synth_Language/TREx/P1412.jsonl
2104,Gheorghe Ciuhandu used to communicate in [MASK] .,Romanian,synth_Language/TREx/P1412.jsonl
2105,Aamani used to communicate in [MASK] .,Telugu,synth_Language/TREx/P1412.jsonl
2107,Alaska used to communicate in [MASK] .,Spanish,synth_Language/TREx/P1412.jsonl
2108,Francisco Silvela used to communicate in [MASK] .,Spanish,synth_Language/TREx/P1412.jsonl
2109,Jean-Baptiste Willermoz used to communicate in [MASK] .,French,synth_Language/TREx/P1412.jsonl
2111,William Alfred Fowler used to communicate in [MASK] .,English,synth_Language/TREx/P1412.jsonl
2113,Ferrante Pallavicino used to communicate in [MASK] .,Italian,synth_Language/TREx/P1412.jsonl
2115,"William Eugene Stanley, Sr. used to communicate in [MASK] .",English,synth_Language/TREx/P1412.jsonl
2116,Suchitra Sen used to communicate in [MASK] .,Bengali,synth_Language/TREx/P1412.jsonl
2128,Pompiliu Constantinescu used to communicate in [MASK] .,Romanian,synth_Language/TREx/P1412.jsonl
2131,Mario Monticelli used to communicate in [MASK] .,Italian,synth_Language/TREx/P1412.jsonl
2134,Otto Tief used to communicate in [MASK] .,Estonian,synth_Language/TREx/P1412.jsonl
2135,Pierre Berbizier used to communicate in [MASK] .,French,synth_Language/TREx/P1412.jsonl
2137,Michiel Hazewinkel used to communicate in [MASK] .,Dutch,synth_Language/TREx/P1412.jsonl
2139,Safiye Ayla used to communicate in [MASK] .,Turkish,synth_Language/TREx/P1412.jsonl
2140,Julia Lovell used to communicate in [MASK] .,English,synth_Language/TREx/P1412.jsonl
2141,Abraham Fraenkel used to communicate in [MASK] .,Hebrew,synth_Language/TREx/P1412.jsonl
2143,Lawrence Beesley used to communicate in [MASK] .,English,synth_Language/TREx/P1412.jsonl
2145,Alberto Bueno used to communicate in [MASK] .,Spanish,synth_Language/TREx/P1412.jsonl
2148,Oliver Cromwell used to communicate in [MASK] .,English,synth_Language/TREx/P1412.jsonl
2176,Gray Davis used to communicate in [MASK] .,English,synth_Language/TREx/P1412.jsonl
2193,Girish Chandra Sen used to communicate in [MASK] .,Bengali,synth_Language/TREx/P1412.jsonl
2199,Andoni Iraola used to communicate in [MASK] .,Spanish,synth_Language/TREx/P1412.jsonl
2201,Denise Robins used to communicate in [MASK] .,English,synth_Language/TREx/P1412.jsonl
2202,Jack Ralite used to communicate in [MASK] .,French,synth_Language/TREx/P1412.jsonl
2204,Louis Loucheur used to communicate in [MASK] .,French,synth_Language/TREx/P1412.jsonl
2206,Sylvain Chomet used to communicate in [MASK] .,French,synth_Language/TREx/P1412.jsonl
2213,"James Burnett, Lord Monboddo used to communicate in [MASK] .",English,synth_Language/TREx/P1412.jsonl
2215,Liv Ullmann used to communicate in [MASK] .,English,synth_Language/TREx/P1412.jsonl
2219,"John Hutton, Baron Hutton of Furness used to communicate in [MASK] .",English,synth_Language/TREx/P1412.jsonl
2220,Willem Wilmink used to communicate in [MASK] .,Dutch,synth_Language/TREx/P1412.jsonl
2224,John Edwin Sandys used to communicate in [MASK] .,English,synth_Language/TREx/P1412.jsonl
2226,William Wycherley used to communicate in [MASK] .,English,synth_Language/TREx/P1412.jsonl
2227,Augusto Pinochet used to communicate in [MASK] .,Spanish,synth_Language/TREx/P1412.jsonl
2234,Paul Ulrich Villard used to communicate in [MASK] .,French,synth_Language/TREx/P1412.jsonl
2237,Ivan Shmelyov used to communicate in [MASK] .,Russian,synth_Language/TREx/P1412.jsonl
2239,Christa Theret used to communicate in [MASK] .,French,synth_Language/TREx/P1412.jsonl
2242,Gajanan Madhav Muktibodh used to communicate in [MASK] .,Hindi,synth_Language/TREx/P1412.jsonl
2243,Derrick Sherwin used to communicate in [MASK] .,English,synth_Language/TREx/P1412.jsonl
2244,Jean Crotti used to communicate in [MASK] .,French,synth_Language/TREx/P1412.jsonl
2248,Robert Nivelle used to communicate in [MASK] .,French,synth_Language/TREx/P1412.jsonl
2263,Francis Poulenc used to communicate in [MASK] .,French,synth_Language/TREx/P1412.jsonl
2284,Jean Cassou used to communicate in [MASK] .,French,synth_Language/TREx/P1412.jsonl
2287,Romain Grosjean used to communicate in [MASK] .,French,synth_Language/TREx/P1412.jsonl
2288,Aharon Barak used to communicate in [MASK] .,Hebrew,synth_Language/TREx/P1412.jsonl
2290,Talish used to communicate in [MASK] .,Urdu,synth_Language/TREx/P1412.jsonl
2291,Louise Lawler used to communicate in [MASK] .,English,synth_Language/TREx/P1412.jsonl
2292,Maria Fiore used to communicate in [MASK] .,Italian,synth_Language/TREx/P1412.jsonl
2294,Claude Closky used to communicate in [MASK] .,French,synth_Language/TREx/P1412.jsonl
2296,Han Han used to communicate in [MASK] .,Chinese,synth_Language/TREx/P1412.jsonl
2302,Kallu Chidambaram used to communicate in [MASK] .,Telugu,synth_Language/TREx/P1412.jsonl
2306,Mateo Flecha used to communicate in [MASK] .,Spanish,synth_Language/TREx/P1412.jsonl
2307,Enzo Cannavale used to communicate in [MASK] .,Italian,synth_Language/TREx/P1412.jsonl
2310,Jules Massenet used to communicate in [MASK] .,French,synth_Language/TREx/P1412.jsonl
2347,Jorge Juan y Santacilia used to communicate in [MASK] .,Spanish,synth_Language/TREx/P1412.jsonl
2349,Gerrit Paape used to communicate in [MASK] .,Dutch,synth_Language/TREx/P1412.jsonl
2351,Thomas Phillipps used to communicate in [MASK] .,English,synth_Language/TREx/P1412.jsonl
2352,Carlos Marchena used to communicate in [MASK] .,Spanish,synth_Language/TREx/P1412.jsonl
2357,Charles M. Hudson used to communicate in [MASK] .,English,synth_Language/TREx/P1412.jsonl
2358,Ventura Pons used to communicate in [MASK] .,Spanish,synth_Language/TREx/P1412.jsonl
2361,Cevdet Sunay used to communicate in [MASK] .,Turkish,synth_Language/TREx/P1412.jsonl
2363,Edward Bond used to communicate in [MASK] .,English,synth_Language/TREx/P1412.jsonl
2373,Ram Pothineni used to communicate in [MASK] .,Telugu,synth_Language/TREx/P1412.jsonl
2374,Philip Henry Wicksteed used to communicate in [MASK] .,English,synth_Language/TREx/P1412.jsonl
2375,Cid Corman used to communicate in [MASK] .,English,synth_Language/TREx/P1412.jsonl
2376,Yoav Gelber used to communicate in [MASK] .,Hebrew,synth_Language/TREx/P1412.jsonl
2378,Sava Mrkalj used to communicate in [MASK] .,Serb,synth_Language/TREx/P1412.jsonl
2382,Max Velthuijs used to communicate in [MASK] .,Dutch,synth_Language/TREx/P1412.jsonl
2387,Silvio Orlando used to communicate in [MASK] .,Italian,synth_Language/TREx/P1412.jsonl
2390,Pattimandram Raja used to communicate in [MASK] .,Tamil,synth_Language/TREx/P1412.jsonl
2392,Charles Incledon used to communicate in [MASK] .,English,synth_Language/TREx/P1412.jsonl
2394,Manu Chao used to communicate in [MASK] .,French,synth_Language/TREx/P1412.jsonl
2400,Georges Marchais used to communicate in [MASK] .,French,synth_Language/TREx/P1412.jsonl
2401,Amilcare Cipriani used to communicate in [MASK] .,Italian,synth_Language/TREx/P1412.jsonl
2403,Dilip Kumar used to communicate in [MASK] .,Hindi,synth_Language/TREx/P1412.jsonl
2408,Jean Gruault used to communicate in [MASK] .,French,synth_Language/TREx/P1412.jsonl
2410,Mariano Gonzalvo used to communicate in [MASK] .,Spanish,synth_Language/TREx/P1412.jsonl
2415,Madhavapeddi Satyam used to communicate in [MASK] .,Telugu,synth_Language/TREx/P1412.jsonl
2419,Piers Paul Read used to communicate in [MASK] .,English,synth_Language/TREx/P1412.jsonl
2421,Francis Robortello used to communicate in [MASK] .,Italian,synth_Language/TREx/P1412.jsonl
2422,Ze'ev Jabotinsky used to communicate in [MASK] .,Russian,synth_Language/TREx/P1412.jsonl
2424,Stephen Orgel used to communicate in [MASK] .,English,synth_Language/TREx/P1412.jsonl
2426,Roger Quilter used to communicate in [MASK] .,English,synth_Language/TREx/P1412.jsonl
2428,Nitzan Horowitz used to communicate in [MASK] .,Hebrew,synth_Language/TREx/P1412.jsonl
2430,Leone Caetani used to communicate in [MASK] .,Italian,synth_Language/TREx/P1412.jsonl
2432,Isaac Baer Levinsohn used to communicate in [MASK] .,Hebrew,synth_Language/TREx/P1412.jsonl
2434,Nando Parrado used to communicate in [MASK] .,Spanish,synth_Language/TREx/P1412.jsonl
2435,Krikor Zohrab used to communicate in [MASK] .,Armenian,synth_Language/TREx/P1412.jsonl
2440,Pedro de Heredia used to communicate in [MASK] .,Spanish,synth_Language/TREx/P1412.jsonl
2443,Haim Ramon used to communicate in [MASK] .,Hebrew,synth_Language/TREx/P1412.jsonl
2445,Malik Zidi used to communicate in [MASK] .,French,synth_Language/TREx/P1412.jsonl
2447,Jabr Muadi used to communicate in [MASK] .,Hebrew,synth_Language/TREx/P1412.jsonl
2449,Georges Ohnet used to communicate in [MASK] .,French,synth_Language/TREx/P1412.jsonl
2452,Aleksandar Zograf used to communicate in [MASK] .,Serbian,synth_Language/TREx/P1412.jsonl
2454,Stephen Gosson used to communicate in [MASK] .,English,synth_Language/TREx/P1412.jsonl
2457,Olga Vittoria Gentilli used to communicate in [MASK] .,Italian,synth_Language/TREx/P1412.jsonl
2459,Alfred Watkins used to communicate in [MASK] .,English,synth_Language/TREx/P1412.jsonl
2461,John Clopton used to communicate in [MASK] .,English,synth_Language/TREx/P1412.jsonl
2462,Lakshmi Rai used to communicate in [MASK] .,Telugu,synth_Language/TREx/P1412.jsonl
2465,Nahum Sokolow used to communicate in [MASK] .,Hebrew,synth_Language/TREx/P1412.jsonl
2474,Henri Massis used to communicate in [MASK] .,French,synth_Language/TREx/P1412.jsonl
2478,Louis de Cahusac used to communicate in [MASK] .,French,synth_Language/TREx/P1412.jsonl
2479,T. H. Parry-Williams used to communicate in [MASK] .,Welsh,synth_Language/TREx/P1412.jsonl
2481,L. L. Zamenhof used to communicate in [MASK] .,English,synth_Language/TREx/P1412.jsonl
2484,John Le Gay Brereton used to communicate in [MASK] .,English,synth_Language/TREx/P1412.jsonl
2486,Costache Conachi used to communicate in [MASK] .,Romanian,synth_Language/TREx/P1412.jsonl
2492,Paul Mattick used to communicate in [MASK] .,English,synth_Language/TREx/P1412.jsonl
2493,"Charles de Morny, Duke of Morny used to communicate in [MASK] .",French,synth_Language/TREx/P1412.jsonl
2496,Josep Trueta used to communicate in [MASK] .,Catalan,synth_Language/TREx/P1412.jsonl
2497,Gevorg Emin used to communicate in [MASK] .,Armenian,synth_Language/TREx/P1412.jsonl
2506,Pierre Daniel Huet used to communicate in [MASK] .,French,synth_Language/TREx/P1412.jsonl
2508,Olivier Dahan used to communicate in [MASK] .,French,synth_Language/TREx/P1412.jsonl
2514,David Burliuk used to communicate in [MASK] .,Russian,synth_Language/TREx/P1412.jsonl
2516,Josep Maria Jujol used to communicate in [MASK] .,Catalan,synth_Language/TREx/P1412.jsonl
2518,Nicolas Oudinot used to communicate in [MASK] .,French,synth_Language/TREx/P1412.jsonl
2520,Alicia Markova used to communicate in [MASK] .,English,synth_Language/TREx/P1412.jsonl
2522,Heribert Rosweyde used to communicate in [MASK] .,Latin,synth_Language/TREx/P1412.jsonl
2524,Muhammad Ali used to communicate in [MASK] .,English,synth_Language/TREx/P1412.jsonl
2528,Gabino Diego used to communicate in [MASK] .,Spanish,synth_Language/TREx/P1412.jsonl
2531,Alfred Madsen used to communicate in [MASK] .,Norwegian,synth_Language/TREx/P1412.jsonl
2533,Jing Boran used to communicate in [MASK] .,Chinese,synth_Language/TREx/P1412.jsonl
2549,Estelle Skornik used to communicate in [MASK] .,French,synth_Language/TREx/P1412.jsonl
2551,Hubert Latham used to communicate in [MASK] .,French,synth_Language/TREx/P1412.jsonl
2553,Edward Heyman used to communicate in [MASK] .,English,synth_Language/TREx/P1412.jsonl
2556,Martin Lamotte used to communicate in [MASK] .,French,synth_Language/TREx/P1412.jsonl
2558,Auguste Couder used to communicate in [MASK] .,French,synth_Language/TREx/P1412.jsonl
2559,Juan Bautista de Anza used to communicate in [MASK] .,Spanish,synth_Language/TREx/P1412.jsonl
2565,Mart Raud used to communicate in [MASK] .,Estonian,synth_Language/TREx/P1412.jsonl
2567,Tanya Savicheva used to communicate in [MASK] .,Russian,synth_Language/TREx/P1412.jsonl
2571,Letizia Moratti used to communicate in [MASK] .,Italian,synth_Language/TREx/P1412.jsonl
2573,Eva Cantarella used to communicate in [MASK] .,Italian,synth_Language/TREx/P1412.jsonl
2575,Rajendra Prasad used to communicate in [MASK] .,Telugu,synth_Language/TREx/P1412.jsonl
2578,Osvaldo Soriano used to communicate in [MASK] .,Spanish,synth_Language/TREx/P1412.jsonl
2579,Pierre Vaneck used to communicate in [MASK] .,French,synth_Language/TREx/P1412.jsonl
2581,Sami Michael used to communicate in [MASK] .,Hebrew,synth_Language/TREx/P1412.jsonl
2585,Anna Magnani used to communicate in [MASK] .,Italian,synth_Language/TREx/P1412.jsonl
2593,George-Daniel de Monfreid used to communicate in [MASK] .,French,synth_Language/TREx/P1412.jsonl
2595,ABBA used to communicate in [MASK] .,Swedish,synth_Language/TREx/P1412.jsonl
2599,Sambhavana Sheth used to communicate in [MASK] .,Hindi,synth_Language/TREx/P1412.jsonl
2601,J. G. Ballard used to communicate in [MASK] .,English,synth_Language/TREx/P1412.jsonl
2603,Baal Shem of London used to communicate in [MASK] .,Hebrew,synth_Language/TREx/P1412.jsonl
2605,Samuel Parr used to communicate in [MASK] .,English,synth_Language/TREx/P1412.jsonl
2607,Tom Mann used to communicate in [MASK] .,English,synth_Language/TREx/P1412.jsonl
2609,Allan Warren used to communicate in [MASK] .,English,synth_Language/TREx/P1412.jsonl
2611,Jesus Christ used to communicate in [MASK] .,Hebrew,synth_Language/TREx/P1412.jsonl
2660,Shriya Saran used to communicate in [MASK] .,Hindi,synth_Language/TREx/P1412.jsonl
2663,Pere Gimferrer used to communicate in [MASK] .,Spanish,synth_Language/TREx/P1412.jsonl
2665,Romesh Sharma used to communicate in [MASK] .,Hindi,synth_Language/TREx/P1412.jsonl
2666,Imre Makovecz used to communicate in [MASK] .,Hungarian,synth_Language/TREx/P1412.jsonl
2671,Jean-Pierre Dionnet used to communicate in [MASK] .,French,synth_Language/TREx/P1412.jsonl
2674,Lau Kar-leung used to communicate in [MASK] .,Chinese,synth_Language/TREx/P1412.jsonl
2680,Philippa Gregory used to communicate in [MASK] .,English,synth_Language/TREx/P1412.jsonl
2682,Dominic Guard used to communicate in [MASK] .,English,synth_Language/TREx/P1412.jsonl
2684,Howard Vaughton used to communicate in [MASK] .,English,synth_Language/TREx/P1412.jsonl
2686,Giuseppe Tornatore used to communicate in [MASK] .,Italian,synth_Language/TREx/P1412.jsonl
2693,Jacques-Nicolas Colbert used to communicate in [MASK] .,French,synth_Language/TREx/P1412.jsonl
2695,Gwen Stefani used to communicate in [MASK] .,English,synth_Language/TREx/P1412.jsonl
2697,Thambi Ramaiah used to communicate in [MASK] .,Tamil,synth_Language/TREx/P1412.jsonl
2700,Tecla Scarano used to communicate in [MASK] .,Italian,synth_Language/TREx/P1412.jsonl
2702,Michel-Dimitri Calvocoressi used to communicate in [MASK] .,French,synth_Language/TREx/P1412.jsonl
2703,Robert Garnier used to communicate in [MASK] .,French,synth_Language/TREx/P1412.jsonl
2706,Antoine Bourseiller used to communicate in [MASK] .,French,synth_Language/TREx/P1412.jsonl
2710,Pentti Linkola used to communicate in [MASK] .,Finnish,synth_Language/TREx/P1412.jsonl
2716,Tacitus used to communicate in [MASK] .,Latin,synth_Language/TREx/P1412.jsonl
2727,Alanis Morissette used to communicate in [MASK] .,English,synth_Language/TREx/P1412.jsonl
2728,Domenico Bartolucci used to communicate in [MASK] .,Italian,synth_Language/TREx/P1412.jsonl
2730,Berengaria of Castile used to communicate in [MASK] .,Spanish,synth_Language/TREx/P1412.jsonl
2731,Edward J. King used to communicate in [MASK] .,English,synth_Language/TREx/P1412.jsonl
2732,Vicente Espinel used to communicate in [MASK] .,Spanish,synth_Language/TREx/P1412.jsonl
2735,Anatoly Sagalevich used to communicate in [MASK] .,Russian,synth_Language/TREx/P1412.jsonl
2736,Wojciech Jaruzelski used to communicate in [MASK] .,Polish,synth_Language/TREx/P1412.jsonl
2738,Kylie Minogue used to communicate in [MASK] .,English,synth_Language/TREx/P1412.jsonl
2751,"Quintin Hogg, Baron Hailsham of St Marylebone used to communicate in [MASK] .",English,synth_Language/TREx/P1412.jsonl
2752,Carlos Fuentes used to communicate in [MASK] .,Spanish,synth_Language/TREx/P1412.jsonl
2766,Mauro Zani used to communicate in [MASK] .,Italian,synth_Language/TREx/P1412.jsonl
2770,Willem Oltmans used to communicate in [MASK] .,Dutch,synth_Language/TREx/P1412.jsonl
2771,Salvatore Accardo used to communicate in [MASK] .,Italian,synth_Language/TREx/P1412.jsonl
2775,Christiern Pedersen used to communicate in [MASK] .,Danish,synth_Language/TREx/P1412.jsonl
2776,Michel Portal used to communicate in [MASK] .,French,synth_Language/TREx/P1412.jsonl
2777,Yigal Hurvitz used to communicate in [MASK] .,Hebrew,synth_Language/TREx/P1412.jsonl
2779,Pasquale Villari used to communicate in [MASK] .,Italian,synth_Language/TREx/P1412.jsonl
2781,Henri Salvador used to communicate in [MASK] .,French,synth_Language/TREx/P1412.jsonl
2789,Patrick McGoohan used to communicate in [MASK] .,English,synth_Language/TREx/P1412.jsonl
2791,Gabriel Scott used to communicate in [MASK] .,Norwegian,synth_Language/TREx/P1412.jsonl
2795,Ailyn used to communicate in [MASK] .,Spanish,synth_Language/TREx/P1412.jsonl
2799,Dwight D. Eisenhower used to communicate in [MASK] .,English,synth_Language/TREx/P1412.jsonl
2800,Michele Ruggieri used to communicate in [MASK] .,Italian,synth_Language/TREx/P1412.jsonl
2802,Johan Jongkind used to communicate in [MASK] .,Dutch,synth_Language/TREx/P1412.jsonl
2805,Thomas Piketty used to communicate in [MASK] .,French,synth_Language/TREx/P1412.jsonl
2811,Pierre de Marca used to communicate in [MASK] .,French,synth_Language/TREx/P1412.jsonl
2813,Pasupathy used to communicate in [MASK] .,Tamil,synth_Language/TREx/P1412.jsonl
2818,Marcel Achard used to communicate in [MASK] .,French,synth_Language/TREx/P1412.jsonl
2824,Aleksey Brusilov used to communicate in [MASK] .,Russian,synth_Language/TREx/P1412.jsonl
2826,Lev Kamenev used to communicate in [MASK] .,Russian,synth_Language/TREx/P1412.jsonl
2840,Charles Edward Grey used to communicate in [MASK] .,English,synth_Language/TREx/P1412.jsonl
2842,Henri Rol-Tanguy used to communicate in [MASK] .,French,synth_Language/TREx/P1412.jsonl
2844,Jayant Vishnu Narlikar used to communicate in [MASK] .,Marathi,synth_Language/TREx/P1412.jsonl
2845,Anacharsis Cloots used to communicate in [MASK] .,French,synth_Language/TREx/P1412.jsonl
2857,Jean Guitton used to communicate in [MASK] .,French,synth_Language/TREx/P1412.jsonl
2860,Peter Mayle used to communicate in [MASK] .,English,synth_Language/TREx/P1412.jsonl
2861,Laure Duthilleul used to communicate in [MASK] .,French,synth_Language/TREx/P1412.jsonl
2865,Ernst Jaakson used to communicate in [MASK] .,Estonian,synth_Language/TREx/P1412.jsonl
2868,Granville Sharp used to communicate in [MASK] .,English,synth_Language/TREx/P1412.jsonl
2870,Aldo Lado used to communicate in [MASK] .,Italian,synth_Language/TREx/P1412.jsonl
2873,Alexander Shirvanzade used to communicate in [MASK] .,Armenian,synth_Language/TREx/P1412.jsonl
2880,Francis James Child used to communicate in [MASK] .,English,synth_Language/TREx/P1412.jsonl
2897,Anne Parillaud used to communicate in [MASK] .,French,synth_Language/TREx/P1412.jsonl
2902,Rajesh Khanna used to communicate in [MASK] .,Hindi,synth_Language/TREx/P1412.jsonl
2917,Deep Dhillon used to communicate in [MASK] .,Hindi,synth_Language/TREx/P1412.jsonl
2919,Patricia Kaas used to communicate in [MASK] .,French,synth_Language/TREx/P1412.jsonl
2935,Philip V of Spain used to communicate in [MASK] .,Spanish,synth_Language/TREx/P1412.jsonl
2963,George Gurdjieff used to communicate in [MASK] .,Armenian,synth_Language/TREx/P1412.jsonl
2972,Andrew Carnegie used to communicate in [MASK] .,English,synth_Language/TREx/P1412.jsonl
2975,Laura Adani used to communicate in [MASK] .,Italian,synth_Language/TREx/P1412.jsonl
2977,Thomas Overbury used to communicate in [MASK] .,English,synth_Language/TREx/P1412.jsonl
2981,Jacques Rivette used to communicate in [MASK] .,French,synth_Language/TREx/P1412.jsonl
3001,Peter Quennell used to communicate in [MASK] .,English,synth_Language/TREx/P1412.jsonl
3002,Marjane Satrapi used to communicate in [MASK] .,French,synth_Language/TREx/P1412.jsonl
3007,"Thomas Robinson, 1st Baron Grantham used to communicate in [MASK] .",English,synth_Language/TREx/P1412.jsonl
3008,Sharof Rashidov used to communicate in [MASK] .,Russian,synth_Language/TREx/P1412.jsonl
3011,Emmanuelle Seigner used to communicate in [MASK] .,French,synth_Language/TREx/P1412.jsonl
3015,Jean Cruveilhier used to communicate in [MASK] .,French,synth_Language/TREx/P1412.jsonl
3017,Helen Dunmore used to communicate in [MASK] .,English,synth_Language/TREx/P1412.jsonl
3019,Ernest Rutherford used to communicate in [MASK] .,English,synth_Language/TREx/P1412.jsonl
3025,Javier Espinosa used to communicate in [MASK] .,Spanish,synth_Language/TREx/P1412.jsonl
3027,Margaret Forster used to communicate in [MASK] .,English,synth_Language/TREx/P1412.jsonl
3029,Einar Englund used to communicate in [MASK] .,Finnish,synth_Language/TREx/P1412.jsonl
3031,Gilles de Robien used to communicate in [MASK] .,French,synth_Language/TREx/P1412.jsonl
3033,Giovanni Ricordi used to communicate in [MASK] .,Italian,synth_Language/TREx/P1412.jsonl
3037,Corrado Segre used to communicate in [MASK] .,Italian,synth_Language/TREx/P1412.jsonl
3039,Eugene O'Neill used to communicate in [MASK] .,English,synth_Language/TREx/P1412.jsonl
3042,Ronny Levy used to communicate in [MASK] .,Hebrew,synth_Language/TREx/P1412.jsonl
3044,Ralph McInerny used to communicate in [MASK] .,English,synth_Language/TREx/P1412.jsonl
3045,Roldano Lupi used to communicate in [MASK] .,Italian,synth_Language/TREx/P1412.jsonl
3051,Jernej Kopitar used to communicate in [MASK] .,Slovene,synth_Language/TREx/P1412.jsonl
3054,Hans Nielsen Hauge used to communicate in [MASK] .,Norwegian,synth_Language/TREx/P1412.jsonl
3055,Gilad Atzmon used to communicate in [MASK] .,Hebrew,synth_Language/TREx/P1412.jsonl
3058,"William Thomson, 1st Baron Kelvin used to communicate in [MASK] .",English,synth_Language/TREx/P1412.jsonl
3060,Krishnam Raju used to communicate in [MASK] .,Telugu,synth_Language/TREx/P1412.jsonl
3081,"Pedro Caro, 3rd Marquis of la Romana used to communicate in [MASK] .",Spanish,synth_Language/TREx/P1412.jsonl
3082,Osvaldo Genazzani used to communicate in [MASK] .,Italian,synth_Language/TREx/P1412.jsonl
3084,Abraham Mateo used to communicate in [MASK] .,Spanish,synth_Language/TREx/P1412.jsonl
3090,Dominique Perben used to communicate in [MASK] .,French,synth_Language/TREx/P1412.jsonl
3092,Michael Winner used to communicate in [MASK] .,English,synth_Language/TREx/P1412.jsonl
3095,Italo Svevo used to communicate in [MASK] .,Italian,synth_Language/TREx/P1412.jsonl
3101,Nescio used to communicate in [MASK] .,Dutch,synth_Language/TREx/P1412.jsonl
3104,George Hardinge used to communicate in [MASK] .,English,synth_Language/TREx/P1412.jsonl
3106,Karel van Mander I used to communicate in [MASK] .,Dutch,synth_Language/TREx/P1412.jsonl
3109,Thomas Moult used to communicate in [MASK] .,English,synth_Language/TREx/P1412.jsonl
3111,Joseph Hume used to communicate in [MASK] .,English,synth_Language/TREx/P1412.jsonl
3112,Gildo Bocci used to communicate in [MASK] .,Italian,synth_Language/TREx/P1412.jsonl
3114,Nicci French used to communicate in [MASK] .,English,synth_Language/TREx/P1412.jsonl
3121,Marie de France used to communicate in [MASK] .,French,synth_Language/TREx/P1412.jsonl
3127,Jennifer Hudson used to communicate in [MASK] .,English,synth_Language/TREx/P1412.jsonl
3128,Xiong Qinglai used to communicate in [MASK] .,Chinese,synth_Language/TREx/P1412.jsonl
3130,Juan J. Campanella used to communicate in [MASK] .,Spanish,synth_Language/TREx/P1412.jsonl
3150,Vincent d'Indy used to communicate in [MASK] .,French,synth_Language/TREx/P1412.jsonl
3157,Susan McClary used to communicate in [MASK] .,English,synth_Language/TREx/P1412.jsonl
3160,Henry Sidgwick used to communicate in [MASK] .,English,synth_Language/TREx/P1412.jsonl
3163,James Hardiman used to communicate in [MASK] .,English,synth_Language/TREx/P1412.jsonl
3164,Donald Davie used to communicate in [MASK] .,English,synth_Language/TREx/P1412.jsonl
3166,Yitzhak Arad used to communicate in [MASK] .,Hebrew,synth_Language/TREx/P1412.jsonl
3168,Ferruccio Busoni used to communicate in [MASK] .,Italian,synth_Language/TREx/P1412.jsonl
3175,Antonio Maura used to communicate in [MASK] .,Spanish,synth_Language/TREx/P1412.jsonl
3179,Maurice Tourneur used to communicate in [MASK] .,French,synth_Language/TREx/P1412.jsonl
3182,Beau Billingslea used to communicate in [MASK] .,English,synth_Language/TREx/P1412.jsonl
3183,Aleksei Losev used to communicate in [MASK] .,Russian,synth_Language/TREx/P1412.jsonl
3189,Jean-Louis Murat used to communicate in [MASK] .,French,synth_Language/TREx/P1412.jsonl
3195,Moshe Feiglin used to communicate in [MASK] .,Hebrew,synth_Language/TREx/P1412.jsonl
3196,Jean De Briac used to communicate in [MASK] .,French,synth_Language/TREx/P1412.jsonl
3198,Henry Kissinger used to communicate in [MASK] .,English,synth_Language/TREx/P1412.jsonl
3199,Karl Lachmann used to communicate in [MASK] .,Germanic,synth_Language/TREx/P1412.jsonl
3200,Clifford Grey used to communicate in [MASK] .,English,synth_Language/TREx/P1412.jsonl
3201,Pierre Marie used to communicate in [MASK] .,French,synth_Language/TREx/P1412.jsonl
3209,Ellen Wilkinson used to communicate in [MASK] .,English,synth_Language/TREx/P1412.jsonl
3210,Harold Laski used to communicate in [MASK] .,English,synth_Language/TREx/P1412.jsonl
3211,Mechell used to communicate in [MASK] .,Welsh,synth_Language/TREx/P1412.jsonl
3214,Pius X used to communicate in [MASK] .,Latin,synth_Language/TREx/P1412.jsonl
3216,Jean Villard Gilles used to communicate in [MASK] .,French,synth_Language/TREx/P1412.jsonl
3220,Jacques Dufilho used to communicate in [MASK] .,French,synth_Language/TREx/P1412.jsonl
3222,John Glynn used to communicate in [MASK] .,English,synth_Language/TREx/P1412.jsonl
3224,Lior Eliyahu used to communicate in [MASK] .,Hebrew,synth_Language/TREx/P1412.jsonl
3243,Roger Holeindre used to communicate in [MASK] .,French,synth_Language/TREx/P1412.jsonl
3245,Henry Martin Jackson used to communicate in [MASK] .,English,synth_Language/TREx/P1412.jsonl
3246,"Sir John Rose, 1st Baronet used to communicate in [MASK] .",English,synth_Language/TREx/P1412.jsonl
3247,Craig Raine used to communicate in [MASK] .,English,synth_Language/TREx/P1412.jsonl
3250,Palito Ortega used to communicate in [MASK] .,Spanish,synth_Language/TREx/P1412.jsonl
3251,Bernard Musson used to communicate in [MASK] .,French,synth_Language/TREx/P1412.jsonl
3253,Shaan Shahid used to communicate in [MASK] .,English,synth_Language/TREx/P1412.jsonl
3254,Shlomo Avineri used to communicate in [MASK] .,Hebrew,synth_Language/TREx/P1412.jsonl
3256,Juvenal used to communicate in [MASK] .,Latin,synth_Language/TREx/P1412.jsonl
3261,Milo Manara used to communicate in [MASK] .,Italian,synth_Language/TREx/P1412.jsonl
3264,Francis Toye used to communicate in [MASK] .,English,synth_Language/TREx/P1412.jsonl
3266,Lodovico Castelvetro used to communicate in [MASK] .,Italian,synth_Language/TREx/P1412.jsonl
3268,Robert Campin used to communicate in [MASK] .,Dutch,synth_Language/TREx/P1412.jsonl
3269,Natalia Lafourcade used to communicate in [MASK] .,Spanish,synth_Language/TREx/P1412.jsonl
3270,Niki de Saint Phalle used to communicate in [MASK] .,French,synth_Language/TREx/P1412.jsonl
3272,"Charles du Fresne, sieur du Cange used to communicate in [MASK] .",Latin,synth_Language/TREx/P1412.jsonl
3274,Alberto Mazzucato used to communicate in [MASK] .,Italian,synth_Language/TREx/P1412.jsonl
3277,Charles Cressent used to communicate in [MASK] .,French,synth_Language/TREx/P1412.jsonl
3279,Margaret Roper used to communicate in [MASK] .,English,synth_Language/TREx/P1412.jsonl
3281,Jean Hyppolite used to communicate in [MASK] .,French,synth_Language/TREx/P1412.jsonl
3284,Livia Turco used to communicate in [MASK] .,Italian,synth_Language/TREx/P1412.jsonl
3286,Raghu Kunche used to communicate in [MASK] .,Telugu,synth_Language/TREx/P1412.jsonl
3288,Thomas Hobbes used to communicate in [MASK] .,Latin,synth_Language/TREx/P1412.jsonl
3289,Giacomo Balla used to communicate in [MASK] .,Italian,synth_Language/TREx/P1412.jsonl
3295,Natalia Shvedova used to communicate in [MASK] .,Russian,synth_Language/TREx/P1412.jsonl
3297,Adrianus Valerius used to communicate in [MASK] .,Dutch,synth_Language/TREx/P1412.jsonl
3299,Maurice Herzog used to communicate in [MASK] .,French,synth_Language/TREx/P1412.jsonl
3303,Giuseppe Sarti used to communicate in [MASK] .,Italian,synth_Language/TREx/P1412.jsonl
3304,Zhu Xi used to communicate in [MASK] .,Chinese,synth_Language/TREx/P1412.jsonl
3313,Yandamuri Veerendranath used to communicate in [MASK] .,Telugu,synth_Language/TREx/P1412.jsonl
3322,Matthew Henry used to communicate in [MASK] .,English,synth_Language/TREx/P1412.jsonl
3323,Kartar Singh Duggal used to communicate in [MASK] .,Punjabi,synth_Language/TREx/P1412.jsonl
3325,Mohammad Hatta used to communicate in [MASK] .,Indonesian,synth_Language/TREx/P1412.jsonl
3338,Joachim Lebreton used to communicate in [MASK] .,French,synth_Language/TREx/P1412.jsonl
3341,Plamen Oresharski used to communicate in [MASK] .,Bulgarian,synth_Language/TREx/P1412.jsonl
3345,Kenneth Anger used to communicate in [MASK] .,English,synth_Language/TREx/P1412.jsonl
3346,Anita Shapira used to communicate in [MASK] .,Hebrew,synth_Language/TREx/P1412.jsonl
3348,Sergo Kldiashvili used to communicate in [MASK] .,Georgian,synth_Language/TREx/P1412.jsonl
3352,Ch'ien Mu used to communicate in [MASK] .,Chinese,synth_Language/TREx/P1412.jsonl
3356,Herman Branover used to communicate in [MASK] .,Russian,synth_Language/TREx/P1412.jsonl
3358,Michel Peissel used to communicate in [MASK] .,French,synth_Language/TREx/P1412.jsonl
3359,Giovanni Valentini used to communicate in [MASK] .,Italian,synth_Language/TREx/P1412.jsonl
3360,Louis-Joseph de Montcalm used to communicate in [MASK] .,French,synth_Language/TREx/P1412.jsonl
3374,Yuval Steinitz used to communicate in [MASK] .,Hebrew,synth_Language/TREx/P1412.jsonl
3376,Jostein Pedersen used to communicate in [MASK] .,Norwegian,synth_Language/TREx/P1412.jsonl
3379,Louis Jouvet used to communicate in [MASK] .,French,synth_Language/TREx/P1412.jsonl
3387,Edmund Castell used to communicate in [MASK] .,English,synth_Language/TREx/P1412.jsonl
3389,Kalairani used to communicate in [MASK] .,Tamil,synth_Language/TREx/P1412.jsonl
3402,John Anstis used to communicate in [MASK] .,English,synth_Language/TREx/P1412.jsonl
3413,Laurent Brochard used to communicate in [MASK] .,French,synth_Language/TREx/P1412.jsonl
3416,Gila Almagor used to communicate in [MASK] .,Hebrew,synth_Language/TREx/P1412.jsonl
3421,"Giovanni Borgia, 2nd Duke of Gandia used to communicate in [MASK] .",Catalan,synth_Language/TREx/P1412.jsonl
3422,Vico Magistretti used to communicate in [MASK] .,Italian,synth_Language/TREx/P1412.jsonl
3425,Paul McCarthy used to communicate in [MASK] .,English,synth_Language/TREx/P1412.jsonl
3426,Juan Bautista Villalpando used to communicate in [MASK] .,Spanish,synth_Language/TREx/P1412.jsonl
3429,Anne Marie Milan Desguillons used to communicate in [MASK] .,French,synth_Language/TREx/P1412.jsonl
3431,Luca Romagnoli used to communicate in [MASK] .,Italian,synth_Language/TREx/P1412.jsonl
3434,Corinne Calvet used to communicate in [MASK] .,French,synth_Language/TREx/P1412.jsonl
3436,Uri Malmilian used to communicate in [MASK] .,Hebrew,synth_Language/TREx/P1412.jsonl
3438,William W. Hallo used to communicate in [MASK] .,English,synth_Language/TREx/P1412.jsonl
3439,Gad Elmaleh used to communicate in [MASK] .,French,synth_Language/TREx/P1412.jsonl
3445,Natalia Pushkina used to communicate in [MASK] .,Russian,synth_Language/TREx/P1412.jsonl
3576,Vimala Raman used to communicate in [MASK] .,Tamil,synth_Language/TREx/P1412.jsonl
3578,Emilio de' Cavalieri used to communicate in [MASK] .,Italian,synth_Language/TREx/P1412.jsonl
3586,Albert Riera used to communicate in [MASK] .,Spanish,synth_Language/TREx/P1412.jsonl
3589,Aharon Zisling used to communicate in [MASK] .,Hebrew,synth_Language/TREx/P1412.jsonl
3591,Jean-Yves Girard used to communicate in [MASK] .,French,synth_Language/TREx/P1412.jsonl
3606,Antonio Moreno used to communicate in [MASK] .,Spanish,synth_Language/TREx/P1412.jsonl
3608,Propertius used to communicate in [MASK] .,Latin,synth_Language/TREx/P1412.jsonl
3611,August Strindberg used to communicate in [MASK] .,Swedish,synth_Language/TREx/P1412.jsonl
3642,Paul-Armand Challemel-Lacour used to communicate in [MASK] .,French,synth_Language/TREx/P1412.jsonl
3644,Keren Peles used to communicate in [MASK] .,Hebrew,synth_Language/TREx/P1412.jsonl
3648,Errico Petrella used to communicate in [MASK] .,Italian,synth_Language/TREx/P1412.jsonl
3649,Andrei Bitov used to communicate in [MASK] .,Russian,synth_Language/TREx/P1412.jsonl
3650,Stein Rokkan used to communicate in [MASK] .,Norwegian,synth_Language/TREx/P1412.jsonl
3653,Yizhar Harari used to communicate in [MASK] .,Hebrew,synth_Language/TREx/P1412.jsonl
3655,Yardena Arazi used to communicate in [MASK] .,Hebrew,synth_Language/TREx/P1412.jsonl
3658,Kristin Scott Thomas used to communicate in [MASK] .,French,synth_Language/TREx/P1412.jsonl
3662,Ronald N. Bracewell used to communicate in [MASK] .,English,synth_Language/TREx/P1412.jsonl
3665,Thomas Hardy used to communicate in [MASK] .,English,synth_Language/TREx/P1412.jsonl
3680,Peter Cowie used to communicate in [MASK] .,English,synth_Language/TREx/P1412.jsonl
3681,Eliot Weinberger used to communicate in [MASK] .,English,synth_Language/TREx/P1412.jsonl
3682,Friedrich Georg Wilhelm von Struve used to communicate in [MASK] .,Latin,synth_Language/TREx/P1412.jsonl
3683,Brahmaji used to communicate in [MASK] .,Telugu,synth_Language/TREx/P1412.jsonl
3684,Roberto Gerhard used to communicate in [MASK] .,Catalan,synth_Language/TREx/P1412.jsonl
3687,Natalia Barbu used to communicate in [MASK] .,English,synth_Language/TREx/P1412.jsonl
3688,Moshe ben Maimon used to communicate in [MASK] .,Hebrew,synth_Language/TREx/P1412.jsonl
3722,Apostolo Zeno used to communicate in [MASK] .,Italian,synth_Language/TREx/P1412.jsonl
3731,Shulamit Aloni used to communicate in [MASK] .,Hebrew,synth_Language/TREx/P1412.jsonl
3733,Zhou Fohai used to communicate in [MASK] .,Chinese,synth_Language/TREx/P1412.jsonl
3737,Arnold Chikobava used to communicate in [MASK] .,Georgian,synth_Language/TREx/P1412.jsonl
3742,Peter Mark Roget used to communicate in [MASK] .,English,synth_Language/TREx/P1412.jsonl
3747,Jean-Michel Jarre used to communicate in [MASK] .,French,synth_Language/TREx/P1412.jsonl
3766,Johan Cruyff used to communicate in [MASK] .,Dutch,synth_Language/TREx/P1412.jsonl
3777,Conrad Busken Huet used to communicate in [MASK] .,Dutch,synth_Language/TREx/P1412.jsonl
3780,Sergei Diaghilev used to communicate in [MASK] .,Russian,synth_Language/TREx/P1412.jsonl
3797,James Howell used to communicate in [MASK] .,English,synth_Language/TREx/P1412.jsonl
3798,Olivier Megaton used to communicate in [MASK] .,French,synth_Language/TREx/P1412.jsonl
3800,Vajiravudh used to communicate in [MASK] .,Thai,synth_Language/TREx/P1412.jsonl
3827,Gao Xingjian used to communicate in [MASK] .,Chinese,synth_Language/TREx/P1412.jsonl
3838,Yunjin Kim used to communicate in [MASK] .,Hangul,synth_Language/TREx/P1412.jsonl
3841,Pierre C. Cartier used to communicate in [MASK] .,French,synth_Language/TREx/P1412.jsonl
3842,Mikhail Khodorkovsky used to communicate in [MASK] .,Russian,synth_Language/TREx/P1412.jsonl
3848,Giuseppe Saronni used to communicate in [MASK] .,Italian,synth_Language/TREx/P1412.jsonl
3855,Alexandra Pascalidou used to communicate in [MASK] .,Swedish,synth_Language/TREx/P1412.jsonl
3856,Henry Drummond Wolff used to communicate in [MASK] .,English,synth_Language/TREx/P1412.jsonl
3858,Claude Miller used to communicate in [MASK] .,French,synth_Language/TREx/P1412.jsonl
3878,Adolfo Marsillach used to communicate in [MASK] .,Spanish,synth_Language/TREx/P1412.jsonl
3882,Nena used to communicate in [MASK] .,English,synth_Language/TREx/P1412.jsonl
3884,Giorgio Albertazzi used to communicate in [MASK] .,Italian,synth_Language/TREx/P1412.jsonl
3886,Deirdre McCloskey used to communicate in [MASK] .,English,synth_Language/TREx/P1412.jsonl
3896,Jean Sibelius used to communicate in [MASK] .,Finnish,synth_Language/TREx/P1412.jsonl
3960,George Meredith used to communicate in [MASK] .,English,synth_Language/TREx/P1412.jsonl
3965,Abigail Child used to communicate in [MASK] .,English,synth_Language/TREx/P1412.jsonl
3966,Antonio Soler used to communicate in [MASK] .,Spanish,synth_Language/TREx/P1412.jsonl
3998,Garry Disher used to communicate in [MASK] .,English,synth_Language/TREx/P1412.jsonl
3999,Jean-Roger Caussimon used to communicate in [MASK] .,French,synth_Language/TREx/P1412.jsonl
4001,Louis Bonaparte used to communicate in [MASK] .,French,synth_Language/TREx/P1412.jsonl
4008,Olinto Cristina used to communicate in [MASK] .,Italian,synth_Language/TREx/P1412.jsonl
4010,El General used to communicate in [MASK] .,Spanish,synth_Language/TREx/P1412.jsonl
4013,Anders Fager used to communicate in [MASK] .,Swedish,synth_Language/TREx/P1412.jsonl
4015,Agostino Rocca used to communicate in [MASK] .,Italian,synth_Language/TREx/P1412.jsonl
4017,Aleksandr Kaleri used to communicate in [MASK] .,Russian,synth_Language/TREx/P1412.jsonl
4021,Jean-Louis Bourlanges used to communicate in [MASK] .,French,synth_Language/TREx/P1412.jsonl
4023,Freeman Dyson used to communicate in [MASK] .,English,synth_Language/TREx/P1412.jsonl
4031,Henri Storck used to communicate in [MASK] .,French,synth_Language/TREx/P1412.jsonl
4032,Madeleine Robinson used to communicate in [MASK] .,French,synth_Language/TREx/P1412.jsonl
4034,Michel Camdessus used to communicate in [MASK] .,French,synth_Language/TREx/P1412.jsonl
4038,Sergey Ryazansky used to communicate in [MASK] .,Russian,synth_Language/TREx/P1412.jsonl
4039,Fulvio Tomizza used to communicate in [MASK] .,Italian,synth_Language/TREx/P1412.jsonl
4041,Eugenio Corti used to communicate in [MASK] .,Italian,synth_Language/TREx/P1412.jsonl
4044,Antoine Laurent de Jussieu used to communicate in [MASK] .,French,synth_Language/TREx/P1412.jsonl
4053,Sayat-Nova used to communicate in [MASK] .,Armenian,synth_Language/TREx/P1412.jsonl
4065,Andrei Sinyavsky used to communicate in [MASK] .,Russian,synth_Language/TREx/P1412.jsonl
4071,Albert Camus used to communicate in [MASK] .,French,synth_Language/TREx/P1412.jsonl
4119,Jean-Baptiste-Louis Gresset used to communicate in [MASK] .,French,synth_Language/TREx/P1412.jsonl
4122,Michael van Gerwen used to communicate in [MASK] .,Dutch,synth_Language/TREx/P1412.jsonl
4126,"William Fitzwilliam, 4th Earl Fitzwilliam used to communicate in [MASK] .",English,synth_Language/TREx/P1412.jsonl
4127,Vibius Sequester used to communicate in [MASK] .,Latin,synth_Language/TREx/P1412.jsonl
4129,Frederick Ashton used to communicate in [MASK] .,English,synth_Language/TREx/P1412.jsonl
4132,Edward Yang used to communicate in [MASK] .,Chinese,synth_Language/TREx/P1412.jsonl
4141,Jean Bourdichon used to communicate in [MASK] .,French,synth_Language/TREx/P1412.jsonl
4142,Fyodor Mikhaylovich Reshetnikov used to communicate in [MASK] .,Russian,synth_Language/TREx/P1412.jsonl
4144,Michael A. Smith used to communicate in [MASK] .,English,synth_Language/TREx/P1412.jsonl
4147,Achille Campanile used to communicate in [MASK] .,Italian,synth_Language/TREx/P1412.jsonl
4149,Paal-Helge Haugen used to communicate in [MASK] .,Norwegian,synth_Language/TREx/P1412.jsonl
4151,Virginio Merola used to communicate in [MASK] .,Italian,synth_Language/TREx/P1412.jsonl
4153,Gomes Eanes de Zurara used to communicate in [MASK] .,Portuguese,synth_Language/TREx/P1412.jsonl
4155,Karl Bodmer used to communicate in [MASK] .,French,synth_Language/TREx/P1412.jsonl
