,sent,gold,filename
0,The original language of The Scarlet Flower is [MASK] .,Russian,synth_Language/TREx/P364.jsonl
8,"The original language of England, Their England is [MASK] .",English,synth_Language/TREx/P364.jsonl
10,The original language of The Hunchback of Notre Dame is [MASK] .,French,synth_Language/TREx/P364.jsonl
21,The original language of Black Narcissus is [MASK] .,English,synth_Language/TREx/P364.jsonl
23,The original language of The God Delusion is [MASK] .,English,synth_Language/TREx/P364.jsonl
25,The original language of The Glass Agency is [MASK] .,Persian,synth_Language/TREx/P364.jsonl
27,The original language of Swagatam is [MASK] .,Telugu,synth_Language/TREx/P364.jsonl
28,The original language of Vecinos is [MASK] .,Spanish,synth_Language/TREx/P364.jsonl
33,"The original language of Over Sea, Under Stone is [MASK] .",English,synth_Language/TREx/P364.jsonl
35,The original language of Life is a Dream is [MASK] .,Spanish,synth_Language/TREx/P364.jsonl
40,The original language of Glas Slavonije is [MASK] .,Croatian,synth_Language/TREx/P364.jsonl
42,The original language of Tow Truck Pluck is [MASK] .,Dutch,synth_Language/TREx/P364.jsonl
50,The original language of Face Dances is [MASK] .,English,synth_Language/TREx/P364.jsonl
52,The original language of Zero Motivation is [MASK] .,Hebrew,synth_Language/TREx/P364.jsonl
54,The original language of Southcliffe is [MASK] .,English,synth_Language/TREx/P364.jsonl
55,The original language of Daddio is [MASK] .,English,synth_Language/TREx/P364.jsonl
56,The original language of An Actor Prepares is [MASK] .,English,synth_Language/TREx/P364.jsonl
58,The original language of Around the Moon is [MASK] .,French,synth_Language/TREx/P364.jsonl
60,The original language of Le chalet is [MASK] .,French,synth_Language/TREx/P364.jsonl
62,The original language of Maya Darpan is [MASK] .,Hindi,synth_Language/TREx/P364.jsonl
63,The original language of Arahan is [MASK] .,Hangul,synth_Language/TREx/P364.jsonl
66,The original language of The Truce is [MASK] .,Italian,synth_Language/TREx/P364.jsonl
73,The original language of The Lion King is [MASK] .,English,synth_Language/TREx/P364.jsonl
74,The original language of Janji Joni is [MASK] .,Indonesian,synth_Language/TREx/P364.jsonl
76,The original language of Planet of the Apes is [MASK] .,French,synth_Language/TREx/P364.jsonl
80,The original language of Eenadu is [MASK] .,Telugu,synth_Language/TREx/P364.jsonl
95,The original language of Baaz is [MASK] .,Hindi,synth_Language/TREx/P364.jsonl
98,The original language of Radio Times is [MASK] .,English,synth_Language/TREx/P364.jsonl
100,The original language of Strange Brew is [MASK] .,English,synth_Language/TREx/P364.jsonl
102,The original language of Voodoo Lounge is [MASK] .,English,synth_Language/TREx/P364.jsonl
103,The original language of Barzaz Breiz is [MASK] .,Breton,synth_Language/TREx/P364.jsonl
108,The original language of Zampa is [MASK] .,French,synth_Language/TREx/P364.jsonl
112,The original language of Odd Man Out is [MASK] .,English,synth_Language/TREx/P364.jsonl
113,The original language of Maometto II is [MASK] .,Italian,synth_Language/TREx/P364.jsonl
117,The original language of Anandha Jodhi is [MASK] .,Tamil,synth_Language/TREx/P364.jsonl
121,The original language of Alludu Sreenu is [MASK] .,Telugu,synth_Language/TREx/P364.jsonl
123,The original language of Human Touch is [MASK] .,English,synth_Language/TREx/P364.jsonl
124,The original language of Vishwanatha Nayakudu is [MASK] .,Telugu,synth_Language/TREx/P364.jsonl
126,The original language of Peppermint Candy is [MASK] .,Hangul,synth_Language/TREx/P364.jsonl
128,The original language of Maya Kannadi is [MASK] .,Tamil,synth_Language/TREx/P364.jsonl
130,The original language of Tank Knights Fortress is [MASK] .,Hangul,synth_Language/TREx/P364.jsonl
132,The original language of The Vagrant is [MASK] .,Chinese,synth_Language/TREx/P364.jsonl
137,The original language of The Perfect Kiss is [MASK] .,English,synth_Language/TREx/P364.jsonl
139,The original language of Flying Rhino Junior High is [MASK] .,English,synth_Language/TREx/P364.jsonl
140,The original language of The Day Today is [MASK] .,English,synth_Language/TREx/P364.jsonl
142,The original language of Yonggary is [MASK] .,Hangul,synth_Language/TREx/P364.jsonl
143,The original language of Hamlet Goes Business is [MASK] .,Finnish,synth_Language/TREx/P364.jsonl
149,The original language of The Big Swindle is [MASK] .,Hangul,synth_Language/TREx/P364.jsonl
150,The original language of Un Samayal Arayil is [MASK] .,Tamil,synth_Language/TREx/P364.jsonl
156,The original language of Kyaa Dil Ne Kahaa is [MASK] .,Hindi,synth_Language/TREx/P364.jsonl
158,The original language of The Intouchables is [MASK] .,French,synth_Language/TREx/P364.jsonl
164,The original language of Tolomeo is [MASK] .,Italian,synth_Language/TREx/P364.jsonl
169,The original language of X-Faktor is [MASK] .,Hungarian,synth_Language/TREx/P364.jsonl
178,The original language of Little Soldiers is [MASK] .,Telugu,synth_Language/TREx/P364.jsonl
180,The original language of The Young Victoria is [MASK] .,English,synth_Language/TREx/P364.jsonl
190,The original language of The Harvest Month is [MASK] .,Finnish,synth_Language/TREx/P364.jsonl
199,The original language of A Frozen Flower is [MASK] .,Hangul,synth_Language/TREx/P364.jsonl
201,The original language of The Fatal Eggs is [MASK] .,Russian,synth_Language/TREx/P364.jsonl
203,The original language of Hindustan Ki Kasam is [MASK] .,Hindi,synth_Language/TREx/P364.jsonl
204,The original language of Play It Again is [MASK] .,English,synth_Language/TREx/P364.jsonl
205,The original language of Nanneri is [MASK] .,Tamil,synth_Language/TREx/P364.jsonl
207,The original language of Two English Girls is [MASK] .,English,synth_Language/TREx/P364.jsonl
208,The original language of Mithya is [MASK] .,Hindi,synth_Language/TREx/P364.jsonl
209,The original language of The Marriage of Figaro is [MASK] .,French,synth_Language/TREx/P364.jsonl
211,The original language of The Irish Times is [MASK] .,English,synth_Language/TREx/P364.jsonl
214,The original language of The Names of Love is [MASK] .,French,synth_Language/TREx/P364.jsonl
219,The original language of Brava Gente is [MASK] .,Portuguese,synth_Language/TREx/P364.jsonl
220,The original language of The Purple Taxi is [MASK] .,French,synth_Language/TREx/P364.jsonl
222,The original language of Infinite Challenge is [MASK] .,Hangul,synth_Language/TREx/P364.jsonl
225,The original language of I Need Romance is [MASK] .,Hangul,synth_Language/TREx/P364.jsonl
228,The original language of Wild Birds is [MASK] .,Swedish,synth_Language/TREx/P364.jsonl
232,The original language of Thillu Mullu is [MASK] .,Tamil,synth_Language/TREx/P364.jsonl
238,The original language of Vathiyar is [MASK] .,Tamil,synth_Language/TREx/P364.jsonl
242,The original language of Attarintiki Daredi is [MASK] .,Telugu,synth_Language/TREx/P364.jsonl
248,The original language of Love Actually is [MASK] .,English,synth_Language/TREx/P364.jsonl
249,The original language of Seducing Doctor Lewis is [MASK] .,French,synth_Language/TREx/P364.jsonl
252,The original language of That Girl is [MASK] .,English,synth_Language/TREx/P364.jsonl
256,The original language of My Bloody Valentine 3D is [MASK] .,English,synth_Language/TREx/P364.jsonl
258,The original language of Hallmark Hall of Fame is [MASK] .,English,synth_Language/TREx/P364.jsonl
261,The original language of Adventure Time is [MASK] .,English,synth_Language/TREx/P364.jsonl
262,The original language of The Miser is [MASK] .,French,synth_Language/TREx/P364.jsonl
275,The original language of Desadanam is [MASK] .,Malayalam,synth_Language/TREx/P364.jsonl
276,The original language of La colombe is [MASK] .,French,synth_Language/TREx/P364.jsonl
278,The original language of Quelli dell'intervallo is [MASK] .,Italian,synth_Language/TREx/P364.jsonl
290,The original language of Kaminey is [MASK] .,Hindi,synth_Language/TREx/P364.jsonl
291,The original language of The Golden Ass is [MASK] .,Latin,synth_Language/TREx/P364.jsonl
297,The original language of Tusculanae Disputationes is [MASK] .,Latin,synth_Language/TREx/P364.jsonl
298,The original language of Football Weekly is [MASK] .,English,synth_Language/TREx/P364.jsonl
300,The original language of Dom Juan is [MASK] .,French,synth_Language/TREx/P364.jsonl
312,The original language of Redfern Now is [MASK] .,English,synth_Language/TREx/P364.jsonl
313,The original language of Nirdoshi is [MASK] .,Telugu,synth_Language/TREx/P364.jsonl
317,The original language of Athalie is [MASK] .,French,synth_Language/TREx/P364.jsonl
319,The original language of Galpa Holeo Satyi is [MASK] .,Bengali,synth_Language/TREx/P364.jsonl
321,The original language of Three Men of the River is [MASK] .,Spanish,synth_Language/TREx/P364.jsonl
323,The original language of Plus belle la vie is [MASK] .,French,synth_Language/TREx/P364.jsonl
328,The original language of Natural City is [MASK] .,Hangul,synth_Language/TREx/P364.jsonl
330,The original language of 8 Women is [MASK] .,French,synth_Language/TREx/P364.jsonl
337,The original language of Khaleja is [MASK] .,Telugu,synth_Language/TREx/P364.jsonl
340,The original language of The Divergent Series is [MASK] .,English,synth_Language/TREx/P364.jsonl
341,The original language of Cheers is [MASK] .,English,synth_Language/TREx/P364.jsonl
344,The original language of Monster Buster Club is [MASK] .,French,synth_Language/TREx/P364.jsonl
363,The original language of Invisible Cities is [MASK] .,Italian,synth_Language/TREx/P364.jsonl
367,The original language of Antastulu is [MASK] .,Telugu,synth_Language/TREx/P364.jsonl
369,The original language of The National Lottery Draws is [MASK] .,English,synth_Language/TREx/P364.jsonl
372,The original language of Commentarii de Bello Gallico is [MASK] .,Latin,synth_Language/TREx/P364.jsonl
376,The original language of I've Loved You So Long is [MASK] .,French,synth_Language/TREx/P364.jsonl
380,The original language of Invitation to the Castle is [MASK] .,French,synth_Language/TREx/P364.jsonl
384,The original language of The Round Up is [MASK] .,French,synth_Language/TREx/P364.jsonl
390,The original language of Barbarian Queen is [MASK] .,Spanish,synth_Language/TREx/P364.jsonl
391,The original language of Orr Eravuu is [MASK] .,Tamil,synth_Language/TREx/P364.jsonl
397,The original language of Engaeyum Eppothum is [MASK] .,Tamil,synth_Language/TREx/P364.jsonl
403,The original language of Sous le ciel de Paris is [MASK] .,French,synth_Language/TREx/P364.jsonl
405,The original language of Adaptation is [MASK] .,English,synth_Language/TREx/P364.jsonl
421,The original language of Githan is [MASK] .,Tamil,synth_Language/TREx/P364.jsonl
424,The original language of Ong-Bak: Muay Thai Warrior is [MASK] .,Thai,synth_Language/TREx/P364.jsonl
435,The original language of Burnt by the Sun is [MASK] .,Russian,synth_Language/TREx/P364.jsonl
438,The original language of Nageswari is [MASK] .,Tamil,synth_Language/TREx/P364.jsonl
440,The original language of Night-Thoughts is [MASK] .,English,synth_Language/TREx/P364.jsonl
442,The original language of La clemenza di Tito is [MASK] .,Italian,synth_Language/TREx/P364.jsonl
445,The original language of Toto the Hero is [MASK] .,French,synth_Language/TREx/P364.jsonl
447,The original language of Gai pied is [MASK] .,French,synth_Language/TREx/P364.jsonl
451,The original language of A Very Private Affair is [MASK] .,French,synth_Language/TREx/P364.jsonl
459,The original language of Bryter Layter is [MASK] .,English,synth_Language/TREx/P364.jsonl
460,The original language of La Dispute is [MASK] .,French,synth_Language/TREx/P364.jsonl
461,The original language of Do Aankhen Barah Haath is [MASK] .,Hindi,synth_Language/TREx/P364.jsonl
463,The original language of Commediasexi is [MASK] .,Italian,synth_Language/TREx/P364.jsonl
465,The original language of Hong Kong Cinemagic is [MASK] .,English,synth_Language/TREx/P364.jsonl
467,The original language of Passer à l'acte is [MASK] .,French,synth_Language/TREx/P364.jsonl
469,The original language of The Pianist is [MASK] .,English,synth_Language/TREx/P364.jsonl
471,The original language of Children of Paradise is [MASK] .,French,synth_Language/TREx/P364.jsonl
474,The original language of Shirli-Myrli is [MASK] .,Russian,synth_Language/TREx/P364.jsonl
476,The original language of The Book of the Courtier is [MASK] .,Italian,synth_Language/TREx/P364.jsonl
478,The original language of Funny Dirty Little War is [MASK] .,Spanish,synth_Language/TREx/P364.jsonl
481,The original language of Bottle Rocket is [MASK] .,Spanish,synth_Language/TREx/P364.jsonl
482,The original language of Kaviratna Kalidasa is [MASK] .,Kannada,synth_Language/TREx/P364.jsonl
486,The original language of Beautiful Boxer is [MASK] .,Thai,synth_Language/TREx/P364.jsonl
490,The original language of Allegro Non Troppo is [MASK] .,Italian,synth_Language/TREx/P364.jsonl
492,The original language of Water Drops on Burning Rocks is [MASK] .,French,synth_Language/TREx/P364.jsonl
496,The original language of Mango Yellow is [MASK] .,Portuguese,synth_Language/TREx/P364.jsonl
498,The original language of The French Woman is [MASK] .,French,synth_Language/TREx/P364.jsonl
504,The original language of Code Unknown is [MASK] .,Romanian,synth_Language/TREx/P364.jsonl
505,The original language of The Time Machine is [MASK] .,English,synth_Language/TREx/P364.jsonl
506,The original language of The Great Citizen is [MASK] .,Russian,synth_Language/TREx/P364.jsonl
510,The original language of The Jeffersons is [MASK] .,English,synth_Language/TREx/P364.jsonl
511,The original language of Around the World in 80 Days is [MASK] .,English,synth_Language/TREx/P364.jsonl
512,The original language of Sesamstraat is [MASK] .,Dutch,synth_Language/TREx/P364.jsonl
528,The original language of Wild Reeds is [MASK] .,French,synth_Language/TREx/P364.jsonl
534,The original language of Abhilasha is [MASK] .,Telugu,synth_Language/TREx/P364.jsonl
537,The original language of Hrvatska revija is [MASK] .,Croatian,synth_Language/TREx/P364.jsonl
546,The original language of The Voice Israel is [MASK] .,Hebrew,synth_Language/TREx/P364.jsonl
549,The original language of Lais of Marie de France is [MASK] .,French,synth_Language/TREx/P364.jsonl
551,The original language of The Second Sex is [MASK] .,French,synth_Language/TREx/P364.jsonl
560,The original language of The Missionary is [MASK] .,English,synth_Language/TREx/P364.jsonl
563,The original language of Zero Kelvin is [MASK] .,Norwegian,synth_Language/TREx/P364.jsonl
566,The original language of Le Voyage en douce is [MASK] .,French,synth_Language/TREx/P364.jsonl
568,The original language of Disquisitiones Arithmeticae is [MASK] .,Latin,synth_Language/TREx/P364.jsonl
572,The original language of Caresses is [MASK] .,Catalan,synth_Language/TREx/P364.jsonl
575,The original language of The Young Guard is [MASK] .,Russian,synth_Language/TREx/P364.jsonl
580,The original language of Little Games is [MASK] .,English,synth_Language/TREx/P364.jsonl
582,The original language of Aparajita Tumi is [MASK] .,Bengali,synth_Language/TREx/P364.jsonl
593,The original language of Thaamirabharani is [MASK] .,Tamil,synth_Language/TREx/P364.jsonl
598,The original language of Bhalo Theko is [MASK] .,Bengali,synth_Language/TREx/P364.jsonl
602,The original language of Trollhunter is [MASK] .,Norwegian,synth_Language/TREx/P364.jsonl
610,The original language of The News Quiz is [MASK] .,English,synth_Language/TREx/P364.jsonl
612,The original language of Kumara Sambhavam is [MASK] .,Malayalam,synth_Language/TREx/P364.jsonl
614,The original language of Canone Inverso is [MASK] .,Italian,synth_Language/TREx/P364.jsonl
615,The original language of Spanish Serenade is [MASK] .,Spanish,synth_Language/TREx/P364.jsonl
619,The original language of Faithless is [MASK] .,Swedish,synth_Language/TREx/P364.jsonl
623,The original language of Beyond Hatred is [MASK] .,French,synth_Language/TREx/P364.jsonl
627,The original language of Brief Encounter is [MASK] .,English,synth_Language/TREx/P364.jsonl
629,The original language of The White Guard is [MASK] .,Russian,synth_Language/TREx/P364.jsonl
636,The original language of District 13 is [MASK] .,French,synth_Language/TREx/P364.jsonl
647,"The original language of Run, Man, Run! is [MASK] .",Italian,synth_Language/TREx/P364.jsonl
651,The original language of Songs from the Second Floor is [MASK] .,Swedish,synth_Language/TREx/P364.jsonl
655,The original language of Cosmic Voyage is [MASK] .,English,synth_Language/TREx/P364.jsonl
656,The original language of Definitely Maybe is [MASK] .,English,synth_Language/TREx/P364.jsonl
659,The original language of Les Nanas is [MASK] .,French,synth_Language/TREx/P364.jsonl
661,The original language of Fully Booked is [MASK] .,English,synth_Language/TREx/P364.jsonl
662,The original language of Agantuk is [MASK] .,Bengali,synth_Language/TREx/P364.jsonl
664,The original language of Spiral is [MASK] .,French,synth_Language/TREx/P364.jsonl
674,The original language of Antardwand is [MASK] .,Hindi,synth_Language/TREx/P364.jsonl
676,The original language of Vijesti is [MASK] .,Montenegrin,synth_Language/TREx/P364.jsonl
680,The original language of Velocifero is [MASK] .,English,synth_Language/TREx/P364.jsonl
682,The original language of Thunderbirds Are Go is [MASK] .,English,synth_Language/TREx/P364.jsonl
684,The original language of Hip Hop Is Dead is [MASK] .,English,synth_Language/TREx/P364.jsonl
685,The original language of The Return of Casanova is [MASK] .,French,synth_Language/TREx/P364.jsonl
689,The original language of Anand Math is [MASK] .,Hindi,synth_Language/TREx/P364.jsonl
691,The original language of Ramachaari is [MASK] .,Kannada,synth_Language/TREx/P364.jsonl
694,The original language of Komal Gandhar is [MASK] .,Bengali,synth_Language/TREx/P364.jsonl
696,The original language of Adi Parva is [MASK] .,Sanskrit,synth_Language/TREx/P364.jsonl
698,The original language of By the Light of a Star is [MASK] .,Spanish,synth_Language/TREx/P364.jsonl
700,The original language of Oram Po is [MASK] .,Tamil,synth_Language/TREx/P364.jsonl
704,The original language of The Assault is [MASK] .,French,synth_Language/TREx/P364.jsonl
714,The original language of Captain Khorshid is [MASK] .,Persian,synth_Language/TREx/P364.jsonl
718,The original language of Liquid Sky is [MASK] .,English,synth_Language/TREx/P364.jsonl
721,The original language of Mahapurush is [MASK] .,Bengali,synth_Language/TREx/P364.jsonl
723,The original language of 36 China Town is [MASK] .,Hindi,synth_Language/TREx/P364.jsonl
724,The original language of Virginia Quarterly Review is [MASK] .,English,synth_Language/TREx/P364.jsonl
725,The original language of The Marchers is [MASK] .,French,synth_Language/TREx/P364.jsonl
729,The original language of Short Time is [MASK] .,English,synth_Language/TREx/P364.jsonl
741,The original language of William Tell is [MASK] .,French,synth_Language/TREx/P364.jsonl
745,The original language of LiveJournal is [MASK] .,English,synth_Language/TREx/P364.jsonl
746,The original language of Ciboulette is [MASK] .,French,synth_Language/TREx/P364.jsonl
750,The original language of Happiness Is in the Field is [MASK] .,French,synth_Language/TREx/P364.jsonl
754,The original language of Ye Meri Life Hai is [MASK] .,Hindi,synth_Language/TREx/P364.jsonl
756,The original language of Khottabych is [MASK] .,Russian,synth_Language/TREx/P364.jsonl
768,The original language of Under the Sun of Satan is [MASK] .,French,synth_Language/TREx/P364.jsonl
770,The original language of Olsen Gang is [MASK] .,Danish,synth_Language/TREx/P364.jsonl
808,The original language of Agahi is [MASK] .,Urdu,synth_Language/TREx/P364.jsonl
810,The original language of Yemen Observer is [MASK] .,English,synth_Language/TREx/P364.jsonl
821,The original language of Paigham is [MASK] .,Hindi,synth_Language/TREx/P364.jsonl
825,The original language of Il Posto is [MASK] .,Italian,synth_Language/TREx/P364.jsonl
827,The original language of Office Romance is [MASK] .,Russian,synth_Language/TREx/P364.jsonl
829,The original language of White Ladder is [MASK] .,English,synth_Language/TREx/P364.jsonl
831,The original language of Zaporozhets za Dunayem is [MASK] .,Ukrainian,synth_Language/TREx/P364.jsonl
835,The original language of Maria egiziaca is [MASK] .,Italian,synth_Language/TREx/P364.jsonl
837,The original language of The Thieves is [MASK] .,English,synth_Language/TREx/P364.jsonl
838,The original language of Souryam is [MASK] .,Telugu,synth_Language/TREx/P364.jsonl
842,The original language of La Haine is [MASK] .,French,synth_Language/TREx/P364.jsonl
852,The original language of Chander Pahar is [MASK] .,Bengali,synth_Language/TREx/P364.jsonl
861,The original language of Khatarnak is [MASK] .,Telugu,synth_Language/TREx/P364.jsonl
863,The original language of Las 13 rosas is [MASK] .,Spanish,synth_Language/TREx/P364.jsonl
866,The original language of Return to Me is [MASK] .,English,synth_Language/TREx/P364.jsonl
867,The original language of Brave New World is [MASK] .,English,synth_Language/TREx/P364.jsonl
868,The original language of Demon Seed is [MASK] .,English,synth_Language/TREx/P364.jsonl
871,The original language of The Day I Became a Woman is [MASK] .,Persian,synth_Language/TREx/P364.jsonl
873,The original language of Lurkmore.to is [MASK] .,Russian,synth_Language/TREx/P364.jsonl
877,The original language of The Umbrella Coup is [MASK] .,French,synth_Language/TREx/P364.jsonl
883,The original language of Thenavattu is [MASK] .,Tamil,synth_Language/TREx/P364.jsonl
885,The original language of Ginevra di Scozia is [MASK] .,Italian,synth_Language/TREx/P364.jsonl
887,The original language of La Chica de Ayer is [MASK] .,Spanish,synth_Language/TREx/P364.jsonl
894,The original language of La Chienne is [MASK] .,French,synth_Language/TREx/P364.jsonl
899,The original language of 36 Vayadhinile is [MASK] .,Tamil,synth_Language/TREx/P364.jsonl
901,The original language of The White Stone is [MASK] .,Swedish,synth_Language/TREx/P364.jsonl
905,The original language of Mississippi Masala is [MASK] .,English,synth_Language/TREx/P364.jsonl
906,The original language of Calamari Union is [MASK] .,Finnish,synth_Language/TREx/P364.jsonl
908,The original language of Risale-i Nur is [MASK] .,Turkish,synth_Language/TREx/P364.jsonl
909,The original language of Fire in the Steppe is [MASK] .,Polish,synth_Language/TREx/P364.jsonl
916,The original language of This Is England is [MASK] .,English,synth_Language/TREx/P364.jsonl
917,The original language of Madame Figaro is [MASK] .,French,synth_Language/TREx/P364.jsonl
919,The original language of Ramavataram is [MASK] .,Tamil,synth_Language/TREx/P364.jsonl
934,The original language of The Count of Monte Cristo is [MASK] .,French,synth_Language/TREx/P364.jsonl
949,The original language of Brice de Nice is [MASK] .,French,synth_Language/TREx/P364.jsonl
951,The original language of Aranyer Din Ratri is [MASK] .,Bengali,synth_Language/TREx/P364.jsonl
955,"The original language of Well, Just You Wait! is [MASK] .",Russian,synth_Language/TREx/P364.jsonl
958,The original language of Paradise Ranch is [MASK] .,Hangul,synth_Language/TREx/P364.jsonl
960,The original language of A Short Film About Killing is [MASK] .,Polish,synth_Language/TREx/P364.jsonl
961,The original language of The Shooting Star is [MASK] .,French,synth_Language/TREx/P364.jsonl
963,The original language of Neel Akasher Neechey is [MASK] .,Bengali,synth_Language/TREx/P364.jsonl
967,The original language of Ungli is [MASK] .,Hindi,synth_Language/TREx/P364.jsonl
969,The original language of Yamudiki Mogudu is [MASK] .,Telugu,synth_Language/TREx/P364.jsonl
972,The original language of Vipra Narayana is [MASK] .,Tamil,synth_Language/TREx/P364.jsonl
973,The original language of Kanoon is [MASK] .,Hindi,synth_Language/TREx/P364.jsonl
978,The original language of Anarchist Studies is [MASK] .,English,synth_Language/TREx/P364.jsonl
979,The original language of Inspector Gadget is [MASK] .,French,synth_Language/TREx/P364.jsonl
980,The original language of April Captains is [MASK] .,Portuguese,synth_Language/TREx/P364.jsonl
983,The original language of Aalwar is [MASK] .,Tamil,synth_Language/TREx/P364.jsonl
988,The original language of Times Higher Education is [MASK] .,English,synth_Language/TREx/P364.jsonl
992,The original language of The Real Housewives of Beverly Hills is [MASK] .,English,synth_Language/TREx/P364.jsonl
993,The original language of Turner & Hooch is [MASK] .,English,synth_Language/TREx/P364.jsonl
994,The original language of Sorga Ka Toedjoe is [MASK] .,Indonesia,synth_Language/TREx/P364.jsonl
996,The original language of Crossing Jordan is [MASK] .,English,synth_Language/TREx/P364.jsonl
997,The original language of Slumdog Millionaire is [MASK] .,English,synth_Language/TREx/P364.jsonl
998,The original language of An Englishman Abroad is [MASK] .,English,synth_Language/TREx/P364.jsonl
999,The original language of Uspekhi Fizicheskikh Nauk is [MASK] .,Russian,synth_Language/TREx/P364.jsonl
1007,The original language of Usha Parinayam is [MASK] .,Telugu,synth_Language/TREx/P364.jsonl
1009,The original language of Kadhalil Sodhappuvadhu Yeppadi is [MASK] .,Tamil,synth_Language/TREx/P364.jsonl
1014,The original language of Boss Engira Bhaskaran is [MASK] .,Tamil,synth_Language/TREx/P364.jsonl
1016,The original language of A Secret is [MASK] .,French,synth_Language/TREx/P364.jsonl
1023,The original language of Bye Bye Brasil is [MASK] .,Portuguese,synth_Language/TREx/P364.jsonl
1026,The original language of Ossessione is [MASK] .,Italian,synth_Language/TREx/P364.jsonl
1028,The original language of Vjesnik is [MASK] .,Croatian,synth_Language/TREx/P364.jsonl
1037,The original language of Memoirs of Hadrian is [MASK] .,French,synth_Language/TREx/P364.jsonl
1041,The original language of Rhoda is [MASK] .,English,synth_Language/TREx/P364.jsonl
1043,The original language of The Vicomte of Bragelonne: Ten Years Later is [MASK] .,French,synth_Language/TREx/P364.jsonl
1049,The original language of Ukrayina maye talant is [MASK] .,Ukrainian,synth_Language/TREx/P364.jsonl
1053,The original language of Akademi Fantasi Indosiar is [MASK] .,Indonesia,synth_Language/TREx/P364.jsonl
1054,The original language of Komban is [MASK] .,Tamil,synth_Language/TREx/P364.jsonl
1056,The original language of Under the North Star is [MASK] .,Finnish,synth_Language/TREx/P364.jsonl
1066,The original language of Bojhena Shey Bojhena is [MASK] .,Bengali,synth_Language/TREx/P364.jsonl
1070,The original language of The Magic Flute is [MASK] .,Swedish,synth_Language/TREx/P364.jsonl
1073,The original language of Delusions of Grandeur is [MASK] .,French,synth_Language/TREx/P364.jsonl
1077,The original language of Young Foolish Happy is [MASK] .,English,synth_Language/TREx/P364.jsonl
1081,The original language of Server Sundaram is [MASK] .,Tamil,synth_Language/TREx/P364.jsonl
1084,The original language of Kanooru Heggadithi is [MASK] .,Kannada,synth_Language/TREx/P364.jsonl
1086,The original language of Amrithadhare is [MASK] .,Kannada,synth_Language/TREx/P364.jsonl
1087,The original language of Michael Madana Kama Rajan is [MASK] .,Tamil,synth_Language/TREx/P364.jsonl
1088,The original language of Flashdance is [MASK] .,English,synth_Language/TREx/P364.jsonl
1090,The original language of The Suspended Vocation is [MASK] .,French,synth_Language/TREx/P364.jsonl
1096,The original language of Khokababu is [MASK] .,Bengali,synth_Language/TREx/P364.jsonl
1097,The original language of Nine Months is [MASK] .,English,synth_Language/TREx/P364.jsonl
1098,The original language of The Exterminating Angel is [MASK] .,Spanish,synth_Language/TREx/P364.jsonl
1104,The original language of The Easy Life is [MASK] .,Italian,synth_Language/TREx/P364.jsonl
1110,The original language of Charm School with Ricki Lake is [MASK] .,English,synth_Language/TREx/P364.jsonl
1111,The original language of Vijetha is [MASK] .,Telugu,synth_Language/TREx/P364.jsonl
1112,The original language of Il conformista is [MASK] .,Italian,synth_Language/TREx/P364.jsonl
1118,The original language of Gia is [MASK] .,English,synth_Language/TREx/P364.jsonl
1125,The original language of The Lancet is [MASK] .,English,synth_Language/TREx/P364.jsonl
1128,The original language of Anhey Ghorhey Da Daan is [MASK] .,Punjabi,synth_Language/TREx/P364.jsonl
1134,The original language of Vishwaroopam is [MASK] .,Hindi,synth_Language/TREx/P364.jsonl
1150,The original language of Nature is [MASK] .,English,synth_Language/TREx/P364.jsonl
1152,The original language of Full House is [MASK] .,English,synth_Language/TREx/P364.jsonl
1154,The original language of Book of Haggai is [MASK] .,Hebrew,synth_Language/TREx/P364.jsonl
1158,The original language of Aval Oru Thodar Kathai is [MASK] .,Tamil,synth_Language/TREx/P364.jsonl
1161,The original language of La Stampa is [MASK] .,Italian,synth_Language/TREx/P364.jsonl
1177,The original language of Journey Beyond Three Seas is [MASK] .,Hindi,synth_Language/TREx/P364.jsonl
1180,The original language of The Mistress of the Inn is [MASK] .,Italian,synth_Language/TREx/P364.jsonl
1187,The original language of The Red Sea Sharks is [MASK] .,French,synth_Language/TREx/P364.jsonl
1189,The original language of A Chinese Ghost Story is [MASK] .,Chinese,synth_Language/TREx/P364.jsonl
1194,The original language of Aamra is [MASK] .,Bengali,synth_Language/TREx/P364.jsonl
1202,The original language of Camino de Perfección is [MASK] .,Spanish,synth_Language/TREx/P364.jsonl
1204,The original language of Sati Sulochana is [MASK] .,Kannada,synth_Language/TREx/P364.jsonl
1211,The original language of Peddarikam is [MASK] .,Telugu,synth_Language/TREx/P364.jsonl
1213,The original language of El Debate is [MASK] .,Spanish,synth_Language/TREx/P364.jsonl
1217,The original language of Flodder is [MASK] .,Dutch,synth_Language/TREx/P364.jsonl
1228,The original language of Daruchini Dip is [MASK] .,Bengali,synth_Language/TREx/P364.jsonl
1233,The original language of Vasantham is [MASK] .,Telugu,synth_Language/TREx/P364.jsonl
1235,The original language of Phi-Phi is [MASK] .,French,synth_Language/TREx/P364.jsonl
1237,The original language of Chupke Chupke is [MASK] .,Hindi,synth_Language/TREx/P364.jsonl
1240,The original language of The Bald Soprano is [MASK] .,French,synth_Language/TREx/P364.jsonl
1244,The original language of Ambush is [MASK] .,Finnish,synth_Language/TREx/P364.jsonl
1246,The original language of The Knock is [MASK] .,English,synth_Language/TREx/P364.jsonl
1248,The original language of Mine Own Executioner is [MASK] .,English,synth_Language/TREx/P364.jsonl
1249,The original language of Il prigioniero is [MASK] .,Italian,synth_Language/TREx/P364.jsonl
1251,The original language of Van der Valk is [MASK] .,English,synth_Language/TREx/P364.jsonl
1252,The original language of The Guarani is [MASK] .,Portuguese,synth_Language/TREx/P364.jsonl
1256,The original language of Haemoo is [MASK] .,Hangul,synth_Language/TREx/P364.jsonl
1258,The original language of RocknRolla is [MASK] .,English,synth_Language/TREx/P364.jsonl
1259,The original language of Rakshak is [MASK] .,Hindi,synth_Language/TREx/P364.jsonl
1262,The original language of Mouna Ragam is [MASK] .,Tamil,synth_Language/TREx/P364.jsonl
1265,The original language of La dama boba is [MASK] .,Spanish,synth_Language/TREx/P364.jsonl
1267,The original language of Le Petit Nicolas is [MASK] .,French,synth_Language/TREx/P364.jsonl
1268,The original language of Kirkus Reviews is [MASK] .,English,synth_Language/TREx/P364.jsonl
1271,The original language of Jonny Vang is [MASK] .,Norwegian,synth_Language/TREx/P364.jsonl
1273,The original language of Sanjha is [MASK] .,Urdu,synth_Language/TREx/P364.jsonl
1275,The original language of Chaarulatha is [MASK] .,Tamil,synth_Language/TREx/P364.jsonl
1277,The original language of Ullam Ketkumae is [MASK] .,Tamil,synth_Language/TREx/P364.jsonl
1279,The original language of A Cinderella Story is [MASK] .,English,synth_Language/TREx/P364.jsonl
1280,The original language of WCW Monday Nitro is [MASK] .,English,synth_Language/TREx/P364.jsonl
1283,The original language of Your Highness is [MASK] .,English,synth_Language/TREx/P364.jsonl
1284,The original language of Chicago Reader is [MASK] .,English,synth_Language/TREx/P364.jsonl
1286,The original language of Juliet Bravo is [MASK] .,English,synth_Language/TREx/P364.jsonl
1287,The original language of Duniya Na Mane is [MASK] .,Hindi,synth_Language/TREx/P364.jsonl
1294,The original language of The Forsyte Saga is [MASK] .,English,synth_Language/TREx/P364.jsonl
1296,The original language of Early Doors is [MASK] .,English,synth_Language/TREx/P364.jsonl
1297,The original language of Heima is [MASK] .,Icelandic,synth_Language/TREx/P364.jsonl
1298,The original language of De pictura is [MASK] .,Italian,synth_Language/TREx/P364.jsonl
1305,The original language of Tum Jo Miley is [MASK] .,Urdu,synth_Language/TREx/P364.jsonl
1307,The original language of Low-Life is [MASK] .,English,synth_Language/TREx/P364.jsonl
1309,The original language of Madeline is [MASK] .,English,synth_Language/TREx/P364.jsonl
1311,The original language of Dhool is [MASK] .,Tamil,synth_Language/TREx/P364.jsonl
1317,The original language of The Godfather is [MASK] .,English,synth_Language/TREx/P364.jsonl
1319,The original language of A Certain Smile is [MASK] .,French,synth_Language/TREx/P364.jsonl
1321,The original language of The Sucker is [MASK] .,French,synth_Language/TREx/P364.jsonl
1330,The original language of Isabel is [MASK] .,Spanish,synth_Language/TREx/P364.jsonl
1336,The original language of The Secret in Their Eyes is [MASK] .,Spanish,synth_Language/TREx/P364.jsonl
1341,The original language of La Commune is [MASK] .,French,synth_Language/TREx/P364.jsonl
1345,The original language of Emotional Rescue is [MASK] .,English,synth_Language/TREx/P364.jsonl
1346,The original language of The Dune Encyclopedia is [MASK] .,English,synth_Language/TREx/P364.jsonl
1347,The original language of Organic Articles is [MASK] .,French,synth_Language/TREx/P364.jsonl
1349,The original language of 28 Weeks Later is [MASK] .,English,synth_Language/TREx/P364.jsonl
1352,The original language of Kotikatu is [MASK] .,Finnish,synth_Language/TREx/P364.jsonl
1354,"The original language of Bizarre, Bizarre is [MASK] .",French,synth_Language/TREx/P364.jsonl
1361,The original language of My New Partner is [MASK] .,French,synth_Language/TREx/P364.jsonl
1363,The original language of R.U.R. is [MASK] .,Czech,synth_Language/TREx/P364.jsonl
1366,The original language of Bella Notte is [MASK] .,Italian,synth_Language/TREx/P364.jsonl
1368,The original language of Likkutei Sichos is [MASK] .,Hebrew,synth_Language/TREx/P364.jsonl
1370,The original language of True Romance is [MASK] .,English,synth_Language/TREx/P364.jsonl
1372,The original language of Nu ska vi sjunga is [MASK] .,Swedish,synth_Language/TREx/P364.jsonl
1374,The original language of The Register is [MASK] .,English,synth_Language/TREx/P364.jsonl
1375,The original language of Mad TV is [MASK] .,English,synth_Language/TREx/P364.jsonl
1377,The original language of Iru Kodugal is [MASK] .,Tamil,synth_Language/TREx/P364.jsonl
1384,The original language of Conjunctions is [MASK] .,English,synth_Language/TREx/P364.jsonl
1385,The original language of Somersault in a Coffin is [MASK] .,Turkish,synth_Language/TREx/P364.jsonl
1387,The original language of Khamosh is [MASK] .,Hindi,synth_Language/TREx/P364.jsonl
1388,The original language of Murder Call is [MASK] .,English,synth_Language/TREx/P364.jsonl
1389,The original language of Bad Boys II is [MASK] .,English,synth_Language/TREx/P364.jsonl
1390,The original language of Solamente Vos is [MASK] .,Spanish,synth_Language/TREx/P364.jsonl
1392,The original language of Mishnah Berurah is [MASK] .,Hebrew,synth_Language/TREx/P364.jsonl
1394,The original language of Devi Chaudhurani is [MASK] .,Bengali,synth_Language/TREx/P364.jsonl
1398,The original language of Monsieur Gangster is [MASK] .,French,synth_Language/TREx/P364.jsonl
1400,The original language of The Bitch is [MASK] .,English,synth_Language/TREx/P364.jsonl
1403,The original language of The Hour-Glass Sanatorium is [MASK] .,Polish,synth_Language/TREx/P364.jsonl
1404,The original language of The Beatles is [MASK] .,English,synth_Language/TREx/P364.jsonl
1412,The original language of Padaharella Vayasu is [MASK] .,Telugu,synth_Language/TREx/P364.jsonl
1414,The original language of De finibus bonorum et malorum is [MASK] .,Latin,synth_Language/TREx/P364.jsonl
1416,The original language of Socha Na Tha is [MASK] .,Hindi,synth_Language/TREx/P364.jsonl
1421,The original language of Schilder-boeck is [MASK] .,Dutch,synth_Language/TREx/P364.jsonl
1425,The original language of Vettai is [MASK] .,Tamil,synth_Language/TREx/P364.jsonl
1436,The original language of The Thief of Paris is [MASK] .,French,synth_Language/TREx/P364.jsonl
1439,The original language of Les diamants de la couronne is [MASK] .,French,synth_Language/TREx/P364.jsonl
1441,The original language of Alaipayuthey is [MASK] .,Tamil,synth_Language/TREx/P364.jsonl
1445,The original language of The Stolen Children is [MASK] .,Italian,synth_Language/TREx/P364.jsonl
1451,The original language of The Three Musketeers is [MASK] .,French,synth_Language/TREx/P364.jsonl
1456,The original language of Krapp's Last Tape is [MASK] .,English,synth_Language/TREx/P364.jsonl
1460,The original language of Nuremberg Chronicle is [MASK] .,Latin,synth_Language/TREx/P364.jsonl
1464,The original language of Amarcord is [MASK] .,Italian,synth_Language/TREx/P364.jsonl
1466,The original language of Thulladha Manamum Thullum is [MASK] .,Tamil,synth_Language/TREx/P364.jsonl
1467,The original language of Cat City is [MASK] .,Hungarian,synth_Language/TREx/P364.jsonl
1475,The original language of The Greatest Gift is [MASK] .,English,synth_Language/TREx/P364.jsonl
1477,The original language of Kadhal Sadugudu is [MASK] .,Tamil,synth_Language/TREx/P364.jsonl
1479,The original language of Ciske de Rat trilogy is [MASK] .,Dutch,synth_Language/TREx/P364.jsonl
1483,The original language of Ready to Die is [MASK] .,English,synth_Language/TREx/P364.jsonl
1486,The original language of The White Reindeer is [MASK] .,Finnish,synth_Language/TREx/P364.jsonl
1492,The original language of Solva Saal is [MASK] .,Hindi,synth_Language/TREx/P364.jsonl
1494,The original language of A Man of Straw is [MASK] .,Italian,synth_Language/TREx/P364.jsonl
1498,The original language of I Am Number Four is [MASK] .,English,synth_Language/TREx/P364.jsonl
1499,The original language of The Kathmandu Post is [MASK] .,English,synth_Language/TREx/P364.jsonl
1506,The original language of Okkadu is [MASK] .,Telugu,synth_Language/TREx/P364.jsonl
1513,The original language of Alik Sukh is [MASK] .,Bengali,synth_Language/TREx/P364.jsonl
1516,The original language of Womanlight is [MASK] .,French,synth_Language/TREx/P364.jsonl
1518,The original language of Thiruppugazh is [MASK] .,Tamil,synth_Language/TREx/P364.jsonl
1523,The original language of Do Not Disturb is [MASK] .,English,synth_Language/TREx/P364.jsonl
1524,The original language of An Iceland Fisherman is [MASK] .,French,synth_Language/TREx/P364.jsonl
1531,The original language of Kavkaz Center is [MASK] .,Russian,synth_Language/TREx/P364.jsonl
1534,The original language of La Crise is [MASK] .,French,synth_Language/TREx/P364.jsonl
1539,The original language of Angadi Theru is [MASK] .,Tamil,synth_Language/TREx/P364.jsonl
1541,The original language of Wah-Wah is [MASK] .,English,synth_Language/TREx/P364.jsonl
1542,The original language of Brookside is [MASK] .,English,synth_Language/TREx/P364.jsonl
1544,The original language of The Main Chance is [MASK] .,English,synth_Language/TREx/P364.jsonl
1545,The original language of Tiruvacakam is [MASK] .,Tamil,synth_Language/TREx/P364.jsonl
1553,The original language of Introducing Joss Stone is [MASK] .,English,synth_Language/TREx/P364.jsonl
1558,The original language of The Shining Star is [MASK] .,Chinese,synth_Language/TREx/P364.jsonl
1560,The original language of Dutch Wikipedia is [MASK] .,Dutch,synth_Language/TREx/P364.jsonl
1565,The original language of Hollyoaks is [MASK] .,English,synth_Language/TREx/P364.jsonl
1569,The original language of MasterChef is [MASK] .,English,synth_Language/TREx/P364.jsonl
1571,The original language of Respiro is [MASK] .,Italian,synth_Language/TREx/P364.jsonl
1578,The original language of Being Julia is [MASK] .,English,synth_Language/TREx/P364.jsonl
1579,The original language of Quickie Express is [MASK] .,Indonesian,synth_Language/TREx/P364.jsonl
1581,The original language of Flower Island is [MASK] .,Hangul,synth_Language/TREx/P364.jsonl
1583,The original language of Le Globe is [MASK] .,French,synth_Language/TREx/P364.jsonl
1585,The original language of Lapland Odyssey is [MASK] .,Finnish,synth_Language/TREx/P364.jsonl
1589,The original language of Charlie Hebdo is [MASK] .,French,synth_Language/TREx/P364.jsonl
1615,The original language of Avishkaar is [MASK] .,Hindi,synth_Language/TREx/P364.jsonl
1620,The original language of Independent People is [MASK] .,Icelandic,synth_Language/TREx/P364.jsonl
1622,The original language of Maravil Thirivu Sookshikkuka is [MASK] .,Malayalam,synth_Language/TREx/P364.jsonl
1624,The original language of Pulp Fiction is [MASK] .,English,synth_Language/TREx/P364.jsonl
1625,The original language of A Different World is [MASK] .,English,synth_Language/TREx/P364.jsonl
1626,The original language of L'Age d'Or is [MASK] .,French,synth_Language/TREx/P364.jsonl
1630,The original language of Y Gododdin is [MASK] .,Welsh,synth_Language/TREx/P364.jsonl
1640,The original language of Modati Cinema is [MASK] .,Telugu,synth_Language/TREx/P364.jsonl
1642,The original language of Gagak Item is [MASK] .,Indonesia,synth_Language/TREx/P364.jsonl
1644,The original language of Unnai Thedi is [MASK] .,Tamil,synth_Language/TREx/P364.jsonl
1649,The original language of Placenames Database of Ireland is [MASK] .,Irish,synth_Language/TREx/P364.jsonl
1651,The original language of Amar en tiempos revueltos is [MASK] .,Spanish,synth_Language/TREx/P364.jsonl
1653,The original language of The Horseman on the Roof is [MASK] .,French,synth_Language/TREx/P364.jsonl
1661,The original language of Jodi Number One is [MASK] .,Tamil,synth_Language/TREx/P364.jsonl
1662,The original language of Life Is a Miracle is [MASK] .,Serbian,synth_Language/TREx/P364.jsonl
1668,The original language of Mujrim is [MASK] .,Hindi,synth_Language/TREx/P364.jsonl
1671,The original language of Maria Chapdelaine is [MASK] .,French,synth_Language/TREx/P364.jsonl
1680,The original language of The Keys to the House is [MASK] .,Italian,synth_Language/TREx/P364.jsonl
1686,The original language of Waarish is [MASK] .,Bengali,synth_Language/TREx/P364.jsonl
1690,The original language of Enthiran is [MASK] .,Tamil,synth_Language/TREx/P364.jsonl
1699,The original language of Shahenshah is [MASK] .,Hindi,synth_Language/TREx/P364.jsonl
1701,The original language of Ek Chalis Ki Last Local is [MASK] .,Hindi,synth_Language/TREx/P364.jsonl
1703,The original language of Cold Feet is [MASK] .,English,synth_Language/TREx/P364.jsonl
1706,The original language of Vattaram is [MASK] .,Tamil,synth_Language/TREx/P364.jsonl
1709,The original language of Pitchfork is [MASK] .,English,synth_Language/TREx/P364.jsonl
1711,The original language of Intimate Stories is [MASK] .,Spanish,synth_Language/TREx/P364.jsonl
1714,The original language of The Land Girls is [MASK] .,English,synth_Language/TREx/P364.jsonl
1715,The original language of The Icelandic Dream is [MASK] .,Icelandic,synth_Language/TREx/P364.jsonl
1721,The original language of Nationalencyklopedin is [MASK] .,Swedish,synth_Language/TREx/P364.jsonl
1725,The original language of Magalir Mattum is [MASK] .,Tamil,synth_Language/TREx/P364.jsonl
1727,The original language of Mana Voori Pandavulu is [MASK] .,Telugu,synth_Language/TREx/P364.jsonl
1730,The original language of El Correo is [MASK] .,Spanish,synth_Language/TREx/P364.jsonl
1734,The original language of Uutisvuoto is [MASK] .,Finnish,synth_Language/TREx/P364.jsonl
1739,The original language of Un Paso Adelante is [MASK] .,Spanish,synth_Language/TREx/P364.jsonl
1747,"The original language of The Good, the Bad and the Ugly is [MASK] .",Italian,synth_Language/TREx/P364.jsonl
1749,The original language of Diplomacy is [MASK] .,French,synth_Language/TREx/P364.jsonl
1753,The original language of Hail Mary is [MASK] .,French,synth_Language/TREx/P364.jsonl
1757,The original language of The Crime of Father Amaro is [MASK] .,Spanish,synth_Language/TREx/P364.jsonl
1759,The original language of Sator Square is [MASK] .,Latin,synth_Language/TREx/P364.jsonl
1762,The original language of The Fast and the Furious is [MASK] .,English,synth_Language/TREx/P364.jsonl
1763,The original language of Le Juste Prix is [MASK] .,French,synth_Language/TREx/P364.jsonl
1765,The original language of The Immoralist is [MASK] .,French,synth_Language/TREx/P364.jsonl
1768,The original language of The Broken Ear is [MASK] .,French,synth_Language/TREx/P364.jsonl
1770,The original language of Jack Holborn is [MASK] .,English,synth_Language/TREx/P364.jsonl
1771,The original language of La favorite is [MASK] .,French,synth_Language/TREx/P364.jsonl
1777,The original language of The Tenant is [MASK] .,French,synth_Language/TREx/P364.jsonl
1783,The original language of How I Ended This Summer is [MASK] .,Russian,synth_Language/TREx/P364.jsonl
1785,The original language of Parattai Engira Azhagu Sundaram is [MASK] .,Tamil,synth_Language/TREx/P364.jsonl
1789,The original language of Exercises in Style is [MASK] .,French,synth_Language/TREx/P364.jsonl
1792,The original language of A Cage of Nightingales is [MASK] .,French,synth_Language/TREx/P364.jsonl
1796,The original language of Jar City is [MASK] .,Icelandic,synth_Language/TREx/P364.jsonl
1803,The original language of I Am My Own Wife is [MASK] .,English,synth_Language/TREx/P364.jsonl
1806,The original language of De Officiis is [MASK] .,Latin,synth_Language/TREx/P364.jsonl
1813,The original language of Doida Por Ti is [MASK] .,Portuguese,synth_Language/TREx/P364.jsonl
1817,The original language of Il Boss is [MASK] .,Italian,synth_Language/TREx/P364.jsonl
1818,The original language of iCarly is [MASK] .,English,synth_Language/TREx/P364.jsonl
1822,The original language of Martin Morning is [MASK] .,French,synth_Language/TREx/P364.jsonl
1826,The original language of Fashionable Nonsense is [MASK] .,French,synth_Language/TREx/P364.jsonl
1829,The original language of The Care Bears' Big Wish Movie is [MASK] .,English,synth_Language/TREx/P364.jsonl
1831,The original language of Jack Frost is [MASK] .,Russian,synth_Language/TREx/P364.jsonl
1835,The original language of Naturwissenschaften is [MASK] .,English,synth_Language/TREx/P364.jsonl
1838,The original language of Instructions Not Included is [MASK] .,English,synth_Language/TREx/P364.jsonl
1839,The original language of Charulata is [MASK] .,Bengali,synth_Language/TREx/P364.jsonl
1843,The original language of Ljubav je svuda is [MASK] .,Serbian,synth_Language/TREx/P364.jsonl
1848,The original language of The Caretaker is [MASK] .,English,synth_Language/TREx/P364.jsonl
1849,The original language of Voyage to Cythera is [MASK] .,Greek,synth_Language/TREx/P364.jsonl
1851,The original language of Rajnigandha is [MASK] .,Hindi,synth_Language/TREx/P364.jsonl
1855,The original language of The Amber Spyglass is [MASK] .,English,synth_Language/TREx/P364.jsonl
1860,The original language of The Sleeping Car Murders is [MASK] .,French,synth_Language/TREx/P364.jsonl
1866,The original language of inoSMI is [MASK] .,Russian,synth_Language/TREx/P364.jsonl
1873,The original language of Porki is [MASK] .,Kannada,synth_Language/TREx/P364.jsonl
1875,The original language of Vinnaithaandi Varuvaayaa is [MASK] .,Tamil,synth_Language/TREx/P364.jsonl
1878,The original language of Weird Tales is [MASK] .,English,synth_Language/TREx/P364.jsonl
1879,The original language of Good Morning America is [MASK] .,English,synth_Language/TREx/P364.jsonl
1890,The original language of Alta Vendita is [MASK] .,Italian,synth_Language/TREx/P364.jsonl
1893,The original language of Il giuramento is [MASK] .,Italian,synth_Language/TREx/P364.jsonl
1895,The original language of I Love Another is [MASK] .,Danish,synth_Language/TREx/P364.jsonl
1901,The original language of The Last Wish is [MASK] .,Polish,synth_Language/TREx/P364.jsonl
1902,The original language of Kakambal ni Eliana is [MASK] .,Filipino,synth_Language/TREx/P364.jsonl
1904,The original language of Revue de Paris is [MASK] .,French,synth_Language/TREx/P364.jsonl
1907,The original language of English Vinglish is [MASK] .,Tamil,synth_Language/TREx/P364.jsonl
1909,The original language of Moscow Strikes Back is [MASK] .,Russian,synth_Language/TREx/P364.jsonl
1913,The original language of The Charterhouse of Parma is [MASK] .,French,synth_Language/TREx/P364.jsonl
1918,The original language of Emmanuelle 4 is [MASK] .,French,synth_Language/TREx/P364.jsonl
1920,The original language of Everybody Has Secrets is [MASK] .,Hangul,synth_Language/TREx/P364.jsonl
1924,The original language of The Good Father is [MASK] .,English,synth_Language/TREx/P364.jsonl
1925,The original language of Jesus is [MASK] .,English,synth_Language/TREx/P364.jsonl
1926,The original language of Polisse is [MASK] .,French,synth_Language/TREx/P364.jsonl
1929,The original language of Il Postino: The Postman is [MASK] .,Italian,synth_Language/TREx/P364.jsonl
1938,The original language of Hatya is [MASK] .,Hindi,synth_Language/TREx/P364.jsonl
1939,The original language of Ma vie en rose is [MASK] .,French,synth_Language/TREx/P364.jsonl
1940,The original language of The Woodlanders is [MASK] .,English,synth_Language/TREx/P364.jsonl
1941,The original language of Star Trek: Generations is [MASK] .,English,synth_Language/TREx/P364.jsonl
1942,"The original language of Secretly, Greatly is [MASK] .",Hangul,synth_Language/TREx/P364.jsonl
1946,The original language of The New Science is [MASK] .,Italian,synth_Language/TREx/P364.jsonl
1950,The original language of Erotas is [MASK] .,Greek,synth_Language/TREx/P364.jsonl
1970,The original language of I ragazzi di via Panisperna is [MASK] .,Italian,synth_Language/TREx/P364.jsonl
1971,The original language of The Match Factory Girl is [MASK] .,Finnish,synth_Language/TREx/P364.jsonl
1974,The original language of Hussar Ballad is [MASK] .,Russian,synth_Language/TREx/P364.jsonl
1976,The original language of Il trionfo di Clelia is [MASK] .,Italian,synth_Language/TREx/P364.jsonl
1978,The original language of Faceless Killers is [MASK] .,Swedish,synth_Language/TREx/P364.jsonl
1982,The original language of Vishwaroopam II is [MASK] .,Tamil,synth_Language/TREx/P364.jsonl
1985,The original language of Oru Kal Oru Kannadi is [MASK] .,Tamil,synth_Language/TREx/P364.jsonl
1989,The original language of Westworld is [MASK] .,English,synth_Language/TREx/P364.jsonl
1990,The original language of Yatchan is [MASK] .,Tamil,synth_Language/TREx/P364.jsonl
1992,The original language of The Hitman is [MASK] .,English,synth_Language/TREx/P364.jsonl
1998,The original language of Spectacular! is [MASK] .,English,synth_Language/TREx/P364.jsonl
1999,The original language of Vidas robadas is [MASK] .,Spanish,synth_Language/TREx/P364.jsonl
2002,The original language of Simon Boccanegra is [MASK] .,Italian,synth_Language/TREx/P364.jsonl
2011,The original language of The Telegraph is [MASK] .,English,synth_Language/TREx/P364.jsonl
2013,The original language of Jagadguru Adi Shankara is [MASK] .,Telugu,synth_Language/TREx/P364.jsonl
2015,The original language of Great Soviet Encyclopedia is [MASK] .,Russian,synth_Language/TREx/P364.jsonl
2027,The original language of boundary 2 is [MASK] .,English,synth_Language/TREx/P364.jsonl
2029,The original language of Kaamchor is [MASK] .,Hindi,synth_Language/TREx/P364.jsonl
2032,The original language of Mediterraneo is [MASK] .,Italian,synth_Language/TREx/P364.jsonl
2042,The original language of De Wereld Draait Door is [MASK] .,Dutch,synth_Language/TREx/P364.jsonl
2045,The original language of Mind Your Language is [MASK] .,English,synth_Language/TREx/P364.jsonl
2046,The original language of Europa riconosciuta is [MASK] .,Italian,synth_Language/TREx/P364.jsonl
2048,The original language of Puss in Boots is [MASK] .,Italian,synth_Language/TREx/P364.jsonl
2050,The original language of Les bavards is [MASK] .,French,synth_Language/TREx/P364.jsonl
2052,The original language of Ek Hi Bhool is [MASK] .,Hindi,synth_Language/TREx/P364.jsonl
2055,The original language of Sainikudu is [MASK] .,Telugu,synth_Language/TREx/P364.jsonl
2057,The original language of A Hunting Accident is [MASK] .,Russian,synth_Language/TREx/P364.jsonl
2061,The original language of Books of Chronicles is [MASK] .,Hebrew,synth_Language/TREx/P364.jsonl
2076,The original language of If Wishes Were Horses is [MASK] .,English,synth_Language/TREx/P364.jsonl
2078,The original language of Africa Addio is [MASK] .,Italian,synth_Language/TREx/P364.jsonl
2080,The original language of Allari Mogudu is [MASK] .,Telugu,synth_Language/TREx/P364.jsonl
2082,The original language of Swati Kiranam is [MASK] .,Telugu,synth_Language/TREx/P364.jsonl
2083,The original language of Gato Fedorento is [MASK] .,Portuguese,synth_Language/TREx/P364.jsonl
2092,The original language of Coming Up Roses is [MASK] .,Welsh,synth_Language/TREx/P364.jsonl
2107,The original language of The Broons is [MASK] .,Scots,synth_Language/TREx/P364.jsonl
2115,The original language of Their Satanic Majesties Request is [MASK] .,English,synth_Language/TREx/P364.jsonl
2116,The original language of Royal Bengal Rohosso is [MASK] .,Bengali,synth_Language/TREx/P364.jsonl
2119,The original language of Arasangam is [MASK] .,Tamil,synth_Language/TREx/P364.jsonl
2125,The original language of The Green Man is [MASK] .,English,synth_Language/TREx/P364.jsonl
2126,The original language of Chennai 600028 is [MASK] .,Tamil,synth_Language/TREx/P364.jsonl
2127,The original language of The Shield is [MASK] .,English,synth_Language/TREx/P364.jsonl
2129,The original language of New Literary History is [MASK] .,English,synth_Language/TREx/P364.jsonl
2130,The original language of From the Earth to the Moon is [MASK] .,French,synth_Language/TREx/P364.jsonl
2135,The original language of L'Univers is [MASK] .,French,synth_Language/TREx/P364.jsonl
2153,The original language of Aucassin and Nicolette is [MASK] .,French,synth_Language/TREx/P364.jsonl
2155,The original language of Asterix the Gaul is [MASK] .,French,synth_Language/TREx/P364.jsonl
2156,The original language of On Our Own Land is [MASK] .,Slovene,synth_Language/TREx/P364.jsonl
2160,The original language of The Lunchbox is [MASK] .,English,synth_Language/TREx/P364.jsonl
2163,The original language of Gulebakavali Katha is [MASK] .,Telugu,synth_Language/TREx/P364.jsonl
2166,The original language of The Next Day is [MASK] .,English,synth_Language/TREx/P364.jsonl
2174,The original language of Politically Incorrect is [MASK] .,English,synth_Language/TREx/P364.jsonl
2176,The original language of Born in 68 is [MASK] .,French,synth_Language/TREx/P364.jsonl
2178,The original language of Fort Apache Napoli is [MASK] .,Italian,synth_Language/TREx/P364.jsonl
2180,The original language of L'Arianna is [MASK] .,Italian,synth_Language/TREx/P364.jsonl
2183,The original language of Film International is [MASK] .,English,synth_Language/TREx/P364.jsonl
2184,The original language of Evangelium Vitae is [MASK] .,Latin,synth_Language/TREx/P364.jsonl
2192,The original language of The Star Diaries is [MASK] .,English,synth_Language/TREx/P364.jsonl
2196,The original language of Roman de Gare is [MASK] .,French,synth_Language/TREx/P364.jsonl
2200,The original language of The Feast of the Goat is [MASK] .,Spanish,synth_Language/TREx/P364.jsonl
2202,The original language of Youku is [MASK] .,Chinese,synth_Language/TREx/P364.jsonl
2215,The original language of Toothless is [MASK] .,English,synth_Language/TREx/P364.jsonl
2216,The original language of Evrydiki BA 2O37 is [MASK] .,Greek,synth_Language/TREx/P364.jsonl
2218,The original language of Modalasala is [MASK] .,Kannada,synth_Language/TREx/P364.jsonl
2222,The original language of GQ is [MASK] .,English,synth_Language/TREx/P364.jsonl
2228,The original language of Meghe Dhaka Tara is [MASK] .,Bengali,synth_Language/TREx/P364.jsonl
2232,The original language of The Iron Ladies is [MASK] .,Thai,synth_Language/TREx/P364.jsonl
2236,The original language of Sri Manjunatha is [MASK] .,Kannada,synth_Language/TREx/P364.jsonl
2238,The original language of Voir is [MASK] .,French,synth_Language/TREx/P364.jsonl
2243,The original language of Thiruvambadi Thamban is [MASK] .,Malayalam,synth_Language/TREx/P364.jsonl
2247,The original language of La dame blanche is [MASK] .,French,synth_Language/TREx/P364.jsonl
2254,The original language of PLoS ONE is [MASK] .,English,synth_Language/TREx/P364.jsonl
2255,The original language of True Identity is [MASK] .,English,synth_Language/TREx/P364.jsonl
2256,The original language of Mounam Pesiyadhe is [MASK] .,Tamil,synth_Language/TREx/P364.jsonl
2260,The original language of Saravannan Meenatchi is [MASK] .,Tamil,synth_Language/TREx/P364.jsonl
2264,The original language of Metro 2033 is [MASK] .,Russian,synth_Language/TREx/P364.jsonl
2275,The original language of Une chambre en ville is [MASK] .,French,synth_Language/TREx/P364.jsonl
2277,The original language of Tom and Jerry is [MASK] .,English,synth_Language/TREx/P364.jsonl
2293,The original language of Rojulu Marayi is [MASK] .,Telugu,synth_Language/TREx/P364.jsonl
2294,The original language of Sadratnamala is [MASK] .,Sanskrit,synth_Language/TREx/P364.jsonl
2296,The original language of The Cube is [MASK] .,English,synth_Language/TREx/P364.jsonl
2297,The original language of Heathen Chemistry is [MASK] .,English,synth_Language/TREx/P364.jsonl
2303,The original language of Mangalya Balam is [MASK] .,Telugu,synth_Language/TREx/P364.jsonl
2305,The original language of The Tango Lesson is [MASK] .,Spanish,synth_Language/TREx/P364.jsonl
2307,The original language of Construction Time Again is [MASK] .,English,synth_Language/TREx/P364.jsonl
2310,The original language of Sostiene Pereira is [MASK] .,Italian,synth_Language/TREx/P364.jsonl
2312,The original language of Teorema is [MASK] .,Italian,synth_Language/TREx/P364.jsonl
2313,The original language of The Whistler is [MASK] .,English,synth_Language/TREx/P364.jsonl
2314,The original language of Rendu is [MASK] .,Tamil,synth_Language/TREx/P364.jsonl
2318,The original language of Melodifestivalen 2005 is [MASK] .,Swedish,synth_Language/TREx/P364.jsonl
2321,The original language of Bill Bergson is [MASK] .,Swedish,synth_Language/TREx/P364.jsonl
2343,The original language of Kalevala is [MASK] .,Finnish,synth_Language/TREx/P364.jsonl
2393,The original language of The Elusive Avengers is [MASK] .,Russian,synth_Language/TREx/P364.jsonl
2395,The original language of Chai Lai is [MASK] .,Thai,synth_Language/TREx/P364.jsonl
2401,The original language of Terrorist Threats is [MASK] .,English,synth_Language/TREx/P364.jsonl
2403,The original language of Young Soul Rebels is [MASK] .,English,synth_Language/TREx/P364.jsonl
2404,The original language of Strange Stories from a Chinese Studio is [MASK] .,Chinese,synth_Language/TREx/P364.jsonl
2410,The original language of Sharman is [MASK] .,English,synth_Language/TREx/P364.jsonl
2411,The original language of Mariana Pineda is [MASK] .,Spanish,synth_Language/TREx/P364.jsonl
2415,The original language of My Rosy Life is [MASK] .,Hangul,synth_Language/TREx/P364.jsonl
2416,The original language of Jalsa is [MASK] .,Telugu,synth_Language/TREx/P364.jsonl
2418,The original language of Pablo Honey is [MASK] .,English,synth_Language/TREx/P364.jsonl
2420,The original language of The Plouffe Family is [MASK] .,French,synth_Language/TREx/P364.jsonl
2428,The original language of Playa del Sol is [MASK] .,Swedish,synth_Language/TREx/P364.jsonl
2429,The original language of Tu Tu Main Main is [MASK] .,Hindi,synth_Language/TREx/P364.jsonl
2432,The original language of Bhale Ramudu is [MASK] .,Telugu,synth_Language/TREx/P364.jsonl
2436,The original language of Thiruda Thirudi is [MASK] .,Tamil,synth_Language/TREx/P364.jsonl
2437,The original language of The Aeronauts is [MASK] .,French,synth_Language/TREx/P364.jsonl
2441,The original language of Varudu is [MASK] .,Telugu,synth_Language/TREx/P364.jsonl
2446,The original language of Moondru Per Moondru Kaadhal is [MASK] .,Tamil,synth_Language/TREx/P364.jsonl
2450,The original language of Dookudu is [MASK] .,Telugu,synth_Language/TREx/P364.jsonl
2455,The original language of NOS Journaal is [MASK] .,Dutch,synth_Language/TREx/P364.jsonl
2463,The original language of Stylus Magazine is [MASK] .,English,synth_Language/TREx/P364.jsonl
2464,The original language of Il camorrista is [MASK] .,Italian,synth_Language/TREx/P364.jsonl
2466,The original language of Atomised is [MASK] .,French,synth_Language/TREx/P364.jsonl
2476,The original language of Beethoven Virus is [MASK] .,Hangul,synth_Language/TREx/P364.jsonl
2478,The original language of Kanda Naal Mudhal is [MASK] .,Tamil,synth_Language/TREx/P364.jsonl
2480,The original language of Dictionary of National Biography is [MASK] .,English,synth_Language/TREx/P364.jsonl
2485,The original language of Fifty Shades of Grey is [MASK] .,English,synth_Language/TREx/P364.jsonl
2486,The original language of Nenjinile is [MASK] .,Tamil,synth_Language/TREx/P364.jsonl
2488,The original language of Mouna Guru is [MASK] .,Tamil,synth_Language/TREx/P364.jsonl
2494,The original language of Les brigands is [MASK] .,French,synth_Language/TREx/P364.jsonl
2497,The original language of Aandhi is [MASK] .,Hindi,synth_Language/TREx/P364.jsonl
2500,The original language of Hedda Gabler is [MASK] .,Norwegian,synth_Language/TREx/P364.jsonl
2503,The original language of Lured is [MASK] .,English,synth_Language/TREx/P364.jsonl
2505,The original language of HuffPost is [MASK] .,English,synth_Language/TREx/P364.jsonl
2511,The original language of The Man Who Counted is [MASK] .,Portuguese,synth_Language/TREx/P364.jsonl
2513,"The original language of Alright, Still is [MASK] .",English,synth_Language/TREx/P364.jsonl
2515,The original language of Pyramid Texts is [MASK] .,Egyptians,synth_Language/TREx/P364.jsonl
2516,The original language of The Natural is [MASK] .,English,synth_Language/TREx/P364.jsonl
2517,The original language of Yossi & Jagger is [MASK] .,Hebrew,synth_Language/TREx/P364.jsonl
2520,The original language of For Eternal Hearts is [MASK] .,Hangul,synth_Language/TREx/P364.jsonl
2522,The original language of English Hymnal is [MASK] .,English,synth_Language/TREx/P364.jsonl
2525,The original language of Q & Q is [MASK] .,Dutch,synth_Language/TREx/P364.jsonl
2527,The original language of The Girlie Show World Tour is [MASK] .,English,synth_Language/TREx/P364.jsonl
2528,The original language of The Possible is [MASK] .,Thai,synth_Language/TREx/P364.jsonl
2534,The original language of De re metallica is [MASK] .,Latin,synth_Language/TREx/P364.jsonl
2535,The original language of McVicar is [MASK] .,English,synth_Language/TREx/P364.jsonl
2538,The original language of Postimees is [MASK] .,Estonian,synth_Language/TREx/P364.jsonl
2549,The original language of Pasamalar is [MASK] .,Tamil,synth_Language/TREx/P364.jsonl
2554,The original language of Get Behind Me Satan is [MASK] .,English,synth_Language/TREx/P364.jsonl
2556,The original language of The Mountain of the Cannibal God is [MASK] .,English,synth_Language/TREx/P364.jsonl
2558,The original language of Nicholas Nickleby is [MASK] .,English,synth_Language/TREx/P364.jsonl
2559,The original language of Soir 3 is [MASK] .,French,synth_Language/TREx/P364.jsonl
2561,The original language of Je suis Charlie is [MASK] .,French,synth_Language/TREx/P364.jsonl
2567,The original language of Terribly Happy is [MASK] .,Danish,synth_Language/TREx/P364.jsonl
2573,The original language of Goodbye to Language is [MASK] .,French,synth_Language/TREx/P364.jsonl
2576,The original language of The Crime of Sylvestre Bonnard is [MASK] .,French,synth_Language/TREx/P364.jsonl
2578,The original language of Bahumati is [MASK] .,Telugu,synth_Language/TREx/P364.jsonl
2580,The original language of The Decameron is [MASK] .,Italian,synth_Language/TREx/P364.jsonl
2586,The original language of Dinorah is [MASK] .,French,synth_Language/TREx/P364.jsonl
2589,The original language of Neethaane En Ponvasantham is [MASK] .,Tamil,synth_Language/TREx/P364.jsonl
2592,The original language of The Awful Dr. Orloff is [MASK] .,Spanish,synth_Language/TREx/P364.jsonl
2596,The original language of The Butcher is [MASK] .,French,synth_Language/TREx/P364.jsonl
2599,The original language of Do Phool is [MASK] .,Hindi,synth_Language/TREx/P364.jsonl
2600,The original language of A Fish Called Wanda is [MASK] .,English,synth_Language/TREx/P364.jsonl
2601,The original language of The Tied Up Balloon is [MASK] .,Bulgarian,synth_Language/TREx/P364.jsonl
2602,The original language of The Jungle Book is [MASK] .,English,synth_Language/TREx/P364.jsonl
2606,The original language of Spitting Image is [MASK] .,English,synth_Language/TREx/P364.jsonl
2608,The original language of Espreso TV is [MASK] .,Ukrainian,synth_Language/TREx/P364.jsonl
2610,The original language of L'Histoire is [MASK] .,French,synth_Language/TREx/P364.jsonl
2644,The original language of Pia de' Tolomei is [MASK] .,Italian,synth_Language/TREx/P364.jsonl
2646,The original language of Law of Desire is [MASK] .,Spanish,synth_Language/TREx/P364.jsonl
2648,The original language of Prairie Schooner is [MASK] .,English,synth_Language/TREx/P364.jsonl
2651,The original language of Amar Akbar Anthony is [MASK] .,Hindi,synth_Language/TREx/P364.jsonl
2653,The original language of Singham is [MASK] .,Hindi,synth_Language/TREx/P364.jsonl
2656,The original language of Aa Naluguru is [MASK] .,Telugu,synth_Language/TREx/P364.jsonl
2657,The original language of Adriana Lecouvreur is [MASK] .,Italian,synth_Language/TREx/P364.jsonl
2663,The original language of The Man Who Shot Liberty Valance is [MASK] .,English,synth_Language/TREx/P364.jsonl
2664,The original language of Coup de Torchon is [MASK] .,French,synth_Language/TREx/P364.jsonl
2667,The original language of Brut y Tywysogion is [MASK] .,Latin,synth_Language/TREx/P364.jsonl
2669,The original language of Vishwa Thulasi is [MASK] .,Tamil,synth_Language/TREx/P364.jsonl
2670,The original language of The Price Is Right is [MASK] .,Portuguese,synth_Language/TREx/P364.jsonl
2676,The original language of The Departure is [MASK] .,French,synth_Language/TREx/P364.jsonl
2678,"The original language of Black God, White Devil is [MASK] .",Portuguese,synth_Language/TREx/P364.jsonl
2680,The original language of Big Brother Australia is [MASK] .,English,synth_Language/TREx/P364.jsonl
2692,The original language of Thodarum is [MASK] .,Tamil,synth_Language/TREx/P364.jsonl
2697,The original language of A Serbian Film is [MASK] .,Serbian,synth_Language/TREx/P364.jsonl
2703,The original language of The Adventure Game is [MASK] .,English,synth_Language/TREx/P364.jsonl
2704,The original language of The Reckoning of Time is [MASK] .,Latin,synth_Language/TREx/P364.jsonl
2710,The original language of Yaamirukka Bayamey is [MASK] .,Tamil,synth_Language/TREx/P364.jsonl
2716,The original language of Winter Holiday is [MASK] .,English,synth_Language/TREx/P364.jsonl
2717,The original language of Twist and Shout is [MASK] .,Danish,synth_Language/TREx/P364.jsonl
2721,The original language of La verbena de la Paloma is [MASK] .,Spanish,synth_Language/TREx/P364.jsonl
2723,The original language of Ammoru is [MASK] .,Telugu,synth_Language/TREx/P364.jsonl
2725,The original language of The Other Sport is [MASK] .,Swedish,synth_Language/TREx/P364.jsonl
2727,The original language of Celebrated Cases of Judge Dee is [MASK] .,Chinese,synth_Language/TREx/P364.jsonl
2732,The original language of Campeones de la vida is [MASK] .,Spanish,synth_Language/TREx/P364.jsonl
2740,The original language of The Ages of Lulu is [MASK] .,Spanish,synth_Language/TREx/P364.jsonl
2744,The original language of Flo is [MASK] .,English,synth_Language/TREx/P364.jsonl
2746,The original language of Nouvelle Star is [MASK] .,French,synth_Language/TREx/P364.jsonl
2774,The original language of Waltzing Regitze is [MASK] .,Danish,synth_Language/TREx/P364.jsonl
2779,The original language of Tata Manavadu is [MASK] .,Telugu,synth_Language/TREx/P364.jsonl
2781,The original language of December Heat is [MASK] .,Estonian,synth_Language/TREx/P364.jsonl
2784,The original language of Paglu is [MASK] .,Bengali,synth_Language/TREx/P364.jsonl
2786,The original language of Ponniyin Selvan is [MASK] .,Tamil,synth_Language/TREx/P364.jsonl
2793,The original language of Tetro is [MASK] .,Spanish,synth_Language/TREx/P364.jsonl
2794,The original language of Adhurs is [MASK] .,Telugu,synth_Language/TREx/P364.jsonl
2796,The original language of Greek Wikipedia is [MASK] .,Hellenic,synth_Language/TREx/P364.jsonl
2802,The original language of Les Francs-juges is [MASK] .,French,synth_Language/TREx/P364.jsonl
2804,The original language of Unishe April is [MASK] .,Bengali,synth_Language/TREx/P364.jsonl
2808,The original language of Yalkut Yosef is [MASK] .,Hebrew,synth_Language/TREx/P364.jsonl
2811,The original language of Le Magnifique is [MASK] .,French,synth_Language/TREx/P364.jsonl
2813,The original language of NOW Lebanon is [MASK] .,English,synth_Language/TREx/P364.jsonl
2825,The original language of Zift is [MASK] .,Bulgarian,synth_Language/TREx/P364.jsonl
2829,The original language of Maan Karate is [MASK] .,Tamil,synth_Language/TREx/P364.jsonl
2832,The original language of Sharafnama is [MASK] .,Persian,synth_Language/TREx/P364.jsonl
2837,The original language of Pratighatana is [MASK] .,Telugu,synth_Language/TREx/P364.jsonl
2839,The original language of The Glembays is [MASK] .,Croatian,synth_Language/TREx/P364.jsonl
2845,The original language of Le clan des siciliens is [MASK] .,Italian,synth_Language/TREx/P364.jsonl
2847,The original language of The Cheat is [MASK] .,English,synth_Language/TREx/P364.jsonl
2850,The original language of Chitram is [MASK] .,Telugu,synth_Language/TREx/P364.jsonl
2854,The original language of Pakeezah is [MASK] .,Hindi,synth_Language/TREx/P364.jsonl
2857,The original language of Nico and Dani is [MASK] .,Spanish,synth_Language/TREx/P364.jsonl
2861,The original language of The Voysey Inheritance is [MASK] .,English,synth_Language/TREx/P364.jsonl
2863,The original language of The Wardstone Chronicles is [MASK] .,English,synth_Language/TREx/P364.jsonl
2890,The original language of Tell Me Something is [MASK] .,Hangul,synth_Language/TREx/P364.jsonl
2892,The original language of 1 Maccabees is [MASK] .,Hebrew,synth_Language/TREx/P364.jsonl
2895,The original language of Taobao is [MASK] .,Chinese,synth_Language/TREx/P364.jsonl
2903,The original language of Novye Izvestia is [MASK] .,Russian,synth_Language/TREx/P364.jsonl
2909,The original language of Manuale d'amore is [MASK] .,Italian,synth_Language/TREx/P364.jsonl
2915,The original language of Ill Manors is [MASK] .,English,synth_Language/TREx/P364.jsonl
2919,The original language of Comedy of Power is [MASK] .,French,synth_Language/TREx/P364.jsonl
2924,The original language of Vettaiyaadu Vilaiyaadu is [MASK] .,Tamil,synth_Language/TREx/P364.jsonl
2929,The original language of Odayil Ninnu is [MASK] .,Malayalam,synth_Language/TREx/P364.jsonl
2933,The original language of The Crimson Rivers is [MASK] .,French,synth_Language/TREx/P364.jsonl
2943,"The original language of Eighteen, Twenty-Nine is [MASK] .",Hangul,synth_Language/TREx/P364.jsonl
2945,The original language of Celia en el colegio is [MASK] .,Spanish,synth_Language/TREx/P364.jsonl
2946,The original language of Rustavi 2 is [MASK] .,Georgian,synth_Language/TREx/P364.jsonl
2957,The original language of Count Duckula is [MASK] .,English,synth_Language/TREx/P364.jsonl
2958,The original language of Lucien Leuwen is [MASK] .,French,synth_Language/TREx/P364.jsonl
2960,The original language of Manfred is [MASK] .,English,synth_Language/TREx/P364.jsonl
2963,The original language of The Mother of Tears is [MASK] .,Italian,synth_Language/TREx/P364.jsonl
2966,The original language of Seventeen is [MASK] .,English,synth_Language/TREx/P364.jsonl
2967,The original language of Kondura is [MASK] .,Hindi,synth_Language/TREx/P364.jsonl
2970,The original language of The Lesson is [MASK] .,French,synth_Language/TREx/P364.jsonl
2974,The original language of The Sarah Jane Adventures is [MASK] .,English,synth_Language/TREx/P364.jsonl
2975,The original language of Forbidden Games is [MASK] .,French,synth_Language/TREx/P364.jsonl
2976,The original language of Stacked is [MASK] .,English,synth_Language/TREx/P364.jsonl
2977,The original language of Rabhasa is [MASK] .,Telugu,synth_Language/TREx/P364.jsonl
2980,The original language of Ram Rajya is [MASK] .,Hindi,synth_Language/TREx/P364.jsonl
2982,The original language of Air Mata Iboe is [MASK] .,Indonesia,synth_Language/TREx/P364.jsonl
2984,The original language of Easy Rider is [MASK] .,English,synth_Language/TREx/P364.jsonl
2985,The original language of The Archers is [MASK] .,English,synth_Language/TREx/P364.jsonl
2989,The original language of Rakhi Ka Swayamwar is [MASK] .,Hindi,synth_Language/TREx/P364.jsonl
2991,The original language of The Blue Planet is [MASK] .,English,synth_Language/TREx/P364.jsonl
2992,The original language of An Innocent Man is [MASK] .,English,synth_Language/TREx/P364.jsonl
2994,The original language of The Northerners is [MASK] .,Dutch,synth_Language/TREx/P364.jsonl
3000,The original language of Paul Clifford is [MASK] .,English,synth_Language/TREx/P364.jsonl
3003,The original language of Tropical Malady is [MASK] .,Thai,synth_Language/TREx/P364.jsonl
3006,The original language of A Fazenda is [MASK] .,Portuguese,synth_Language/TREx/P364.jsonl
3007,The original language of NU.nl is [MASK] .,Dutch,synth_Language/TREx/P364.jsonl
