,sent,gold,filename
0,The official language of Azad Kashmir is [MASK] .,Urdu,synth_Language/TREx/P37.jsonl
73,The official language of Sorengo is [MASK] .,Italian,synth_Language/TREx/P37.jsonl
74,The official language of Padasjoki is [MASK] .,Finnish,synth_Language/TREx/P37.jsonl
76,The official language of Alta Verapaz Department is [MASK] .,Spanish,synth_Language/TREx/P37.jsonl
78,The official language of French Polynesia is [MASK] .,French,synth_Language/TREx/P37.jsonl
192,The official language of Virrat is [MASK] .,Finnish,synth_Language/TREx/P37.jsonl
194,The official language of Brunei is [MASK] .,Malay,synth_Language/TREx/P37.jsonl
292,The official language of Uttar Pradesh is [MASK] .,Urdu,synth_Language/TREx/P37.jsonl
472,The official language of European Union is [MASK] .,Finnish,synth_Language/TREx/P37.jsonl
527,The official language of Wallonia is [MASK] .,French,synth_Language/TREx/P37.jsonl
685,The official language of Haiti is [MASK] .,French,synth_Language/TREx/P37.jsonl
828,The official language of Union of South Africa is [MASK] .,Dutch,synth_Language/TREx/P37.jsonl
835,The official language of Val d'Aran is [MASK] .,Catalan,synth_Language/TREx/P37.jsonl
839,The official language of Bellinzona is [MASK] .,Italian,synth_Language/TREx/P37.jsonl
848,The official language of Kronoby is [MASK] .,Swedish,synth_Language/TREx/P37.jsonl
849,The official language of Shanghai Cooperation Organisation is [MASK] .,Russian,synth_Language/TREx/P37.jsonl
857,The official language of Stellaland is [MASK] .,Dutch,synth_Language/TREx/P37.jsonl
866,The official language of Biel/Bienne is [MASK] .,French,synth_Language/TREx/P37.jsonl
894,The official language of Sotkamo is [MASK] .,Finnish,synth_Language/TREx/P37.jsonl
901,The official language of Wyoming is [MASK] .,English,synth_Language/TREx/P37.jsonl
903,The official language of Vesanto is [MASK] .,Finnish,synth_Language/TREx/P37.jsonl
904,The official language of International Association of Athletics Federations is [MASK] .,French,synth_Language/TREx/P37.jsonl
908,The official language of Odessa Oblast is [MASK] .,Russian,synth_Language/TREx/P37.jsonl
946,The official language of Holy See is [MASK] .,Latin,synth_Language/TREx/P37.jsonl
964,The official language of Parikkala is [MASK] .,Finnish,synth_Language/TREx/P37.jsonl
965,The official language of Kerava is [MASK] .,Finnish,synth_Language/TREx/P37.jsonl
974,The official language of Uruguay is [MASK] .,Spanish,synth_Language/TREx/P37.jsonl
1167,The official language of Jamshedpur is [MASK] .,Hindi,synth_Language/TREx/P37.jsonl
1169,The official language of Molina de Segura is [MASK] .,Spanish,synth_Language/TREx/P37.jsonl
1170,The official language of South Ossetia is [MASK] .,Georgian,synth_Language/TREx/P37.jsonl
1247,The official language of Cambodia is [MASK] .,Khmer,synth_Language/TREx/P37.jsonl
1420,The official language of Porrentruy is [MASK] .,French,synth_Language/TREx/P37.jsonl
1421,The official language of Nykarleby is [MASK] .,Swedish,synth_Language/TREx/P37.jsonl
1429,The official language of Krasnoyarsk Krai is [MASK] .,Russian,synth_Language/TREx/P37.jsonl
1624,The official language of Republic of the Congo is [MASK] .,French,synth_Language/TREx/P37.jsonl
1739,The official language of Crown of Aragón is [MASK] .,Catalan,synth_Language/TREx/P37.jsonl
1836,The official language of Meghalaya is [MASK] .,English,synth_Language/TREx/P37.jsonl
1841,The official language of Lohja is [MASK] .,Swedish,synth_Language/TREx/P37.jsonl
1845,The official language of Tornio is [MASK] .,Finnish,synth_Language/TREx/P37.jsonl
1858,The official language of Rajasthan is [MASK] .,Hindi,synth_Language/TREx/P37.jsonl
2012,The official language of Easter Island is [MASK] .,Spanish,synth_Language/TREx/P37.jsonl
2046,The official language of Majorca is [MASK] .,Catalan,synth_Language/TREx/P37.jsonl
2133,The official language of Brazil is [MASK] .,Portuguese,synth_Language/TREx/P37.jsonl
3096,The official language of Mexico is [MASK] .,Spanish,synth_Language/TREx/P37.jsonl
4147,The official language of Posio is [MASK] .,Finnish,synth_Language/TREx/P37.jsonl
4148,The official language of Karijoki is [MASK] .,Finnish,synth_Language/TREx/P37.jsonl
4150,The official language of Gambia is [MASK] .,English,synth_Language/TREx/P37.jsonl
4172,The official language of South Georgia and the South Sandwich Islands is [MASK] .,English,synth_Language/TREx/P37.jsonl
4178,The official language of Sastamala is [MASK] .,Finnish,synth_Language/TREx/P37.jsonl
4180,The official language of Kingdom of Jerusalem is [MASK] .,Italian,synth_Language/TREx/P37.jsonl
4189,The official language of Isle of Man is [MASK] .,English,synth_Language/TREx/P37.jsonl
4196,The official language of Macau is [MASK] .,Chinese,synth_Language/TREx/P37.jsonl
4643,The official language of Czechoslovakia is [MASK] .,Slovak,synth_Language/TREx/P37.jsonl
4683,The official language of Salla is [MASK] .,Finnish,synth_Language/TREx/P37.jsonl
4690,The official language of Kiuruvesi is [MASK] .,Finnish,synth_Language/TREx/P37.jsonl
4691,The official language of Pirkkala is [MASK] .,Finnish,synth_Language/TREx/P37.jsonl
4695,The official language of Malax is [MASK] .,Finnish,synth_Language/TREx/P37.jsonl
4697,The official language of Donetsk Oblast is [MASK] .,Russian,synth_Language/TREx/P37.jsonl
4772,The official language of Loimaa is [MASK] .,Finnish,synth_Language/TREx/P37.jsonl
4783,The official language of National Film Board of Canada is [MASK] .,English,synth_Language/TREx/P37.jsonl
4792,The official language of Israel is [MASK] .,Hebrew,synth_Language/TREx/P37.jsonl
7261,The official language of Samoa is [MASK] .,English,synth_Language/TREx/P37.jsonl
7267,The official language of Republic of Tatarstan is [MASK] .,Russian,synth_Language/TREx/P37.jsonl
7607,The official language of Brussels-Capital Region is [MASK] .,Dutch,synth_Language/TREx/P37.jsonl
8052,The official language of Switzerland is [MASK] .,French,synth_Language/TREx/P37.jsonl
8982,The official language of Kajaani is [MASK] .,Finnish,synth_Language/TREx/P37.jsonl
8992,The official language of Kingdom of Deheubarth is [MASK] .,Welsh,synth_Language/TREx/P37.jsonl
9030,The official language of Nauru is [MASK] .,English,synth_Language/TREx/P37.jsonl
9035,The official language of Delhi is [MASK] .,Anglo,synth_Language/TREx/P37.jsonl
9056,The official language of Navarre is [MASK] .,Spanish,synth_Language/TREx/P37.jsonl
9269,The official language of Ibiza is [MASK] .,Spanish,synth_Language/TREx/P37.jsonl
9307,The official language of Jomala is [MASK] .,Swedish,synth_Language/TREx/P37.jsonl
9308,The official language of Kerala is [MASK] .,English,synth_Language/TREx/P37.jsonl
9369,The official language of Falkland Islands is [MASK] .,English,synth_Language/TREx/P37.jsonl
9418,The official language of Free City of Danzig is [MASK] .,Polish,synth_Language/TREx/P37.jsonl
9419,The official language of Union of European Football Associations is [MASK] .,French,synth_Language/TREx/P37.jsonl
9437,The official language of Couto Misto is [MASK] .,Portuguese,synth_Language/TREx/P37.jsonl
9446,The official language of Friesland is [MASK] .,Dutch,synth_Language/TREx/P37.jsonl
9681,The official language of Guinea is [MASK] .,French,synth_Language/TREx/P37.jsonl
9790,The official language of Udmurt Autonomous Soviet Socialist Republic is [MASK] .,Russian,synth_Language/TREx/P37.jsonl
9795,The official language of Coimbatore is [MASK] .,Tamil,synth_Language/TREx/P37.jsonl
10177,The official language of Peru is [MASK] .,Spanish,synth_Language/TREx/P37.jsonl
10751,The official language of Swiss Federal Constitution is [MASK] .,French,synth_Language/TREx/P37.jsonl
10753,The official language of Bengkulu is [MASK] .,Indonesian,synth_Language/TREx/P37.jsonl
10785,The official language of Lesotho is [MASK] .,English,synth_Language/TREx/P37.jsonl
10789,The official language of Juankoski is [MASK] .,Finnish,synth_Language/TREx/P37.jsonl
10790,The official language of India is [MASK] .,English,synth_Language/TREx/P37.jsonl
11215,The official language of Pitcairn Islands is [MASK] .,English,synth_Language/TREx/P37.jsonl
11224,The official language of Khanty-Mansi Autonomous Okrug is [MASK] .,Russian,synth_Language/TREx/P37.jsonl
11270,The official language of Zimbabwe is [MASK] .,English,synth_Language/TREx/P37.jsonl
11293,The official language of Lucerne is [MASK] .,DE,synth_Language/TREx/P37.jsonl
11295,The official language of Transnistria is [MASK] .,Ukrainian,synth_Language/TREx/P37.jsonl
11403,The official language of Djibouti is [MASK] .,French,synth_Language/TREx/P37.jsonl
11460,The official language of Vallorbe is [MASK] .,French,synth_Language/TREx/P37.jsonl
11463,The official language of Wappo people is [MASK] .,English,synth_Language/TREx/P37.jsonl
11464,The official language of Sahrawi Arab Democratic Republic is [MASK] .,Spanish,synth_Language/TREx/P37.jsonl
11485,The official language of Sint Eustatius is [MASK] .,English,synth_Language/TREx/P37.jsonl
11498,The official language of Bahamas is [MASK] .,English,synth_Language/TREx/P37.jsonl
11643,The official language of Ontario is [MASK] .,English,synth_Language/TREx/P37.jsonl
11725,The official language of Alberta is [MASK] .,English,synth_Language/TREx/P37.jsonl
12129,The official language of Zhovti Vody is [MASK] .,Ukrainian,synth_Language/TREx/P37.jsonl
12136,The official language of Kuusamo is [MASK] .,Finnish,synth_Language/TREx/P37.jsonl
12137,The official language of Jammu and Kashmir is [MASK] .,Urdu,synth_Language/TREx/P37.jsonl
12232,The official language of Nastola is [MASK] .,Finnish,synth_Language/TREx/P37.jsonl
12235,The official language of Eswatini is [MASK] .,English,synth_Language/TREx/P37.jsonl
12327,The official language of Grenada is [MASK] .,English,synth_Language/TREx/P37.jsonl
12330,The official language of Alderney is [MASK] .,English,synth_Language/TREx/P37.jsonl
12335,The official language of Republic of Khakassia is [MASK] .,Russian,synth_Language/TREx/P37.jsonl
12365,The official language of Chechen Republic is [MASK] .,Russian,synth_Language/TREx/P37.jsonl
12656,The official language of Mykolaiv Oblast is [MASK] .,Russian,synth_Language/TREx/P37.jsonl
12668,The official language of Punjab is [MASK] .,Punjabi,synth_Language/TREx/P37.jsonl
12752,The official language of Finland is [MASK] .,Finnish,synth_Language/TREx/P37.jsonl
14946,The official language of Loviisa is [MASK] .,Swedish,synth_Language/TREx/P37.jsonl
14952,The official language of Nebraska is [MASK] .,English,synth_Language/TREx/P37.jsonl
14972,The official language of Poland is [MASK] .,Polish,synth_Language/TREx/P37.jsonl
15442,The official language of Nyon is [MASK] .,French,synth_Language/TREx/P37.jsonl
15451,The official language of Arkansas is [MASK] .,English,synth_Language/TREx/P37.jsonl
15457,The official language of Romania is [MASK] .,Romanian,synth_Language/TREx/P37.jsonl
16998,The official language of Kaskinen is [MASK] .,Finnish,synth_Language/TREx/P37.jsonl
16999,The official language of Kingdom of the Lombards is [MASK] .,Latin,synth_Language/TREx/P37.jsonl
17000,The official language of Sri Lanka is [MASK] .,Tamil,synth_Language/TREx/P37.jsonl
17955,The official language of Ylitornio is [MASK] .,Finnish,synth_Language/TREx/P37.jsonl
18026,The official language of Kenya is [MASK] .,English,synth_Language/TREx/P37.jsonl
18052,The official language of French Southern and Antarctic Lands is [MASK] .,French,synth_Language/TREx/P37.jsonl
18074,The official language of Ghana is [MASK] .,English,synth_Language/TREx/P37.jsonl
18097,The official language of Kauhajoki is [MASK] .,Finnish,synth_Language/TREx/P37.jsonl
18102,The official language of Raahe is [MASK] .,Finnish,synth_Language/TREx/P37.jsonl
18110,The official language of Provence is [MASK] .,French,synth_Language/TREx/P37.jsonl
18208,The official language of Slovenia is [MASK] .,Slovene,synth_Language/TREx/P37.jsonl
18525,The official language of Jakobstad is [MASK] .,Swedish,synth_Language/TREx/P37.jsonl
18536,The official language of President of the Basque Autonomous Community is [MASK] .,Spanish,synth_Language/TREx/P37.jsonl
18548,The official language of Tervola is [MASK] .,Finnish,synth_Language/TREx/P37.jsonl
18549,The official language of Moldova is [MASK] .,Romanian,synth_Language/TREx/P37.jsonl
18856,The official language of Ruovesi is [MASK] .,Finnish,synth_Language/TREx/P37.jsonl
18858,The official language of ASEAN is [MASK] .,Filipino,synth_Language/TREx/P37.jsonl
18859,The official language of A Ver-o-Mar is [MASK] .,Portuguese,synth_Language/TREx/P37.jsonl
18863,The official language of Organization for Security and Co-operation in Europe is [MASK] .,French,synth_Language/TREx/P37.jsonl
18864,The official language of French Guiana is [MASK] .,French,synth_Language/TREx/P37.jsonl
18997,The official language of Lithuania is [MASK] .,Lithuanian,synth_Language/TREx/P37.jsonl
19826,The official language of Kristinestad is [MASK] .,Finnish,synth_Language/TREx/P37.jsonl
19834,The official language of Komi Republic is [MASK] .,Russian,synth_Language/TREx/P37.jsonl
19957,The official language of Anguilla is [MASK] .,English,synth_Language/TREx/P37.jsonl
19961,The official language of Belize is [MASK] .,English,synth_Language/TREx/P37.jsonl
19974,The official language of Southern Common Market is [MASK] .,Spanish,synth_Language/TREx/P37.jsonl
19987,The official language of Spain is [MASK] .,Catalan,synth_Language/TREx/P37.jsonl
20378,The official language of Pelkosenniemi is [MASK] .,Finnish,synth_Language/TREx/P37.jsonl
20416,The official language of Melitopol is [MASK] .,Ukrainian,synth_Language/TREx/P37.jsonl
20420,The official language of Sigtuna Municipality is [MASK] .,Swedish,synth_Language/TREx/P37.jsonl
20439,The official language of Nenets Autonomous Okrug is [MASK] .,Russian,synth_Language/TREx/P37.jsonl
20459,The official language of Caribbean Netherlands is [MASK] .,English,synth_Language/TREx/P37.jsonl
20461,The official language of Colombia is [MASK] .,Spanish,synth_Language/TREx/P37.jsonl
21000,The official language of Kauhava is [MASK] .,Finnish,synth_Language/TREx/P37.jsonl
21011,The official language of Bahia is [MASK] .,Portuguese,synth_Language/TREx/P37.jsonl
21067,The official language of Kingdom of Sicily is [MASK] .,Latin,synth_Language/TREx/P37.jsonl
21244,The official language of Jambi is [MASK] .,Malay,synth_Language/TREx/P37.jsonl
21248,The official language of Patna is [MASK] .,Hindi,synth_Language/TREx/P37.jsonl
21268,The official language of Union between Sweden and Norway is [MASK] .,Swedish,synth_Language/TREx/P37.jsonl
21285,The official language of Sevastopol is [MASK] .,Ukrainian,synth_Language/TREx/P37.jsonl
21317,The official language of Royal 22e Régiment is [MASK] .,French,synth_Language/TREx/P37.jsonl
21329,The official language of Les Bois is [MASK] .,French,synth_Language/TREx/P37.jsonl
21331,The official language of Pakistan is [MASK] .,Urdu,synth_Language/TREx/P37.jsonl
23726,The official language of Varkaus is [MASK] .,Finnish,synth_Language/TREx/P37.jsonl
23740,The official language of canton of Bern is [MASK] .,French,synth_Language/TREx/P37.jsonl
23803,The official language of Luhansk People's Republic is [MASK] .,Ukrainian,synth_Language/TREx/P37.jsonl
23824,The official language of French immersion is [MASK] .,French,synth_Language/TREx/P37.jsonl
23855,The official language of La Chaux-de-Fonds is [MASK] .,French,synth_Language/TREx/P37.jsonl
23867,The official language of Kaarina is [MASK] .,Finnish,synth_Language/TREx/P37.jsonl
23878,The official language of Grand Duchy of Moscow is [MASK] .,Russian,synth_Language/TREx/P37.jsonl
24050,The official language of Senegal is [MASK] .,French,synth_Language/TREx/P37.jsonl
24219,The official language of Le Locle is [MASK] .,French,synth_Language/TREx/P37.jsonl
24220,The official language of Kirkkonummi is [MASK] .,Swedish,synth_Language/TREx/P37.jsonl
24231,The official language of Porvoo is [MASK] .,Finnish,synth_Language/TREx/P37.jsonl
24260,The official language of Sovereign Military Order of Malta is [MASK] .,Latin,synth_Language/TREx/P37.jsonl
24262,The official language of Pargas is [MASK] .,Finnish,synth_Language/TREx/P37.jsonl
24276,The official language of Nunavut is [MASK] .,English,synth_Language/TREx/P37.jsonl
24287,The official language of Geneva is [MASK] .,French,synth_Language/TREx/P37.jsonl
24476,The official language of Meyrin is [MASK] .,French,synth_Language/TREx/P37.jsonl
24477,The official language of World Health Organization is [MASK] .,English,synth_Language/TREx/P37.jsonl
24479,The official language of North Kosovo is [MASK] .,Serbian,synth_Language/TREx/P37.jsonl
26221,The official language of South Tyrol is [MASK] .,Italian,synth_Language/TREx/P37.jsonl
28262,The official language of Savoy is [MASK] .,French,synth_Language/TREx/P37.jsonl
28323,The official language of Ticino is [MASK] .,Italian,synth_Language/TREx/P37.jsonl
28409,The official language of Lieto is [MASK] .,Finnish,synth_Language/TREx/P37.jsonl
28411,The official language of Malta is [MASK] .,Maltese,synth_Language/TREx/P37.jsonl
28573,The official language of Jokioinen is [MASK] .,Finnish,synth_Language/TREx/P37.jsonl
28577,The official language of Maaninka is [MASK] .,Finnish,synth_Language/TREx/P37.jsonl
28579,The official language of Nepal is [MASK] .,Nepali,synth_Language/TREx/P37.jsonl
29191,The official language of Botkyrka Municipality is [MASK] .,Swedish,synth_Language/TREx/P37.jsonl
29197,The official language of Saltvik is [MASK] .,Swedish,synth_Language/TREx/P37.jsonl
29198,The official language of Pontianak Sultanate is [MASK] .,Malay,synth_Language/TREx/P37.jsonl
29199,The official language of Republic of Venice is [MASK] .,Italian,synth_Language/TREx/P37.jsonl
29521,The official language of Chad is [MASK] .,French,synth_Language/TREx/P37.jsonl
29673,The official language of Caslano is [MASK] .,Italian,synth_Language/TREx/P37.jsonl
29675,The official language of Yerevan is [MASK] .,Armenian,synth_Language/TREx/P37.jsonl
30442,The official language of Bolivia is [MASK] .,Spanish,synth_Language/TREx/P37.jsonl
30768,The official language of Benelux is [MASK] .,Dutch,synth_Language/TREx/P37.jsonl
30803,The official language of Malaysia is [MASK] .,English,synth_Language/TREx/P37.jsonl
30967,The official language of Russian Empire is [MASK] .,Finnish,synth_Language/TREx/P37.jsonl
31130,The official language of South Sudan is [MASK] .,English,synth_Language/TREx/P37.jsonl
31132,The official language of Equatorial Guinea is [MASK] .,French,synth_Language/TREx/P37.jsonl
31201,The official language of Banten is [MASK] .,Indonesian,synth_Language/TREx/P37.jsonl
31247,The official language of Gothenburg Municipality is [MASK] .,Swedish,synth_Language/TREx/P37.jsonl
31279,The official language of Huddinge Municipality is [MASK] .,Swedish,synth_Language/TREx/P37.jsonl
31295,The official language of Loppi is [MASK] .,Finnish,synth_Language/TREx/P37.jsonl
31296,The official language of Kyrgyzstan is [MASK] .,Russian,synth_Language/TREx/P37.jsonl
31559,The official language of Vihti is [MASK] .,Finnish,synth_Language/TREx/P37.jsonl
31567,The official language of Flemish Region is [MASK] .,Dutch,synth_Language/TREx/P37.jsonl
31644,The official language of Tierp Municipality is [MASK] .,Swedish,synth_Language/TREx/P37.jsonl
31706,The official language of Alavus is [MASK] .,Finnish,synth_Language/TREx/P37.jsonl
31711,The official language of Byelorussian Soviet Socialist Republic is [MASK] .,Russian,synth_Language/TREx/P37.jsonl
31874,The official language of Kangasala is [MASK] .,Finnish,synth_Language/TREx/P37.jsonl
31879,The official language of Iran is [MASK] .,Persian,synth_Language/TREx/P37.jsonl
38805,The official language of Tampere is [MASK] .,Finnish,synth_Language/TREx/P37.jsonl
38933,The official language of Oulu is [MASK] .,Finnish,synth_Language/TREx/P37.jsonl
39129,The official language of Espoo is [MASK] .,Swedish,synth_Language/TREx/P37.jsonl
39211,The official language of Aragon is [MASK] .,Spanish,synth_Language/TREx/P37.jsonl
39364,The official language of Panama is [MASK] .,Spanish,synth_Language/TREx/P37.jsonl
39526,The official language of Quebec is [MASK] .,French,synth_Language/TREx/P37.jsonl
40694,The official language of Roman Empire is [MASK] .,Latin,synth_Language/TREx/P37.jsonl
40840,The official language of Church of Greece is [MASK] .,Greek,synth_Language/TREx/P37.jsonl
40855,The official language of Newfoundland and Labrador is [MASK] .,English,synth_Language/TREx/P37.jsonl
40915,The official language of Kaustinen is [MASK] .,Finnish,synth_Language/TREx/P37.jsonl
40919,The official language of Yamalo-Nenets Autonomous Okrug is [MASK] .,Russian,synth_Language/TREx/P37.jsonl
40998,The official language of Versoix is [MASK] .,French,synth_Language/TREx/P37.jsonl
41031,The official language of International Commission on Illumination is [MASK] .,French,synth_Language/TREx/P37.jsonl
41038,The official language of Keminmaa is [MASK] .,Finnish,synth_Language/TREx/P37.jsonl
41041,The official language of State of Brazil is [MASK] .,Portuguese,synth_Language/TREx/P37.jsonl
41081,The official language of Kumlinge is [MASK] .,Swedish,synth_Language/TREx/P37.jsonl
41105,The official language of Menorca is [MASK] .,Catalan,synth_Language/TREx/P37.jsonl
41134,The official language of United Nations is [MASK] .,Spanish,synth_Language/TREx/P37.jsonl
41181,The official language of Saba is [MASK] .,Dutch,synth_Language/TREx/P37.jsonl
41204,The official language of Qing dynasty is [MASK] .,Tibetan,synth_Language/TREx/P37.jsonl
41266,The official language of Luhansk Oblast is [MASK] .,Ukrainian,synth_Language/TREx/P37.jsonl
41362,The official language of Vaasa is [MASK] .,Swedish,synth_Language/TREx/P37.jsonl
41403,The official language of Sakha Republic is [MASK] .,Russian,synth_Language/TREx/P37.jsonl
41740,The official language of Jokkmokk Municipality is [MASK] .,Swedish,synth_Language/TREx/P37.jsonl
41745,The official language of Dominican Republic is [MASK] .,Spanish,synth_Language/TREx/P37.jsonl
41903,The official language of Wales is [MASK] .,Welsh,synth_Language/TREx/P37.jsonl
44580,The official language of Ouchy is [MASK] .,French,synth_Language/TREx/P37.jsonl
44582,The official language of Lucknow is [MASK] .,Urdu,synth_Language/TREx/P37.jsonl
44629,The official language of Donetsk is [MASK] .,Ukrainian,synth_Language/TREx/P37.jsonl
44720,The official language of Flanders is [MASK] .,Dutch,synth_Language/TREx/P37.jsonl
44861,The official language of Krokom Municipality is [MASK] .,Swedish,synth_Language/TREx/P37.jsonl
44863,The official language of Huittinen is [MASK] .,Finnish,synth_Language/TREx/P37.jsonl
44867,The official language of Lapua is [MASK] .,Finnish,synth_Language/TREx/P37.jsonl
44875,The official language of Jewish Autonomous Oblast is [MASK] .,Russian,synth_Language/TREx/P37.jsonl
44906,The official language of International Academy of Sciences San Marino is [MASK] .,English,synth_Language/TREx/P37.jsonl
44908,The official language of Sundbyberg Municipality is [MASK] .,Swedish,synth_Language/TREx/P37.jsonl
44909,The official language of British Columbia is [MASK] .,English,synth_Language/TREx/P37.jsonl
44967,The official language of Kangasniemi is [MASK] .,Finnish,synth_Language/TREx/P37.jsonl
46300,The official language of Cossonay is [MASK] .,French,synth_Language/TREx/P37.jsonl
46302,The official language of Congress Poland is [MASK] .,Polish,synth_Language/TREx/P37.jsonl
46322,The official language of Quetzaltenango is [MASK] .,Spanish,synth_Language/TREx/P37.jsonl
46324,The official language of Byzantine Empire is [MASK] .,Latin,synth_Language/TREx/P37.jsonl
46393,The official language of Ireland is [MASK] .,English,synth_Language/TREx/P37.jsonl
46962,The official language of Netherlands is [MASK] .,Dutch,synth_Language/TREx/P37.jsonl
48853,The official language of Suonenjoki is [MASK] .,Finnish,synth_Language/TREx/P37.jsonl
48854,The official language of Kansas is [MASK] .,English,synth_Language/TREx/P37.jsonl
48861,The official language of Vantaa is [MASK] .,Finnish,synth_Language/TREx/P37.jsonl
48894,The official language of South Africa is [MASK] .,English,synth_Language/TREx/P37.jsonl
49148,The official language of Locarno is [MASK] .,Italian,synth_Language/TREx/P37.jsonl
49161,The official language of County of Ribagorza is [MASK] .,Catalan,synth_Language/TREx/P37.jsonl
49169,The official language of Vanuatu is [MASK] .,English,synth_Language/TREx/P37.jsonl
49175,The official language of Siuntio is [MASK] .,Finnish,synth_Language/TREx/P37.jsonl
49202,The official language of Vevey is [MASK] .,French,synth_Language/TREx/P37.jsonl
49217,The official language of Canton of Geneva is [MASK] .,French,synth_Language/TREx/P37.jsonl
49282,The official language of Suriname is [MASK] .,Dutch,synth_Language/TREx/P37.jsonl
49456,The official language of Jharkhand is [MASK] .,Hindi,synth_Language/TREx/P37.jsonl
49538,The official language of Lugano is [MASK] .,Italian,synth_Language/TREx/P37.jsonl
49551,The official language of Udmurt Republic is [MASK] .,Russian,synth_Language/TREx/P37.jsonl
49679,The official language of Colorado is [MASK] .,English,synth_Language/TREx/P37.jsonl
49685,The official language of Siikainen is [MASK] .,Finnish,synth_Language/TREx/P37.jsonl
49753,The official language of Kabardino-Balkar Republic is [MASK] .,Russian,synth_Language/TREx/P37.jsonl
49807,The official language of Tonga is [MASK] .,English,synth_Language/TREx/P37.jsonl
49819,The official language of England is [MASK] .,English,synth_Language/TREx/P37.jsonl
50520,The official language of Forssa is [MASK] .,Finnish,synth_Language/TREx/P37.jsonl
50730,The official language of English plural is [MASK] .,English,synth_Language/TREx/P37.jsonl
50736,The official language of Collonge-Bellerive is [MASK] .,French,synth_Language/TREx/P37.jsonl
50737,The official language of Kyustendil Province is [MASK] .,Bulgarian,synth_Language/TREx/P37.jsonl
50742,The official language of Orimattila is [MASK] .,Finnish,synth_Language/TREx/P37.jsonl
55222,The official language of Guinea-Bissau is [MASK] .,Portuguese,synth_Language/TREx/P37.jsonl
55807,The official language of Indiana is [MASK] .,English,synth_Language/TREx/P37.jsonl
55844,The official language of Donetsk People's Republic is [MASK] .,Ukrainian,synth_Language/TREx/P37.jsonl
55869,The official language of Tavannes is [MASK] .,French,synth_Language/TREx/P37.jsonl
55872,The official language of Singapore is [MASK] .,Tamil,synth_Language/TREx/P37.jsonl
56063,The official language of Russia is [MASK] .,Ukrainian,synth_Language/TREx/P37.jsonl
56118,The official language of Collective Security Treaty Organisation is [MASK] .,Russian,synth_Language/TREx/P37.jsonl
56122,The official language of Kuopio is [MASK] .,Finnish,synth_Language/TREx/P37.jsonl
56167,The official language of Kauniainen is [MASK] .,Finnish,synth_Language/TREx/P37.jsonl
56180,The official language of Argentina is [MASK] .,Spanish,synth_Language/TREx/P37.jsonl
57335,The official language of Eura is [MASK] .,Finnish,synth_Language/TREx/P37.jsonl
57338,The official language of Hollola is [MASK] .,Finnish,synth_Language/TREx/P37.jsonl
57340,The official language of Mikkeli is [MASK] .,Finnish,synth_Language/TREx/P37.jsonl
57354,The official language of Duchy of Normandy is [MASK] .,Norman,synth_Language/TREx/P37.jsonl
57358,The official language of Netherlands Antilles is [MASK] .,English,synth_Language/TREx/P37.jsonl
57371,The official language of Kontiolahti is [MASK] .,Finnish,synth_Language/TREx/P37.jsonl
57375,The official language of Royal Society of British Artists is [MASK] .,English,synth_Language/TREx/P37.jsonl
57514,The official language of Yalta is [MASK] .,Russian,synth_Language/TREx/P37.jsonl
57568,The official language of Nova Scotia is [MASK] .,English,synth_Language/TREx/P37.jsonl
57586,The official language of Organisation for Economic Co-operation and Development is [MASK] .,English,synth_Language/TREx/P37.jsonl
57626,The official language of Campione d'Italia is [MASK] .,Italian,synth_Language/TREx/P37.jsonl
57662,The official language of Tsardom of Russia is [MASK] .,Russian,synth_Language/TREx/P37.jsonl
57723,The official language of Carouge is [MASK] .,French,synth_Language/TREx/P37.jsonl
57724,The official language of Tolmezzo is [MASK] .,Italian,synth_Language/TREx/P37.jsonl
57730,The official language of Palau is [MASK] .,English,synth_Language/TREx/P37.jsonl
57732,The official language of County Cork is [MASK] .,Irish,synth_Language/TREx/P37.jsonl
58014,The official language of Rovaniemi is [MASK] .,Finnish,synth_Language/TREx/P37.jsonl
58033,The official language of Vimpeli is [MASK] .,Finnish,synth_Language/TREx/P37.jsonl
58050,The official language of Ivory Coast is [MASK] .,French,synth_Language/TREx/P37.jsonl
58238,The official language of Honduras is [MASK] .,Spanish,synth_Language/TREx/P37.jsonl
58419,The official language of New Hampshire is [MASK] .,English,synth_Language/TREx/P37.jsonl
58427,The official language of Cayman Islands is [MASK] .,English,synth_Language/TREx/P37.jsonl
58434,The official language of Burundi is [MASK] .,English,synth_Language/TREx/P37.jsonl
58455,The official language of Ikaalinen is [MASK] .,Finnish,synth_Language/TREx/P37.jsonl
58458,The official language of Cameroon is [MASK] .,English,synth_Language/TREx/P37.jsonl
58492,The official language of Alaska is [MASK] .,English,synth_Language/TREx/P37.jsonl
58503,The official language of Isojoki is [MASK] .,Finnish,synth_Language/TREx/P37.jsonl
58504,The official language of Vatican City is [MASK] .,Italian,synth_Language/TREx/P37.jsonl
58638,The official language of Mozambique is [MASK] .,Portuguese,synth_Language/TREx/P37.jsonl
58782,The official language of East Timor is [MASK] .,Portuguese,synth_Language/TREx/P37.jsonl
58911,The official language of Akrotiri and Dhekelia is [MASK] .,English,synth_Language/TREx/P37.jsonl
58913,The official language of L'Abbaye is [MASK] .,French,synth_Language/TREx/P37.jsonl
58917,The official language of British Antarctic Territory is [MASK] .,English,synth_Language/TREx/P37.jsonl
58929,The official language of Lieksa is [MASK] .,Finnish,synth_Language/TREx/P37.jsonl
58930,The official language of Brissago is [MASK] .,Italian,synth_Language/TREx/P37.jsonl
66366,The official language of Nigeria is [MASK] .,English,synth_Language/TREx/P37.jsonl
66411,The official language of Kingdom of the Netherlands is [MASK] .,Dutch,synth_Language/TREx/P37.jsonl
66583,The official language of Abkhazia is [MASK] .,Russian,synth_Language/TREx/P37.jsonl
66703,The official language of Viitasaari is [MASK] .,Finnish,synth_Language/TREx/P37.jsonl
66782,The official language of Portugal is [MASK] .,Portuguese,synth_Language/TREx/P37.jsonl
68196,The official language of Kalajoki is [MASK] .,Finnish,synth_Language/TREx/P37.jsonl
68210,The official language of Haparanda Municipality is [MASK] .,Swedish,synth_Language/TREx/P37.jsonl
68222,The official language of Manitoba is [MASK] .,English,synth_Language/TREx/P37.jsonl
68242,The official language of Berg Municipality is [MASK] .,Swedish,synth_Language/TREx/P37.jsonl
68246,The official language of European Space Agency is [MASK] .,French,synth_Language/TREx/P37.jsonl
68269,The official language of Malabo is [MASK] .,Spanish,synth_Language/TREx/P37.jsonl
68445,The official language of Laukaa is [MASK] .,Finnish,synth_Language/TREx/P37.jsonl
68449,The official language of Kaavi is [MASK] .,Finnish,synth_Language/TREx/P37.jsonl
68519,The official language of Helsinki is [MASK] .,Finnish,synth_Language/TREx/P37.jsonl
69311,The official language of French Community of Belgium is [MASK] .,French,synth_Language/TREx/P37.jsonl
69341,The official language of Kuhmo is [MASK] .,Finnish,synth_Language/TREx/P37.jsonl
69345,The official language of Catalonia is [MASK] .,Spanish,synth_Language/TREx/P37.jsonl
69823,The official language of Chhattisgarh is [MASK] .,Hindi,synth_Language/TREx/P37.jsonl
69835,The official language of Heinola is [MASK] .,Finnish,synth_Language/TREx/P37.jsonl
69844,The official language of Autonomous Republic of Crimea is [MASK] .,Ukrainian,synth_Language/TREx/P37.jsonl
70086,The official language of Seychelles is [MASK] .,English,synth_Language/TREx/P37.jsonl
70225,The official language of Chardonne is [MASK] .,French,synth_Language/TREx/P37.jsonl
70232,The official language of Spanish Empire is [MASK] .,Spanish,synth_Language/TREx/P37.jsonl
71194,The official language of Haninge Municipality is [MASK] .,Swedish,synth_Language/TREx/P37.jsonl
71204,The official language of Saskatchewan is [MASK] .,English,synth_Language/TREx/P37.jsonl
72045,The official language of Asturias is [MASK] .,Spanish,synth_Language/TREx/P37.jsonl
72306,The official language of East Kalimantan is [MASK] .,Indonesian,synth_Language/TREx/P37.jsonl
72346,The official language of Vietnam is [MASK] .,Vietnamese,synth_Language/TREx/P37.jsonl
74097,The official language of Cadenazzo is [MASK] .,Italian,synth_Language/TREx/P37.jsonl
74099,The official language of Valkeakoski is [MASK] .,Finnish,synth_Language/TREx/P37.jsonl
74106,The official language of Utsjoki is [MASK] .,Finnish,synth_Language/TREx/P37.jsonl
74115,The official language of World Trade Organization is [MASK] .,French,synth_Language/TREx/P37.jsonl
74198,The official language of Finnish Orthodox Church is [MASK] .,Finnish,synth_Language/TREx/P37.jsonl
74204,The official language of Lappeenranta is [MASK] .,Finnish,synth_Language/TREx/P37.jsonl
74236,The official language of Ecuador is [MASK] .,Spanish,synth_Language/TREx/P37.jsonl
74505,The official language of Hyderabad is [MASK] .,Telugu,synth_Language/TREx/P37.jsonl
74659,The official language of Jersey is [MASK] .,English,synth_Language/TREx/P37.jsonl
75000,The official language of Mistretta is [MASK] .,Italian,synth_Language/TREx/P37.jsonl
75249,The official language of Hailuoto is [MASK] .,Finnish,synth_Language/TREx/P37.jsonl
75257,The official language of Turkey is [MASK] .,Turkish,synth_Language/TREx/P37.jsonl
77164,The official language of Chile is [MASK] .,Spanish,synth_Language/TREx/P37.jsonl
78128,The official language of Veyrier is [MASK] .,French,synth_Language/TREx/P37.jsonl
78130,The official language of Hyrynsalmi is [MASK] .,Finnish,synth_Language/TREx/P37.jsonl
78131,The official language of Sint Maarten is [MASK] .,Dutch,synth_Language/TREx/P37.jsonl
78715,The official language of Canton of Valais is [MASK] .,French,synth_Language/TREx/P37.jsonl
78820,The official language of Swedish Empire is [MASK] .,Swedish,synth_Language/TREx/P37.jsonl
78946,The official language of Raseborg is [MASK] .,Swedish,synth_Language/TREx/P37.jsonl
78949,The official language of Slovak Socialist Republic is [MASK] .,Slovak,synth_Language/TREx/P37.jsonl
78955,The official language of Kalix Municipality is [MASK] .,Swedish,synth_Language/TREx/P37.jsonl
78973,The official language of South Dakota is [MASK] .,English,synth_Language/TREx/P37.jsonl
78976,The official language of Alabama is [MASK] .,English,synth_Language/TREx/P37.jsonl
78988,The official language of Miss Universe is [MASK] .,English,synth_Language/TREx/P37.jsonl
78990,The official language of California is [MASK] .,English,synth_Language/TREx/P37.jsonl
79154,The official language of Pacific Alliance is [MASK] .,Spanish,synth_Language/TREx/P37.jsonl
79156,The official language of Laitila is [MASK] .,Finnish,synth_Language/TREx/P37.jsonl
79739,The official language of Tuva Republic is [MASK] .,Russian,synth_Language/TREx/P37.jsonl
85952,The official language of Sambir is [MASK] .,Ukrainian,synth_Language/TREx/P37.jsonl
85960,The official language of Yukon is [MASK] .,English,synth_Language/TREx/P37.jsonl
85966,The official language of Liperi is [MASK] .,Finnish,synth_Language/TREx/P37.jsonl
85968,The official language of Burkina Faso is [MASK] .,French,synth_Language/TREx/P37.jsonl
86107,The official language of Sonvilier is [MASK] .,French,synth_Language/TREx/P37.jsonl
86108,The official language of Bosco Gurin is [MASK] .,Italian,synth_Language/TREx/P37.jsonl
86153,The official language of Korpo is [MASK] .,Finnish,synth_Language/TREx/P37.jsonl
86157,The official language of Kotka is [MASK] .,Finnish,synth_Language/TREx/P37.jsonl
86185,The official language of Army Public School Peshawar is [MASK] .,English,synth_Language/TREx/P37.jsonl
86187,The official language of Rabinal is [MASK] .,Spanish,synth_Language/TREx/P37.jsonl
86188,The official language of Italy is [MASK] .,Italian,synth_Language/TREx/P37.jsonl
98955,The official language of North Carolina is [MASK] .,English,synth_Language/TREx/P37.jsonl
98991,The official language of Savukoski is [MASK] .,Finnish,synth_Language/TREx/P37.jsonl
98993,The official language of Karvia is [MASK] .,Finnish,synth_Language/TREx/P37.jsonl
98994,The official language of Philippines is [MASK] .,Filipino,synth_Language/TREx/P37.jsonl
99936,The official language of Sweden is [MASK] .,Finnish,synth_Language/TREx/P37.jsonl
100142,The official language of Idaho is [MASK] .,English,synth_Language/TREx/P37.jsonl
100149,The official language of Maharashtra is [MASK] .,Marathi,synth_Language/TREx/P37.jsonl
100630,The official language of Republic of Buryatia is [MASK] .,Russian,synth_Language/TREx/P37.jsonl
100748,The official language of Niger is [MASK] .,French,synth_Language/TREx/P37.jsonl
100842,The official language of Solna Municipality is [MASK] .,Swedish,synth_Language/TREx/P37.jsonl
100902,The official language of Russian Soviet Federative Socialist Republic is [MASK] .,Russian,synth_Language/TREx/P37.jsonl
101535,The official language of Autonomous Province of Kosovo and Metohija is [MASK] .,Albanian,synth_Language/TREx/P37.jsonl
101561,The official language of Hammarland is [MASK] .,Swedish,synth_Language/TREx/P37.jsonl
101564,The official language of Vaala is [MASK] .,Finnish,synth_Language/TREx/P37.jsonl
101607,The official language of Mandatory Palestine is [MASK] .,Hebrew,synth_Language/TREx/P37.jsonl
101848,The official language of Serbia and Montenegro is [MASK] .,Serbian,synth_Language/TREx/P37.jsonl
101922,The official language of Nuevo Santander is [MASK] .,Spanish,synth_Language/TREx/P37.jsonl
101933,The official language of Croatia is [MASK] .,Croatian,synth_Language/TREx/P37.jsonl
103059,The official language of Kiruna Municipality is [MASK] .,Finnish,synth_Language/TREx/P37.jsonl
103065,The official language of Mashhad is [MASK] .,Persian,synth_Language/TREx/P37.jsonl
103169,The official language of American Samoa is [MASK] .,English,synth_Language/TREx/P37.jsonl
103239,The official language of Saint Lucia is [MASK] .,English,synth_Language/TREx/P37.jsonl
103242,The official language of North American Free Trade Agreement is [MASK] .,Spanish,synth_Language/TREx/P37.jsonl
103248,The official language of Virolahti is [MASK] .,Finnish,synth_Language/TREx/P37.jsonl
103272,The official language of Republic of Adygea is [MASK] .,Russian,synth_Language/TREx/P37.jsonl
103367,The official language of Chuvash Republic is [MASK] .,Russian,synth_Language/TREx/P37.jsonl
103575,The official language of Eritrea is [MASK] .,English,synth_Language/TREx/P37.jsonl
103579,The official language of Mauritius is [MASK] .,French,synth_Language/TREx/P37.jsonl
103735,The official language of Republic of North Ossetia-Alania is [MASK] .,Russian,synth_Language/TREx/P37.jsonl
103794,The official language of La Gomera is [MASK] .,Spanish,synth_Language/TREx/P37.jsonl
103799,The official language of Enlightenment in Spain is [MASK] .,Spanish,synth_Language/TREx/P37.jsonl
103801,The official language of France is [MASK] .,French,synth_Language/TREx/P37.jsonl
108654,The official language of Quebec City is [MASK] .,French,synth_Language/TREx/P37.jsonl
108784,The official language of Valencian Community is [MASK] .,Spanish,synth_Language/TREx/P37.jsonl
109021,The official language of Thailand is [MASK] .,Thai,synth_Language/TREx/P37.jsonl
112133,The official language of Asikkala is [MASK] .,Finnish,synth_Language/TREx/P37.jsonl
112134,The official language of Exarchate of Ravenna is [MASK] .,Latin,synth_Language/TREx/P37.jsonl
112139,The official language of Democratic Republic of the Congo is [MASK] .,French,synth_Language/TREx/P37.jsonl
112281,The official language of Hungary is [MASK] .,Hungarian,synth_Language/TREx/P37.jsonl
113560,The official language of Izabal Department is [MASK] .,Spanish,synth_Language/TREx/P37.jsonl
113562,The official language of Savonlinna is [MASK] .,Finnish,synth_Language/TREx/P37.jsonl
113635,The official language of Estonia is [MASK] .,Estonian,synth_Language/TREx/P37.jsonl
114843,The official language of Kentucky is [MASK] .,English,synth_Language/TREx/P37.jsonl
114854,The official language of Storuman Municipality is [MASK] .,Swedish,synth_Language/TREx/P37.jsonl
114856,The official language of Orivesi is [MASK] .,Finnish,synth_Language/TREx/P37.jsonl
114857,The official language of Paltamo is [MASK] .,Finnish,synth_Language/TREx/P37.jsonl
114907,The official language of Bali is [MASK] .,Indonesian,synth_Language/TREx/P37.jsonl
115067,The official language of North Dakota is [MASK] .,English,synth_Language/TREx/P37.jsonl
115387,The official language of Republic of Kalmykia is [MASK] .,Russian,synth_Language/TREx/P37.jsonl
115446,The official language of Teuva is [MASK] .,Finnish,synth_Language/TREx/P37.jsonl
115447,The official language of Camorino is [MASK] .,Italian,synth_Language/TREx/P37.jsonl
115449,The official language of Canton of Fribourg is [MASK] .,French,synth_Language/TREx/P37.jsonl
115526,The official language of Northwest Territories is [MASK] .,English,synth_Language/TREx/P37.jsonl
115531,The official language of Akaa is [MASK] .,Finnish,synth_Language/TREx/P37.jsonl
115533,The official language of New Brunswick is [MASK] .,English,synth_Language/TREx/P37.jsonl
115993,The official language of Hamina is [MASK] .,Finnish,synth_Language/TREx/P37.jsonl
116011,The official language of Comoros is [MASK] .,French,synth_Language/TREx/P37.jsonl
116054,The official language of Sundsvall Municipality is [MASK] .,Swedish,synth_Language/TREx/P37.jsonl
116067,The official language of International Civil Aviation Organization is [MASK] .,Russian,synth_Language/TREx/P37.jsonl
116078,The official language of Kannonkoski is [MASK] .,Finnish,synth_Language/TREx/P37.jsonl
116267,The official language of Udmurt Autonomous Oblast is [MASK] .,Russian,synth_Language/TREx/P37.jsonl
116271,The official language of Indore is [MASK] .,Hindi,synth_Language/TREx/P37.jsonl
116275,The official language of Gibraltar is [MASK] .,English,synth_Language/TREx/P37.jsonl
119146,The official language of Torfaen is [MASK] .,Welsh,synth_Language/TREx/P37.jsonl
120168,The official language of Altai Krai is [MASK] .,Russian,synth_Language/TREx/P37.jsonl
120290,The official language of Mendrisio is [MASK] .,Italian,synth_Language/TREx/P37.jsonl
120293,The official language of Luxembourg is [MASK] .,French,synth_Language/TREx/P37.jsonl
120631,The official language of Aceh is [MASK] .,Indonesian,synth_Language/TREx/P37.jsonl
120741,The official language of El Salvador is [MASK] .,Spanish,synth_Language/TREx/P37.jsonl
121267,The official language of United Kingdom is [MASK] .,Welsh,synth_Language/TREx/P37.jsonl
121271,The official language of Bex is [MASK] .,French,synth_Language/TREx/P37.jsonl
121293,The official language of Grand-Saconnex is [MASK] .,French,synth_Language/TREx/P37.jsonl
121295,The official language of Denmark is [MASK] .,Danish,synth_Language/TREx/P37.jsonl
122084,The official language of Kolari is [MASK] .,Finnish,synth_Language/TREx/P37.jsonl
122090,The official language of Canada is [MASK] .,French,synth_Language/TREx/P37.jsonl
124790,The official language of Cologny is [MASK] .,French,synth_Language/TREx/P37.jsonl
124807,The official language of San Marino is [MASK] .,Italian,synth_Language/TREx/P37.jsonl
125145,The official language of Guernsey is [MASK] .,English,synth_Language/TREx/P37.jsonl
125164,The official language of Merikarvia is [MASK] .,Finnish,synth_Language/TREx/P37.jsonl
125168,The official language of Ligornetto is [MASK] .,Italian,synth_Language/TREx/P37.jsonl
125177,The official language of First Czechoslovak Republic is [MASK] .,Slovak,synth_Language/TREx/P37.jsonl
125211,The official language of Dominica is [MASK] .,English,synth_Language/TREx/P37.jsonl
125215,The official language of Faido is [MASK] .,Italian,synth_Language/TREx/P37.jsonl
125222,The official language of Kingdom of Tavolara is [MASK] .,Italian,synth_Language/TREx/P37.jsonl
125223,The official language of International Atomic Energy Agency is [MASK] .,Russian,synth_Language/TREx/P37.jsonl
125226,The official language of Guatemala is [MASK] .,Spanish,synth_Language/TREx/P37.jsonl
125386,The official language of Belarus is [MASK] .,Russian,synth_Language/TREx/P37.jsonl
126771,The official language of South Carolina is [MASK] .,English,synth_Language/TREx/P37.jsonl
126780,The official language of Saint Vincent and the Grenadines is [MASK] .,English,synth_Language/TREx/P37.jsonl
126781,The official language of Aigle is [MASK] .,French,synth_Language/TREx/P37.jsonl
126821,The official language of Timurid Empire is [MASK] .,Persian,synth_Language/TREx/P37.jsonl
126840,The official language of Nicaragua is [MASK] .,Spanish,synth_Language/TREx/P37.jsonl
126983,The official language of Cebu is [MASK] .,Filipino,synth_Language/TREx/P37.jsonl
126995,The official language of Serbia is [MASK] .,Serbian,synth_Language/TREx/P37.jsonl
130160,The official language of Ulvila is [MASK] .,Finnish,synth_Language/TREx/P37.jsonl
130164,The official language of Faroe Islands is [MASK] .,Danish,synth_Language/TREx/P37.jsonl
130282,The official language of Iceland is [MASK] .,Icelandic,synth_Language/TREx/P37.jsonl
130921,The official language of Lemland is [MASK] .,Swedish,synth_Language/TREx/P37.jsonl
130923,The official language of Karlskoga Municipality is [MASK] .,Swedish,synth_Language/TREx/P37.jsonl
130924,The official language of Stockholm Municipality is [MASK] .,Swedish,synth_Language/TREx/P37.jsonl
131023,The official language of Korsholm is [MASK] .,Swedish,synth_Language/TREx/P37.jsonl
131024,The official language of Karkkila is [MASK] .,Finnish,synth_Language/TREx/P37.jsonl
131026,The official language of Eskilstuna Municipality is [MASK] .,Swedish,synth_Language/TREx/P37.jsonl
131027,The official language of Vichy France is [MASK] .,French,synth_Language/TREx/P37.jsonl
131099,The official language of Somero is [MASK] .,Finnish,synth_Language/TREx/P37.jsonl
131111,The official language of Muonio is [MASK] .,Finnish,synth_Language/TREx/P37.jsonl
131113,The official language of Hankasalmi is [MASK] .,Finnish,synth_Language/TREx/P37.jsonl
131114,The official language of Ilmajoki is [MASK] .,Finnish,synth_Language/TREx/P37.jsonl
131121,"The official language of Pervomaysky District, Yaroslavl Oblast is [MASK] .",Russian,synth_Language/TREx/P37.jsonl
131131,The official language of Serbian Orthodox Church is [MASK] .,Serbian,synth_Language/TREx/P37.jsonl
131388,The official language of Hong Kong is [MASK] .,English,synth_Language/TREx/P37.jsonl
131697,The official language of Sui dynasty is [MASK] .,Chinese,synth_Language/TREx/P37.jsonl
131778,The official language of Democratic Kampuchea is [MASK] .,Khmer,synth_Language/TREx/P37.jsonl
131781,The official language of Biasca is [MASK] .,Italian,synth_Language/TREx/P37.jsonl
131782,The official language of Bolama is [MASK] .,Portuguese,synth_Language/TREx/P37.jsonl
131830,The official language of Aracena is [MASK] .,Spanish,synth_Language/TREx/P37.jsonl
131834,The official language of New Jersey is [MASK] .,English,synth_Language/TREx/P37.jsonl
131862,The official language of Namibia is [MASK] .,English,synth_Language/TREx/P37.jsonl
131968,The official language of Economic Community of West African States is [MASK] .,French,synth_Language/TREx/P37.jsonl
131983,The official language of Chiasso is [MASK] .,Italian,synth_Language/TREx/P37.jsonl
132003,The official language of Prilly is [MASK] .,French,synth_Language/TREx/P37.jsonl
132004,The official language of history of Limousin is [MASK] .,French,synth_Language/TREx/P37.jsonl
132008,The official language of Bangladesh is [MASK] .,Bengali,synth_Language/TREx/P37.jsonl
133729,The official language of Lamone is [MASK] .,Italian,synth_Language/TREx/P37.jsonl
133730,The official language of Central Visayas is [MASK] .,Filipino,synth_Language/TREx/P37.jsonl
133732,The official language of Ranua is [MASK] .,Finnish,synth_Language/TREx/P37.jsonl
133734,The official language of Andorra is [MASK] .,Catalan,synth_Language/TREx/P37.jsonl
133827,The official language of Trinidad and Tobago is [MASK] .,English,synth_Language/TREx/P37.jsonl
133844,The official language of Kamchatka Krai is [MASK] .,Russian,synth_Language/TREx/P37.jsonl
133887,The official language of Blonay is [MASK] .,French,synth_Language/TREx/P37.jsonl
133890,The official language of Ronco sopra Ascona is [MASK] .,Italian,synth_Language/TREx/P37.jsonl
133891,The official language of Germany is [MASK] .,Germanic,synth_Language/TREx/P37.jsonl
133981,The official language of Lausanne is [MASK] .,French,synth_Language/TREx/P37.jsonl
134025,The official language of Botswana is [MASK] .,English,synth_Language/TREx/P37.jsonl
134048,The official language of Iitti is [MASK] .,Finnish,synth_Language/TREx/P37.jsonl
134057,The official language of Moscow Mathematical Society is [MASK] .,Russian,synth_Language/TREx/P37.jsonl
134060,The official language of Stavropol Krai is [MASK] .,Russian,synth_Language/TREx/P37.jsonl
134147,The official language of Central African Republic is [MASK] .,French,synth_Language/TREx/P37.jsonl
134235,The official language of Kingdom of Asturias is [MASK] .,Latin,synth_Language/TREx/P37.jsonl
134236,The official language of Gagauzia is [MASK] .,Russian,synth_Language/TREx/P37.jsonl
134257,The official language of NATO is [MASK] .,English,synth_Language/TREx/P37.jsonl
134271,The official language of Tolyatti is [MASK] .,Russian,synth_Language/TREx/P37.jsonl
134337,The official language of Kingdom of Mercia is [MASK] .,Latin,synth_Language/TREx/P37.jsonl
134338,The official language of Utah is [MASK] .,English,synth_Language/TREx/P37.jsonl
134347,The official language of South African Republic is [MASK] .,Dutch,synth_Language/TREx/P37.jsonl
134370,The official language of Dundee is [MASK] .,Scottish,synth_Language/TREx/P37.jsonl
134395,The official language of Kouvola is [MASK] .,Finnish,synth_Language/TREx/P37.jsonl
134429,The official language of Janakkala is [MASK] .,Finnish,synth_Language/TREx/P37.jsonl
134430,The official language of Krasnodar Krai is [MASK] .,Russian,synth_Language/TREx/P37.jsonl
134644,The official language of Shakhunya is [MASK] .,Russian,synth_Language/TREx/P37.jsonl
134646,The official language of Togo is [MASK] .,French,synth_Language/TREx/P37.jsonl
134707,The official language of Zambia is [MASK] .,English,synth_Language/TREx/P37.jsonl
134719,The official language of Liberia is [MASK] .,English,synth_Language/TREx/P37.jsonl
134725,The official language of Prince Edward Island is [MASK] .,English,synth_Language/TREx/P37.jsonl
135249,The official language of Malawi is [MASK] .,English,synth_Language/TREx/P37.jsonl
135260,The official language of Palestinian territories is [MASK] .,Hebrew,synth_Language/TREx/P37.jsonl
135287,The official language of Haukipudas is [MASK] .,Finnish,synth_Language/TREx/P37.jsonl
135292,The official language of Stockholm County Council is [MASK] .,Swedish,synth_Language/TREx/P37.jsonl
135293,The official language of Turku is [MASK] .,Finnish,synth_Language/TREx/P37.jsonl
135537,The official language of International Olympic Committee is [MASK] .,French,synth_Language/TREx/P37.jsonl
135563,The official language of Arvidsjaur Municipality is [MASK] .,Swedish,synth_Language/TREx/P37.jsonl
135565,The official language of Flemish Community is [MASK] .,Dutch,synth_Language/TREx/P37.jsonl
135606,The official language of Angola is [MASK] .,Portuguese,synth_Language/TREx/P37.jsonl
135887,The official language of Suomenniemi is [MASK] .,Finnish,synth_Language/TREx/P37.jsonl
135888,The official language of Bermuda is [MASK] .,English,synth_Language/TREx/P37.jsonl
135913,The official language of Bedano is [MASK] .,Italian,synth_Language/TREx/P37.jsonl
135914,The official language of Formentera is [MASK] .,Catalan,synth_Language/TREx/P37.jsonl
135923,The official language of Bonaire is [MASK] .,Dutch,synth_Language/TREx/P37.jsonl
135955,The official language of Sudan is [MASK] .,English,synth_Language/TREx/P37.jsonl
135982,The official language of Soviet Union is [MASK] .,Russian,synth_Language/TREx/P37.jsonl
145343,The official language of Aruba is [MASK] .,Dutch,synth_Language/TREx/P37.jsonl
145405,The official language of Somalia is [MASK] .,Somali,synth_Language/TREx/P37.jsonl
145467,The official language of Hirvensalmi is [MASK] .,Finnish,synth_Language/TREx/P37.jsonl
145468,The official language of Pajala Municipality is [MASK] .,Finnish,synth_Language/TREx/P37.jsonl
145471,The official language of Oulainen is [MASK] .,Finnish,synth_Language/TREx/P37.jsonl
145510,The official language of Karachay-Cherkess Republic is [MASK] .,Russian,synth_Language/TREx/P37.jsonl
145886,The official language of Kokkola is [MASK] .,Swedish,synth_Language/TREx/P37.jsonl
145895,The official language of Morges is [MASK] .,French,synth_Language/TREx/P37.jsonl
145896,The official language of Arizona is [MASK] .,English,synth_Language/TREx/P37.jsonl
145922,The official language of Qazvin Province is [MASK] .,Azerbaijani,synth_Language/TREx/P37.jsonl
145924,The official language of Mongolia is [MASK] .,Mongolian,synth_Language/TREx/P37.jsonl
146278,The official language of Sierra Leone is [MASK] .,English,synth_Language/TREx/P37.jsonl
146318,The official language of Paraguay is [MASK] .,Spanish,synth_Language/TREx/P37.jsonl
146447,The official language of Republic of Bashkortostan is [MASK] .,Russian,synth_Language/TREx/P37.jsonl
146757,The official language of Indonesia is [MASK] .,Indonesian,synth_Language/TREx/P37.jsonl
147375,The official language of Monaco is [MASK] .,French,synth_Language/TREx/P37.jsonl
147591,The official language of Zabaykalsky Krai is [MASK] .,Russian,synth_Language/TREx/P37.jsonl
147671,The official language of Northern Mariana Islands is [MASK] .,English,synth_Language/TREx/P37.jsonl
147673,The official language of Neklinovsky District is [MASK] .,Russian,synth_Language/TREx/P37.jsonl
147676,The official language of Azerbaijan is [MASK] .,Azerbaijani,synth_Language/TREx/P37.jsonl
148045,The official language of Canton of Vaud is [MASK] .,French,synth_Language/TREx/P37.jsonl
148304,The official language of Keuruu is [MASK] .,Finnish,synth_Language/TREx/P37.jsonl
148305,The official language of Yverdon-les-Bains is [MASK] .,French,synth_Language/TREx/P37.jsonl
148312,The official language of Chennai is [MASK] .,Tamil,synth_Language/TREx/P37.jsonl
148483,The official language of Fiji is [MASK] .,English,synth_Language/TREx/P37.jsonl
150345,The official language of Mongolian People's Republic is [MASK] .,Mongolian,synth_Language/TREx/P37.jsonl
150480,The official language of Dasht-e Azadegan County is [MASK] .,Persian,synth_Language/TREx/P37.jsonl
150491,The official language of Thiruvananthapuram is [MASK] .,Malayalam,synth_Language/TREx/P37.jsonl
150513,The official language of Trosa Municipality is [MASK] .,Finnish,synth_Language/TREx/P37.jsonl
150525,The official language of Zaire is [MASK] .,French,synth_Language/TREx/P37.jsonl
150558,The official language of Northern Ireland is [MASK] .,English,synth_Language/TREx/P37.jsonl
150622,The official language of Mali is [MASK] .,French,synth_Language/TREx/P37.jsonl
150762,The official language of Saint Kitts and Nevis is [MASK] .,English,synth_Language/TREx/P37.jsonl
150763,The official language of Vacallo is [MASK] .,Italian,synth_Language/TREx/P37.jsonl
150934,The official language of Tuusula is [MASK] .,Finnish,synth_Language/TREx/P37.jsonl
150974,The official language of Canton of Jura is [MASK] .,French,synth_Language/TREx/P37.jsonl
151003,The official language of Lampung is [MASK] .,Indonesian,synth_Language/TREx/P37.jsonl
151032,The official language of Albania is [MASK] .,Albanian,synth_Language/TREx/P37.jsonl
151611,The official language of Ilomantsi is [MASK] .,Finnish,synth_Language/TREx/P37.jsonl
151616,The official language of Iisalmi is [MASK] .,Finnish,synth_Language/TREx/P37.jsonl
151626,The official language of Lutry is [MASK] .,French,synth_Language/TREx/P37.jsonl
151627,The official language of Nokia is [MASK] .,Finnish,synth_Language/TREx/P37.jsonl
151631,The official language of Pully is [MASK] .,French,synth_Language/TREx/P37.jsonl
151636,The official language of Cyprus is [MASK] .,Turkish,synth_Language/TREx/P37.jsonl
151844,The official language of Latvia is [MASK] .,Latvian,synth_Language/TREx/P37.jsonl
152409,The official language of Commonwealth of Independent States is [MASK] .,Russian,synth_Language/TREx/P37.jsonl
152547,The official language of Spanish Texas is [MASK] .,Spanish,synth_Language/TREx/P37.jsonl
152555,The official language of Orbe is [MASK] .,French,synth_Language/TREx/P37.jsonl
152556,The official language of Reichskommissariat Moskowien is [MASK] .,Russian,synth_Language/TREx/P37.jsonl
152557,The official language of Saint Pierre and Miquelon is [MASK] .,French,synth_Language/TREx/P37.jsonl
152661,The official language of Bhopal is [MASK] .,Hindi,synth_Language/TREx/P37.jsonl
152678,The official language of Armenia is [MASK] .,Armenian,synth_Language/TREx/P37.jsonl
154340,The official language of Western Cape is [MASK] .,English,synth_Language/TREx/P37.jsonl
154353,The official language of Kingdom of Bulgaria is [MASK] .,Bulgarian,synth_Language/TREx/P37.jsonl
154358,The official language of Gabon is [MASK] .,French,synth_Language/TREx/P37.jsonl
154433,The official language of Puerto Rico is [MASK] .,Spanish,synth_Language/TREx/P37.jsonl
154970,The official language of Thrissur is [MASK] .,Malayalam,synth_Language/TREx/P37.jsonl
154981,The official language of Bulgarian Orthodox Church is [MASK] .,Bulgarian,synth_Language/TREx/P37.jsonl
155008,The official language of Tuvalu is [MASK] .,English,synth_Language/TREx/P37.jsonl
155014,The official language of Iowa is [MASK] .,English,synth_Language/TREx/P37.jsonl
158645,The official language of Georgian Orthodox Church is [MASK] .,Georgian,synth_Language/TREx/P37.jsonl
158719,The official language of Guam is [MASK] .,English,synth_Language/TREx/P37.jsonl
158949,The official language of Benin is [MASK] .,French,synth_Language/TREx/P37.jsonl
159105,The official language of Florida is [MASK] .,English,synth_Language/TREx/P37.jsonl
159137,The official language of Virginia is [MASK] .,English,synth_Language/TREx/P37.jsonl
159196,The official language of Joensuu is [MASK] .,Finnish,synth_Language/TREx/P37.jsonl
159224,The official language of Uppsala Municipality is [MASK] .,Swedish,synth_Language/TREx/P37.jsonl
159247,The official language of Antigua and Barbuda is [MASK] .,English,synth_Language/TREx/P37.jsonl
159252,The official language of L'Isle is [MASK] .,French,synth_Language/TREx/P37.jsonl
160808,The official language of Nepali literature is [MASK] .,Nepali,synth_Language/TREx/P37.jsonl
160821,The official language of Suomussalmi is [MASK] .,Finnish,synth_Language/TREx/P37.jsonl
160826,The official language of Independent State of Croatia is [MASK] .,Croatian,synth_Language/TREx/P37.jsonl
161417,The official language of Petrozavodsk is [MASK] .,Russian,synth_Language/TREx/P37.jsonl
161464,The official language of Hanko is [MASK] .,Swedish,synth_Language/TREx/P37.jsonl
161474,The official language of Chukotka Autonomous Okrug is [MASK] .,Russian,synth_Language/TREx/P37.jsonl
161556,The official language of Pays de la Loire is [MASK] .,Breton,synth_Language/TREx/P37.jsonl
161563,The official language of Ruokolahti is [MASK] .,Finnish,synth_Language/TREx/P37.jsonl
161575,The official language of Upplands-Bro Municipality is [MASK] .,Swedish,synth_Language/TREx/P37.jsonl
161576,The official language of Naantali is [MASK] .,Finnish,synth_Language/TREx/P37.jsonl
161581,The official language of Kurikka is [MASK] .,Finnish,synth_Language/TREx/P37.jsonl
161605,The official language of Amravati district is [MASK] .,Marathi,synth_Language/TREx/P37.jsonl
161609,The official language of Lemi is [MASK] .,Finnish,synth_Language/TREx/P37.jsonl
161692,The official language of Norfolk Island is [MASK] .,English,synth_Language/TREx/P37.jsonl
161698,The official language of Scotland is [MASK] .,English,synth_Language/TREx/P37.jsonl
162046,The official language of Cuba is [MASK] .,Spanish,synth_Language/TREx/P37.jsonl
162444,The official language of Federated States of Micronesia is [MASK] .,English,synth_Language/TREx/P37.jsonl
162445,The official language of Perm Krai is [MASK] .,Russian,synth_Language/TREx/P37.jsonl
162765,The official language of Pomarkku is [MASK] .,Finnish,synth_Language/TREx/P37.jsonl
162766,The official language of Bulgaria is [MASK] .,Bulgarian,synth_Language/TREx/P37.jsonl
167242,The official language of Raisio is [MASK] .,Finnish,synth_Language/TREx/P37.jsonl
167245,The official language of Payerne is [MASK] .,French,synth_Language/TREx/P37.jsonl
167246,The official language of Illinois is [MASK] .,English,synth_Language/TREx/P37.jsonl
167479,The official language of Perroy is [MASK] .,French,synth_Language/TREx/P37.jsonl
167481,The official language of Arjeplog Municipality is [MASK] .,Swedish,synth_Language/TREx/P37.jsonl
167492,The official language of North Sumatra is [MASK] .,Indonesian,synth_Language/TREx/P37.jsonl
167586,The official language of Eurajoki is [MASK] .,Finnish,synth_Language/TREx/P37.jsonl
167588,The official language of Liminka is [MASK] .,Finnish,synth_Language/TREx/P37.jsonl
167599,The official language of British Hong Kong is [MASK] .,Chinese,synth_Language/TREx/P37.jsonl
167645,The official language of Republic of Florence is [MASK] .,Latin,synth_Language/TREx/P37.jsonl
167648,The official language of Tennessee is [MASK] .,English,synth_Language/TREx/P37.jsonl
167658,The official language of Uusikaupunki is [MASK] .,Finnish,synth_Language/TREx/P37.jsonl
167948,The official language of Andhra Pradesh is [MASK] .,Telugu,synth_Language/TREx/P37.jsonl
168207,The official language of Orange Free State is [MASK] .,Dutch,synth_Language/TREx/P37.jsonl
168261,The official language of Imatra is [MASK] .,Finnish,synth_Language/TREx/P37.jsonl
168270,The official language of Nakkila is [MASK] .,Finnish,synth_Language/TREx/P37.jsonl
168271,The official language of Canary Islands is [MASK] .,Spanish,synth_Language/TREx/P37.jsonl
168461,The official language of Republic of Mordovia is [MASK] .,Russian,synth_Language/TREx/P37.jsonl
168771,The official language of Altai Republic is [MASK] .,Russian,synth_Language/TREx/P37.jsonl
168826,The official language of Costa Rica is [MASK] .,Spanish,synth_Language/TREx/P37.jsonl
168990,The official language of Paimio is [MASK] .,Finnish,synth_Language/TREx/P37.jsonl
168992,The official language of Kitee is [MASK] .,Finnish,synth_Language/TREx/P37.jsonl
169002,The official language of International Criminal Court is [MASK] .,French,synth_Language/TREx/P37.jsonl
169003,The official language of Pori is [MASK] .,Finnish,synth_Language/TREx/P37.jsonl
169172,The official language of Kashubia is [MASK] .,Polish,synth_Language/TREx/P37.jsonl
169174,The official language of Paris Commune is [MASK] .,French,synth_Language/TREx/P37.jsonl
169193,The official language of Venezuela is [MASK] .,Spanish,synth_Language/TREx/P37.jsonl
169537,The official language of Siikajoki is [MASK] .,Finnish,synth_Language/TREx/P37.jsonl
169540,The official language of Marshall Islands is [MASK] .,English,synth_Language/TREx/P37.jsonl
169542,The official language of Republic of Karelia is [MASK] .,Russian,synth_Language/TREx/P37.jsonl
169689,The official language of Kiiminki is [MASK] .,Finnish,synth_Language/TREx/P37.jsonl
169701,The official language of Snezhinsk is [MASK] .,Russian,synth_Language/TREx/P37.jsonl
169762,The official language of Slovakia is [MASK] .,Slovak,synth_Language/TREx/P37.jsonl
169937,The official language of Haryana is [MASK] .,Hindi,synth_Language/TREx/P37.jsonl
170063,The official language of Humppila is [MASK] .,Finnish,synth_Language/TREx/P37.jsonl
170686,The official language of Cape Verde is [MASK] .,Portuguese,synth_Language/TREx/P37.jsonl
170817,The official language of Shimla is [MASK] .,Hindi,synth_Language/TREx/P37.jsonl
170820,The official language of Outokumpu is [MASK] .,Finnish,synth_Language/TREx/P37.jsonl
170821,The official language of Khorasan Province is [MASK] .,Persian,synth_Language/TREx/P37.jsonl
170935,The official language of Kemi is [MASK] .,Finnish,synth_Language/TREx/P37.jsonl
170953,The official language of Oklahoma is [MASK] .,English,synth_Language/TREx/P37.jsonl
170960,The official language of Surahammar Municipality is [MASK] .,Swedish,synth_Language/TREx/P37.jsonl
170963,The official language of Ukraine is [MASK] .,Ukrainian,synth_Language/TREx/P37.jsonl
175240,The official language of Cook Islands is [MASK] .,English,synth_Language/TREx/P37.jsonl
175323,The official language of Tanzania is [MASK] .,English,synth_Language/TREx/P37.jsonl
175344,The official language of Turkmenistan is [MASK] .,Russian,synth_Language/TREx/P37.jsonl
175437,The official language of Somaliland is [MASK] .,Somali,synth_Language/TREx/P37.jsonl
175539,The official language of Khabarovsk Krai is [MASK] .,Russian,synth_Language/TREx/P37.jsonl
175624,The official language of Uddevalla Municipality is [MASK] .,Swedish,synth_Language/TREx/P37.jsonl
175627,The official language of Lahti is [MASK] .,Finnish,synth_Language/TREx/P37.jsonl
175683,The official language of Alicante is [MASK] .,Spanish,synth_Language/TREx/P37.jsonl
175742,The official language of Parkano is [MASK] .,Finnish,synth_Language/TREx/P37.jsonl
175745,The official language of Kuhmoinen is [MASK] .,Finnish,synth_Language/TREx/P37.jsonl
176489,The official language of Laos is [MASK] .,Lao,synth_Language/TREx/P37.jsonl
176579,The official language of Masku is [MASK] .,Finnish,synth_Language/TREx/P37.jsonl
176584,The official language of Republic of Ingushetia is [MASK] .,Russian,synth_Language/TREx/P37.jsonl
