,sent,gold,filename
2,A las Barricadas was written in [MASK] .,Spanish,synth_Language/TREx/P407.jsonl
3,The Vampyre was written in [MASK] .,English,synth_Language/TREx/P407.jsonl
6,Low-Life was written in [MASK] .,English,synth_Language/TREx/P407.jsonl
8,Tom Pillibi was written in [MASK] .,French,synth_Language/TREx/P407.jsonl
11,Empire was written in [MASK] .,English,synth_Language/TREx/P407.jsonl
12,Introducing Joss Stone was written in [MASK] .,English,synth_Language/TREx/P407.jsonl
16,Young Foolish Happy was written in [MASK] .,English,synth_Language/TREx/P407.jsonl
20,Branwen was written in [MASK] .,Welsh,synth_Language/TREx/P407.jsonl
23,Politika was written in [MASK] .,Serbian,synth_Language/TREx/P407.jsonl
37,Mlada was written in [MASK] .,Russian,synth_Language/TREx/P407.jsonl
45,Econometrica was written in [MASK] .,English,synth_Language/TREx/P407.jsonl
50,COM LAG was written in [MASK] .,English,synth_Language/TREx/P407.jsonl
52,Kickstarter was written in [MASK] .,English,synth_Language/TREx/P407.jsonl
55,Meddle was written in [MASK] .,English,synth_Language/TREx/P407.jsonl
59,Abacab was written in [MASK] .,English,synth_Language/TREx/P407.jsonl
61,The Atlantic was written in [MASK] .,English,synth_Language/TREx/P407.jsonl
73,A Broken Frame was written in [MASK] .,English,synth_Language/TREx/P407.jsonl
74,Lenta.ru was written in [MASK] .,Russian,synth_Language/TREx/P407.jsonl
86,Bryter Layter was written in [MASK] .,English,synth_Language/TREx/P407.jsonl
87,Planeta Bur was written in [MASK] .,Russian,synth_Language/TREx/P407.jsonl
90,Hip Hop Is Dead was written in [MASK] .,English,synth_Language/TREx/P407.jsonl
91,Znamya was written in [MASK] .,Russian,synth_Language/TREx/P407.jsonl
108,Raw Power was written in [MASK] .,English,synth_Language/TREx/P407.jsonl
111,Let It Be was written in [MASK] .,English,synth_Language/TREx/P407.jsonl
119,Metal Hammer was written in [MASK] .,English,synth_Language/TREx/P407.jsonl
121,Russian Science Citation Index was written in [MASK] .,Russian,synth_Language/TREx/P407.jsonl
123,Physical Graffiti was written in [MASK] .,English,synth_Language/TREx/P407.jsonl
138,L'Univers was written in [MASK] .,French,synth_Language/TREx/P407.jsonl
146,Saveur was written in [MASK] .,English,synth_Language/TREx/P407.jsonl
149,NEWSru was written in [MASK] .,Russian,synth_Language/TREx/P407.jsonl
151,La Libre Belgique was written in [MASK] .,French,synth_Language/TREx/P407.jsonl
156,Pos Allazei O Kairos was written in [MASK] .,Greek,synth_Language/TREx/P407.jsonl
158,Architectural Review was written in [MASK] .,English,synth_Language/TREx/P407.jsonl
162,The Christian Century was written in [MASK] .,English,synth_Language/TREx/P407.jsonl
164,Summerfolk was written in [MASK] .,Russian,synth_Language/TREx/P407.jsonl
166,Paleontological Journal was written in [MASK] .,Russian,synth_Language/TREx/P407.jsonl
170,Face Dances was written in [MASK] .,English,synth_Language/TREx/P407.jsonl
172,Harvard Business Review was written in [MASK] .,English,synth_Language/TREx/P407.jsonl
174,Git was written in [MASK] .,English,synth_Language/TREx/P407.jsonl
175,Redonne-moi was written in [MASK] .,French,synth_Language/TREx/P407.jsonl
177,Gazzetta Chimica Italiana was written in [MASK] .,Italian,synth_Language/TREx/P407.jsonl
180,France Dimanche was written in [MASK] .,French,synth_Language/TREx/P407.jsonl
182,Planet Caravan was written in [MASK] .,English,synth_Language/TREx/P407.jsonl
184,Satyricon was written in [MASK] .,Latin,synth_Language/TREx/P407.jsonl
188,Re! was written in [MASK] .,Greek,synth_Language/TREx/P407.jsonl
190,Haratch was written in [MASK] .,Armenian,synth_Language/TREx/P407.jsonl
198,Rossiyskaya Gazeta was written in [MASK] .,Russian,synth_Language/TREx/P407.jsonl
204,Relayer was written in [MASK] .,English,synth_Language/TREx/P407.jsonl
206,Hey Joe was written in [MASK] .,French,synth_Language/TREx/P407.jsonl
207,Underworld was written in [MASK] .,English,synth_Language/TREx/P407.jsonl
208,Fuck Them All was written in [MASK] .,French,synth_Language/TREx/P407.jsonl
210,Il ballo delle ingrate was written in [MASK] .,Italian,synth_Language/TREx/P407.jsonl
212,WikiPilipinas was written in [MASK] .,English,synth_Language/TREx/P407.jsonl
214,Mera Joota Hai Japani was written in [MASK] .,Hindi,synth_Language/TREx/P407.jsonl
216,Aeneid was written in [MASK] .,Latin,synth_Language/TREx/P407.jsonl
222,Cine Blitz was written in [MASK] .,English,synth_Language/TREx/P407.jsonl
224,Ukrainian News Agency was written in [MASK] .,Ukrainian,synth_Language/TREx/P407.jsonl
229,Heart Beats was written in [MASK] .,English,synth_Language/TREx/P407.jsonl
232,FHM was written in [MASK] .,English,synth_Language/TREx/P407.jsonl
234,R.O.O.T.S. was written in [MASK] .,English,synth_Language/TREx/P407.jsonl
235,L'Intransigeant was written in [MASK] .,French,synth_Language/TREx/P407.jsonl
238,Dissidia Final Fantasy was written in [MASK] .,English,synth_Language/TREx/P407.jsonl
240,Old MacDonald Had a Farm was written in [MASK] .,Italian,synth_Language/TREx/P407.jsonl
241,Pablo Honey was written in [MASK] .,English,synth_Language/TREx/P407.jsonl
243,The Rain Song was written in [MASK] .,English,synth_Language/TREx/P407.jsonl
245,Le Point was written in [MASK] .,French,synth_Language/TREx/P407.jsonl
251,The Next Day was written in [MASK] .,English,synth_Language/TREx/P407.jsonl
258,The Peel Sessions was written in [MASK] .,English,synth_Language/TREx/P407.jsonl
261,Radio France Internationale was written in [MASK] .,Spanish,synth_Language/TREx/P407.jsonl
262,plaza was written in [MASK] .,Spanish,synth_Language/TREx/P407.jsonl
283,Ogdens' Nut Gone Flake was written in [MASK] .,English,synth_Language/TREx/P407.jsonl
285,Can You Feel the Love Tonight was written in [MASK] .,English,synth_Language/TREx/P407.jsonl
295,Uspekhi Fizicheskikh Nauk was written in [MASK] .,Russian,synth_Language/TREx/P407.jsonl
303,Star Trek Into Darkness was written in [MASK] .,English,synth_Language/TREx/P407.jsonl
304,Their Satanic Majesties Request was written in [MASK] .,English,synth_Language/TREx/P407.jsonl
307,La Voz del Interior was written in [MASK] .,Spanish,synth_Language/TREx/P407.jsonl
342,Run Lola Run was written in [MASK] .,English,synth_Language/TREx/P407.jsonl
344,Charlie Hebdo was written in [MASK] .,French,synth_Language/TREx/P407.jsonl
370,Stop Me was written in [MASK] .,English,synth_Language/TREx/P407.jsonl
372,BBC Radio 1 was written in [MASK] .,English,synth_Language/TREx/P407.jsonl
396,The Washington Post was written in [MASK] .,English,synth_Language/TREx/P407.jsonl
407,Masoretic Text was written in [MASK] .,Hebrew,synth_Language/TREx/P407.jsonl
439,Orange Marmalade was written in [MASK] .,Hangul,synth_Language/TREx/P407.jsonl
440,Reggatta de Blanc was written in [MASK] .,English,synth_Language/TREx/P407.jsonl
444,Prabuddha Bharata was written in [MASK] .,English,synth_Language/TREx/P407.jsonl
445,L'Illustration was written in [MASK] .,French,synth_Language/TREx/P407.jsonl
454,Krokodil was written in [MASK] .,Russian,synth_Language/TREx/P407.jsonl
461,Delta Machine was written in [MASK] .,English,synth_Language/TREx/P407.jsonl
467,Isle of Wight was written in [MASK] .,English,synth_Language/TREx/P407.jsonl
468,Bumbarash was written in [MASK] .,Russian,synth_Language/TREx/P407.jsonl
471,Playboy was written in [MASK] .,English,synth_Language/TREx/P407.jsonl
479,Emotional Rescue was written in [MASK] .,English,synth_Language/TREx/P407.jsonl
480,We Can't Dance was written in [MASK] .,English,synth_Language/TREx/P407.jsonl
482,Download.com was written in [MASK] .,English,synth_Language/TREx/P407.jsonl
483,Good Times Bad Times was written in [MASK] .,English,synth_Language/TREx/P407.jsonl
486,New Horizons was written in [MASK] .,English,synth_Language/TREx/P407.jsonl
488,Chairs Missing was written in [MASK] .,English,synth_Language/TREx/P407.jsonl
494,All Things Must Pass was written in [MASK] .,English,synth_Language/TREx/P407.jsonl
513,Human Touch was written in [MASK] .,English,synth_Language/TREx/P407.jsonl
514,Ogoniok was written in [MASK] .,Russian,synth_Language/TREx/P407.jsonl
519,100th Window was written in [MASK] .,English,synth_Language/TREx/P407.jsonl
521,Love Gun was written in [MASK] .,English,synth_Language/TREx/P407.jsonl
522,Aida was written in [MASK] .,Italian,synth_Language/TREx/P407.jsonl
542,Blue Bayou was written in [MASK] .,English,synth_Language/TREx/P407.jsonl
543,Waking Ned was written in [MASK] .,English,synth_Language/TREx/P407.jsonl
546,Annuario Pontificio was written in [MASK] .,Italian,synth_Language/TREx/P407.jsonl
550,On Parole was written in [MASK] .,English,synth_Language/TREx/P407.jsonl
554,Intacto was written in [MASK] .,Spanish,synth_Language/TREx/P407.jsonl
555,American Woman was written in [MASK] .,English,synth_Language/TREx/P407.jsonl
558,A Quick One was written in [MASK] .,English,synth_Language/TREx/P407.jsonl
561,Daily Express was written in [MASK] .,English,synth_Language/TREx/P407.jsonl
576,Young Americans was written in [MASK] .,English,synth_Language/TREx/P407.jsonl
581,Cihan News Agency was written in [MASK] .,Turkish,synth_Language/TREx/P407.jsonl
585,The Who Sell Out was written in [MASK] .,English,synth_Language/TREx/P407.jsonl
590,L'Aurore was written in [MASK] .,French,synth_Language/TREx/P407.jsonl
593,Electronic Earth was written in [MASK] .,English,synth_Language/TREx/P407.jsonl
595,Witching Hour was written in [MASK] .,English,synth_Language/TREx/P407.jsonl
598,Illustrious Corpses was written in [MASK] .,Italian,synth_Language/TREx/P407.jsonl
604,Adrenalize was written in [MASK] .,English,synth_Language/TREx/P407.jsonl
609,Histoire de Melody Nelson was written in [MASK] .,French,synth_Language/TREx/P407.jsonl
613,Goodreads was written in [MASK] .,English,synth_Language/TREx/P407.jsonl
615,Silver Linings Playbook was written in [MASK] .,English,synth_Language/TREx/P407.jsonl
616,Newsweek was written in [MASK] .,English,synth_Language/TREx/P407.jsonl
618,Vanidades was written in [MASK] .,Spanish,synth_Language/TREx/P407.jsonl
624,The Impossible Dream (The Quest) was written in [MASK] .,French,synth_Language/TREx/P407.jsonl
626,The Documentary was written in [MASK] .,English,synth_Language/TREx/P407.jsonl
633,Beggars Banquet was written in [MASK] .,English,synth_Language/TREx/P407.jsonl
637,"Ella, elle l'a was written in [MASK] .",French,synth_Language/TREx/P407.jsonl
639,La Hora was written in [MASK] .,Spanish,synth_Language/TREx/P407.jsonl
642,Vapen & ammunition was written in [MASK] .,Swedish,synth_Language/TREx/P407.jsonl
648,Resta in ascolto was written in [MASK] .,Italian,synth_Language/TREx/P407.jsonl
655,La Cucaracha was written in [MASK] .,Spanish,synth_Language/TREx/P407.jsonl
662,Paris-Soir was written in [MASK] .,French,synth_Language/TREx/P407.jsonl
666,Custard Pie was written in [MASK] .,English,synth_Language/TREx/P407.jsonl
668,The Root was written in [MASK] .,English,synth_Language/TREx/P407.jsonl
675,Chrysalis was written in [MASK] .,English,synth_Language/TREx/P407.jsonl
677,Cumhuriyet was written in [MASK] .,Turkish,synth_Language/TREx/P407.jsonl
705,In Case You Didn't Know was written in [MASK] .,English,synth_Language/TREx/P407.jsonl
710,Grandads-Robbers was written in [MASK] .,Russian,synth_Language/TREx/P407.jsonl
712,Foreign Policy was written in [MASK] .,English,synth_Language/TREx/P407.jsonl
717,The Eternal Idol was written in [MASK] .,English,synth_Language/TREx/P407.jsonl
719,Si la vie est cadeau was written in [MASK] .,French,synth_Language/TREx/P407.jsonl
726,First Blood was written in [MASK] .,English,synth_Language/TREx/P407.jsonl
727,Great Russian Encyclopedia was written in [MASK] .,Russian,synth_Language/TREx/P407.jsonl
736,Brut y Tywysogion was written in [MASK] .,Welsh,synth_Language/TREx/P407.jsonl
754,This Is Hardcore was written in [MASK] .,English,synth_Language/TREx/P407.jsonl
756,The Little Prince was written in [MASK] .,French,synth_Language/TREx/P407.jsonl
772,Abdiel was written in [MASK] .,Hebrew,synth_Language/TREx/P407.jsonl
775,Jugband Blues was written in [MASK] .,English,synth_Language/TREx/P407.jsonl
777,Siri was written in [MASK] .,English,synth_Language/TREx/P407.jsonl
782,Goats Head Soup was written in [MASK] .,English,synth_Language/TREx/P407.jsonl
783,Jokela school shooting was written in [MASK] .,Finnish,synth_Language/TREx/P407.jsonl
786,Moskvityanin was written in [MASK] .,Russian,synth_Language/TREx/P407.jsonl
787,Still Alive was written in [MASK] .,English,synth_Language/TREx/P407.jsonl
788,Danish Wikipedia was written in [MASK] .,Danish,synth_Language/TREx/P407.jsonl
791,Sallah Shabati was written in [MASK] .,Hebrew,synth_Language/TREx/P407.jsonl
793,I'm So Excited was written in [MASK] .,Spanish,synth_Language/TREx/P407.jsonl
795,The Kink Kontroversy was written in [MASK] .,English,synth_Language/TREx/P407.jsonl
797,The Fatal Eggs was written in [MASK] .,Russian,synth_Language/TREx/P407.jsonl
799,Le Monde was written in [MASK] .,French,synth_Language/TREx/P407.jsonl
896,New Musical Express was written in [MASK] .,English,synth_Language/TREx/P407.jsonl
902,Zero Motivation was written in [MASK] .,Hebrew,synth_Language/TREx/P407.jsonl
904,Le Figaro was written in [MASK] .,French,synth_Language/TREx/P407.jsonl
957,Courrier International was written in [MASK] .,French,synth_Language/TREx/P407.jsonl
960,"Goede Tijden, Slechte Tijden was written in [MASK] .",Dutch,synth_Language/TREx/P407.jsonl
975,Bron-Y-Aur Stomp was written in [MASK] .,English,synth_Language/TREx/P407.jsonl
977,My Iron Lung was written in [MASK] .,English,synth_Language/TREx/P407.jsonl
979,TY.O was written in [MASK] .,English,synth_Language/TREx/P407.jsonl
984,La Vie was written in [MASK] .,French,synth_Language/TREx/P407.jsonl
999,France Football was written in [MASK] .,French,synth_Language/TREx/P407.jsonl
1008,New Left Review was written in [MASK] .,English,synth_Language/TREx/P407.jsonl
1010,National Review was written in [MASK] .,English,synth_Language/TREx/P407.jsonl
1012,CGTN Spanish was written in [MASK] .,Spanish,synth_Language/TREx/P407.jsonl
1018,Spiceworld was written in [MASK] .,English,synth_Language/TREx/P407.jsonl
1020,Sesamstraat was written in [MASK] .,Dutch,synth_Language/TREx/P407.jsonl
1036,Den blomstertid nu kommer was written in [MASK] .,Swedish,synth_Language/TREx/P407.jsonl
1039,Weird Tales was written in [MASK] .,English,synth_Language/TREx/P407.jsonl
1040,"Mary, Mary, Quite Contrary was written in [MASK] .",English,synth_Language/TREx/P407.jsonl
1045,Resesi was written in [MASK] .,Indonesian,synth_Language/TREx/P407.jsonl
1047,The Guardian was written in [MASK] .,English,synth_Language/TREx/P407.jsonl
1092,South China Morning Post was written in [MASK] .,English,synth_Language/TREx/P407.jsonl
1094,Charodei was written in [MASK] .,Russian,synth_Language/TREx/P407.jsonl
1096,La Araucana was written in [MASK] .,Spanish,synth_Language/TREx/P407.jsonl
1102,Nice-Matin was written in [MASK] .,French,synth_Language/TREx/P407.jsonl
1104,Powerslave was written in [MASK] .,English,synth_Language/TREx/P407.jsonl
1107,Ecliptica was written in [MASK] .,English,synth_Language/TREx/P407.jsonl
1108,Iparhi Logos was written in [MASK] .,Greek,synth_Language/TREx/P407.jsonl
1114,Croatian Wikipedia was written in [MASK] .,Croatian,synth_Language/TREx/P407.jsonl
1120,New Values was written in [MASK] .,English,synth_Language/TREx/P407.jsonl
1121,Bhadralok was written in [MASK] .,Bengali,synth_Language/TREx/P407.jsonl
1129,Constitution of the Netherlands was written in [MASK] .,Dutch,synth_Language/TREx/P407.jsonl
1131,The Argument was written in [MASK] .,English,synth_Language/TREx/P407.jsonl
1133,Terrorist Threats was written in [MASK] .,English,synth_Language/TREx/P407.jsonl
1134,Cross Purposes was written in [MASK] .,English,synth_Language/TREx/P407.jsonl
1136,Handes Amsorya was written in [MASK] .,Armenian,synth_Language/TREx/P407.jsonl
1137,Le Quotidien de Paris was written in [MASK] .,French,synth_Language/TREx/P407.jsonl
1141,Road & Track was written in [MASK] .,English,synth_Language/TREx/P407.jsonl
1142,Since I've Been Loving You was written in [MASK] .,English,synth_Language/TREx/P407.jsonl
1144,Pink Flag was written in [MASK] .,English,synth_Language/TREx/P407.jsonl
1146,Greek name was written in [MASK] .,Greek,synth_Language/TREx/P407.jsonl
1280,Bonamana was written in [MASK] .,Hangul,synth_Language/TREx/P407.jsonl
1282,The 9th Company was written in [MASK] .,Russian,synth_Language/TREx/P407.jsonl
1295,Russkaya mysl was written in [MASK] .,Russian,synth_Language/TREx/P407.jsonl
1297,Renren was written in [MASK] .,Chinese,synth_Language/TREx/P407.jsonl
1305,Ummagumma was written in [MASK] .,English,synth_Language/TREx/P407.jsonl
1307,Urdu Wikipedia was written in [MASK] .,Urdu,synth_Language/TREx/P407.jsonl
1320,Les Chansones Populaires was written in [MASK] .,Serbian,synth_Language/TREx/P407.jsonl
1322,Ola Kala was written in [MASK] .,English,synth_Language/TREx/P407.jsonl
1332,Udbodhan was written in [MASK] .,Bengali,synth_Language/TREx/P407.jsonl
1341,The Muffin Man was written in [MASK] .,English,synth_Language/TREx/P407.jsonl
1343,The Beatles in Mono was written in [MASK] .,English,synth_Language/TREx/P407.jsonl
1345,Black Bread was written in [MASK] .,Spanish,synth_Language/TREx/P407.jsonl
1349,Led Zeppelin III was written in [MASK] .,English,synth_Language/TREx/P407.jsonl
1360,Spanish treasure fleet was written in [MASK] .,Dutch,synth_Language/TREx/P407.jsonl
1363,Turner & Hooch was written in [MASK] .,English,synth_Language/TREx/P407.jsonl
1364,La Revue du vin de France was written in [MASK] .,French,synth_Language/TREx/P407.jsonl
1369,Sophisticated Beggar was written in [MASK] .,English,synth_Language/TREx/P407.jsonl
1371,Biblioteka Dlya Chteniya was written in [MASK] .,Russian,synth_Language/TREx/P407.jsonl
1375,Exame was written in [MASK] .,Portuguese,synth_Language/TREx/P407.jsonl
1376,Haaretz was written in [MASK] .,English,synth_Language/TREx/P407.jsonl
1379,Treaty of Utrecht was written in [MASK] .,English,synth_Language/TREx/P407.jsonl
1383,Simbolul was written in [MASK] .,Romanian,synth_Language/TREx/P407.jsonl
1387,Myfanwy was written in [MASK] .,Welsh,synth_Language/TREx/P407.jsonl
1392,The Seagull was written in [MASK] .,Russian,synth_Language/TREx/P407.jsonl
1398,QS World University Rankings was written in [MASK] .,English,synth_Language/TREx/P407.jsonl
1400,Arutz Sheva was written in [MASK] .,Hebrew,synth_Language/TREx/P407.jsonl
1402,Pourvu qu'elles soient douces was written in [MASK] .,French,synth_Language/TREx/P407.jsonl
1404,The Garin Death Ray was written in [MASK] .,Russian,synth_Language/TREx/P407.jsonl
1408,La Revista Blanca was written in [MASK] .,Spanish,synth_Language/TREx/P407.jsonl
1409,Vogue Italia was written in [MASK] .,Italian,synth_Language/TREx/P407.jsonl
1468,Jurassic Park was written in [MASK] .,English,synth_Language/TREx/P407.jsonl
1473,Mgronline was written in [MASK] .,Thai,synth_Language/TREx/P407.jsonl
1477,Latvian name was written in [MASK] .,Latvian,synth_Language/TREx/P407.jsonl
1478,Hullabaloo Soundtrack was written in [MASK] .,English,synth_Language/TREx/P407.jsonl
1489,All My Loving was written in [MASK] .,English,synth_Language/TREx/P407.jsonl
1491,Kannada Wikipedia was written in [MASK] .,Kannada,synth_Language/TREx/P407.jsonl
1494,...Famous Last Words... was written in [MASK] .,English,synth_Language/TREx/P407.jsonl
1496,Sick Again was written in [MASK] .,English,synth_Language/TREx/P407.jsonl
1498,Invisible Touch was written in [MASK] .,English,synth_Language/TREx/P407.jsonl
1501,Pulp Fiction was written in [MASK] .,English,synth_Language/TREx/P407.jsonl
1502,Deep Purple In Rock was written in [MASK] .,English,synth_Language/TREx/P407.jsonl
1504,Sonic Adventure was written in [MASK] .,English,synth_Language/TREx/P407.jsonl
1506,Debka.com was written in [MASK] .,Hebrew,synth_Language/TREx/P407.jsonl
1508,Vox Media was written in [MASK] .,English,synth_Language/TREx/P407.jsonl
1510,Rockdelux was written in [MASK] .,Spanish,synth_Language/TREx/P407.jsonl
1514,Wilhelmus was written in [MASK] .,Dutch,synth_Language/TREx/P407.jsonl
1565,Bergens Tidende was written in [MASK] .,Norwegian,synth_Language/TREx/P407.jsonl
1566,The Ideal Copy was written in [MASK] .,English,synth_Language/TREx/P407.jsonl
1571,Swedish Wikipedia was written in [MASK] .,Swedish,synth_Language/TREx/P407.jsonl
1577,Led Zeppelin Boxed Set was written in [MASK] .,English,synth_Language/TREx/P407.jsonl
1585,The Irrawaddy was written in [MASK] .,English,synth_Language/TREx/P407.jsonl
1600,Polish Wikipedia was written in [MASK] .,Polish,synth_Language/TREx/P407.jsonl
1603,Sabbath Bloody Sabbath was written in [MASK] .,English,synth_Language/TREx/P407.jsonl
1605,Girl Who Got Away was written in [MASK] .,English,synth_Language/TREx/P407.jsonl
1607,Mas Canciones was written in [MASK] .,Spanish,synth_Language/TREx/P407.jsonl
1610,Rogalands Avis was written in [MASK] .,Norwegian,synth_Language/TREx/P407.jsonl
1611,Five Leaves Left was written in [MASK] .,English,synth_Language/TREx/P407.jsonl
1614,Vokrug sveta was written in [MASK] .,Russian,synth_Language/TREx/P407.jsonl
1618,Tattoo You was written in [MASK] .,English,synth_Language/TREx/P407.jsonl
1619,Estonian Wikipedia was written in [MASK] .,Estonian,synth_Language/TREx/P407.jsonl
1621,Bangkok Post was written in [MASK] .,English,synth_Language/TREx/P407.jsonl
1623,HuffPost was written in [MASK] .,English,synth_Language/TREx/P407.jsonl
1629,Dwynwen was written in [MASK] .,Welsh,synth_Language/TREx/P407.jsonl
1638,The Province was written in [MASK] .,English,synth_Language/TREx/P407.jsonl
1643,Abbey Road was written in [MASK] .,English,synth_Language/TREx/P407.jsonl
1645,Super Smash Bros. Melee was written in [MASK] .,French,synth_Language/TREx/P407.jsonl
1646,Concise Oxford English Dictionary was written in [MASK] .,English,synth_Language/TREx/P407.jsonl
1650,De Morgen was written in [MASK] .,Dutch,synth_Language/TREx/P407.jsonl
1658,D'yer Mak'er was written in [MASK] .,English,synth_Language/TREx/P407.jsonl
1660,Tydfil was written in [MASK] .,Welsh,synth_Language/TREx/P407.jsonl
1666,The Sunday Times was written in [MASK] .,English,synth_Language/TREx/P407.jsonl
1684,InStyle was written in [MASK] .,English,synth_Language/TREx/P407.jsonl
1685,wuxia was written in [MASK] .,Chinese,synth_Language/TREx/P407.jsonl
1752,De troubadour was written in [MASK] .,Dutch,synth_Language/TREx/P407.jsonl
1753,Ten Years Gone was written in [MASK] .,English,synth_Language/TREx/P407.jsonl
1755,Red Barked Tree was written in [MASK] .,English,synth_Language/TREx/P407.jsonl
1757,D'elles was written in [MASK] .,French,synth_Language/TREx/P407.jsonl
1765,Madame Figaro was written in [MASK] .,French,synth_Language/TREx/P407.jsonl
1767,Catalan Wikipedia was written in [MASK] .,Catalan,synth_Language/TREx/P407.jsonl
1771,"Strangeways, Here We Come was written in [MASK] .",English,synth_Language/TREx/P407.jsonl
1773,Vietnamese Wikipedia was written in [MASK] .,Vietnamese,synth_Language/TREx/P407.jsonl
1780,Surfer Rosa was written in [MASK] .,Spanish,synth_Language/TREx/P407.jsonl
1782,Rock and Roll Music was written in [MASK] .,English,synth_Language/TREx/P407.jsonl
1783,Genesis Live was written in [MASK] .,English,synth_Language/TREx/P407.jsonl
1785,1 fille & 4 types was written in [MASK] .,French,synth_Language/TREx/P407.jsonl
1789,Private Eye was written in [MASK] .,English,synth_Language/TREx/P407.jsonl
1793,Fitz was written in [MASK] .,Anglo,synth_Language/TREx/P407.jsonl
1794,L'Officiel was written in [MASK] .,French,synth_Language/TREx/P407.jsonl
1802,Free Birds was written in [MASK] .,English,synth_Language/TREx/P407.jsonl
1803,OK Computer was written in [MASK] .,English,synth_Language/TREx/P407.jsonl
1808,Seventh Tree was written in [MASK] .,English,synth_Language/TREx/P407.jsonl
1811,White was written in [MASK] .,English,synth_Language/TREx/P407.jsonl
1812,"Different Gear, Still Speeding was written in [MASK] .",English,synth_Language/TREx/P407.jsonl
1815,Syn og Segn was written in [MASK] .,Norwegian,synth_Language/TREx/P407.jsonl
1817,Paint It Black was written in [MASK] .,English,synth_Language/TREx/P407.jsonl
1825,Definitely Maybe was written in [MASK] .,English,synth_Language/TREx/P407.jsonl
1828,Catalan alphabet was written in [MASK] .,Catalan,synth_Language/TREx/P407.jsonl
1829,2012 Summer Olympics closing ceremony was written in [MASK] .,French,synth_Language/TREx/P407.jsonl
1830,Pinterest was written in [MASK] .,French,synth_Language/TREx/P407.jsonl
1831,Mladina was written in [MASK] .,Slovenian,synth_Language/TREx/P407.jsonl
1837,Don't Forget was written in [MASK] .,English,synth_Language/TREx/P407.jsonl
1839,Dead Souls was written in [MASK] .,Russian,synth_Language/TREx/P407.jsonl
1843,Catholic World was written in [MASK] .,English,synth_Language/TREx/P407.jsonl
1844,Twinkle Twinkle Little Star was written in [MASK] .,English,synth_Language/TREx/P407.jsonl
1846,Teen Voices was written in [MASK] .,English,synth_Language/TREx/P407.jsonl
1847,Henry Fool was written in [MASK] .,English,synth_Language/TREx/P407.jsonl
1848,Henry Thomas Buckle was written in [MASK] .,English,synth_Language/TREx/P407.jsonl
1850,La Cuarta was written in [MASK] .,Spanish,synth_Language/TREx/P407.jsonl
1852,Rickshaw Boy was written in [MASK] .,Chinese,synth_Language/TREx/P407.jsonl
1860,Snow on the Sahara was written in [MASK] .,English,synth_Language/TREx/P407.jsonl
1862,Tempo was written in [MASK] .,Indonesian,synth_Language/TREx/P407.jsonl
1863,Bloodsports was written in [MASK] .,English,synth_Language/TREx/P407.jsonl
1865,Oliver Twist was written in [MASK] .,English,synth_Language/TREx/P407.jsonl
1870,Volga-Volga was written in [MASK] .,Russian,synth_Language/TREx/P407.jsonl
1872,The Japan Times was written in [MASK] .,English,synth_Language/TREx/P407.jsonl
1877,Alice's Adventures in Wonderland was written in [MASK] .,English,synth_Language/TREx/P407.jsonl
1899,Publishers Weekly was written in [MASK] .,English,synth_Language/TREx/P407.jsonl
1907,Viva Hate was written in [MASK] .,English,synth_Language/TREx/P407.jsonl
1909,Rubber Soul was written in [MASK] .,English,synth_Language/TREx/P407.jsonl
1911,Rock Sound was written in [MASK] .,English,synth_Language/TREx/P407.jsonl
1913,C'est dans l'air was written in [MASK] .,French,synth_Language/TREx/P407.jsonl
1915,The Kinks Are the Village Green Preservation Society was written in [MASK] .,English,synth_Language/TREx/P407.jsonl
1923,Northern Bee was written in [MASK] .,Russian,synth_Language/TREx/P407.jsonl
1927,Mi plan was written in [MASK] .,Spanish,synth_Language/TREx/P407.jsonl
1947,Voodoo Lounge was written in [MASK] .,English,synth_Language/TREx/P407.jsonl
1948,Il sole nella pioggia was written in [MASK] .,French,synth_Language/TREx/P407.jsonl
1949,New Statesman was written in [MASK] .,English,synth_Language/TREx/P407.jsonl
1957,Souterliedekens was written in [MASK] .,Dutch,synth_Language/TREx/P407.jsonl
1960,Nella Fantasia was written in [MASK] .,Italian,synth_Language/TREx/P407.jsonl
1966,Panchi was written in [MASK] .,Urdu,synth_Language/TREx/P407.jsonl
1968,Pride and Prejudice was written in [MASK] .,English,synth_Language/TREx/P407.jsonl
1970,IRIB TV3 was written in [MASK] .,Persian,synth_Language/TREx/P407.jsonl
1977,Indelibly Stamped was written in [MASK] .,English,synth_Language/TREx/P407.jsonl
1979,Interfax was written in [MASK] .,Russian,synth_Language/TREx/P407.jsonl
1988,Liege & Lief was written in [MASK] .,English,synth_Language/TREx/P407.jsonl
1993,Odnoklassniki was written in [MASK] .,English,synth_Language/TREx/P407.jsonl
1995,New Traditionalists was written in [MASK] .,English,synth_Language/TREx/P407.jsonl
1998,C'est si bon was written in [MASK] .,French,synth_Language/TREx/P407.jsonl
2001,Whole Lotta Love was written in [MASK] .,English,synth_Language/TREx/P407.jsonl
2003,Como Ama una Mujer was written in [MASK] .,Spanish,synth_Language/TREx/P407.jsonl
2014,Mama Corsica was written in [MASK] .,French,synth_Language/TREx/P407.jsonl
2018,Parvaaz was written in [MASK] .,Urdu,synth_Language/TREx/P407.jsonl
2020,RT America was written in [MASK] .,English,synth_Language/TREx/P407.jsonl
2022,The English Illustrated Magazine was written in [MASK] .,English,synth_Language/TREx/P407.jsonl
2023,Reckoning Night was written in [MASK] .,English,synth_Language/TREx/P407.jsonl
2024,The Soul Cages was written in [MASK] .,English,synth_Language/TREx/P407.jsonl
2025,The Tablet was written in [MASK] .,English,synth_Language/TREx/P407.jsonl
2027,Pichilemu was written in [MASK] .,Spanish,synth_Language/TREx/P407.jsonl
2029,Ligeia was written in [MASK] .,English,synth_Language/TREx/P407.jsonl
2033,The Policeman was written in [MASK] .,Hebrew,synth_Language/TREx/P407.jsonl
2035,The Man Who Planted Trees was written in [MASK] .,French,synth_Language/TREx/P407.jsonl
2041,Colour Me Free! was written in [MASK] .,English,synth_Language/TREx/P407.jsonl
2043,The Lancet was written in [MASK] .,English,synth_Language/TREx/P407.jsonl
2046,Convorbiri Literare was written in [MASK] .,Romanian,synth_Language/TREx/P407.jsonl
2050,"Tzena, Tzena, Tzena was written in [MASK] .",Hebrew,synth_Language/TREx/P407.jsonl
2052,Scratch My Back was written in [MASK] .,English,synth_Language/TREx/P407.jsonl
2054,Inedito was written in [MASK] .,Italian,synth_Language/TREx/P407.jsonl
2064,PC Magazine was written in [MASK] .,English,synth_Language/TREx/P407.jsonl
2065,Earthsea series was written in [MASK] .,English,synth_Language/TREx/P407.jsonl
2066,Nursery Cryme was written in [MASK] .,English,synth_Language/TREx/P407.jsonl
2069,Sina Weibo was written in [MASK] .,Chinese,synth_Language/TREx/P407.jsonl
2105,Kerrang! was written in [MASK] .,English,synth_Language/TREx/P407.jsonl
2106,Taking Chances was written in [MASK] .,English,synth_Language/TREx/P407.jsonl
2110,Science & Vie was written in [MASK] .,French,synth_Language/TREx/P407.jsonl
2113,Immigrant Song was written in [MASK] .,English,synth_Language/TREx/P407.jsonl
2115,Souviens-toi du jour was written in [MASK] .,French,synth_Language/TREx/P407.jsonl
2117,Je te rends ton amour was written in [MASK] .,French,synth_Language/TREx/P407.jsonl
2119,Prachatai was written in [MASK] .,Thai,synth_Language/TREx/P407.jsonl
2125,Zenyatta Mondatta was written in [MASK] .,English,synth_Language/TREx/P407.jsonl
2127,...But Seriously was written in [MASK] .,English,synth_Language/TREx/P407.jsonl
2131,Uncle Vanya was written in [MASK] .,Russian,synth_Language/TREx/P407.jsonl
2142,El Diario de Hoy was written in [MASK] .,Spanish,synth_Language/TREx/P407.jsonl
2144,Eclogues was written in [MASK] .,Latin,synth_Language/TREx/P407.jsonl
2147,La Provence was written in [MASK] .,French,synth_Language/TREx/P407.jsonl
2150,Household Words was written in [MASK] .,English,synth_Language/TREx/P407.jsonl
2152,Disc-Overy was written in [MASK] .,English,synth_Language/TREx/P407.jsonl
2153,The Great Gatsby was written in [MASK] .,English,synth_Language/TREx/P407.jsonl
2156,Space Mutiny was written in [MASK] .,English,synth_Language/TREx/P407.jsonl
2157,Molla Nasraddin was written in [MASK] .,Azerbaijani,synth_Language/TREx/P407.jsonl
2163,Fairest Lord Jesus was written in [MASK] .,Swedish,synth_Language/TREx/P407.jsonl
2167,LibreOffice was written in [MASK] .,English,synth_Language/TREx/P407.jsonl
2168,Free Jimmy was written in [MASK] .,Norwegian,synth_Language/TREx/P407.jsonl
2174,Spiral Scratch was written in [MASK] .,English,synth_Language/TREx/P407.jsonl
2176,Diamond Life was written in [MASK] .,English,synth_Language/TREx/P407.jsonl
2182,Secretos was written in [MASK] .,Spanish,synth_Language/TREx/P407.jsonl
2186,Hold Me Tight was written in [MASK] .,English,synth_Language/TREx/P407.jsonl
2188,London Bridge Is Falling Down was written in [MASK] .,English,synth_Language/TREx/P407.jsonl
2194,Amar Shonar Bangla was written in [MASK] .,Bengali,synth_Language/TREx/P407.jsonl
2196,"Power, Corruption & Lies was written in [MASK] .",English,synth_Language/TREx/P407.jsonl
2198,Star Wars sequel trilogy was written in [MASK] .,English,synth_Language/TREx/P407.jsonl
2199,Bleu Noir was written in [MASK] .,French,synth_Language/TREx/P407.jsonl
2204,Trompe le Monde was written in [MASK] .,English,synth_Language/TREx/P407.jsonl
2207,Google Map Maker was written in [MASK] .,Bengali,synth_Language/TREx/P407.jsonl
2208,La Vanguardia was written in [MASK] .,Catalan,synth_Language/TREx/P407.jsonl
2228,Suomen Kuvalehti was written in [MASK] .,Finnish,synth_Language/TREx/P407.jsonl
2236,TKOL RMX 1234567 was written in [MASK] .,English,synth_Language/TREx/P407.jsonl
2238,spanish naming customs was written in [MASK] .,Spanish,synth_Language/TREx/P407.jsonl
2243,Sticks and Stones was written in [MASK] .,English,synth_Language/TREx/P407.jsonl
2245,Claridade was written in [MASK] .,Portuguese,synth_Language/TREx/P407.jsonl
2252,Black Mountain Side was written in [MASK] .,English,synth_Language/TREx/P407.jsonl
2254,Plus grandir was written in [MASK] .,French,synth_Language/TREx/P407.jsonl
2256,Zhizn was written in [MASK] .,Russian,synth_Language/TREx/P407.jsonl
2278,Nokta was written in [MASK] .,Turkish,synth_Language/TREx/P407.jsonl
2282,I Lombardi alla prima crociata was written in [MASK] .,Italian,synth_Language/TREx/P407.jsonl
2285,The New Gulliver was written in [MASK] .,Russian,synth_Language/TREx/P407.jsonl
2287,She Wolf was written in [MASK] .,English,synth_Language/TREx/P407.jsonl
2288,L'Officiel Hommes was written in [MASK] .,French,synth_Language/TREx/P407.jsonl
2290,Caresses was written in [MASK] .,Catalan,synth_Language/TREx/P407.jsonl
2293,Comme d'habitude was written in [MASK] .,French,synth_Language/TREx/P407.jsonl
2299,Wild Dances was written in [MASK] .,English,synth_Language/TREx/P407.jsonl
2301,Voir was written in [MASK] .,French,synth_Language/TREx/P407.jsonl
2307,Sorority Row was written in [MASK] .,English,synth_Language/TREx/P407.jsonl
2308,Kinda Kinks was written in [MASK] .,English,synth_Language/TREx/P407.jsonl
2310,Sticky Fingers was written in [MASK] .,English,synth_Language/TREx/P407.jsonl
2321,Treaty of Versailles was written in [MASK] .,French,synth_Language/TREx/P407.jsonl
2378,Coup de Torchon was written in [MASK] .,French,synth_Language/TREx/P407.jsonl
2381,Aujourd'hui was written in [MASK] .,French,synth_Language/TREx/P407.jsonl
2390,Rasayana was written in [MASK] .,Sanskrit,synth_Language/TREx/P407.jsonl
2393,To Anyone was written in [MASK] .,Hangul,synth_Language/TREx/P407.jsonl
2394,Superinteressante was written in [MASK] .,Portuguese,synth_Language/TREx/P407.jsonl
2396,Literaturnaya Gazeta was written in [MASK] .,Russian,synth_Language/TREx/P407.jsonl
2402,The Man-Machine was written in [MASK] .,English,synth_Language/TREx/P407.jsonl
2404,18 Months was written in [MASK] .,English,synth_Language/TREx/P407.jsonl
2407,Richard was written in [MASK] .,English,synth_Language/TREx/P407.jsonl
2462,Roger the Engineer was written in [MASK] .,English,synth_Language/TREx/P407.jsonl
2466,El Norte de Castilla was written in [MASK] .,Spanish,synth_Language/TREx/P407.jsonl
2469,Low Budget was written in [MASK] .,English,synth_Language/TREx/P407.jsonl
2471,Velikij Drakon was written in [MASK] .,Russian,synth_Language/TREx/P407.jsonl
2477,Sous le vent was written in [MASK] .,French,synth_Language/TREx/P407.jsonl
2482,Eugene Onegin was written in [MASK] .,Russian,synth_Language/TREx/P407.jsonl
2497,Press TV was written in [MASK] .,English,synth_Language/TREx/P407.jsonl
2502,Mir Fantastiki was written in [MASK] .,Russian,synth_Language/TREx/P407.jsonl
2504,Romerikes Blad was written in [MASK] .,Norwegian,synth_Language/TREx/P407.jsonl
2505,Le Journal de Mickey was written in [MASK] .,French,synth_Language/TREx/P407.jsonl
2507,London Calling was written in [MASK] .,English,synth_Language/TREx/P407.jsonl
2511,Another Green World was written in [MASK] .,English,synth_Language/TREx/P407.jsonl
2513,I Saw Her Standing There was written in [MASK] .,English,synth_Language/TREx/P407.jsonl
2514,Radio Courtoisie was written in [MASK] .,French,synth_Language/TREx/P407.jsonl
2518,ciao was written in [MASK] .,Italian,synth_Language/TREx/P407.jsonl
2536,Vrisko to logo na zo was written in [MASK] .,Greek,synth_Language/TREx/P407.jsonl
2540,Dehumanizer was written in [MASK] .,English,synth_Language/TREx/P407.jsonl
2542,Hillsong Global Project was written in [MASK] .,Spanish,synth_Language/TREx/P407.jsonl
2544,France Culture was written in [MASK] .,French,synth_Language/TREx/P407.jsonl
2554,Misty Mountain Hop was written in [MASK] .,English,synth_Language/TREx/P407.jsonl
2556,Hindi literature was written in [MASK] .,Hindi,synth_Language/TREx/P407.jsonl
2579,Principia Mathematica was written in [MASK] .,English,synth_Language/TREx/P407.jsonl
2581,Moonlight was written in [MASK] .,English,synth_Language/TREx/P407.jsonl
2582,Marie Claire was written in [MASK] .,English,synth_Language/TREx/P407.jsonl
2583,Ukrainian Wikipedia was written in [MASK] .,Ukrainian,synth_Language/TREx/P407.jsonl
2588,Para Siempre was written in [MASK] .,Spanish,synth_Language/TREx/P407.jsonl
2594,Mashina Vremeni was written in [MASK] .,English,synth_Language/TREx/P407.jsonl
2595,Life was written in [MASK] .,English,synth_Language/TREx/P407.jsonl
2604,Efter endnu en dag was written in [MASK] .,Danish,synth_Language/TREx/P407.jsonl
2606,Ilta-Sanomat was written in [MASK] .,Finnish,synth_Language/TREx/P407.jsonl
2609,Rue89 was written in [MASK] .,French,synth_Language/TREx/P407.jsonl
2615,Actrius was written in [MASK] .,Catalan,synth_Language/TREx/P407.jsonl
2619,Prontoacorrere was written in [MASK] .,English,synth_Language/TREx/P407.jsonl
2628,Little Games was written in [MASK] .,English,synth_Language/TREx/P407.jsonl
2630,The Lower Depths was written in [MASK] .,Russian,synth_Language/TREx/P407.jsonl
2636,Live After Death was written in [MASK] .,English,synth_Language/TREx/P407.jsonl
2638,Head Music was written in [MASK] .,English,synth_Language/TREx/P407.jsonl
2640,Spooky Two was written in [MASK] .,English,synth_Language/TREx/P407.jsonl
2642,Kungumam was written in [MASK] .,Tamil,synth_Language/TREx/P407.jsonl
2653,The Adventures of Tom Sawyer was written in [MASK] .,English,synth_Language/TREx/P407.jsonl
2654,Achilles Last Stand was written in [MASK] .,English,synth_Language/TREx/P407.jsonl
2661,Happy Nation was written in [MASK] .,Latin,synth_Language/TREx/P407.jsonl
2662,Terminator Genisys was written in [MASK] .,English,synth_Language/TREx/P407.jsonl
2663,Be-Bop-A-Lula was written in [MASK] .,French,synth_Language/TREx/P407.jsonl
2664,Trampled Under Foot was written in [MASK] .,English,synth_Language/TREx/P407.jsonl
2669,John Barleycorn Must Die was written in [MASK] .,English,synth_Language/TREx/P407.jsonl
2671,Kashmakash was written in [MASK] .,Urdu,synth_Language/TREx/P407.jsonl
2674,Electricidad was written in [MASK] .,Spanish,synth_Language/TREx/P407.jsonl
2676,HaOlam HaZeh was written in [MASK] .,Hebrew,synth_Language/TREx/P407.jsonl
2680,PLoS ONE was written in [MASK] .,English,synth_Language/TREx/P407.jsonl
2681,Westminster Confession of Faith was written in [MASK] .,English,synth_Language/TREx/P407.jsonl
2683,Nature was written in [MASK] .,English,synth_Language/TREx/P407.jsonl
2685,A Marriage Proposal was written in [MASK] .,Russian,synth_Language/TREx/P407.jsonl
2690,Daniel was written in [MASK] .,French,synth_Language/TREx/P407.jsonl
2769,The Decameron was written in [MASK] .,Italian,synth_Language/TREx/P407.jsonl
2792,Hier Encore was written in [MASK] .,French,synth_Language/TREx/P407.jsonl
2795,Magazin Istoric was written in [MASK] .,Romanian,synth_Language/TREx/P407.jsonl
2800,So in Love was written in [MASK] .,English,synth_Language/TREx/P407.jsonl
2802,Virtual XI was written in [MASK] .,English,synth_Language/TREx/P407.jsonl
2804,The Three-Body Problem was written in [MASK] .,Chinese,synth_Language/TREx/P407.jsonl
2810,La Tercera was written in [MASK] .,Spanish,synth_Language/TREx/P407.jsonl
2817,The Horla was written in [MASK] .,French,synth_Language/TREx/P407.jsonl
2827,Shine On Brightly was written in [MASK] .,English,synth_Language/TREx/P407.jsonl
2837,Sans logique was written in [MASK] .,French,synth_Language/TREx/P407.jsonl
2839,Tel Quel was written in [MASK] .,French,synth_Language/TREx/P407.jsonl
2846,The Bill was written in [MASK] .,English,synth_Language/TREx/P407.jsonl
2879,"Du gamla, du fria was written in [MASK] .",Swedish,synth_Language/TREx/P407.jsonl
2883,TF1 was written in [MASK] .,French,synth_Language/TREx/P407.jsonl
2990,Sunset was written in [MASK] .,English,synth_Language/TREx/P407.jsonl
2991,Playtime was written in [MASK] .,French,synth_Language/TREx/P407.jsonl
2997,The Adventures of Pinocchio was written in [MASK] .,Italian,synth_Language/TREx/P407.jsonl
3028,Aftonbladet was written in [MASK] .,Swedish,synth_Language/TREx/P407.jsonl
3063,Slitz was written in [MASK] .,Swedish,synth_Language/TREx/P407.jsonl
3068,Don't Leave Me This Way was written in [MASK] .,English,synth_Language/TREx/P407.jsonl
3069,"La, la, la was written in [MASK] .",Spanish,synth_Language/TREx/P407.jsonl
3076,Moscow Nights was written in [MASK] .,Russian,synth_Language/TREx/P407.jsonl
3090,Jerusalem of Gold was written in [MASK] .,Hebrew,synth_Language/TREx/P407.jsonl
3092,Hamlet was written in [MASK] .,Russian,synth_Language/TREx/P407.jsonl
3098,Original Pirate Material was written in [MASK] .,English,synth_Language/TREx/P407.jsonl
3100,In Rainbows was written in [MASK] .,English,synth_Language/TREx/P407.jsonl
3108,Hadashot was written in [MASK] .,Hebrew,synth_Language/TREx/P407.jsonl
3111,Think Visual was written in [MASK] .,English,synth_Language/TREx/P407.jsonl
3113,Tygodnik Powszechny was written in [MASK] .,Polish,synth_Language/TREx/P407.jsonl
3114,Can't You Hear Me Knocking was written in [MASK] .,English,synth_Language/TREx/P407.jsonl
3118,Pitchfork was written in [MASK] .,English,synth_Language/TREx/P407.jsonl
3120,Don't Bother Me was written in [MASK] .,English,synth_Language/TREx/P407.jsonl
3122,Taras Bulba was written in [MASK] .,Russian,synth_Language/TREx/P407.jsonl
3127,FitzGerald dynasty was written in [MASK] .,English,synth_Language/TREx/P407.jsonl
3130,The Massacre was written in [MASK] .,English,synth_Language/TREx/P407.jsonl
3131,The Vyborg Side was written in [MASK] .,Russian,synth_Language/TREx/P407.jsonl
3133,Perfil was written in [MASK] .,Spanish,synth_Language/TREx/P407.jsonl
3134,On Every Street was written in [MASK] .,English,synth_Language/TREx/P407.jsonl
3135,IRIB TV5 was written in [MASK] .,Persian,synth_Language/TREx/P407.jsonl
3137,Moby-Dick was written in [MASK] .,English,synth_Language/TREx/P407.jsonl
3143,El Oso was written in [MASK] .,English,synth_Language/TREx/P407.jsonl
3144,The Invisible Man was written in [MASK] .,English,synth_Language/TREx/P407.jsonl
3148,Charlie Ve'hetzi was written in [MASK] .,Hebrew,synth_Language/TREx/P407.jsonl
3150,Dainik Bhaskar was written in [MASK] .,Hindi,synth_Language/TREx/P407.jsonl
3157,The Aerosol Grey Machine was written in [MASK] .,English,synth_Language/TREx/P407.jsonl
3159,Le Silence de la mer was written in [MASK] .,French,synth_Language/TREx/P407.jsonl
3161,Three Sides Live was written in [MASK] .,English,synth_Language/TREx/P407.jsonl
3163,Travma was written in [MASK] .,Greek,synth_Language/TREx/P407.jsonl
3165,Net als toen was written in [MASK] .,Dutch,synth_Language/TREx/P407.jsonl
3167,Stin Avli Tou Paradeisou was written in [MASK] .,Greek,synth_Language/TREx/P407.jsonl
3171,Power Unlimited was written in [MASK] .,Dutch,synth_Language/TREx/P407.jsonl
3176,Ne partez pas sans moi was written in [MASK] .,French,synth_Language/TREx/P407.jsonl
3178,The Marriage of Figaro was written in [MASK] .,Italian,synth_Language/TREx/P407.jsonl
3191,Dancing Days was written in [MASK] .,English,synth_Language/TREx/P407.jsonl
3195,Slide It In was written in [MASK] .,English,synth_Language/TREx/P407.jsonl
3198,Ultimate Christmas was written in [MASK] .,English,synth_Language/TREx/P407.jsonl
3199,Dutch name was written in [MASK] .,Dutch,synth_Language/TREx/P407.jsonl
3203,The Black Monk was written in [MASK] .,Russian,synth_Language/TREx/P407.jsonl
3206,Krasnaya Nov was written in [MASK] .,Russian,synth_Language/TREx/P407.jsonl
3208,Present Tense was written in [MASK] .,English,synth_Language/TREx/P407.jsonl
3210,Led Zeppelin IV was written in [MASK] .,English,synth_Language/TREx/P407.jsonl
3215,Maastricht Treaty was written in [MASK] .,French,synth_Language/TREx/P407.jsonl
3217,Le Matin de Paris was written in [MASK] .,French,synth_Language/TREx/P407.jsonl
3226,Queen II was written in [MASK] .,English,synth_Language/TREx/P407.jsonl
3229,Heathen Chemistry was written in [MASK] .,English,synth_Language/TREx/P407.jsonl
3235,Interviú was written in [MASK] .,Spanish,synth_Language/TREx/P407.jsonl
3240,Fast Car was written in [MASK] .,English,synth_Language/TREx/P407.jsonl
3241,GOG.com was written in [MASK] .,English,synth_Language/TREx/P407.jsonl
3246,Mediapart was written in [MASK] .,French,synth_Language/TREx/P407.jsonl
3250,Mo Li Hua was written in [MASK] .,Chinese,synth_Language/TREx/P407.jsonl
3260,Derek was written in [MASK] .,English,synth_Language/TREx/P407.jsonl
3263,Sefer Yetzirah was written in [MASK] .,Hebrew,synth_Language/TREx/P407.jsonl
3267,Light Years was written in [MASK] .,English,synth_Language/TREx/P407.jsonl
3268,Tora Arhizoun Ta Dyskola was written in [MASK] .,Greek,synth_Language/TREx/P407.jsonl
3275,Kid A was written in [MASK] .,English,synth_Language/TREx/P407.jsonl
3278,Kontsert was written in [MASK] .,English,synth_Language/TREx/P407.jsonl
3281,Adentro was written in [MASK] .,Spanish,synth_Language/TREx/P407.jsonl
3284,Taiwan News was written in [MASK] .,English,synth_Language/TREx/P407.jsonl
3286,Le Gaulois was written in [MASK] .,French,synth_Language/TREx/P407.jsonl
3293,For Your Pleasure was written in [MASK] .,English,synth_Language/TREx/P407.jsonl
3297,Witnesses was written in [MASK] .,Croatian,synth_Language/TREx/P407.jsonl
3302,Tsvety was written in [MASK] .,Russian,synth_Language/TREx/P407.jsonl
3303,Tirant lo Blanc was written in [MASK] .,Catalan,synth_Language/TREx/P407.jsonl
3307,Please Please Me was written in [MASK] .,English,synth_Language/TREx/P407.jsonl
3313,The American Historical Review was written in [MASK] .,English,synth_Language/TREx/P407.jsonl
3314,Electric Warrior was written in [MASK] .,English,synth_Language/TREx/P407.jsonl
3316,France Info was written in [MASK] .,French,synth_Language/TREx/P407.jsonl
3323,En Patufet was written in [MASK] .,Catalan,synth_Language/TREx/P407.jsonl
3325,Korrespondent was written in [MASK] .,Russian,synth_Language/TREx/P407.jsonl
3333,Ceremonials was written in [MASK] .,English,synth_Language/TREx/P407.jsonl
3339,Never Been Better was written in [MASK] .,English,synth_Language/TREx/P407.jsonl
3343,Black Celebration was written in [MASK] .,English,synth_Language/TREx/P407.jsonl
3346,Two Eleven was written in [MASK] .,English,synth_Language/TREx/P407.jsonl
3347,Little Child was written in [MASK] .,English,synth_Language/TREx/P407.jsonl
3350,2 Years On was written in [MASK] .,English,synth_Language/TREx/P407.jsonl
3352,Carpenter was written in [MASK] .,English,synth_Language/TREx/P407.jsonl
3353,Felt Mountain was written in [MASK] .,English,synth_Language/TREx/P407.jsonl
3355,Hybrid Theory was written in [MASK] .,English,synth_Language/TREx/P407.jsonl
3366,La Vie en rose was written in [MASK] .,French,synth_Language/TREx/P407.jsonl
3373,El Diario Vasco was written in [MASK] .,Spanish,synth_Language/TREx/P407.jsonl
3375,Manic Nirvana was written in [MASK] .,English,synth_Language/TREx/P407.jsonl
3376,Le Petit Parisien was written in [MASK] .,French,synth_Language/TREx/P407.jsonl
3379,La Nature was written in [MASK] .,French,synth_Language/TREx/P407.jsonl
3395,Beautiful Loser was written in [MASK] .,English,synth_Language/TREx/P407.jsonl
3396,Seventh Star was written in [MASK] .,English,synth_Language/TREx/P407.jsonl
3401,Russkaya Starina was written in [MASK] .,Russian,synth_Language/TREx/P407.jsonl
3405,Empire Burlesque was written in [MASK] .,English,synth_Language/TREx/P407.jsonl
3406,The Banker was written in [MASK] .,English,synth_Language/TREx/P407.jsonl
3407,Wind & Wuthering was written in [MASK] .,English,synth_Language/TREx/P407.jsonl
3409,aloha was written in [MASK] .,Hawaiian,synth_Language/TREx/P407.jsonl
3419,Bulgarian Wikipedia was written in [MASK] .,Bulgarian,synth_Language/TREx/P407.jsonl
3424,Abhiyum Naanum was written in [MASK] .,Telugu,synth_Language/TREx/P407.jsonl
3427,Nymphomaniac was written in [MASK] .,English,synth_Language/TREx/P407.jsonl
3431,The Pirate Bay was written in [MASK] .,Spanish,synth_Language/TREx/P407.jsonl
3432,Virgin Killer was written in [MASK] .,English,synth_Language/TREx/P407.jsonl
3433,Black Holes and Revelations was written in [MASK] .,English,synth_Language/TREx/P407.jsonl
3434,A Bigger Bang was written in [MASK] .,English,synth_Language/TREx/P407.jsonl
3435,Hold Me Down was written in [MASK] .,English,synth_Language/TREx/P407.jsonl
3437,Outdoor Life was written in [MASK] .,English,synth_Language/TREx/P407.jsonl
3438,This Is All Yours was written in [MASK] .,English,synth_Language/TREx/P407.jsonl
3440,"Non, je ne regrette rien was written in [MASK] .",French,synth_Language/TREx/P407.jsonl
3443,Take Off Your Colours was written in [MASK] .,English,synth_Language/TREx/P407.jsonl
3446,Ernest & Celestine was written in [MASK] .,French,synth_Language/TREx/P407.jsonl
3448,Burnout Dominator was written in [MASK] .,English,synth_Language/TREx/P407.jsonl
3465,Tormato was written in [MASK] .,English,synth_Language/TREx/P407.jsonl
3467,Biological Chemistry was written in [MASK] .,English,synth_Language/TREx/P407.jsonl
3468,Meduza was written in [MASK] .,Russian,synth_Language/TREx/P407.jsonl
3474,Dig Out Your Soul was written in [MASK] .,English,synth_Language/TREx/P407.jsonl
3480,Jolly Fellows was written in [MASK] .,Russian,synth_Language/TREx/P407.jsonl
3483,Svensk uppslagsbok was written in [MASK] .,Swedish,synth_Language/TREx/P407.jsonl
3485,The Lemon Song was written in [MASK] .,English,synth_Language/TREx/P407.jsonl
3487,"Maazi, Haal, Mustaqbil was written in [MASK] .",Urdu,synth_Language/TREx/P407.jsonl
3489,Hava Nagila was written in [MASK] .,Hebrew,synth_Language/TREx/P407.jsonl
3491,Olwen was written in [MASK] .,Welsh,synth_Language/TREx/P407.jsonl
3494,Europa Plus was written in [MASK] .,Russian,synth_Language/TREx/P407.jsonl
3495,Hungarian Wikipedia was written in [MASK] .,Hungarian,synth_Language/TREx/P407.jsonl
3502,Le Parisien was written in [MASK] .,French,synth_Language/TREx/P407.jsonl
3510,Dear Prudence was written in [MASK] .,English,synth_Language/TREx/P407.jsonl
3512,Emmones Idees was written in [MASK] .,Greek,synth_Language/TREx/P407.jsonl
3516,Birobidzhaner Shtern was written in [MASK] .,Russian,synth_Language/TREx/P407.jsonl
3521,Doctor Who Magazine was written in [MASK] .,English,synth_Language/TREx/P407.jsonl
3522,Let It Bleed was written in [MASK] .,English,synth_Language/TREx/P407.jsonl
3528,Monsieur Ibrahim was written in [MASK] .,French,synth_Language/TREx/P407.jsonl
3531,REGNUM News Agency was written in [MASK] .,Russian,synth_Language/TREx/P407.jsonl
3533,18 Tracks was written in [MASK] .,English,synth_Language/TREx/P407.jsonl
3534,Love Deluxe was written in [MASK] .,English,synth_Language/TREx/P407.jsonl
3540,Led Zeppelin DVD was written in [MASK] .,English,synth_Language/TREx/P407.jsonl
3542,Radio Musicola was written in [MASK] .,English,synth_Language/TREx/P407.jsonl
3544,One Heart was written in [MASK] .,English,synth_Language/TREx/P407.jsonl
3551,Pelit was written in [MASK] .,Finnish,synth_Language/TREx/P407.jsonl
3555,Parafora was written in [MASK] .,Greek,synth_Language/TREx/P407.jsonl
3557,The Loser Takes It All was written in [MASK] .,Greek,synth_Language/TREx/P407.jsonl
3558,Anna Karenina was written in [MASK] .,Russian,synth_Language/TREx/P407.jsonl
3578,Snake Bite Love was written in [MASK] .,English,synth_Language/TREx/P407.jsonl
3581,Sans attendre was written in [MASK] .,French,synth_Language/TREx/P407.jsonl
3589,Stronger Than Pride was written in [MASK] .,English,synth_Language/TREx/P407.jsonl
3608,Empty Glass was written in [MASK] .,English,synth_Language/TREx/P407.jsonl
3609,Serbian Wikipedia was written in [MASK] .,Serbian,synth_Language/TREx/P407.jsonl
3613,The Long Road was written in [MASK] .,English,synth_Language/TREx/P407.jsonl
3615,L'Instant X was written in [MASK] .,French,synth_Language/TREx/P407.jsonl
3617,Arte was written in [MASK] .,French,synth_Language/TREx/P407.jsonl
3622,Silent Alarm was written in [MASK] .,English,synth_Language/TREx/P407.jsonl
3623,Arrasando was written in [MASK] .,Spanish,synth_Language/TREx/P407.jsonl
3627,Godbluff was written in [MASK] .,English,synth_Language/TREx/P407.jsonl
3629,Italian Wikipedia was written in [MASK] .,Italian,synth_Language/TREx/P407.jsonl
3634,Ian was written in [MASK] .,English,synth_Language/TREx/P407.jsonl
3653,MyFootballClub was written in [MASK] .,English,synth_Language/TREx/P407.jsonl
3655,Treaty of Kars was written in [MASK] .,Turkish,synth_Language/TREx/P407.jsonl
3662,El Jueves was written in [MASK] .,Spanish,synth_Language/TREx/P407.jsonl
3672,Substance 1987 was written in [MASK] .,English,synth_Language/TREx/P407.jsonl
3674,The Tudors was written in [MASK] .,English,synth_Language/TREx/P407.jsonl
3677,Red Cavalry was written in [MASK] .,Russian,synth_Language/TREx/P407.jsonl
3698,Feral Tribune was written in [MASK] .,Croatian,synth_Language/TREx/P407.jsonl
3711,Sheer Heart Attack was written in [MASK] .,English,synth_Language/TREx/P407.jsonl
3712,Libertad Digital was written in [MASK] .,Spanish,synth_Language/TREx/P407.jsonl
3713,"Alright, Still was written in [MASK] .",English,synth_Language/TREx/P407.jsonl
3715,Newsweek Polska was written in [MASK] .,Polish,synth_Language/TREx/P407.jsonl
3720,Spanish Wikipedia was written in [MASK] .,Spanish,synth_Language/TREx/P407.jsonl
3728,Seventh Sojourn was written in [MASK] .,English,synth_Language/TREx/P407.jsonl
3730,The Beatles was written in [MASK] .,English,synth_Language/TREx/P407.jsonl
3740,Il Secolo XIX was written in [MASK] .,Italian,synth_Language/TREx/P407.jsonl
3744,Kumudam was written in [MASK] .,Tamil,synth_Language/TREx/P407.jsonl
3753,Condorito was written in [MASK] .,Spanish,synth_Language/TREx/P407.jsonl
3763,Kavkaz Center was written in [MASK] .,Russian,synth_Language/TREx/P407.jsonl
3766,Different Class was written in [MASK] .,English,synth_Language/TREx/P407.jsonl
3769,"How Big, How Blue, How Beautiful was written in [MASK] .",English,synth_Language/TREx/P407.jsonl
3771,Valeurs Actuelles was written in [MASK] .,French,synth_Language/TREx/P407.jsonl
3774,Le cose che vivi was written in [MASK] .,Spanish,synth_Language/TREx/P407.jsonl
3778,The Diamond Arm was written in [MASK] .,Russian,synth_Language/TREx/P407.jsonl
3783,The Lamb Lies Down on Broadway was written in [MASK] .,English,synth_Language/TREx/P407.jsonl
3784,Thai Rath was written in [MASK] .,Thai,synth_Language/TREx/P407.jsonl
3786,Kyrgyz Revolution of 2010 was written in [MASK] .,Russian,synth_Language/TREx/P407.jsonl
3787,Hey Diddle Diddle was written in [MASK] .,English,synth_Language/TREx/P407.jsonl
3791,If You Wait was written in [MASK] .,English,synth_Language/TREx/P407.jsonl
3794,Sheezus was written in [MASK] .,English,synth_Language/TREx/P407.jsonl
3800,Qzone was written in [MASK] .,Chinese,synth_Language/TREx/P407.jsonl
3803,Vestnik Evropy was written in [MASK] .,Russian,synth_Language/TREx/P407.jsonl
3812,Optimistique-moi was written in [MASK] .,French,synth_Language/TREx/P407.jsonl
3814,Vinduet was written in [MASK] .,Norwegian,synth_Language/TREx/P407.jsonl
3818,Ouest-France was written in [MASK] .,French,synth_Language/TREx/P407.jsonl
3819,Baike.com was written in [MASK] .,Chinese,synth_Language/TREx/P407.jsonl
3836,I See Fire was written in [MASK] .,English,synth_Language/TREx/P407.jsonl
3838,The Beauty of Independence was written in [MASK] .,English,synth_Language/TREx/P407.jsonl
3839,Simple English Wikipedia was written in [MASK] .,English,synth_Language/TREx/P407.jsonl
3863,Caramelldansen was written in [MASK] .,Swedish,synth_Language/TREx/P407.jsonl
3867,"Unus pro omnibus, omnes pro uno was written in [MASK] .",Latin,synth_Language/TREx/P407.jsonl
3870,Toronto Star was written in [MASK] .,English,synth_Language/TREx/P407.jsonl
3875,Arhizo Polemo was written in [MASK] .,Greek,synth_Language/TREx/P407.jsonl
3877,Percik Pesona was written in [MASK] .,Indonesian,synth_Language/TREx/P407.jsonl
3879,The Division Bell was written in [MASK] .,English,synth_Language/TREx/P407.jsonl
3885,L'Expansion was written in [MASK] .,French,synth_Language/TREx/P407.jsonl
3889,Laisse tomber les filles was written in [MASK] .,French,synth_Language/TREx/P407.jsonl
3896,El Siglo Futuro was written in [MASK] .,Spanish,synth_Language/TREx/P407.jsonl
3898,The Elusive Avengers was written in [MASK] .,Russian,synth_Language/TREx/P407.jsonl
3904,Disquisitiones Arithmeticae was written in [MASK] .,Latin,synth_Language/TREx/P407.jsonl
3908,A New Morning was written in [MASK] .,English,synth_Language/TREx/P407.jsonl
3910,Jyllands-Posten was written in [MASK] .,Danish,synth_Language/TREx/P407.jsonl
3913,Skaz was written in [MASK] .,Russian,synth_Language/TREx/P407.jsonl
3925,Latma was written in [MASK] .,Hebrew,synth_Language/TREx/P407.jsonl
3927,Il Gazzettino was written in [MASK] .,Italian,synth_Language/TREx/P407.jsonl
3929,The Final Frontier was written in [MASK] .,English,synth_Language/TREx/P407.jsonl
3934,Mermaid Avenue was written in [MASK] .,English,synth_Language/TREx/P407.jsonl
3945,The Kreutzer Sonata was written in [MASK] .,Russian,synth_Language/TREx/P407.jsonl
3950,Nauka i Zhizn was written in [MASK] .,Russian,synth_Language/TREx/P407.jsonl
3953,Tiempo was written in [MASK] .,Spanish,synth_Language/TREx/P407.jsonl
3961,Alexander was written in [MASK] .,English,synth_Language/TREx/P407.jsonl
3968,The Imitation Game was written in [MASK] .,English,synth_Language/TREx/P407.jsonl
3969,Don Giovanni was written in [MASK] .,Italian,synth_Language/TREx/P407.jsonl
3985,Off the Wall was written in [MASK] .,English,synth_Language/TREx/P407.jsonl
3986,Seventeen was written in [MASK] .,English,synth_Language/TREx/P407.jsonl
3987,Lifehacker was written in [MASK] .,English,synth_Language/TREx/P407.jsonl
3988,Norwegian literature was written in [MASK] .,Norwegian,synth_Language/TREx/P407.jsonl
3995,A World Without Love was written in [MASK] .,English,synth_Language/TREx/P407.jsonl
3997,Pink Moon was written in [MASK] .,English,synth_Language/TREx/P407.jsonl
4001,An Innocent Man was written in [MASK] .,English,synth_Language/TREx/P407.jsonl
4003,Technical Ecstasy was written in [MASK] .,English,synth_Language/TREx/P407.jsonl
4005,Cara Mia was written in [MASK] .,English,synth_Language/TREx/P407.jsonl
4007,Love Hurts was written in [MASK] .,English,synth_Language/TREx/P407.jsonl
4008,Love Will Tear Us Apart was written in [MASK] .,English,synth_Language/TREx/P407.jsonl
4010,The Literary Review was written in [MASK] .,English,synth_Language/TREx/P407.jsonl
4017,Use Your Illusion II was written in [MASK] .,English,synth_Language/TREx/P407.jsonl
4022,...And Then There Were Three... was written in [MASK] .,English,synth_Language/TREx/P407.jsonl
4024,A New Day Has Come was written in [MASK] .,English,synth_Language/TREx/P407.jsonl
4028,Dekade was written in [MASK] .,Indonesian,synth_Language/TREx/P407.jsonl
4053,Internet Archive was written in [MASK] .,English,synth_Language/TREx/P407.jsonl
4055,Anastasia was written in [MASK] .,Russian,synth_Language/TREx/P407.jsonl
4083,Le Temps was written in [MASK] .,French,synth_Language/TREx/P407.jsonl
4112,Mathrubhumi was written in [MASK] .,Malayalam,synth_Language/TREx/P407.jsonl
4123,Bernama was written in [MASK] .,English,synth_Language/TREx/P407.jsonl
4132,Some Great Reward was written in [MASK] .,English,synth_Language/TREx/P407.jsonl
4135,The Cossacks was written in [MASK] .,Russian,synth_Language/TREx/P407.jsonl
4140,Guantanamera was written in [MASK] .,Spanish,synth_Language/TREx/P407.jsonl
4142,Bohemian Rhapsody was written in [MASK] .,English,synth_Language/TREx/P407.jsonl
4143,Sorry I'm Late was written in [MASK] .,English,synth_Language/TREx/P407.jsonl
4159,Jack Frost was written in [MASK] .,Russian,synth_Language/TREx/P407.jsonl
4163,Ave verum corpus was written in [MASK] .,Latin,synth_Language/TREx/P407.jsonl
4165,Tencent QQ was written in [MASK] .,Chinese,synth_Language/TREx/P407.jsonl
4191,Le Moniteur Universel was written in [MASK] .,French,synth_Language/TREx/P407.jsonl
4200,Los Angeles Times was written in [MASK] .,English,synth_Language/TREx/P407.jsonl
4203,The Strand Magazine was written in [MASK] .,English,synth_Language/TREx/P407.jsonl
4204,Apache HTTP Server was written in [MASK] .,English,synth_Language/TREx/P407.jsonl
4206,The Little Match Girl was written in [MASK] .,Danish,synth_Language/TREx/P407.jsonl
4207,Trouw was written in [MASK] .,Dutch,synth_Language/TREx/P407.jsonl
4219,RIA Novosti was written in [MASK] .,Russian,synth_Language/TREx/P407.jsonl
4256,The New Times was written in [MASK] .,Russian,synth_Language/TREx/P407.jsonl
4263,Dream with Me was written in [MASK] .,English,synth_Language/TREx/P407.jsonl
4264,Ni es lo mismo ni es igual was written in [MASK] .,Spanish,synth_Language/TREx/P407.jsonl
4266,Downton Abbey was written in [MASK] .,English,synth_Language/TREx/P407.jsonl
4269,Sempiternal was written in [MASK] .,English,synth_Language/TREx/P407.jsonl
4271,Lapland Odyssey was written in [MASK] .,Finnish,synth_Language/TREx/P407.jsonl
4275,Comme j'ai mal was written in [MASK] .,French,synth_Language/TREx/P407.jsonl
4277,Dirk Wears White Sox was written in [MASK] .,English,synth_Language/TREx/P407.jsonl
4279,The Cherry Orchard was written in [MASK] .,Russian,synth_Language/TREx/P407.jsonl
4283,Korean Central News Agency was written in [MASK] .,Hangul,synth_Language/TREx/P407.jsonl
4285,Construction Time Again was written in [MASK] .,English,synth_Language/TREx/P407.jsonl
4288,Mon amie la rose was written in [MASK] .,French,synth_Language/TREx/P407.jsonl
4296,Great Expectations was written in [MASK] .,English,synth_Language/TREx/P407.jsonl
4299,Zarez was written in [MASK] .,Croatian,synth_Language/TREx/P407.jsonl
