Label,URI,Indegree,Outdegree,Degree
Africa,http://www.wikidata.org/entity/Q15,30976,908,31884
Europe,http://www.wikidata.org/entity/Q46,70814,1005,71819
Asia,http://www.wikidata.org/entity/Q48,18765,939,19704
Antarctica,http://www.wikidata.org/entity/Q51,42820,754,43574
Americas,http://www.wikidata.org/entity/Q828,24479,599,25078
Australia,http://www.wikidata.org/entity/Q3960,13293,334,13627
Columbia,http://www.wikidata.org/entity/Q870505,45,99,144
Siberia,http://www.wikidata.org/entity/Q926051,51,98,149
