Label,URI,Indegree,Outdegree,Degree
Canada,http://www.wikidata.org/entity/Q16,1154481,2216,1156697
Japan,http://www.wikidata.org/entity/Q17,1066938,2065,1069003
Norway,http://www.wikidata.org/entity/Q20,1014969,1801,1016770
Wales,http://www.wikidata.org/entity/Q25,50274,811,51085
Hungary,http://www.wikidata.org/entity/Q28,206202,1695,207897
Finland,http://www.wikidata.org/entity/Q33,523617,1882,525499
Sweden,http://www.wikidata.org/entity/Q34,1635408,1908,1637316
Denmark,http://www.wikidata.org/entity/Q35,336745,1687,338432
Poland,http://www.wikidata.org/entity/Q36,766498,2573,769071
Lithuania,http://www.wikidata.org/entity/Q37,118240,1370,119610
Italy,http://www.wikidata.org/entity/Q38,1194823,2028,1196851
Switzerland,http://www.wikidata.org/entity/Q39,364051,2142,366193
Austria,http://www.wikidata.org/entity/Q40,401913,1607,403520
Greece,http://www.wikidata.org/entity/Q41,194528,1655,196183
Turkey,http://www.wikidata.org/entity/Q43,269554,1883,271437
Portugal,http://www.wikidata.org/entity/Q45,181672,1515,183187
Netherlands,http://www.wikidata.org/entity/Q55,976550,1677,978227
Uruguay,http://www.wikidata.org/entity/Q77,69656,1361,71017
Egypt,http://www.wikidata.org/entity/Q79,109867,1523,111390
Mexico,http://www.wikidata.org/entity/Q96,819746,2556,822302
Kenya,http://www.wikidata.org/entity/Q114,68048,1411,69459
Ethiopia,http://www.wikidata.org/entity/Q115,57285,1445,58730
Ghana,http://www.wikidata.org/entity/Q117,67333,1310,68643
France,http://www.wikidata.org/entity/Q142,2402484,2455,2404939
Brazil,http://www.wikidata.org/entity/Q155,811062,2218,813280
Germany,http://www.wikidata.org/entity/Q183,2827618,2364,2829982
Belarus,http://www.wikidata.org/entity/Q184,153954,1533,155487
Iceland,http://www.wikidata.org/entity/Q189,58922,1287,60209
Estonia,http://www.wikidata.org/entity/Q191,114573,1453,116026
Latvia,http://www.wikidata.org/entity/Q211,98007,1520,99527
Slovakia,http://www.wikidata.org/entity/Q214,128359,1282,129641
Slovenia,http://www.wikidata.org/entity/Q215,110402,1678,112080
Romania,http://www.wikidata.org/entity/Q218,251636,1525,253161
Bulgaria,http://www.wikidata.org/entity/Q219,124365,1690,126055
Albania,http://www.wikidata.org/entity/Q222,46043,1488,47531
Croatia,http://www.wikidata.org/entity/Q224,94898,1369,96267
Cyprus,http://www.wikidata.org/entity/Q229,33448,1281,34729
Kazakhstan,http://www.wikidata.org/entity/Q232,78493,1366,79859
Malta,http://www.wikidata.org/entity/Q233,25862,1190,27052
Montenegro,http://www.wikidata.org/entity/Q236,34371,1152,35523
Cuba,http://www.wikidata.org/entity/Q241,69850,1339,71189
Indonesia,http://www.wikidata.org/entity/Q252,754486,3196,757682
Algeria,http://www.wikidata.org/entity/Q262,101789,1601,103390
Uzbekistan,http://www.wikidata.org/entity/Q265,18177,1188,19365
Chile,http://www.wikidata.org/entity/Q298,146234,1424,147658
Singapore,http://www.wikidata.org/entity/Q334,56581,1363,57944
Bahrain,http://www.wikidata.org/entity/Q398,10655,1188,11843
Australia,http://www.wikidata.org/entity/Q408,729342,2781,732123
Argentina,http://www.wikidata.org/entity/Q414,265376,1646,267022
Peru,http://www.wikidata.org/entity/Q419,145377,1556,146933
Cambodia,http://www.wikidata.org/entity/Q424,24096,1281,25377
Chad,http://www.wikidata.org/entity/Q657,15656,1401,17057
India,http://www.wikidata.org/entity/Q668,1927652,3403,1931055
Samoa,http://www.wikidata.org/entity/Q683,6534,992,7526
Mongolia,http://www.wikidata.org/entity/Q711,17840,1220,19060
Fiji,http://www.wikidata.org/entity/Q712,30909,1053,31962
Venezuela,http://www.wikidata.org/entity/Q717,104008,1537,105545
Paraguay,http://www.wikidata.org/entity/Q733,16227,1216,17443
Guyana,http://www.wikidata.org/entity/Q734,11948,1094,13042
Ecuador,http://www.wikidata.org/entity/Q736,48854,2201,51055
Colombia,http://www.wikidata.org/entity/Q739,139584,1548,141132
Bolivia,http://www.wikidata.org/entity/Q750,51288,1320,52608
Jamaica,http://www.wikidata.org/entity/Q766,19541,1084,20625
Guatemala,http://www.wikidata.org/entity/Q774,23986,1248,25234
Honduras,http://www.wikidata.org/entity/Q783,24498,1122,25620
Haiti,http://www.wikidata.org/entity/Q790,26117,1126,27243
Iran,http://www.wikidata.org/entity/Q794,442936,1693,444629
Iraq,http://www.wikidata.org/entity/Q796,42719,1318,44037
Israel,http://www.wikidata.org/entity/Q801,165912,1728,167640
Yemen,http://www.wikidata.org/entity/Q805,123227,1186,124413
Jordan,http://www.wikidata.org/entity/Q810,23969,1126,25095
Nicaragua,http://www.wikidata.org/entity/Q811,16851,1104,17955
Kyrgyzstan,http://www.wikidata.org/entity/Q813,29168,1180,30348
Laos,http://www.wikidata.org/entity/Q819,12318,1297,13615
Lebanon,http://www.wikidata.org/entity/Q822,53681,1153,54834
Malaysia,http://www.wikidata.org/entity/Q833,145143,1704,146847
Myanmar,http://www.wikidata.org/entity/Q836,74846,1596,76442
Nepal,http://www.wikidata.org/entity/Q837,50898,1489,52387
Oman,http://www.wikidata.org/entity/Q842,20179,1108,21287
Pakistan,http://www.wikidata.org/entity/Q843,205917,1572,207489
Qatar,http://www.wikidata.org/entity/Q846,15066,1073,16139
Syria,http://www.wikidata.org/entity/Q858,47568,1299,48867
Tajikistan,http://www.wikidata.org/entity/Q863,16520,1138,17658
Taiwan,http://www.wikidata.org/entity/Q865,210745,1659,212404
Thailand,http://www.wikidata.org/entity/Q869,175445,1583,177028
Vietnam,http://www.wikidata.org/entity/Q881,110180,1635,111815
Afghanistan,http://www.wikidata.org/entity/Q889,95992,1644,97636
Bangladesh,http://www.wikidata.org/entity/Q902,80585,1519,82104
Mali,http://www.wikidata.org/entity/Q912,23672,1291,24963
Angola,http://www.wikidata.org/entity/Q916,68391,1311,69702
Bhutan,http://www.wikidata.org/entity/Q917,6897,1160,8057
Brunei,http://www.wikidata.org/entity/Q921,8744,1142,9886
Tanzania,http://www.wikidata.org/entity/Q924,46769,1452,48221
Philippines,http://www.wikidata.org/entity/Q928,133818,1857,135675
Tunisia,http://www.wikidata.org/entity/Q948,53391,1264,54655
Zambia,http://www.wikidata.org/entity/Q953,31231,1263,32494
Zimbabwe,http://www.wikidata.org/entity/Q954,37108,1270,38378
Benin,http://www.wikidata.org/entity/Q962,16456,1216,17672
Botswana,http://www.wikidata.org/entity/Q963,17241,1196,18437
Guinea,http://www.wikidata.org/entity/Q1006,15069,1220,16289
Cameroon,http://www.wikidata.org/entity/Q1009,56400,1754,58154
Liberia,http://www.wikidata.org/entity/Q1014,17613,1165,18778
Libya,http://www.wikidata.org/entity/Q1016,42386,1303,43689
Madagascar,http://www.wikidata.org/entity/Q1019,26690,1126,27816
Malawi,http://www.wikidata.org/entity/Q1020,21373,1103,22476
Morocco,http://www.wikidata.org/entity/Q1028,193153,1394,194547
Mozambique,http://www.wikidata.org/entity/Q1029,29704,1261,30965
Namibia,http://www.wikidata.org/entity/Q1030,14983,1207,16190
Niger,http://www.wikidata.org/entity/Q1032,19641,1148,20789
Nigeria,http://www.wikidata.org/entity/Q1033,128901,2364,131265
Uganda,http://www.wikidata.org/entity/Q1036,96210,1448,97658
Rwanda,http://www.wikidata.org/entity/Q1037,20652,1091,21743
Senegal,http://www.wikidata.org/entity/Q1041,19934,1235,21169
Somalia,http://www.wikidata.org/entity/Q1045,23132,1109,24241
Sudan,http://www.wikidata.org/entity/Q1049,34839,1290,36129
Kosovo,http://www.wikidata.org/entity/Q1246,19879,922,20801
Galicia,http://www.wikidata.org/entity/Q3908,2167,457,2624
Catalonia,http://www.wikidata.org/entity/Q5705,5739,951,6690
Wei,http://www.wikidata.org/entity/Q912052,127,134,261
Macedonia,http://www.wikidata.org/entity/Q83958,614,388,1002
Greenland,http://www.wikidata.org/entity/Q223,27646,859,28505
Tonga,http://www.wikidata.org/entity/Q678,6028,901,6929
Mauritius,http://www.wikidata.org/entity/Q1027,9062,1109,10171
Kurdistan,http://www.wikidata.org/entity/Q41470,486,345,831
Spain,http://www.wikidata.org/entity/Q29,1220895,1844,1222739
Belgium,http://www.wikidata.org/entity/Q31,359560,1812,361372
Luxembourg,http://www.wikidata.org/entity/Q32,34880,1601,36481
Russia,http://www.wikidata.org/entity/Q159,1085443,2478,1087921
Ukraine,http://www.wikidata.org/entity/Q212,331293,1684,332977
Moldova,http://www.wikidata.org/entity/Q217,31721,1255,32976
Azerbaijan,http://www.wikidata.org/entity/Q227,55072,1482,56554
Georgia,http://www.wikidata.org/entity/Q230,52447,1514,53961
Monaco,http://www.wikidata.org/entity/Q235,10704,1047,11751
Belize,http://www.wikidata.org/entity/Q242,10334,1050,11384
Barbados,http://www.wikidata.org/entity/Q244,8258,1117,9375
Armenia,http://www.wikidata.org/entity/Q399,134363,1416,135779
Serbia,http://www.wikidata.org/entity/Q403,108078,1433,109511
Panama,http://www.wikidata.org/entity/Q804,35828,1152,36980
Kuwait,http://www.wikidata.org/entity/Q817,12251,1005,13256
Gabon,http://www.wikidata.org/entity/Q1000,14085,1187,15272
Navajo,http://www.wikidata.org/entity/Q108266,601,272,873
Korea,http://www.wikidata.org/entity/Q18097,3877,399,4276
Gibraltar,http://www.wikidata.org/entity/Q1410,5099,691,5790
