Label,URI,Indegree,Outdegree,Degree
midfielder,http://www.wikidata.org/entity/Q193592,176874,300,177174
goalkeeper,http://www.wikidata.org/entity/Q201330,58650,284,58934
forward,http://www.wikidata.org/entity/Q280658,122763,246,123009
defender,http://www.wikidata.org/entity/Q336286,139184,340,139524
8,http://www.wikidata.org/entity/Q340894,1,24,25
captain,http://www.wikidata.org/entity/Q715772,113,129,242
winger,http://www.wikidata.org/entity/Q8025128,17244,157,17401
tackle,http://www.wikidata.org/entity/Q24976,2422,44,2466
safety,http://www.wikidata.org/entity/Q24994,2815,67,2882
center,http://www.wikidata.org/entity/Q25075,2599,95,2694
guard,http://www.wikidata.org/entity/Q25113,3243,55,3298
fullback,http://www.wikidata.org/entity/Q526960,1322,64,1386
linebacker,http://www.wikidata.org/entity/Q528145,6883,57,6940
quarterback,http://www.wikidata.org/entity/Q622747,6665,117,6782
holder,http://www.wikidata.org/entity/Q839782,13,28,41
end,http://www.wikidata.org/entity/Q5375780,841,21,862
forward,http://www.wikidata.org/entity/Q543457,10627,122,10749
goaltender,http://www.wikidata.org/entity/Q1317534,5714,122,5836
centre,http://www.wikidata.org/entity/Q2583758,5235,96,5331
winger,http://www.wikidata.org/entity/Q2827965,9129,95,9224
