Label,URI,Indegree,Outdegree,Degree
opera,http://www.wikidata.org/entity/Q1344,32198,465,32663
musical,http://www.wikidata.org/entity/Q2743,6829,290,7119
rap,http://www.wikidata.org/entity/Q6010,5735,331,6066
jazz,http://www.wikidata.org/entity/Q8341,59292,474,59766
symphony,http://www.wikidata.org/entity/Q9734,4612,257,4869
concerto,http://www.wikidata.org/entity/Q9748,835,186,1021
blues,http://www.wikidata.org/entity/Q9759,8779,347,9126
reggae,http://www.wikidata.org/entity/Q9794,6830,292,7122
disco,http://www.wikidata.org/entity/Q58339,3786,275,4061
reel,http://www.wikidata.org/entity/Q118120,21,63,84
funk,http://www.wikidata.org/entity/Q164444,6311,289,6600
trance,http://www.wikidata.org/entity/Q170435,1939,240,2179
stride,http://www.wikidata.org/entity/Q181897,29,65,94
march,http://www.wikidata.org/entity/Q211025,641,187,828
electro,http://www.wikidata.org/entity/Q217597,1415,167,1582
air,http://www.wikidata.org/entity/Q406714,22,56,78
hymn,http://www.wikidata.org/entity/Q484692,7406,300,7706
crossover,http://www.wikidata.org/entity/Q504635,587,85,672
anthem,http://www.wikidata.org/entity/Q541947,1218,147,1365
ultra,http://www.wikidata.org/entity/Q260095,2,21,23
romance,http://www.wikidata.org/entity/Q599510,438,91,529
drone,http://www.wikidata.org/entity/Q650316,294,79,373
passion,http://www.wikidata.org/entity/Q781815,67,113,180
jungle,http://www.wikidata.org/entity/Q1102161,104,90,194
dialogue,http://www.wikidata.org/entity/Q1208448,1,19,20
electro,http://www.wikidata.org/entity/Q1325944,3,16,19
pastoral,http://www.wikidata.org/entity/Q1472271,28,77,105
wave,http://www.wikidata.org/entity/Q1804789,1,12,13
dump,http://www.wikidata.org/entity/Q2105045,3,18,21
Mozambique,http://www.wikidata.org/entity/Q2720293,7,32,39
battery,http://www.wikidata.org/entity/Q2891694,1,12,13
catch,http://www.wikidata.org/entity/Q2941721,14,40,54
voluntary,http://www.wikidata.org/entity/Q3247534,10,25,35
scan,http://www.wikidata.org/entity/Q3474944,1,14,15
tribe,http://www.wikidata.org/entity/Q3538739,3,27,30
Kai,http://www.wikidata.org/entity/Q4208567,4,24,28
ballet,http://www.wikidata.org/entity/Q4851628,88,96,184
Fell,http://www.wikidata.org/entity/Q5442427,1,12,13
shout,http://www.wikidata.org/entity/Q5640052,3,34,37
Columbia,http://www.wikidata.org/entity/Q5778054,1,17,18
romance,http://www.wikidata.org/entity/Q6111379,16,16,32
versus,http://www.wikidata.org/entity/Q6160688,1,12,13
Lu,http://www.wikidata.org/entity/Q6694797,2,19,21
Polo,http://www.wikidata.org/entity/Q7225887,1,12,13
variety,http://www.wikidata.org/entity/Q7915876,229,40,269
Isa,http://www.wikidata.org/entity/Q9009342,5,35,40
Motown,http://www.wikidata.org/entity/Q9078960,14,37,51
bait,http://www.wikidata.org/entity/Q11058740,3,21,24
hardcore,http://www.wikidata.org/entity/Q11974316,15,34,49
drill,http://www.wikidata.org/entity/Q15697534,191,96,287
electro,http://www.wikidata.org/entity/Q15957030,81,16,97
bass,http://www.wikidata.org/entity/Q21006606,5,16,21
chant,http://www.wikidata.org/entity/Q23072435,105,48,153
Afro,http://www.wikidata.org/entity/Q25339858,7,12,19
turbine,http://www.wikidata.org/entity/Q30765672,1,12,13
breaks,http://www.wikidata.org/entity/Q65937774,24,17,41
soil,http://www.wikidata.org/entity/Q56344591,1,10,11
Orchestra,http://www.wikidata.org/entity/Q60587359,2,10,12
wave,http://www.wikidata.org/entity/Q106369996,5,28,33
ballroom,http://www.wikidata.org/entity/Q106522098,0,22,22
halftime,http://www.wikidata.org/entity/Q107010574,2,21,23
score,http://www.wikidata.org/entity/Q107021951,18,26,44
anthem,http://www.wikidata.org/entity/Q107494231,10,47,57
soundtrack,http://www.wikidata.org/entity/Q107736421,837,37,874
vaudeville,http://www.wikidata.org/entity/Q109719462,6,29,35
stereo,http://www.wikidata.org/entity/Q109050964,0,15,15
rage,http://www.wikidata.org/entity/Q111133884,0,15,15
beats,http://www.wikidata.org/entity/Q112176170,0,18,18
polo,http://www.wikidata.org/entity/Q667390,4,29,33
Mariana,http://www.wikidata.org/entity/Q3847660,2,18,20
Media,http://www.wikidata.org/entity/Q6008557,3,17,20
sitcom,http://www.wikidata.org/entity/Q170238,4432,269,4701
