Label,URI,Indegree,Outdegree,Degree
Czechoslovak,http://www.wikidata.org/entity/Q4515262,19.0,44,63.0
French,http://www.wikidata.org/entity/Q150,1351396.0,987,1352383.0
German,http://www.wikidata.org/entity/Q188,1400660.0,904,1401564.0
Turkish,http://www.wikidata.org/entity/Q256,114382.0,580,114962.0
Icelandic,http://www.wikidata.org/entity/Q294,10784.0,423,11207.0
Latin,http://www.wikidata.org/entity/Q397,92081.0,705,92786.0
Italian,http://www.wikidata.org/entity/Q652,536349.0,738,537087.0
Polish,http://www.wikidata.org/entity/Q809,314121.0,617,314738.0
Spanish,http://www.wikidata.org/entity/Q1321,730905.0,966,731871.0
Finnish,http://www.wikidata.org/entity/Q1412,41250.0,581,41831.0
Hindi,http://www.wikidata.org/entity/Q1568,57377.0,544,57921.0
Marathi,http://www.wikidata.org/entity/Q1571,8302.0,366,8668.0
Urdu,http://www.wikidata.org/entity/Q1617,10578.0,473,11051.0
English,http://www.wikidata.org/entity/Q1860,36850.0,1220,38070.0
Portuguese,http://www.wikidata.org/entity/Q5146,296637.0,858,297495.0
Japanese,http://www.wikidata.org/entity/Q5287,449570.0,885,450455.0
Tamil,http://www.wikidata.org/entity/Q5885,21284.0,490,21774.0
Croatian,http://www.wikidata.org/entity/Q6654,25356.0,531,25887.0
Catalan,http://www.wikidata.org/entity/Q7026,84283.0,594,84877.0
Dutch,http://www.wikidata.org/entity/Q7411,234826.0,689,235515.0
Russian,http://www.wikidata.org/entity/Q7737,1287446.0,978,1288424.0
Romanian,http://www.wikidata.org/entity/Q7913,175766.0,506,176272.0
Bulgarian,http://www.wikidata.org/entity/Q7918,33488.0,483,33971.0
Telugu,http://www.wikidata.org/entity/Q8097,11252.0,357,11609.0
Georgian,http://www.wikidata.org/entity/Q8108,6698.0,447,7145.0
Yiddish,http://www.wikidata.org/entity/Q8641,7048.0,559,7607.0
Albanian,http://www.wikidata.org/entity/Q8748,4270.0,426,4696.0
Ukrainian,http://www.wikidata.org/entity/Q8798,42679.0,592,43271.0
Montenegrin,http://www.wikidata.org/entity/Q8821,306.0,274,580.0
Neo,http://www.wikidata.org/entity/Q606917,25.0,76,101.0
Siberian,http://www.wikidata.org/entity/Q1194341,12.0,42,54.0
Mohawk,http://www.wikidata.org/entity/Q13339,89.0,168,257.0
Mon,http://www.wikidata.org/entity/Q13349,142.0,190,332.0
Arabic,http://www.wikidata.org/entity/Q13955,107664.0,792,108456.0
Scots,http://www.wikidata.org/entity/Q14549,622.0,317,939.0
Nicola,http://www.wikidata.org/entity/Q20609,8.0,47,55.0
Carrier,http://www.wikidata.org/entity/Q20614,27.0,95,122.0
Cornish,http://www.wikidata.org/entity/Q25289,502.0,444,946.0
Maria,http://www.wikidata.org/entity/Q27602,26.0,140,166.0
Adele,http://www.wikidata.org/entity/Q27740,32.0,80,112.0
Swedish,http://www.wikidata.org/entity/Q9027,772511.0,563,773074.0
Danish,http://www.wikidata.org/entity/Q9035,82263.0,576,82839.0
Norwegian,http://www.wikidata.org/entity/Q9043,48403.0,498,48901.0
Czech,http://www.wikidata.org/entity/Q9056,248436.0,573,249009.0
Slovak,http://www.wikidata.org/entity/Q9058,44466.0,493,44959.0
Slovene,http://www.wikidata.org/entity/Q9063,42645.0,480,43125.0
Hungarian,http://www.wikidata.org/entity/Q9067,62966.0,644,63610.0
Estonian,http://www.wikidata.org/entity/Q9072,97088.0,509,97597.0
Latvian,http://www.wikidata.org/entity/Q9078,23755.0,458,24213.0
Lithuanian,http://www.wikidata.org/entity/Q9083,8732.0,459,9191.0
Belarusian,http://www.wikidata.org/entity/Q9091,10241.0,510,10751.0
Greek,http://www.wikidata.org/entity/Q9129,58475.0,611,59086.0
Irish,http://www.wikidata.org/entity/Q9142,4831.0,464,5295.0
Maltese,http://www.wikidata.org/entity/Q9166,1030.0,415,1445.0
Persian,http://www.wikidata.org/entity/Q9168,25636.0,677,26313.0
Korean,http://www.wikidata.org/entity/Q9176,117879.0,525,118404.0
Cantonese,http://www.wikidata.org/entity/Q9186,5284.0,387,5671.0
Vietnamese,http://www.wikidata.org/entity/Q9199,7067.0,466,7533.0
Khmer,http://www.wikidata.org/entity/Q9205,809.0,344,1153.0
Lao,http://www.wikidata.org/entity/Q9211,355.0,290,645.0
Thai,http://www.wikidata.org/entity/Q9217,14871.0,436,15307.0
Burmese,http://www.wikidata.org/entity/Q9228,721.0,349,1070.0
Malay,http://www.wikidata.org/entity/Q9237,6975.0,409,7384.0
Indonesian,http://www.wikidata.org/entity/Q9240,77341.0,472,77813.0
Mongolian,http://www.wikidata.org/entity/Q9246,1938.0,361,2299.0
Hebrew,http://www.wikidata.org/entity/Q9288,81931.0,632,82563.0
Azerbaijani,http://www.wikidata.org/entity/Q9292,6310.0,541,6851.0
Macedonian,http://www.wikidata.org/entity/Q9296,16268.0,405,16673.0
Serbian,http://www.wikidata.org/entity/Q9299,143820.0,494,144314.0
Bosnian,http://www.wikidata.org/entity/Q9303,2146.0,383,2529.0
Welsh,http://www.wikidata.org/entity/Q9309,82325.0,441,82766.0
Bengali,http://www.wikidata.org/entity/Q9610,64906.0,493,65399.0
Sanskrit,http://www.wikidata.org/entity/Q11059,4217.0,533,4750.0
Breton,http://www.wikidata.org/entity/Q12107,6840.0,360,7200.0
Romani,http://www.wikidata.org/entity/Q13201,622.0,328,950.0
Sioux,http://www.wikidata.org/entity/Q13268,93.0,102,195.0
Somali,http://www.wikidata.org/entity/Q13275,1339.0,328,1667.0
Navajo,http://www.wikidata.org/entity/Q13310,235.0,268,503.0
Ok,http://www.wikidata.org/entity/Q12353388,1.0,12,13.0
Are,http://www.wikidata.org/entity/Q29277,17.0,66,83.0
Bavarian,http://www.wikidata.org/entity/Q29540,391.0,240,631.0
Even,http://www.wikidata.org/entity/Q29960,86.0,142,228.0
Silesian,http://www.wikidata.org/entity/Q30319,291.0,328,619.0
Venetian,http://www.wikidata.org/entity/Q32724,623.0,377,1000.0
Cheyenne,http://www.wikidata.org/entity/Q33265,94.0,194,288.0
Ho,http://www.wikidata.org/entity/Q33270,180.0,139,319.0
Cherokee,http://www.wikidata.org/entity/Q33388,243.0,298,541.0
Mini,http://www.wikidata.org/entity/Q108470470,6.0,17,23.0
Armenian,http://www.wikidata.org/entity/Q8785,17199.0,488,17687.0
Sicilian,http://www.wikidata.org/entity/Q33973,468.0,289,757.0
Malayalam,http://www.wikidata.org/entity/Q36236,82886.0,456,83342.0
Gen,http://www.wikidata.org/entity/Q33450,87.0,86,173.0
Kota,http://www.wikidata.org/entity/Q33483,24.0,92,116.0
Syriac,http://www.wikidata.org/entity/Q33538,813.0,333,1146.0
Hawaiian,http://www.wikidata.org/entity/Q33569,356.0,339,695.0
Kannada,http://www.wikidata.org/entity/Q33673,7955.0,413,8368.0
Lombard,http://www.wikidata.org/entity/Q33754,318.0,284,602.0
Nepali,http://www.wikidata.org/entity/Q33823,3491.0,441,3932.0
Norman,http://www.wikidata.org/entity/Q33850,252.0,264,516.0
Tonga,http://www.wikidata.org/entity/Q34101,46.0,100,146.0
Bali,http://www.wikidata.org/entity/Q34892,16.0,59,75.0
Bai,http://www.wikidata.org/entity/Q34894,17.0,67,84.0
Bari,http://www.wikidata.org/entity/Q35042,38.0,95,133.0
Cara,http://www.wikidata.org/entity/Q35048,15.0,58,73.0
Flemish,http://www.wikidata.org/entity/Q34147,1065.0,242,1307.0
Tibetan,http://www.wikidata.org/entity/Q34271,1033.0,364,1397.0
Acheron,http://www.wikidata.org/entity/Q34769,17.0,70,87.0
Ali,http://www.wikidata.org/entity/Q34814,17.0,60,77.0
Bai,http://www.wikidata.org/entity/Q35103,40.0,83,123.0
Car,http://www.wikidata.org/entity/Q35156,25.0,94,119.0
Day,http://www.wikidata.org/entity/Q35163,18.0,68,86.0
Chung,http://www.wikidata.org/entity/Q35194,20.0,62,82.0
Eton,http://www.wikidata.org/entity/Q35317,16.0,75,91.0
Edo,http://www.wikidata.org/entity/Q35375,121.0,127,248.0
E,http://www.wikidata.org/entity/Q35386,23.0,81,104.0
Gothic,http://www.wikidata.org/entity/Q35722,286.0,299,585.0
Egyptian,http://www.wikidata.org/entity/Q50868,419.0,308,727.0
Wichita,http://www.wikidata.org/entity/Q56513,22.0,91,113.0
Jen,http://www.wikidata.org/entity/Q35558,19.0,59,78.0
Kota,http://www.wikidata.org/entity/Q35607,25.0,80,105.0
Lama,http://www.wikidata.org/entity/Q35652,17.0,66,83.0
Kim,http://www.wikidata.org/entity/Q35685,13.0,59,72.0
Universal,http://www.wikidata.org/entity/Q3888745,4.0,21,25.0
Kurdish,http://www.wikidata.org/entity/Q36368,1782.0,465,2247.0
Pol,http://www.wikidata.org/entity/Q36408,14.0,65,79.0
Māori,http://www.wikidata.org/entity/Q36451,779.0,392,1171.0
Ki,http://www.wikidata.org/entity/Q36621,18.0,67,85.0
Chico,http://www.wikidata.org/entity/Q5096458,10.0,54,64.0
Yao,http://www.wikidata.org/entity/Q36902,46.0,141,187.0
War,http://www.wikidata.org/entity/Q56321,30.0,71,101.0
Nora,http://www.wikidata.org/entity/Q12952967,6.0,51,57.0
Koch,http://www.wikidata.org/entity/Q56431,34.0,91,125.0
Shan,http://www.wikidata.org/entity/Q56482,109.0,165,274.0
Mayo,http://www.wikidata.org/entity/Q56729,24.0,87,111.0
Bo,http://www.wikidata.org/entity/Q56770,17.0,122,139.0
Punjabi,http://www.wikidata.org/entity/Q58635,8397.0,557,8954.0
Ottawa,http://www.wikidata.org/entity/Q133678,24.0,89,113.0
Pomeranian,http://www.wikidata.org/entity/Q149588,23.0,60,83.0
Dakota,http://www.wikidata.org/entity/Q530384,49.0,137,186.0
Jaya,http://www.wikidata.org/entity/Q641720,14.0,60,74.0
Iberian,http://www.wikidata.org/entity/Q855215,50.0,118,168.0
U,http://www.wikidata.org/entity/Q953082,23.0,72,95.0
Mari,http://www.wikidata.org/entity/Q973685,3513.0,255,3768.0
Dan,http://www.wikidata.org/entity/Q1158971,30.0,97,127.0
Seneca,http://www.wikidata.org/entity/Q1185133,32.0,129,161.0
Crow,http://www.wikidata.org/entity/Q1207611,34.0,104,138.0
Thompson,http://www.wikidata.org/entity/Q1755054,17.0,82,99.0
Ari,http://www.wikidata.org/entity/Q1811224,22.0,77,99.0
Alabama,http://www.wikidata.org/entity/Q1815020,57.0,113,170.0
Yi,http://www.wikidata.org/entity/Q2600390,16.0,73,89.0
She,http://www.wikidata.org/entity/Q2605689,24.0,81,105.0
Delaware,http://www.wikidata.org/entity/Q2665761,29.0,97,126.0
Yuri,http://www.wikidata.org/entity/Q2669157,13.0,52,65.0
As,http://www.wikidata.org/entity/Q2866218,18.0,64,82.0
Bit,http://www.wikidata.org/entity/Q2904868,24.0,87,111.0
Col,http://www.wikidata.org/entity/Q2981948,22.0,74,96.0
Laura,http://www.wikidata.org/entity/Q2984540,12.0,68,80.0
Cora,http://www.wikidata.org/entity/Q2996970,24.0,56,80.0
Chinese,http://www.wikidata.org/entity/Q7850,2626081.0,635,2626716.0
Basque,http://www.wikidata.org/entity/Q8752,55876.0,526,56402.0
Duke,http://www.wikidata.org/entity/Q3041075,9.0,52,61.0
Eton,http://www.wikidata.org/entity/Q3059362,16.0,58,74.0
Gao,http://www.wikidata.org/entity/Q3095228,12.0,63,75.0
Reform,http://www.wikidata.org/entity/Q12354422,1.0,11,12.0
Salvador,http://www.wikidata.org/entity/Q12354833,1.0,12,13.0
Moss,http://www.wikidata.org/entity/Q6916516,1.0,15,16.0
Ha,http://www.wikidata.org/entity/Q3105505,18.0,82,100.0
Gun,http://www.wikidata.org/entity/Q3111668,310.0,110,420.0
Hu,http://www.wikidata.org/entity/Q3141783,16.0,66,82.0
Kara,http://www.wikidata.org/entity/Q3192889,14.0,62,76.0
Label,http://www.wikidata.org/entity/Q3214296,15.0,53,68.0
Dani,http://www.wikidata.org/entity/Q3217389,25.0,55,80.0
Lau,http://www.wikidata.org/entity/Q3218574,15.0,64,79.0
Lou,http://www.wikidata.org/entity/Q3260104,18.0,57,75.0
Mal,http://www.wikidata.org/entity/Q3281057,17.0,62,79.0
Fang,http://www.wikidata.org/entity/Q33484,118.0,160,278.0
Toro,http://www.wikidata.org/entity/Q3438367,16.0,53,69.0
Guru,http://www.wikidata.org/entity/Q3438444,11.0,61,72.0
Ron,http://www.wikidata.org/entity/Q3440432,18.0,87,105.0
Then,http://www.wikidata.org/entity/Q3442330,16.0,67,83.0
Rama,http://www.wikidata.org/entity/Q3444486,22.0,74,96.0
Titan,http://www.wikidata.org/entity/Q3445811,18.0,67,85.0
Au,http://www.wikidata.org/entity/Q3446608,17.0,58,75.0
Maria,http://www.wikidata.org/entity/Q3448673,14.0,55,69.0
Gong,http://www.wikidata.org/entity/Q3448919,15.0,65,80.0
Vale,http://www.wikidata.org/entity/Q3450194,13.0,55,68.0
Shi,http://www.wikidata.org/entity/Q3481999,9.0,67,76.0
Spokane,http://www.wikidata.org/entity/Q3493704,8.0,61,69.0
En,http://www.wikidata.org/entity/Q3504110,29.0,78,107.0
Pa,http://www.wikidata.org/entity/Q3504757,11.0,49,60.0
Trojan,http://www.wikidata.org/entity/Q3603807,7.0,41,48.0
Oro,http://www.wikidata.org/entity/Q3813396,15.0,56,71.0
Tonga,http://www.wikidata.org/entity/Q3847648,21.0,83,104.0
Wan,http://www.wikidata.org/entity/Q3913272,18.0,60,78.0
Mama,http://www.wikidata.org/entity/Q3913963,11.0,50,61.0
Sur,http://www.wikidata.org/entity/Q3914453,19.0,60,79.0
Ju,http://www.wikidata.org/entity/Q3914897,12.0,56,68.0
Ce,http://www.wikidata.org/entity/Q3915445,12.0,50,62.0
Loki,http://www.wikidata.org/entity/Q4144560,14.0,56,70.0
Mara,http://www.wikidata.org/entity/Q4175893,29.0,104,133.0
Chang,http://www.wikidata.org/entity/Q5071694,15.0,62,77.0
Cheng,http://www.wikidata.org/entity/Q5091274,4.0,35,39.0
Dai,http://www.wikidata.org/entity/Q5209056,13.0,51,64.0
Darling,http://www.wikidata.org/entity/Q5223941,20.0,73,93.0
Dom,http://www.wikidata.org/entity/Q5289770,8.0,49,57.0
Erie,http://www.wikidata.org/entity/Q5388365,5.0,35,40.0
Fang,http://www.wikidata.org/entity/Q5433811,18.0,61,79.0
Maya,http://www.wikidata.org/entity/Q5480718,7.0,25,32.0
Gaga,http://www.wikidata.org/entity/Q5516777,3.0,18,21.0
Kara,http://www.wikidata.org/entity/Q6367567,8.0,51,59.0
Kung,http://www.wikidata.org/entity/Q6444510,11.0,56,67.0
Moran,http://www.wikidata.org/entity/Q6909216,5.0,20,25.0
Lama,http://www.wikidata.org/entity/Q6480756,11.0,51,62.0
Mimi,http://www.wikidata.org/entity/Q6862203,3.0,40,43.0
Nor,http://www.wikidata.org/entity/Q7050035,15.0,64,79.0
One,http://www.wikidata.org/entity/Q7093521,16.0,36,52.0
Pam,http://www.wikidata.org/entity/Q7129017,13.0,58,71.0
Para,http://www.wikidata.org/entity/Q7133667,12.0,56,68.0
Lola,http://www.wikidata.org/entity/Q6668867,23.0,70,93.0
Ma,http://www.wikidata.org/entity/Q6720909,10.0,57,67.0
Male,http://www.wikidata.org/entity/Q6742927,13.0,49,62.0
Mali,http://www.wikidata.org/entity/Q6743338,15.0,70,85.0
Mari,http://www.wikidata.org/entity/Q6760941,14.0,51,65.0
Mari,http://www.wikidata.org/entity/Q6760942,12.0,62,74.0
Sam,http://www.wikidata.org/entity/Q7408387,13.0,52,65.0
Mum,http://www.wikidata.org/entity/Q6935252,12.0,52,64.0
Sonia,http://www.wikidata.org/entity/Q7561770,12.0,52,64.0
Tai,http://www.wikidata.org/entity/Q7675861,10.0,48,58.0
To,http://www.wikidata.org/entity/Q7811216,9.0,51,60.0
Tonga,http://www.wikidata.org/entity/Q7820988,9.0,112,121.0
Wanda,http://www.wikidata.org/entity/Q7967153,17.0,61,78.0
Ware,http://www.wikidata.org/entity/Q7969260,2.0,29,31.0
Were,http://www.wikidata.org/entity/Q7983230,10.0,53,63.0
Yong,http://www.wikidata.org/entity/Q8054978,16.0,55,71.0
Bo,http://www.wikidata.org/entity/Q8845514,9.0,49,58.0
Mandarin,http://www.wikidata.org/entity/Q10948482,42.0,51,93.0
Notre,http://www.wikidata.org/entity/Q11009194,11.0,57,68.0
Mongol,http://www.wikidata.org/entity/Q11260674,13.0,57,70.0
Rao,http://www.wikidata.org/entity/Q11732596,12.0,58,70.0
Hung,http://www.wikidata.org/entity/Q12632753,23.0,62,85.0
Malay,http://www.wikidata.org/entity/Q12636082,7.0,71,78.0
Mina,http://www.wikidata.org/entity/Q12636991,6.0,34,40.0
Maia,http://www.wikidata.org/entity/Q12952760,10.0,50,60.0
Na,http://www.wikidata.org/entity/Q12952895,14.0,57,71.0
Kali,http://www.wikidata.org/entity/Q16928162,3.0,25,28.0
Yao,http://www.wikidata.org/entity/Q16979655,2.0,29,31.0
Nam,http://www.wikidata.org/entity/Q17052493,1.0,27,28.0
Mel,http://www.wikidata.org/entity/Q19572979,1.0,27,28.0
Kang,http://www.wikidata.org/entity/Q25559558,7.0,45,52.0
Lola,http://www.wikidata.org/entity/Q24442801,4.0,33,37.0
Mo,http://www.wikidata.org/entity/Q24705177,0.0,29,29.0
Papua,http://www.wikidata.org/entity/Q24705565,2.0,105,107.0
The,http://www.wikidata.org/entity/Q25559536,1.0,30,31.0
Omaha,http://www.wikidata.org/entity/Q26763622,1.0,21,22.0
Chu,http://www.wikidata.org/entity/Q28410857,5.0,13,18.0
May,http://www.wikidata.org/entity/Q30557634,0.0,35,35.0
Air,http://www.wikidata.org/entity/Q47012866,0.0,27,27.0
Ku,http://www.wikidata.org/entity/Q48803960,2.0,14,16.0
Long,http://www.wikidata.org/entity/Q48809804,2.0,14,16.0
Maya,http://www.wikidata.org/entity/Q59245703,0.0,29,29.0
Hare,http://www.wikidata.org/entity/Q62168636,0.0,18,18.0
Se,http://www.wikidata.org/entity/Q62389625,2.0,16,18.0
Na,http://www.wikidata.org/entity/Q65089922,4.0,15,19.0
Sabine,http://www.wikidata.org/entity/Q65455885,2.0,16,18.0
AL,http://www.wikidata.org/entity/Q59785013,16.0,25,41.0
FL,http://www.wikidata.org/entity/Q59785014,2.0,11,13.0
S,http://www.wikidata.org/entity/Q59785017,14.0,26,40.0
SH,http://www.wikidata.org/entity/Q59786128,14.0,23,37.0
SR,http://www.wikidata.org/entity/Q59786133,12.0,21,33.0
SF,http://www.wikidata.org/entity/Q59786144,14.0,23,37.0
Ku,http://www.wikidata.org/entity/Q3200174,2.0,19,21.0
Norte,http://www.wikidata.org/entity/Q99306402,4.0,10,14.0
