Label,URI,Indegree,Outdegree,Degree
lyricist,http://www.wikidata.org/entity/Q822146,17551,355,17906
Volkswagen,http://www.wikidata.org/entity/Q246,778,364,1142
Renault,http://www.wikidata.org/entity/Q6686,1967,435,2402
Honda,http://www.wikidata.org/entity/Q9584,2424,390,2814
Audi,http://www.wikidata.org/entity/Q23317,1058,390,1448
BMW,http://www.wikidata.org/entity/Q26678,1239,686,1925
Aero,http://www.wikidata.org/entity/Q26905,35,54,89
Alpine,http://www.wikidata.org/entity/Q26944,78,143,221
Bentley,http://www.wikidata.org/entity/Q27224,269,391,660
Cadillac,http://www.wikidata.org/entity/Q27436,500,181,681
Dodge,http://www.wikidata.org/entity/Q27564,622,162,784
Fiat,http://www.wikidata.org/entity/Q27597,1651,263,1914
Holden,http://www.wikidata.org/entity/Q29281,208,154,362
Chrysler,http://www.wikidata.org/entity/Q29610,129,96,225
Packard,http://www.wikidata.org/entity/Q40971,182,115,297
Porsche,http://www.wikidata.org/entity/Q40993,625,394,1019
Adler,http://www.wikidata.org/entity/Q53098,51,103,154
Toyota,http://www.wikidata.org/entity/Q53268,2106,464,2570
Bell,http://www.wikidata.org/entity/Q114421,2,27,29
David,http://www.wikidata.org/entity/Q121680,11,51,62
Suzuki,http://www.wikidata.org/entity/Q181642,1172,345,1517
Antoine,http://www.wikidata.org/entity/Q200511,4,29,33
Atlantic,http://www.wikidata.org/entity/Q201522,4,38,42
Lincoln,http://www.wikidata.org/entity/Q216796,162,137,299
Ingrid,http://www.wikidata.org/entity/Q5972302,32,77,109
Hercules,http://www.wikidata.org/entity/Q314803,13,48,61
Ajax,http://www.wikidata.org/entity/Q412352,4,27,31
American,http://www.wikidata.org/entity/Q463257,3,22,25
Mars,http://www.wikidata.org/entity/Q471452,9,45,54
Amor,http://www.wikidata.org/entity/Q474003,4,30,34
Andreas,http://www.wikidata.org/entity/Q495599,1,24,25
Arab,http://www.wikidata.org/entity/Q623652,5,25,30
BP,http://www.wikidata.org/entity/Q27077632,7,24,31
Egg,http://www.wikidata.org/entity/Q686020,9,40,49
Arnold,http://www.wikidata.org/entity/Q695814,6,25,31
Benjamin,http://www.wikidata.org/entity/Q728535,8,56,64
Alliance,http://www.wikidata.org/entity/Q742581,2,23,25
Tropical,http://www.wikidata.org/entity/Q749725,2,33,35
Memphis,http://www.wikidata.org/entity/Q98784744,0,31,31
Atlas,http://www.wikidata.org/entity/Q757048,2,17,19
Mercury,http://www.wikidata.org/entity/Q767318,3,18,21
Alliance,http://www.wikidata.org/entity/Q787469,3,27,30
Colin,http://www.wikidata.org/entity/Q787558,2,26,28
Beaumont,http://www.wikidata.org/entity/Q813421,1,23,24
Alan,http://www.wikidata.org/entity/Q823695,3,26,29
Champion,http://www.wikidata.org/entity/Q871108,26,29,55
Victoria,http://www.wikidata.org/entity/Q874604,12,54,66
Bowen,http://www.wikidata.org/entity/Q895402,1,16,17
Braun,http://www.wikidata.org/entity/Q900569,2,27,29
Bravo,http://www.wikidata.org/entity/Q902747,2,20,22
Bravo,http://www.wikidata.org/entity/Q902754,1,25,26
Britannia,http://www.wikidata.org/entity/Q918042,3,20,23
Marquette,http://www.wikidata.org/entity/Q939291,9,54,63
Rae,http://www.wikidata.org/entity/Q950092,6,21,27
Audrey,http://www.wikidata.org/entity/Q4820098,22,56,78
Weeks,http://www.wikidata.org/entity/Q67137404,0,13,13
Holden,http://www.wikidata.org/entity/Q693224,2,21,23
Windsor,http://www.wikidata.org/entity/Q983973,2,17,19
Buchanan,http://www.wikidata.org/entity/Q997884,3,22,25
Burton,http://www.wikidata.org/entity/Q1017103,7,26,33
Bush,http://www.wikidata.org/entity/Q1017464,2,17,19
Dayton,http://www.wikidata.org/entity/Q1179191,5,101,106
Green,http://www.wikidata.org/entity/Q1807795,1,12,13
Cleveland,http://www.wikidata.org/entity/Q1100681,4,34,38
Trent,http://www.wikidata.org/entity/Q1821288,1,19,20
Kelly,http://www.wikidata.org/entity/Q1848364,1,12,13
Phoenix,http://www.wikidata.org/entity/Q1853601,3,14,17
Armstrong,http://www.wikidata.org/entity/Q1857077,1,13,14
Petty,http://www.wikidata.org/entity/Q1862486,1,12,13
Omega,http://www.wikidata.org/entity/Q1864577,1,12,13
Hamilton,http://www.wikidata.org/entity/Q1868180,1,12,13
Calvert,http://www.wikidata.org/entity/Q1869020,1,12,13
Cooper,http://www.wikidata.org/entity/Q1869863,3,24,27
Triumph,http://www.wikidata.org/entity/Q1140388,218,106,324
Baron,http://www.wikidata.org/entity/Q1886826,1,12,13
Fairfield,http://www.wikidata.org/entity/Q1899960,1,17,18
CF,http://www.wikidata.org/entity/Q1900919,2,15,17
Labor,http://www.wikidata.org/entity/Q1906764,2,27,29
Pilot,http://www.wikidata.org/entity/Q1912658,1,12,13
Beaumont,http://www.wikidata.org/entity/Q1914339,1,12,13
Harper,http://www.wikidata.org/entity/Q1917510,1,12,13
Viper,http://www.wikidata.org/entity/Q1925843,1,12,13
Premier,http://www.wikidata.org/entity/Q1942852,1,18,19
Swan,http://www.wikidata.org/entity/Q1948179,1,12,13
César,http://www.wikidata.org/entity/Q1150534,1,23,24
Tamara,http://www.wikidata.org/entity/Q1168707,1,20,21
DB,http://www.wikidata.org/entity/Q1201942,15,52,67
Eagle,http://www.wikidata.org/entity/Q1203417,48,69,117
Ray,http://www.wikidata.org/entity/Q1959569,1,12,13
Solo,http://www.wikidata.org/entity/Q1968330,1,20,21
Berlin,http://www.wikidata.org/entity/Q1969442,1,20,21
Gerard,http://www.wikidata.org/entity/Q1979081,0,10,10
Roots,http://www.wikidata.org/entity/Q1986899,1,12,13
Comet,http://www.wikidata.org/entity/Q1992539,1,12,13
L,http://www.wikidata.org/entity/Q1998634,1,20,21
Service,http://www.wikidata.org/entity/Q2003481,1,15,16
Lloyd,http://www.wikidata.org/entity/Q2004675,1,14,15
Hazel,http://www.wikidata.org/entity/Q2013510,1,14,15
Omega,http://www.wikidata.org/entity/Q2015304,1,12,13
Bismarck,http://www.wikidata.org/entity/Q2022003,1,20,21
Dollar,http://www.wikidata.org/entity/Q2023575,5,23,28
Max,http://www.wikidata.org/entity/Q2032199,1,13,14
Forward,http://www.wikidata.org/entity/Q2032676,1,15,16
Scout,http://www.wikidata.org/entity/Q2036534,1,12,13
Silva,http://www.wikidata.org/entity/Q2039860,1,12,13
Win,http://www.wikidata.org/entity/Q2053594,1,12,13
Diamond,http://www.wikidata.org/entity/Q2055382,1,18,19
Jewel,http://www.wikidata.org/entity/Q2056473,1,17,18
Turner,http://www.wikidata.org/entity/Q2060370,1,12,13
Direct,http://www.wikidata.org/entity/Q1227415,3,27,30
Douglas,http://www.wikidata.org/entity/Q1252404,34,45,79
Alba,http://www.wikidata.org/entity/Q1258106,3,31,34
Hampton,http://www.wikidata.org/entity/Q1263466,4,26,30
Charlton,http://www.wikidata.org/entity/Q2077570,1,12,13
Tyler,http://www.wikidata.org/entity/Q2096297,1,12,13
Regent,http://www.wikidata.org/entity/Q2098811,1,12,13
Dalton,http://www.wikidata.org/entity/Q2101021,1,12,13
Hunter,http://www.wikidata.org/entity/Q2104629,1,20,21
Eclipse,http://www.wikidata.org/entity/Q1281942,1,24,25
Egg,http://www.wikidata.org/entity/Q1297359,2,24,26
Atlas,http://www.wikidata.org/entity/Q2115582,1,12,13
Star,http://www.wikidata.org/entity/Q2119952,1,12,13
SMS,http://www.wikidata.org/entity/Q2124603,1,12,13
Hercules,http://www.wikidata.org/entity/Q2129902,1,12,13
GB,http://www.wikidata.org/entity/Q2133681,1,12,13
Stafford,http://www.wikidata.org/entity/Q2136263,1,12,13
Phoenix,http://www.wikidata.org/entity/Q2143211,1,13,14
Fly,http://www.wikidata.org/entity/Q2150284,1,20,21
Morris,http://www.wikidata.org/entity/Q2155939,1,12,13
Esther,http://www.wikidata.org/entity/Q1349442,4,25,29
Lambert,http://www.wikidata.org/entity/Q1369339,2,19,21
Eureka,http://www.wikidata.org/entity/Q1374359,2,17,19
Standard,http://www.wikidata.org/entity/Q1390101,2,26,28
Flint,http://www.wikidata.org/entity/Q1428829,5,28,33
London,http://www.wikidata.org/entity/Q2174828,1,12,13
Iris,http://www.wikidata.org/entity/Q2176821,1,12,13
CC,http://www.wikidata.org/entity/Q2185050,1,12,13
Metro,http://www.wikidata.org/entity/Q2192134,1,12,13
Forward,http://www.wikidata.org/entity/Q1439274,2,22,24
Alba,http://www.wikidata.org/entity/Q1478659,5,86,91
Galloway,http://www.wikidata.org/entity/Q1492546,5,22,27
Gibbs,http://www.wikidata.org/entity/Q1522876,4,28,32
Gordon,http://www.wikidata.org/entity/Q1537958,4,21,25
Noble,http://www.wikidata.org/entity/Q1542124,45,65,110
Clyde,http://www.wikidata.org/entity/Q2237753,1,12,13
Juno,http://www.wikidata.org/entity/Q2239409,1,14,15
Reed,http://www.wikidata.org/entity/Q2241887,1,12,13
Beaufort,http://www.wikidata.org/entity/Q2242040,1,15,16
DR,http://www.wikidata.org/entity/Q2242860,1,12,13
ABC,http://www.wikidata.org/entity/Q2243557,1,12,13
Shaw,http://www.wikidata.org/entity/Q2260175,1,12,13
Spartan,http://www.wikidata.org/entity/Q2260862,3,14,17
Avon,http://www.wikidata.org/entity/Q2262462,1,12,13
SL,http://www.wikidata.org/entity/Q2266780,1,12,13
Edmund,http://www.wikidata.org/entity/Q2289766,1,12,13
Leonard,http://www.wikidata.org/entity/Q2290136,1,12,13
Venus,http://www.wikidata.org/entity/Q2309300,1,12,13
Graphic,http://www.wikidata.org/entity/Q2310103,1,12,13
Edmonton,http://www.wikidata.org/entity/Q2314402,1,12,13
Star,http://www.wikidata.org/entity/Q1618550,5,15,20
Pioneer,http://www.wikidata.org/entity/Q1638088,1,11,12
Imperial,http://www.wikidata.org/entity/Q1660283,2,17,19
Hanover,http://www.wikidata.org/entity/Q1576672,4,18,22
Jewel,http://www.wikidata.org/entity/Q1582060,2,20,22
Hawk,http://www.wikidata.org/entity/Q1591643,4,24,28
Hercules,http://www.wikidata.org/entity/Q1609604,7,27,34
Merlin,http://www.wikidata.org/entity/Q2196571,1,16,17
Montgomery,http://www.wikidata.org/entity/Q2204511,1,15,16
Aston,http://www.wikidata.org/entity/Q2206651,1,12,13
Thomas,http://www.wikidata.org/entity/Q2208262,1,12,13
Nicholas,http://www.wikidata.org/entity/Q2210785,1,12,13
Derby,http://www.wikidata.org/entity/Q2213044,1,12,13
Brown,http://www.wikidata.org/entity/Q2218934,1,12,13
Rochester,http://www.wikidata.org/entity/Q2397309,1,17,18
Duncan,http://www.wikidata.org/entity/Q2401500,1,12,13
Priory,http://www.wikidata.org/entity/Q2404522,1,12,13
Planet,http://www.wikidata.org/entity/Q2405699,1,13,14
MCC,http://www.wikidata.org/entity/Q2407304,1,12,13
Low,http://www.wikidata.org/entity/Q2409948,1,12,13
Maxim,http://www.wikidata.org/entity/Q2429024,1,12,13
Phoenix,http://www.wikidata.org/entity/Q2442977,1,12,13
Barron,http://www.wikidata.org/entity/Q2447329,1,12,13
Overseas,http://www.wikidata.org/entity/Q2342794,3,18,21
Wakefield,http://www.wikidata.org/entity/Q2353942,1,12,13
Imperial,http://www.wikidata.org/entity/Q2379217,1,12,13
Empire,http://www.wikidata.org/entity/Q2382710,1,20,21
Dane,http://www.wikidata.org/entity/Q2392397,1,12,13
Keller,http://www.wikidata.org/entity/Q1738218,2,15,17
Cleveland,http://www.wikidata.org/entity/Q2456111,1,18,19
Mercury,http://www.wikidata.org/entity/Q2464487,1,13,14
Portland,http://www.wikidata.org/entity/Q2466619,1,12,13
Regina,http://www.wikidata.org/entity/Q2468052,1,13,14
Warrior,http://www.wikidata.org/entity/Q2470093,1,12,13
Mobile,http://www.wikidata.org/entity/Q2483631,1,12,13
Newton,http://www.wikidata.org/entity/Q2493357,1,16,17
Stuart,http://www.wikidata.org/entity/Q2494032,1,12,13
Mars,http://www.wikidata.org/entity/Q2500050,1,12,13
Henley,http://www.wikidata.org/entity/Q2508803,1,12,13
Marion,http://www.wikidata.org/entity/Q1899105,3,23,26
Dana,http://www.wikidata.org/entity/Q1907188,2,15,17
Addison,http://www.wikidata.org/entity/Q1820088,5,26,31
Lily,http://www.wikidata.org/entity/Q2511997,1,12,13
Century,http://www.wikidata.org/entity/Q2524081,1,12,13
Pearson,http://www.wikidata.org/entity/Q2534067,1,12,13
Senior,http://www.wikidata.org/entity/Q2535177,1,16,17
Commander,http://www.wikidata.org/entity/Q2536042,1,13,14
Shepherd,http://www.wikidata.org/entity/Q2554043,1,12,13
Kirk,http://www.wikidata.org/entity/Q2558108,3,15,18
Jones,http://www.wikidata.org/entity/Q2576472,1,12,13
Arrow,http://www.wikidata.org/entity/Q2578959,1,18,19
Union,http://www.wikidata.org/entity/Q2584130,1,12,13
Ricardo,http://www.wikidata.org/entity/Q2587439,1,16,17
Atlas,http://www.wikidata.org/entity/Q2593789,1,12,13
Green,http://www.wikidata.org/entity/Q2600074,1,12,13
Ray,http://www.wikidata.org/entity/Q2606598,1,12,13
Albert,http://www.wikidata.org/entity/Q2607499,4,23,27
Powell,http://www.wikidata.org/entity/Q2608282,1,12,13
Norman,http://www.wikidata.org/entity/Q2617671,1,12,13
Baker,http://www.wikidata.org/entity/Q2624116,1,12,13
Victoria,http://www.wikidata.org/entity/Q2626983,1,14,15
Consul,http://www.wikidata.org/entity/Q2635653,1,12,13
Gloria,http://www.wikidata.org/entity/Q2636089,1,15,16
Alba,http://www.wikidata.org/entity/Q2637160,6,21,27
Trump,http://www.wikidata.org/entity/Q2643970,2,16,18
Saturn,http://www.wikidata.org/entity/Q2647522,1,16,17
Fraser,http://www.wikidata.org/entity/Q2650309,1,14,15
Temple,http://www.wikidata.org/entity/Q2651737,1,12,13
Ward,http://www.wikidata.org/entity/Q2656233,1,14,15
Czech,http://www.wikidata.org/entity/Q2667491,1,12,13
Revolution,http://www.wikidata.org/entity/Q2669227,1,12,13
Progress,http://www.wikidata.org/entity/Q2682211,1,12,13
Howard,http://www.wikidata.org/entity/Q2684560,1,12,13
Norfolk,http://www.wikidata.org/entity/Q1998994,2,18,20
Northern,http://www.wikidata.org/entity/Q2000954,1,18,19
Nova,http://www.wikidata.org/entity/Q2002731,1,25,26
Nova,http://www.wikidata.org/entity/Q2002733,1,21,22
China,http://www.wikidata.org/entity/Q69923439,4,35,39
Hercules,http://www.wikidata.org/entity/Q2703724,1,16,17
Mead,http://www.wikidata.org/entity/Q2703991,1,12,13
Caesar,http://www.wikidata.org/entity/Q2718801,1,12,13
Mohawk,http://www.wikidata.org/entity/Q2723370,1,12,13
Weaver,http://www.wikidata.org/entity/Q2727222,1,12,13
Bradshaw,http://www.wikidata.org/entity/Q2738528,1,12,13
Colonial,http://www.wikidata.org/entity/Q2772203,1,12,13
Phoenix,http://www.wikidata.org/entity/Q2088475,2,15,17
Piedmont,http://www.wikidata.org/entity/Q2092542,3,18,21
Ranger,http://www.wikidata.org/entity/Q2130910,8,26,34
Ruby,http://www.wikidata.org/entity/Q2171701,3,33,36
Ajax,http://www.wikidata.org/entity/Q2918042,3,15,18
Sampson,http://www.wikidata.org/entity/Q2926721,1,13,14
Arrow,http://www.wikidata.org/entity/Q2945098,1,18,19
Armstrong,http://www.wikidata.org/entity/Q2951737,1,13,14
Wallis,http://www.wikidata.org/entity/Q2991537,1,14,15
Everest,http://www.wikidata.org/entity/Q3061455,5,31,36
Barry,http://www.wikidata.org/entity/Q3061498,1,12,13
Willow,http://www.wikidata.org/entity/Q3111593,1,12,13
Thunder,http://www.wikidata.org/entity/Q2775559,1,13,14
McKenzie,http://www.wikidata.org/entity/Q2787952,1,12,13
Regina,http://www.wikidata.org/entity/Q2839035,1,13,14
Mead,http://www.wikidata.org/entity/Q2851166,1,12,13
Oscar,http://www.wikidata.org/entity/Q2853890,1,12,13
Bond,http://www.wikidata.org/entity/Q2866747,1,15,16
Martin,http://www.wikidata.org/entity/Q2870839,1,12,13
Ajax,http://www.wikidata.org/entity/Q2892389,1,12,13
Springfield,http://www.wikidata.org/entity/Q2907102,1,12,13
Toledo,http://www.wikidata.org/entity/Q2439113,2,25,27
Sofia,http://www.wikidata.org/entity/Q2297423,5,19,24
André,http://www.wikidata.org/entity/Q2383267,3,22,25
Russell,http://www.wikidata.org/entity/Q3919729,1,12,13
Collier,http://www.wikidata.org/entity/Q4027015,1,12,13
Austen,http://www.wikidata.org/entity/Q4306241,1,12,13
Hobart,http://www.wikidata.org/entity/Q4306579,1,16,17
Arab,http://www.wikidata.org/entity/Q4354735,1,12,13
Johnson,http://www.wikidata.org/entity/Q4359040,1,12,13
Hyde,http://www.wikidata.org/entity/Q4368873,1,12,13
Regent,http://www.wikidata.org/entity/Q4391524,1,12,13
Colombo,http://www.wikidata.org/entity/Q4485452,1,13,14
Roe,http://www.wikidata.org/entity/Q4502858,1,14,15
Globe,http://www.wikidata.org/entity/Q4527544,1,12,13
Carlton,http://www.wikidata.org/entity/Q4754684,1,12,13
Ready,http://www.wikidata.org/entity/Q4791708,1,12,13
Val,http://www.wikidata.org/entity/Q4793008,1,12,13
Mercer,http://www.wikidata.org/entity/Q4845319,1,12,13
Sun,http://www.wikidata.org/entity/Q4869274,1,13,14
Swift,http://www.wikidata.org/entity/Q3294965,1,19,20
BP,http://www.wikidata.org/entity/Q109525576,0,16,16
Campbell,http://www.wikidata.org/entity/Q109404239,0,19,19
Sato,http://www.wikidata.org/entity/Q109404332,0,18,18
Mann,http://www.wikidata.org/entity/Q2552697,1,16,17
Winkler,http://www.wikidata.org/entity/Q2584628,2,26,28
Woodrow,http://www.wikidata.org/entity/Q2593211,4,23,27
Albany,http://www.wikidata.org/entity/Q2637279,5,29,34
Gordon,http://www.wikidata.org/entity/Q2656909,2,33,35
Sentinel,http://www.wikidata.org/entity/Q2799012,1,12,13
Titan,http://www.wikidata.org/entity/Q2864161,1,20,21
Sherman,http://www.wikidata.org/entity/Q3071719,5,22,27
Quest,http://www.wikidata.org/entity/Q3257065,1,12,13
Alba,http://www.wikidata.org/entity/Q3607834,5,37,42
Elder,http://www.wikidata.org/entity/Q3721215,6,19,25
Austro,http://www.wikidata.org/entity/Q3740743,3,23,26
ABC,http://www.wikidata.org/entity/Q4650107,5,56,61
Adams,http://www.wikidata.org/entity/Q4680291,4,21,25
Alexandra,http://www.wikidata.org/entity/Q4720563,2,24,26
Allen,http://www.wikidata.org/entity/Q4731494,2,24,26
Allen,http://www.wikidata.org/entity/Q4731496,3,26,29
America,http://www.wikidata.org/entity/Q4742711,3,24,27
American,http://www.wikidata.org/entity/Q4742847,3,26,29
American,http://www.wikidata.org/entity/Q4742850,2,21,23
Ames,http://www.wikidata.org/entity/Q4745855,3,31,34
Amherst,http://www.wikidata.org/entity/Q4746009,6,25,31
Anderson,http://www.wikidata.org/entity/Q4754016,3,25,28
Anderson,http://www.wikidata.org/entity/Q4754017,3,22,25
Anna,http://www.wikidata.org/entity/Q4766796,2,23,25
Apollo,http://www.wikidata.org/entity/Q4780258,4,38,42
Arrow,http://www.wikidata.org/entity/Q4796103,3,39,42
Atlas,http://www.wikidata.org/entity/Q4816773,3,21,24
Atlas,http://www.wikidata.org/entity/Q4816779,3,19,22
Belmont,http://www.wikidata.org/entity/Q4884316,3,21,24
Bradley,http://www.wikidata.org/entity/Q4954852,5,23,28
Buffalo,http://www.wikidata.org/entity/Q4985642,4,25,29
Olympic,http://www.wikidata.org/entity/Q4978065,1,12,13
K,http://www.wikidata.org/entity/Q5079709,1,15,16
Lewis,http://www.wikidata.org/entity/Q5193253,1,13,14
Booth,http://www.wikidata.org/entity/Q5282621,1,12,13
Kerry,http://www.wikidata.org/entity/Q11681897,3,26,29
Blake,http://www.wikidata.org/entity/Q13439859,1,14,15
Carlton,http://www.wikidata.org/entity/Q13456155,1,12,13
Clark,http://www.wikidata.org/entity/Q13468816,1,12,13
Diamond,http://www.wikidata.org/entity/Q13572332,1,13,14
Campbell,http://www.wikidata.org/entity/Q5027985,3,25,28
Cannon,http://www.wikidata.org/entity/Q5032744,3,19,22
Century,http://www.wikidata.org/entity/Q5063116,3,24,27
Clinton,http://www.wikidata.org/entity/Q5134049,2,19,21
Colonial,http://www.wikidata.org/entity/Q5148270,3,20,23
Commonwealth,http://www.wikidata.org/entity/Q5153675,7,36,43
Cricket,http://www.wikidata.org/entity/Q5184939,3,24,27
Deal,http://www.wikidata.org/entity/Q5245836,4,29,33
Derby,http://www.wikidata.org/entity/Q5261409,2,21,23
Detroit,http://www.wikidata.org/entity/Q5265839,2,15,17
Elgin,http://www.wikidata.org/entity/Q5360008,3,25,28
Empire,http://www.wikidata.org/entity/Q5374001,2,27,29
Empire,http://www.wikidata.org/entity/Q5374002,4,32,36
Fischer,http://www.wikidata.org/entity/Q5454419,3,24,27
Gray,http://www.wikidata.org/entity/Q5598152,3,20,23
Hammer,http://www.wikidata.org/entity/Q5645606,3,24,27
Harvard,http://www.wikidata.org/entity/Q5676257,3,19,22
Self,http://www.wikidata.org/entity/Q7448240,2,13,15
Sheridan,http://www.wikidata.org/entity/Q7494873,6,42,48
Standard,http://www.wikidata.org/entity/Q7598158,2,13,15
Standard,http://www.wikidata.org/entity/Q7598161,3,38,41
Müller,http://www.wikidata.org/entity/Q15836070,1,21,22
Federation,http://www.wikidata.org/entity/Q13633438,1,12,13
Gloria,http://www.wikidata.org/entity/Q13643327,1,15,16
Graves,http://www.wikidata.org/entity/Q13647567,1,12,13
Hampton,http://www.wikidata.org/entity/Q13653402,1,12,13
Morris,http://www.wikidata.org/entity/Q13862480,1,12,13
Noble,http://www.wikidata.org/entity/Q13899237,1,12,13
Stanley,http://www.wikidata.org/entity/Q14380563,1,14,15
Alma,http://www.wikidata.org/entity/Q15782493,2,25,27
Best,http://www.wikidata.org/entity/Q15788088,1,25,26
Baja,http://www.wikidata.org/entity/Q15792408,2,28,30
Dennis,http://www.wikidata.org/entity/Q16829367,5,30,35
Berkeley,http://www.wikidata.org/entity/Q16830614,4,22,26
Regent,http://www.wikidata.org/entity/Q16856223,1,12,13
Hitchcock,http://www.wikidata.org/entity/Q5871763,3,28,31
Hoffman,http://www.wikidata.org/entity/Q5876580,4,32,36
Hudson,http://www.wikidata.org/entity/Q5928540,3,23,26
James,http://www.wikidata.org/entity/Q6128007,3,25,28
Lincoln,http://www.wikidata.org/entity/Q6550445,3,24,27
Lion,http://www.wikidata.org/entity/Q6555378,5,23,28
Logan,http://www.wikidata.org/entity/Q6666916,3,33,36
Media,http://www.wikidata.org/entity/Q6805438,3,24,27
Michigan,http://www.wikidata.org/entity/Q6837436,4,25,29
Michigan,http://www.wikidata.org/entity/Q6837437,3,23,26
Monroe,http://www.wikidata.org/entity/Q6902113,3,17,20
Nelson,http://www.wikidata.org/entity/Q6990333,3,19,22
Paterson,http://www.wikidata.org/entity/Q7144577,4,24,28
Penn,http://www.wikidata.org/entity/Q7163160,4,22,26
Queen,http://www.wikidata.org/entity/Q7270157,3,38,41
Queen,http://www.wikidata.org/entity/Q7270159,2,15,17
Ross,http://www.wikidata.org/entity/Q7369162,3,30,33
Ross,http://www.wikidata.org/entity/Q7369164,2,15,17
Nobel,http://www.wikidata.org/entity/Q15855310,4,28,32
Princess,http://www.wikidata.org/entity/Q16919404,2,21,23
Holly,http://www.wikidata.org/entity/Q16943237,3,101,104
Crescent,http://www.wikidata.org/entity/Q16978073,1,13,14
King,http://www.wikidata.org/entity/Q16998401,3,21,24
Logan,http://www.wikidata.org/entity/Q17034979,3,23,26
Ace,http://www.wikidata.org/entity/Q18018449,6,40,46
Atlas,http://www.wikidata.org/entity/Q22671390,1,18,19
Wizard,http://www.wikidata.org/entity/Q14520176,1,12,13
King,http://www.wikidata.org/entity/Q14635109,1,18,19
McLaren,http://www.wikidata.org/entity/Q172030,242,351,593
Mercedes,http://www.wikidata.org/entity/Q172721,123,222,345
Porsche,http://www.wikidata.org/entity/Q842690,10,42,52
MCA,http://www.wikidata.org/entity/Q22671828,1,12,13
Griffin,http://www.wikidata.org/entity/Q22671644,1,17,18
Hudson,http://www.wikidata.org/entity/Q22671698,2,25,27
Scout,http://www.wikidata.org/entity/Q22672001,1,17,18
SD,http://www.wikidata.org/entity/Q22672004,1,12,13
Spirit,http://www.wikidata.org/entity/Q22672042,1,13,14
Falcon,http://www.wikidata.org/entity/Q22691838,1,17,18
Tiffany,http://www.wikidata.org/entity/Q28458592,2,18,20
Sharp,http://www.wikidata.org/entity/Q28458689,2,14,16
Apollo,http://www.wikidata.org/entity/Q31836839,6,18,24
Tucker,http://www.wikidata.org/entity/Q62893637,4,34,38
Boeing,http://www.wikidata.org/entity/Q66,1113,588,1701
Airbus,http://www.wikidata.org/entity/Q67,363,459,822
Atlas,http://www.wikidata.org/entity/Q577703,25,38,63
Leonardo,http://www.wikidata.org/entity/Q910379,183,218,401
Fairchild,http://www.wikidata.org/entity/Q1136766,111,124,235
Renaissance,http://www.wikidata.org/entity/Q7312393,3,9,12
Crusaders,http://www.wikidata.org/entity/Q107641688,3,14,17
Neptune,http://www.wikidata.org/entity/Q6995645,11,33,44
Stella,http://www.wikidata.org/entity/Q7607031,1,18,19
Lancashire,http://www.wikidata.org/entity/Q3216908,1,28,29
Ace,http://www.wikidata.org/entity/Q4672951,5,27,32
Fairchild,http://www.wikidata.org/entity/Q5430059,27,36,63
Jacobs,http://www.wikidata.org/entity/Q6119725,9,27,36
Robert,http://www.wikidata.org/entity/Q11350552,6,30,36
ABS,http://www.wikidata.org/entity/Q16001459,1,19,20
Hamilton,http://www.wikidata.org/entity/Q21159907,2,15,17
news,http://www.wikidata.org/entity/Q17215099,5,25,30
Daphne,http://www.wikidata.org/entity/Q28451452,1,12,13
Volvo,http://www.wikidata.org/entity/Q163810,264,338,602
Harding,http://www.wikidata.org/entity/Q108878002,0,14,14
PS,http://www.wikidata.org/entity/Q86004466,0,18,18
Jess,http://www.wikidata.org/entity/Q110830806,0,26,26
Lima,http://www.wikidata.org/entity/Q574206,13,59,72
Atlantic,http://www.wikidata.org/entity/Q756275,5,43,48
Sachs,http://www.wikidata.org/entity/Q317263,23,60,83
Triumph,http://www.wikidata.org/entity/Q447580,12,56,68
Beta,http://www.wikidata.org/entity/Q830950,45,73,118
Trojan,http://www.wikidata.org/entity/Q842941,12,59,71
Hoffmann,http://www.wikidata.org/entity/Q1623036,4,41,45
Peters,http://www.wikidata.org/entity/Q1865982,1,12,13
Minneapolis,http://www.wikidata.org/entity/Q2046232,1,13,14
Keller,http://www.wikidata.org/entity/Q2198984,1,17,18
Cyclone,http://www.wikidata.org/entity/Q2327230,2,13,15
Aurora,http://www.wikidata.org/entity/Q2573719,1,16,17
California,http://www.wikidata.org/entity/Q2614568,1,19,20
Dayton,http://www.wikidata.org/entity/Q2652106,1,18,19
Omega,http://www.wikidata.org/entity/Q2681218,2,25,27
Mars,http://www.wikidata.org/entity/Q2707448,2,23,25
Rose,http://www.wikidata.org/entity/Q2749274,1,18,19
Winter,http://www.wikidata.org/entity/Q82356,17,54,71
Moose,http://www.wikidata.org/entity/Q492396,13,53,66
Madison,http://www.wikidata.org/entity/Q3544700,7,34,41
King,http://www.wikidata.org/entity/Q4220735,1,37,38
Buddy,http://www.wikidata.org/entity/Q4697770,6,42,48
Cook,http://www.wikidata.org/entity/Q6417173,3,44,47
Lightning,http://www.wikidata.org/entity/Q6546419,2,15,17
Rex,http://www.wikidata.org/entity/Q7319120,8,34,42
Soccer,http://www.wikidata.org/entity/Q7550288,4,33,37
Spike,http://www.wikidata.org/entity/Q7577178,5,30,35
Sykes,http://www.wikidata.org/entity/Q7660509,1,32,33
Terry,http://www.wikidata.org/entity/Q7704028,11,56,67
Travis,http://www.wikidata.org/entity/Q7836194,4,40,44
Hercules,http://www.wikidata.org/entity/Q16200891,3,45,48
Higgins,http://www.wikidata.org/entity/Q16201826,7,22,29
Douglas,http://www.wikidata.org/entity/Q18450138,5,26,31
Bruno,http://www.wikidata.org/entity/Q20686121,3,20,23
Teddy,http://www.wikidata.org/entity/Q21978595,3,20,23
Jed,http://www.wikidata.org/entity/Q22285175,3,28,31
Carlos,http://www.wikidata.org/entity/Q28457432,1,29,30
Olivia,http://www.wikidata.org/entity/Q60755872,1,23,24
Reggie,http://www.wikidata.org/entity/Q65967183,4,24,28
Archie,http://www.wikidata.org/entity/Q65967198,4,27,31
Fred,http://www.wikidata.org/entity/Q66091645,4,23,27
Tango,http://www.wikidata.org/entity/Q66424804,5,23,28
Cindy,http://www.wikidata.org/entity/Q76334814,4,25,29
Sandy,http://www.wikidata.org/entity/Q76335068,4,25,29
Daisy,http://www.wikidata.org/entity/Q78820580,1,15,16
Ivy,http://www.wikidata.org/entity/Q2886626,7,31,38
Nova,http://www.wikidata.org/entity/Q2923665,1,24,25
Chase,http://www.wikidata.org/entity/Q3258667,2,23,25
Cotton,http://www.wikidata.org/entity/Q3695976,9,49,58
Atlantis,http://www.wikidata.org/entity/Q3911141,1,24,25
Alpha,http://www.wikidata.org/entity/Q8196409,6,30,36
Aurora,http://www.wikidata.org/entity/Q13431265,2,25,27
Radio,http://www.wikidata.org/entity/Q21085444,1,19,20
Sutton,http://www.wikidata.org/entity/Q1645114,6,25,31
Phillips,http://www.wikidata.org/entity/Q1817628,8,22,30
Hall,http://www.wikidata.org/entity/Q3780781,4,19,23
Gibson,http://www.wikidata.org/entity/Q210278,186,201,387
Belarus,http://www.wikidata.org/entity/Q4881914,2,32,34
Simmons,http://www.wikidata.org/entity/Q7517985,3,34,37
Buster,http://www.wikidata.org/entity/Q3429881,5,25,30
Formula,http://www.wikidata.org/entity/Q8564668,1,39,40
Zeppelin,http://www.wikidata.org/entity/Q98824632,8,23,31
Alpha,http://www.wikidata.org/entity/Q107093055,0,17,17
Browning,http://www.wikidata.org/entity/Q107093063,0,17,17
Arabia,http://www.wikidata.org/entity/Q623846,46,94,140
Zoe,http://www.wikidata.org/entity/Q94625501,4,21,25
Downtown,http://www.wikidata.org/entity/Q1154064,31,60,91
Identity,http://www.wikidata.org/entity/Q11282261,1,31,32
Einstein,http://www.wikidata.org/entity/Q11282510,7,40,47
Armstrong,http://www.wikidata.org/entity/Q11285753,7,31,38
Shane,http://www.wikidata.org/entity/Q11307019,1,17,18
Jessica,http://www.wikidata.org/entity/Q11309196,1,15,16
Jaguar,http://www.wikidata.org/entity/Q11309696,1,24,25
Spike,http://www.wikidata.org/entity/Q11312654,1,24,25
Smile,http://www.wikidata.org/entity/Q11313221,1,27,28
Diane,http://www.wikidata.org/entity/Q11316630,1,43,44
Denis,http://www.wikidata.org/entity/Q11320650,3,32,35
Knights,http://www.wikidata.org/entity/Q11323581,3,36,39
Viking,http://www.wikidata.org/entity/Q11327391,8,26,34
Messenger,http://www.wikidata.org/entity/Q11343749,11,26,37
License,http://www.wikidata.org/entity/Q11346374,7,35,42
Toy,http://www.wikidata.org/entity/Q28687294,1,20,21
Cotton,http://www.wikidata.org/entity/Q30924411,7,24,31
Sunshine,http://www.wikidata.org/entity/Q93032092,1,15,16
Q,http://www.wikidata.org/entity/Q60985824,1,23,24
Sega,http://www.wikidata.org/entity/Q122741,3265,540,3805
Square,http://www.wikidata.org/entity/Q739552,375,205,580
Leaf,http://www.wikidata.org/entity/Q907871,33,70,103
Success,http://www.wikidata.org/entity/Q1091035,91,60,151
Gala,http://www.wikidata.org/entity/Q1137822,9,47,56
Key,http://www.wikidata.org/entity/Q1143528,81,114,195
August,http://www.wikidata.org/entity/Q1143795,14,63,77
Treasure,http://www.wikidata.org/entity/Q1188050,83,81,164
Spike,http://www.wikidata.org/entity/Q2541040,109,77,186
Jupiter,http://www.wikidata.org/entity/Q2613004,116,67,183
Ancient,http://www.wikidata.org/entity/Q2845962,21,47,68
Athena,http://www.wikidata.org/entity/Q4813366,33,44,77
Noise,http://www.wikidata.org/entity/Q7047669,16,37,53
Panic,http://www.wikidata.org/entity/Q7131061,84,97,181
Riot,http://www.wikidata.org/entity/Q7335430,7,18,25
Twilight,http://www.wikidata.org/entity/Q7857976,12,22,34
Feng,http://www.wikidata.org/entity/Q10847160,18,31,49
Active,http://www.wikidata.org/entity/Q11189999,51,47,98
Bishop,http://www.wikidata.org/entity/Q11191283,4,32,36
Favorite,http://www.wikidata.org/entity/Q11198926,13,34,47
Kiss,http://www.wikidata.org/entity/Q11228542,5,28,33
Zero,http://www.wikidata.org/entity/Q11255756,3,24,27
Experience,http://www.wikidata.org/entity/Q11289809,10,51,61
Birthday,http://www.wikidata.org/entity/Q11328509,10,26,36
More,http://www.wikidata.org/entity/Q22128987,1,26,27
Smile,http://www.wikidata.org/entity/Q22130729,3,16,19
Question,http://www.wikidata.org/entity/Q33441731,4,12,16
Sol,http://www.wikidata.org/entity/Q54150946,3,23,26
Mountains,http://www.wikidata.org/entity/Q60594218,2,29,31
Pandora,http://www.wikidata.org/entity/Q56433268,10,23,33
Cream,http://www.wikidata.org/entity/Q62493810,0,16,16
Melody,http://www.wikidata.org/entity/Q62507653,4,25,29
Actress,http://www.wikidata.org/entity/Q62508662,4,15,19
Seriously,http://www.wikidata.org/entity/Q66777838,9,55,64
Silence,http://www.wikidata.org/entity/Q65032803,0,16,16
ensemble,http://www.wikidata.org/entity/Q86745042,23,35,58
Appeal,http://www.wikidata.org/entity/Q105491139,8,30,38
Gardens,http://www.wikidata.org/entity/Q110792929,0,22,22
Loki,http://www.wikidata.org/entity/Q111183849,2,20,22
Antony,http://www.wikidata.org/entity/Q104373098,8,43,51
knot,http://www.wikidata.org/entity/Q28684172,1,55,56
Mary,http://www.wikidata.org/entity/Q1257254,26,92,118
chair,http://www.wikidata.org/entity/Q1363750,2396,83,2479
Christopher,http://www.wikidata.org/entity/Q98862884,2,19,21
chancellor,http://www.wikidata.org/entity/Q61061,634,136,770
rector,http://www.wikidata.org/entity/Q212071,10022,263,10285
