Label,URI,Indegree,Outdegree,Degree
Lau,http://www.wikidata.org/entity/Q60750158,1,10,11
Piano,http://www.wikidata.org/entity/Q65772009,0,39,39
Guitar,http://www.wikidata.org/entity/Q79485088,0,21,21
Guitar,http://www.wikidata.org/entity/Q79485193,0,27,27
Guitar,http://www.wikidata.org/entity/Q79485265,0,23,23
Piano,http://www.wikidata.org/entity/Q79485280,0,21,21
Guitar,http://www.wikidata.org/entity/Q79485285,4,23,27
Guitar,http://www.wikidata.org/entity/Q79485290,0,27,27
Guitar,http://www.wikidata.org/entity/Q79485397,0,21,21
Bow,http://www.wikidata.org/entity/Q79485404,0,21,21
Bow,http://www.wikidata.org/entity/Q79485408,0,21,21
Bow,http://www.wikidata.org/entity/Q79485412,0,21,21
Bow,http://www.wikidata.org/entity/Q79485418,0,21,21
Violin,http://www.wikidata.org/entity/Q80002939,0,21,21
Drum,http://www.wikidata.org/entity/Q83556680,0,21,21
SPD,http://www.wikidata.org/entity/Q94994725,2,13,15
Gong,http://www.wikidata.org/entity/Q94995095,4,14,18
balloon,http://www.wikidata.org/entity/Q99700503,0,13,13
Guitar,http://www.wikidata.org/entity/Q106744968,0,21,21
clarinet,http://www.wikidata.org/entity/Q89190436,0,21,21
clarinet,http://www.wikidata.org/entity/Q89190437,0,23,23
clarinet,http://www.wikidata.org/entity/Q89190438,0,21,21
clarinet,http://www.wikidata.org/entity/Q89190714,0,21,21
clarinet,http://www.wikidata.org/entity/Q89191533,0,23,23
clarinet,http://www.wikidata.org/entity/Q89191548,0,23,23
clarinet,http://www.wikidata.org/entity/Q89191551,0,21,21
clarinet,http://www.wikidata.org/entity/Q89191555,0,23,23
clarinet,http://www.wikidata.org/entity/Q89191560,0,21,21
clarinet,http://www.wikidata.org/entity/Q89191564,0,23,23
clarinet,http://www.wikidata.org/entity/Q89191569,0,23,23
clarinet,http://www.wikidata.org/entity/Q89191599,0,21,21
clarinet,http://www.wikidata.org/entity/Q89191603,0,25,25
clarinet,http://www.wikidata.org/entity/Q89191607,0,23,23
clarinet,http://www.wikidata.org/entity/Q89191612,0,25,25
clarinet,http://www.wikidata.org/entity/Q89191615,0,21,21
clarinet,http://www.wikidata.org/entity/Q89191618,0,21,21
clarinet,http://www.wikidata.org/entity/Q89191623,0,23,23
clarinet,http://www.wikidata.org/entity/Q89191627,0,23,23
clarinet,http://www.wikidata.org/entity/Q89191630,0,23,23
clarinet,http://www.wikidata.org/entity/Q89191640,0,21,21
clarinet,http://www.wikidata.org/entity/Q89191643,0,21,21
clarinet,http://www.wikidata.org/entity/Q89191646,0,21,21
clarinet,http://www.wikidata.org/entity/Q89191649,0,23,23
clarinet,http://www.wikidata.org/entity/Q89191654,0,23,23
clarinet,http://www.wikidata.org/entity/Q89191657,0,23,23
clarinet,http://www.wikidata.org/entity/Q89191661,0,23,23
clarinet,http://www.wikidata.org/entity/Q89191664,0,23,23
clarinet,http://www.wikidata.org/entity/Q89191680,0,21,21
clarinet,http://www.wikidata.org/entity/Q89191683,0,23,23
clarinet,http://www.wikidata.org/entity/Q89193208,0,23,23
clarinet,http://www.wikidata.org/entity/Q89193229,0,19,19
clarinet,http://www.wikidata.org/entity/Q89193287,0,19,19
clarinet,http://www.wikidata.org/entity/Q89193291,0,21,21
clarinet,http://www.wikidata.org/entity/Q89195013,0,19,19
clarinet,http://www.wikidata.org/entity/Q89195016,0,19,19
clarinet,http://www.wikidata.org/entity/Q89195018,0,19,19
clarinet,http://www.wikidata.org/entity/Q89195019,0,19,19
clarinet,http://www.wikidata.org/entity/Q89195085,2,21,23
clarinet,http://www.wikidata.org/entity/Q89195088,0,19,19
clarinet,http://www.wikidata.org/entity/Q89195091,0,21,21
clarinet,http://www.wikidata.org/entity/Q89195095,0,19,19
clarinet,http://www.wikidata.org/entity/Q89195100,0,19,19
clarinet,http://www.wikidata.org/entity/Q89195105,0,19,19
clarinet,http://www.wikidata.org/entity/Q89195713,0,19,19
clarinet,http://www.wikidata.org/entity/Q89195877,0,21,21
clarinet,http://www.wikidata.org/entity/Q89196348,0,19,19
clarinet,http://www.wikidata.org/entity/Q89198539,0,19,19
clarinet,http://www.wikidata.org/entity/Q89200679,0,21,21
clarinet,http://www.wikidata.org/entity/Q89200957,0,21,21
clarinet,http://www.wikidata.org/entity/Q89204013,0,19,19
clarinet,http://www.wikidata.org/entity/Q90800595,0,23,23
clarinet,http://www.wikidata.org/entity/Q90801080,0,23,23
clarinet,http://www.wikidata.org/entity/Q90820181,0,23,23
Reason,http://www.wikidata.org/entity/Q1333703,28,116,144
organ,http://www.wikidata.org/entity/Q89200045,0,17,17
organ,http://www.wikidata.org/entity/Q89200597,0,19,19
organ,http://www.wikidata.org/entity/Q89200602,0,19,19
organ,http://www.wikidata.org/entity/Q89200610,0,19,19
organ,http://www.wikidata.org/entity/Q89200613,0,19,19
organ,http://www.wikidata.org/entity/Q89200669,0,19,19
flute,http://www.wikidata.org/entity/Q89189985,0,23,23
flute,http://www.wikidata.org/entity/Q89189987,0,23,23
flute,http://www.wikidata.org/entity/Q89190320,0,21,21
flute,http://www.wikidata.org/entity/Q89190710,0,21,21
flute,http://www.wikidata.org/entity/Q89190822,0,23,23
flute,http://www.wikidata.org/entity/Q89191687,0,23,23
flute,http://www.wikidata.org/entity/Q89191688,0,23,23
flute,http://www.wikidata.org/entity/Q89191692,0,23,23
flute,http://www.wikidata.org/entity/Q89191693,0,23,23
flute,http://www.wikidata.org/entity/Q89191695,0,23,23
flute,http://www.wikidata.org/entity/Q89191703,0,23,23
flute,http://www.wikidata.org/entity/Q89191704,0,23,23
flute,http://www.wikidata.org/entity/Q89191705,0,23,23
flute,http://www.wikidata.org/entity/Q89191706,0,23,23
flute,http://www.wikidata.org/entity/Q89191707,0,23,23
flute,http://www.wikidata.org/entity/Q89192677,0,23,23
flute,http://www.wikidata.org/entity/Q89192684,0,23,23
flute,http://www.wikidata.org/entity/Q89192688,0,23,23
flute,http://www.wikidata.org/entity/Q89192698,0,25,25
flute,http://www.wikidata.org/entity/Q89192704,0,25,25
flute,http://www.wikidata.org/entity/Q89192707,0,25,25
flute,http://www.wikidata.org/entity/Q89192713,0,25,25
flute,http://www.wikidata.org/entity/Q89192718,0,25,25
flute,http://www.wikidata.org/entity/Q89192720,0,25,25
flute,http://www.wikidata.org/entity/Q89192724,0,25,25
flute,http://www.wikidata.org/entity/Q89192729,0,25,25
flute,http://www.wikidata.org/entity/Q89192732,0,25,25
flute,http://www.wikidata.org/entity/Q89192736,0,25,25
flute,http://www.wikidata.org/entity/Q89192740,0,25,25
flute,http://www.wikidata.org/entity/Q89192755,0,25,25
flute,http://www.wikidata.org/entity/Q89192758,0,25,25
flute,http://www.wikidata.org/entity/Q89192762,0,25,25
flute,http://www.wikidata.org/entity/Q89192771,0,25,25
flute,http://www.wikidata.org/entity/Q89192774,0,25,25
flute,http://www.wikidata.org/entity/Q89192779,0,25,25
flute,http://www.wikidata.org/entity/Q89192782,0,25,25
flute,http://www.wikidata.org/entity/Q89192783,0,25,25
flute,http://www.wikidata.org/entity/Q89192784,0,25,25
flute,http://www.wikidata.org/entity/Q89192786,0,25,25
flute,http://www.wikidata.org/entity/Q89192787,0,25,25
flute,http://www.wikidata.org/entity/Q89192792,0,25,25
flute,http://www.wikidata.org/entity/Q89192795,0,25,25
flute,http://www.wikidata.org/entity/Q89192796,0,25,25
flute,http://www.wikidata.org/entity/Q89192799,0,25,25
flute,http://www.wikidata.org/entity/Q89193205,0,25,25
flute,http://www.wikidata.org/entity/Q89193220,0,23,23
flute,http://www.wikidata.org/entity/Q89193324,0,23,23
flute,http://www.wikidata.org/entity/Q89194503,0,23,23
flute,http://www.wikidata.org/entity/Q89194545,0,21,21
flute,http://www.wikidata.org/entity/Q89194593,0,23,23
flute,http://www.wikidata.org/entity/Q89194595,0,21,21
flute,http://www.wikidata.org/entity/Q89194941,0,23,23
flute,http://www.wikidata.org/entity/Q89194944,0,23,23
flute,http://www.wikidata.org/entity/Q89194949,0,21,21
flute,http://www.wikidata.org/entity/Q89194953,0,23,23
flute,http://www.wikidata.org/entity/Q89194956,0,23,23
flute,http://www.wikidata.org/entity/Q89194960,0,23,23
flute,http://www.wikidata.org/entity/Q89194963,0,23,23
flute,http://www.wikidata.org/entity/Q89194967,0,23,23
flute,http://www.wikidata.org/entity/Q89194970,0,23,23
flute,http://www.wikidata.org/entity/Q89195052,0,23,23
flute,http://www.wikidata.org/entity/Q89195055,0,21,21
flute,http://www.wikidata.org/entity/Q89195134,0,21,21
flute,http://www.wikidata.org/entity/Q89195716,0,25,25
flute,http://www.wikidata.org/entity/Q89195879,0,23,23
flute,http://www.wikidata.org/entity/Q89198508,0,23,23
flute,http://www.wikidata.org/entity/Q89198522,0,21,21
flute,http://www.wikidata.org/entity/Q89198582,0,21,21
flute,http://www.wikidata.org/entity/Q89198586,0,21,21
flute,http://www.wikidata.org/entity/Q89198590,0,21,21
flute,http://www.wikidata.org/entity/Q89198867,0,21,21
flute,http://www.wikidata.org/entity/Q89199362,0,19,19
flute,http://www.wikidata.org/entity/Q89199371,0,21,21
flute,http://www.wikidata.org/entity/Q89199430,0,23,23
flute,http://www.wikidata.org/entity/Q89199432,0,21,21
flute,http://www.wikidata.org/entity/Q89199445,0,21,21
flute,http://www.wikidata.org/entity/Q89199456,0,19,19
flute,http://www.wikidata.org/entity/Q89199457,0,21,21
flute,http://www.wikidata.org/entity/Q89199461,0,21,21
flute,http://www.wikidata.org/entity/Q89199465,0,21,21
flute,http://www.wikidata.org/entity/Q89199502,0,21,21
flute,http://www.wikidata.org/entity/Q89199504,0,19,19
flute,http://www.wikidata.org/entity/Q89199513,0,21,21
flute,http://www.wikidata.org/entity/Q89199515,0,19,19
flute,http://www.wikidata.org/entity/Q89199799,0,19,19
flute,http://www.wikidata.org/entity/Q89199801,0,19,19
flute,http://www.wikidata.org/entity/Q89199803,0,19,19
flute,http://www.wikidata.org/entity/Q89199806,0,21,21
flute,http://www.wikidata.org/entity/Q89199908,0,21,21
flute,http://www.wikidata.org/entity/Q89200953,0,19,19
flute,http://www.wikidata.org/entity/Q89204018,0,21,21
flute,http://www.wikidata.org/entity/Q89204053,0,19,19
flute,http://www.wikidata.org/entity/Q89260344,0,21,21
flute,http://www.wikidata.org/entity/Q89260347,0,23,23
flute,http://www.wikidata.org/entity/Q89260349,0,21,21
flute,http://www.wikidata.org/entity/Q89260352,0,23,23
flute,http://www.wikidata.org/entity/Q89260355,0,23,23
flute,http://www.wikidata.org/entity/Q89260360,0,19,19
Flute,http://www.wikidata.org/entity/Q111365998,0,17,17
Record,http://www.wikidata.org/entity/Q1130683,7,54,61
trombone,http://www.wikidata.org/entity/Q89190328,2,21,23
trombone,http://www.wikidata.org/entity/Q89190330,0,23,23
trombone,http://www.wikidata.org/entity/Q89195703,0,19,19
trombone,http://www.wikidata.org/entity/Q89195708,0,19,19
Drum,http://www.wikidata.org/entity/Q56811464,0,29,29
drum,http://www.wikidata.org/entity/Q89202948,0,21,21
drum,http://www.wikidata.org/entity/Q89202953,0,19,19
Drum,http://www.wikidata.org/entity/Q102964625,0,28,28
accordion,http://www.wikidata.org/entity/Q89193280,0,17,17
Neil,http://www.wikidata.org/entity/Q6988221,0,41,41
Roland,http://www.wikidata.org/entity/Q65482830,2,14,16
Tiger,http://www.wikidata.org/entity/Q7801363,2,15,17
Lucy,http://www.wikidata.org/entity/Q8084979,7,30,37
Lucy,http://www.wikidata.org/entity/Q25212679,3,14,17
Guitar,http://www.wikidata.org/entity/Q29385677,2,29,31
guitar,http://www.wikidata.org/entity/Q89189760,0,29,29
guitar,http://www.wikidata.org/entity/Q89189897,0,31,31
guitar,http://www.wikidata.org/entity/Q89189903,0,27,27
guitar,http://www.wikidata.org/entity/Q89195681,0,25,25
guitar,http://www.wikidata.org/entity/Q89201698,0,19,19
guitar,http://www.wikidata.org/entity/Q90800314,0,31,31
guitar,http://www.wikidata.org/entity/Q90801139,0,29,29
guitar,http://www.wikidata.org/entity/Q90801299,0,27,27
guitar,http://www.wikidata.org/entity/Q90801968,0,25,25
guitar,http://www.wikidata.org/entity/Q90801977,0,25,25
guitar,http://www.wikidata.org/entity/Q90801980,0,27,27
guitar,http://www.wikidata.org/entity/Q90801985,0,25,25
guitar,http://www.wikidata.org/entity/Q90801986,0,27,27
Violin,http://www.wikidata.org/entity/Q29385618,0,25,25
violin,http://www.wikidata.org/entity/Q89190269,0,23,23
violin,http://www.wikidata.org/entity/Q89193238,0,25,25
violin,http://www.wikidata.org/entity/Q89193283,0,19,19
violin,http://www.wikidata.org/entity/Q89193329,0,23,23
violin,http://www.wikidata.org/entity/Q89200685,0,21,21
violin,http://www.wikidata.org/entity/Q90800275,0,27,27
violin,http://www.wikidata.org/entity/Q90800332,0,25,25
violin,http://www.wikidata.org/entity/Q90800457,0,27,27
violin,http://www.wikidata.org/entity/Q90802024,0,29,29
violin,http://www.wikidata.org/entity/Q90802163,0,23,23
viola,http://www.wikidata.org/entity/Q89190273,0,25,25
viola,http://www.wikidata.org/entity/Q89193240,0,27,27
viola,http://www.wikidata.org/entity/Q89193245,0,27,27
viola,http://www.wikidata.org/entity/Q90800417,0,29,29
banjo,http://www.wikidata.org/entity/Q89194496,0,19,19
mandolin,http://www.wikidata.org/entity/Q89189898,0,35,35
mandolin,http://www.wikidata.org/entity/Q89189899,0,33,33
mandolin,http://www.wikidata.org/entity/Q89189900,0,25,25
mandolin,http://www.wikidata.org/entity/Q89201708,0,19,19
mandolin,http://www.wikidata.org/entity/Q90800263,2,31,33
kit,http://www.wikidata.org/entity/Q90800389,0,29,29
Qin,http://www.wikidata.org/entity/Q29385631,0,27,27
Lenny,http://www.wikidata.org/entity/Q1129154,1,12,13
Rocky,http://www.wikidata.org/entity/Q1249718,2,14,16
serpent,http://www.wikidata.org/entity/Q89195044,0,19,19
serpent,http://www.wikidata.org/entity/Q89195048,0,19,19
serpent,http://www.wikidata.org/entity/Q89195893,0,21,21
serpent,http://www.wikidata.org/entity/Q90801302,0,19,19
Emmanuel,http://www.wikidata.org/entity/Q1338160,7,57,64
Joseph,http://www.wikidata.org/entity/Q54801176,1,26,27
bell,http://www.wikidata.org/entity/Q89193235,0,21,21
bell,http://www.wikidata.org/entity/Q89202963,0,19,19
bell,http://www.wikidata.org/entity/Q89203045,0,19,19
bell,http://www.wikidata.org/entity/Q89203053,0,21,21
Marta,http://www.wikidata.org/entity/Q96024596,1,31,32
harp,http://www.wikidata.org/entity/Q89190449,0,29,29
Guitar,http://www.wikidata.org/entity/Q29385598,0,25,25
Guitar,http://www.wikidata.org/entity/Q29385605,0,25,25
Guitar,http://www.wikidata.org/entity/Q29385611,1,27,28
Guitar,http://www.wikidata.org/entity/Q29385616,0,23,23
Guitar,http://www.wikidata.org/entity/Q29385674,1,25,26
Guitar,http://www.wikidata.org/entity/Q29385680,0,25,25
fiddle,http://www.wikidata.org/entity/Q89194493,0,27,27
fiddle,http://www.wikidata.org/entity/Q89201587,0,21,21
bones,http://www.wikidata.org/entity/Q89198471,0,17,17
bones,http://www.wikidata.org/entity/Q89198473,0,17,17
Pat,http://www.wikidata.org/entity/Q87993108,0,36,36
whistle,http://www.wikidata.org/entity/Q89196999,0,19,19
whistle,http://www.wikidata.org/entity/Q89198171,0,19,19
di,http://www.wikidata.org/entity/Q89190414,0,25,25
di,http://www.wikidata.org/entity/Q89190415,0,25,25
horn,http://www.wikidata.org/entity/Q89191531,0,21,21
horn,http://www.wikidata.org/entity/Q89193338,0,21,21
horn,http://www.wikidata.org/entity/Q90801961,0,21,21
horn,http://www.wikidata.org/entity/Q89198454,0,22,22
horn,http://www.wikidata.org/entity/Q89198514,0,21,21
horn,http://www.wikidata.org/entity/Q89198516,0,21,21
