Label,URI,Indegree,Outdegree,Degree
scientist,http://www.wikidata.org/entity/Q901,67490.0,513,68003.0
astronomer,http://www.wikidata.org/entity/Q11063,18576.0,422,18998.0
astronaut,http://www.wikidata.org/entity/Q11631,3111.0,478,3589.0
king,http://www.wikidata.org/entity/Q12097,5168.0,343,5511.0
spokesperson,http://www.wikidata.org/entity/Q17221,1511.0,234,1745.0
naturalist,http://www.wikidata.org/entity/Q18805,8472.0,289,8761.0
tenor,http://www.wikidata.org/entity/Q27914,16296.0,196,16492.0
photographer,http://www.wikidata.org/entity/Q33231,129958.0,447,130405.0
actor,http://www.wikidata.org/entity/Q33999,626416.0,929,627345.0
writer,http://www.wikidata.org/entity/Q36180,643272.0,735,644007.0
teacher,http://www.wikidata.org/entity/Q37226,149671.0,840,150511.0
lawyer,http://www.wikidata.org/entity/Q40348,166473.0,652,167125.0
coach,http://www.wikidata.org/entity/Q41583,16745.0,319,17064.0
prophet,http://www.wikidata.org/entity/Q42857,649.0,406,1055.0
reporter,http://www.wikidata.org/entity/Q42909,3287.0,224,3511.0
architect,http://www.wikidata.org/entity/Q42973,119873.0,531,120404.0
sailor,http://www.wikidata.org/entity/Q45199,3695.0,336,4031.0
poet,http://www.wikidata.org/entity/Q49757,209747.0,651,210398.0
intellectual,http://www.wikidata.org/entity/Q58968,805.0,273,1078.0
secretary,http://www.wikidata.org/entity/Q80687,4322.0,334,4656.0
engineer,http://www.wikidata.org/entity/Q81096,86105.0,482,86587.0
politician,http://www.wikidata.org/entity/Q82955,1483509.0,736,1484245.0
knight,http://www.wikidata.org/entity/Q102083,3588.0,271,3859.0
entrepreneur,http://www.wikidata.org/entity/Q131524,57245.0,447,57692.0
governor,http://www.wikidata.org/entity/Q132050,4820.0,304,5124.0
rabbi,http://www.wikidata.org/entity/Q133485,13396.0,395,13791.0
pastor,http://www.wikidata.org/entity/Q152002,32107.0,241,32348.0
cook,http://www.wikidata.org/entity/Q156839,3976.0,358,4334.0
waiter,http://www.wikidata.org/entity/Q157195,650.0,336,986.0
conductor,http://www.wikidata.org/entity/Q158852,40955.0,401,41356.0
broker,http://www.wikidata.org/entity/Q160117,430.0,214,644.0
physicist,http://www.wikidata.org/entity/Q169470,55884.0,425,56309.0
mathematician,http://www.wikidata.org/entity/Q170790,66972.0,435,67407.0
printer,http://www.wikidata.org/entity/Q175151,12253.0,192,12445.0
mercenary,http://www.wikidata.org/entity/Q178197,990.0,276,1266.0
cowboy,http://www.wikidata.org/entity/Q178521,491.0,275,766.0
economist,http://www.wikidata.org/entity/Q188094,86136.0,428,86564.0
diplomat,http://www.wikidata.org/entity/Q193391,97742.0,363,98105.0
historian,http://www.wikidata.org/entity/Q201788,179115.0,544,179659.0
sniper,http://www.wikidata.org/entity/Q201948,371.0,216,587.0
referee,http://www.wikidata.org/entity/Q202648,3303.0,258,3561.0
inventor,http://www.wikidata.org/entity/Q205375,15356.0,318,15674.0
psychiatrist,http://www.wikidata.org/entity/Q211346,14126.0,277,14403.0
psychologist,http://www.wikidata.org/entity/Q212980,33335.0,380,33715.0
merchant,http://www.wikidata.org/entity/Q215536,30487.0,339,30826.0
missionary,http://www.wikidata.org/entity/Q219477,16581.0,353,16934.0
acting,http://www.wikidata.org/entity/Q222749,1641.0,229,1870.0
conductor,http://www.wikidata.org/entity/Q228422,138.0,120,258.0
comedian,http://www.wikidata.org/entity/Q245068,16928.0,409,17337.0
apprentice,http://www.wikidata.org/entity/Q253567,632.0,162,794.0
cadet,http://www.wikidata.org/entity/Q316498,211.0,122,333.0
factor,http://www.wikidata.org/entity/Q323336,109.0,58,167.0
accountant,http://www.wikidata.org/entity/Q326653,3841.0,276,4117.0
mechanic,http://www.wikidata.org/entity/Q327029,1845.0,217,2062.0
butcher,http://www.wikidata.org/entity/Q329737,1064.0,290,1354.0
translator,http://www.wikidata.org/entity/Q333634,109544.0,465,110009.0
pastor,http://www.wikidata.org/entity/Q352507,620.0,52,672.0
treasurer,http://www.wikidata.org/entity/Q388338,1099.0,166,1265.0
preacher,http://www.wikidata.org/entity/Q432386,7143.0,201,7344.0
sailor,http://www.wikidata.org/entity/Q476246,8822.0,160,8982.0
regent,http://www.wikidata.org/entity/Q477406,1951.0,176,2127.0
analyst,http://www.wikidata.org/entity/Q485178,969.0,97,1066.0
geologist,http://www.wikidata.org/entity/Q520549,21696.0,305,22001.0
carrier,http://www.wikidata.org/entity/Q561457,95.0,85,180.0
sheriff,http://www.wikidata.org/entity/Q578478,751.0,150,901.0
chemist,http://www.wikidata.org/entity/Q593644,52029.0,386,52415.0
illustrator,http://www.wikidata.org/entity/Q644687,49899.0,290,50189.0
extra,http://www.wikidata.org/entity/Q658371,231.0,149,380.0
curator,http://www.wikidata.org/entity/Q674426,13394.0,291,13685.0
guard,http://www.wikidata.org/entity/Q680928,217.0,78,295.0
official,http://www.wikidata.org/entity/Q716711,121.0,60,181.0
manager,http://www.wikidata.org/entity/Q721834,417.0,61,478.0
clerk,http://www.wikidata.org/entity/Q738142,1794.0,168,1962.0
songwriter,http://www.wikidata.org/entity/Q753110,45431.0,367,45798.0
banker,http://www.wikidata.org/entity/Q806798,22676.0,263,22939.0
bartender,http://www.wikidata.org/entity/Q808266,1000.0,220,1220.0
maid,http://www.wikidata.org/entity/Q833860,708.0,223,931.0
butler,http://www.wikidata.org/entity/Q833899,203.0,130,333.0
detective,http://www.wikidata.org/entity/Q842782,983.0,232,1215.0
jockey,http://www.wikidata.org/entity/Q846750,5539.0,190,5729.0
bodyguard,http://www.wikidata.org/entity/Q851436,525.0,162,687.0
biographer,http://www.wikidata.org/entity/Q864380,10239.0,225,10464.0
biologist,http://www.wikidata.org/entity/Q864503,29078.0,357,29435.0
tutor,http://www.wikidata.org/entity/Q901222,371.0,162,533.0
educator,http://www.wikidata.org/entity/Q974144,12959.0,275,13234.0
executive,http://www.wikidata.org/entity/Q978044,1840.0,108,1948.0
delegate,http://www.wikidata.org/entity/Q994779,722.0,69,791.0
caller,http://www.wikidata.org/entity/Q1027244,6.0,26,32.0
deputy,http://www.wikidata.org/entity/Q1055894,2421.0,184,2605.0
keyboardist,http://www.wikidata.org/entity/Q1075651,2715.0,160,2875.0
columnist,http://www.wikidata.org/entity/Q1086863,5256.0,224,5480.0
cartoonist,http://www.wikidata.org/entity/Q1114448,8585.0,219,8804.0
Mandarin,http://www.wikidata.org/entity/Q1126165,71.0,91,162.0
correspondent,http://www.wikidata.org/entity/Q1155838,1376.0,185,1561.0
director,http://www.wikidata.org/entity/Q1162163,16540.0,289,16829.0
economist,http://www.wikidata.org/entity/Q1227195,1390.0,90,1480.0
theologian,http://www.wikidata.org/entity/Q1234713,61534.0,300,61834.0
supervisor,http://www.wikidata.org/entity/Q1240788,413.0,156,569.0
warrior,http://www.wikidata.org/entity/Q1250916,2594.0,235,2829.0
sculptor,http://www.wikidata.org/entity/Q1281618,98141.0,392,98533.0
buyer,http://www.wikidata.org/entity/Q1308239,79.0,111,190.0
scout,http://www.wikidata.org/entity/Q1339677,233.0,102,335.0
soloist,http://www.wikidata.org/entity/Q1371914,232.0,123,355.0
announcer,http://www.wikidata.org/entity/Q1371925,14384.0,214,14598.0
specialist,http://www.wikidata.org/entity/Q1391344,52.0,101,153.0
blacksmith,http://www.wikidata.org/entity/Q1391418,3.0,18,21.0
trader,http://www.wikidata.org/entity/Q1424605,301.0,140,441.0
canon,http://www.wikidata.org/entity/Q1486543,68.0,26,94.0
lecturer,http://www.wikidata.org/entity/Q1569495,7251.0,227,7478.0
editor,http://www.wikidata.org/entity/Q1607826,32123.0,332,32455.0
master,http://www.wikidata.org/entity/Q1641418,23.0,24,47.0
medalist,http://www.wikidata.org/entity/Q1708232,4562.0,173,4735.0
hunter,http://www.wikidata.org/entity/Q1714828,1192.0,192,1384.0
Richter,http://www.wikidata.org/entity/Q1750879,20.0,30,50.0
cleaner,http://www.wikidata.org/entity/Q1760141,144.0,161,305.0
journalist,http://www.wikidata.org/entity/Q1930187,289658.0,537,290195.0
operator,http://www.wikidata.org/entity/Q1970438,223.0,67,290.0
trustee,http://www.wikidata.org/entity/Q2047357,300.0,79,379.0
scholar,http://www.wikidata.org/entity/Q2248623,1293.0,108,1401.0
superintendent,http://www.wikidata.org/entity/Q2296367,2279.0,72,2351.0
botanist,http://www.wikidata.org/entity/Q2374149,113059.0,334,113393.0
promoter,http://www.wikidata.org/entity/Q2378505,394.0,87,481.0
tutor,http://www.wikidata.org/entity/Q2435106,2.0,15,17.0
manager,http://www.wikidata.org/entity/Q2462658,13319.0,258,13577.0
choreographer,http://www.wikidata.org/entity/Q2490358,16253.0,282,16535.0
publisher,http://www.wikidata.org/entity/Q2516866,35397.0,307,35704.0
healer,http://www.wikidata.org/entity/Q2518689,803.0,161,964.0
housekeeper,http://www.wikidata.org/entity/Q2596569,422.0,93,515.0
sage,http://www.wikidata.org/entity/Q2624172,35.0,36,71.0
vocalist,http://www.wikidata.org/entity/Q2643890,2459.0,156,2615.0
equestrian,http://www.wikidata.org/entity/Q2730732,2557.0,137,2694.0
Sufi,http://www.wikidata.org/entity/Q2892720,300.0,68,368.0
commercial,http://www.wikidata.org/entity/Q2986261,345.0,33,378.0
advisor,http://www.wikidata.org/entity/Q2994387,3594.0,155,3749.0
trainer,http://www.wikidata.org/entity/Q3077353,166.0,55,221.0
counselor,http://www.wikidata.org/entity/Q56289743,95.0,76,171.0
judge,http://www.wikidata.org/entity/Q16533,82392.0,401,82793.0
magistrate,http://www.wikidata.org/entity/Q4594605,7890.0,194,8084.0
clown,http://www.wikidata.org/entity/Q7358,1444.0,297,1741.0
academic,http://www.wikidata.org/entity/Q3400985,46009.0,233,46242.0
reader,http://www.wikidata.org/entity/Q3445082,129.0,48,177.0
director,http://www.wikidata.org/entity/Q3455803,41829.0,337,42166.0
chef,http://www.wikidata.org/entity/Q3499072,4150.0,210,4360.0
correspondent,http://www.wikidata.org/entity/Q3589290,687.0,80,767.0
archaeologist,http://www.wikidata.org/entity/Q3621491,36460.0,329,36789.0
trader,http://www.wikidata.org/entity/Q3704253,1840.0,74,1914.0
farmer,http://www.wikidata.org/entity/Q3796984,145.0,24,169.0
sprinter,http://www.wikidata.org/entity/Q4009406,13281.0,202,13483.0
skier,http://www.wikidata.org/entity/Q4270517,1382.0,202,1584.0
model,http://www.wikidata.org/entity/Q4610556,48372.0,414,48786.0
A2,http://www.wikidata.org/entity/Q4649098,1.0,15,16.0
anthropologist,http://www.wikidata.org/entity/Q4773904,19623.0,295,19918.0
bowler,http://www.wikidata.org/entity/Q4951095,714.0,89,803.0
clerk,http://www.wikidata.org/entity/Q5131856,145.0,24,169.0
commander,http://www.wikidata.org/entity/Q5152182,2863.0,71,2934.0
companion,http://www.wikidata.org/entity/Q5155473,28.0,18,46.0
consultant,http://www.wikidata.org/entity/Q5164591,96.0,53,149.0
director,http://www.wikidata.org/entity/Q5280518,1.0,20,21.0
designer,http://www.wikidata.org/entity/Q5322166,23021.0,268,23289.0
technician,http://www.wikidata.org/entity/Q5352191,7132.0,213,7345.0
programmer,http://www.wikidata.org/entity/Q5482740,5472.0,352,5824.0
dancer,http://www.wikidata.org/entity/Q5716684,34746.0,408,35154.0
critic,http://www.wikidata.org/entity/Q6430706,8329.0,208,8537.0
industrialist,http://www.wikidata.org/entity/Q6606110,7579.0,202,7781.0
novelist,http://www.wikidata.org/entity/Q6625963,57231.0,326,57557.0
literary,http://www.wikidata.org/entity/Q6673651,3220.0,137,3357.0
manager,http://www.wikidata.org/entity/Q6746710,12.0,26,38.0
official,http://www.wikidata.org/entity/Q7079487,1.0,21,22.0
runner,http://www.wikidata.org/entity/Q7379913,18.0,21,39.0
spy,http://www.wikidata.org/entity/Q9352089,3767.0,242,4009.0
lecturer,http://www.wikidata.org/entity/Q9379869,3540.0,137,3677.0
Guard,http://www.wikidata.org/entity/Q10390556,28.0,10,38.0
entrepreneur,http://www.wikidata.org/entity/Q10501288,268.0,30,298.0
guide,http://www.wikidata.org/entity/Q10556315,3.0,11,14.0
reviewer,http://www.wikidata.org/entity/Q10650082,372.0,70,442.0
interpreter,http://www.wikidata.org/entity/Q11085831,2377.0,200,2577.0
golfer,http://www.wikidata.org/entity/Q11303721,11370.0,177,11547.0
boxer,http://www.wikidata.org/entity/Q11338576,32924.0,270,33194.0
reporter,http://www.wikidata.org/entity/Q11348441,13.0,14,27.0
bishop,http://www.wikidata.org/entity/Q29182,21176.0,515,21691.0
archbishop,http://www.wikidata.org/entity/Q49476,3793.0,230,4023.0
abbot,http://www.wikidata.org/entity/Q103163,8571.0,339,8910.0
patriarch,http://www.wikidata.org/entity/Q171692,1119.0,202,1321.0
metropolitan,http://www.wikidata.org/entity/Q189854,2349.0,188,2537.0
vicar,http://www.wikidata.org/entity/Q193364,2695.0,188,2883.0
prior,http://www.wikidata.org/entity/Q830337,1117.0,151,1268.0
canon,http://www.wikidata.org/entity/Q1237385,1773.0,63,1836.0
carpenter,http://www.wikidata.org/entity/Q11871806,9.0,24,33.0
Dean,http://www.wikidata.org/entity/Q4958876,1079.0,101,1180.0
chancellor,http://www.wikidata.org/entity/Q5070767,29.0,31,60.0
Pope,http://www.wikidata.org/entity/Q7229148,18.0,38,56.0
cricketer,http://www.wikidata.org/entity/Q12299841,78161.0,188,78349.0
visitor,http://www.wikidata.org/entity/Q12644761,15.0,36,51.0
manufacturer,http://www.wikidata.org/entity/Q13235160,6502.0,209,6711.0
pioneer,http://www.wikidata.org/entity/Q13393921,146.0,55,201.0
presenter,http://www.wikidata.org/entity/Q13590141,9749.0,236,9985.0
guide,http://www.wikidata.org/entity/Q14290559,146.0,54,200.0
linguist,http://www.wikidata.org/entity/Q14467526,37686.0,415,38101.0
prostitute,http://www.wikidata.org/entity/Q14915751,867.0,303,1170.0
drawer,http://www.wikidata.org/entity/Q15296811,38797.0,267,39064.0
magician,http://www.wikidata.org/entity/Q15855449,2571.0,217,2788.0
broadcaster,http://www.wikidata.org/entity/Q15958754,1441.0,108,1549.0
consultant,http://www.wikidata.org/entity/Q15978655,5100.0,210,5310.0
mate,http://www.wikidata.org/entity/Q16279992,23.0,21,44.0
instructor,http://www.wikidata.org/entity/Q16358610,1711.0,66,1777.0
queen,http://www.wikidata.org/entity/Q16511993,1859.0,172,2031.0
noble,http://www.wikidata.org/entity/Q16744001,4775.0,153,4928.0
grade,http://www.wikidata.org/entity/Q17018626,2.0,16,18.0
composer,http://www.wikidata.org/entity/Q36834,194745.0,628,195373.0
singer,http://www.wikidata.org/entity/Q177220,219612.0,690,220302.0
drummer,http://www.wikidata.org/entity/Q386854,10846.0,244,11090.0
pianist,http://www.wikidata.org/entity/Q486748,45830.0,373,46203.0
bassist,http://www.wikidata.org/entity/Q584301,3251.0,163,3414.0
musician,http://www.wikidata.org/entity/Q639669,186726.0,523,187249.0
organist,http://www.wikidata.org/entity/Q765778,16309.0,251,16560.0
lyricist,http://www.wikidata.org/entity/Q822146,17553.0,355,17908.0
guitarist,http://www.wikidata.org/entity/Q855091,33002.0,349,33351.0
violinist,http://www.wikidata.org/entity/Q1259917,16455.0,265,16720.0
rapper,http://www.wikidata.org/entity/Q2252262,14530.0,251,14781.0
saxophonist,http://www.wikidata.org/entity/Q12800682,7903.0,183,8086.0
dealer,http://www.wikidata.org/entity/Q18242306,879.0,53,932.0
theorist,http://www.wikidata.org/entity/Q18931911,279.0,132,411.0
detective,http://www.wikidata.org/entity/Q19385508,19.0,19,38.0
founder,http://www.wikidata.org/entity/Q19435686,440.0,83,523.0
Resident,http://www.wikidata.org/entity/Q19973930,199.0,21,220.0
coordinator,http://www.wikidata.org/entity/Q20481199,407.0,81,488.0
actress,http://www.wikidata.org/entity/Q21169216,218.0,152,370.0
heiress,http://www.wikidata.org/entity/Q21849766,107.0,22,129.0
narrator,http://www.wikidata.org/entity/Q22343421,266.0,70,336.0
lecturer,http://www.wikidata.org/entity/Q24708213,1613.0,16,1629.0
inspector,http://www.wikidata.org/entity/Q27214348,302.0,64,366.0
compiler,http://www.wikidata.org/entity/Q29514511,2366.0,46,2412.0
Regent,http://www.wikidata.org/entity/Q29572226,21.0,28,49.0
investigator,http://www.wikidata.org/entity/Q30093123,174.0,56,230.0
keeper,http://www.wikidata.org/entity/Q42308475,17.0,13,30.0
producer,http://www.wikidata.org/entity/Q47541952,1713.0,112,1825.0
messenger,http://www.wikidata.org/entity/Q54402883,16.0,23,39.0
officer,http://www.wikidata.org/entity/Q61022630,153.0,64,217.0
vicar,http://www.wikidata.org/entity/Q59459506,143.0,17,160.0
pedestrian,http://www.wikidata.org/entity/Q62627163,20.0,26,46.0
Commandant,http://www.wikidata.org/entity/Q65237889,1.0,12,13.0
trustee,http://www.wikidata.org/entity/Q67378402,175.0,28,203.0
counselor,http://www.wikidata.org/entity/Q69945363,10.0,16,26.0
Kira,http://www.wikidata.org/entity/Q76244949,5.0,29,34.0
subordinate,http://www.wikidata.org/entity/Q78070424,4.0,17,21.0
recorder,http://www.wikidata.org/entity/Q108467442,220.0,11,231.0
recorder,http://www.wikidata.org/entity/Q110060689,22.0,17,39.0
caretaker,http://www.wikidata.org/entity/Q96943145,84.0,23,107.0
caretaker,http://www.wikidata.org/entity/Q96943172,2.0,9,11.0
receiver,http://www.wikidata.org/entity/Q97705110,15.0,13,28.0
tenor,http://www.wikidata.org/entity/Q98834046,121.0,47,168.0
policing,http://www.wikidata.org/entity/Q100348214,2509.0,13,2522.0
interpreter,http://www.wikidata.org/entity/Q102121672,2.0,15,17.0
vendor,http://www.wikidata.org/entity/Q104099828,20.0,36,56.0
conductor,http://www.wikidata.org/entity/Q104430689,7.0,14,21.0
factor,http://www.wikidata.org/entity/Q104483142,2.0,11,13.0
publisher,http://www.wikidata.org/entity/Q105044823,305.0,41,346.0
commentator,http://www.wikidata.org/entity/Q106313281,195.0,25,220.0
illustrator,http://www.wikidata.org/entity/Q108103121,36.0,15,51.0
Advisor,http://www.wikidata.org/entity/Q109554786,45.0,15,60.0
Agent,http://www.wikidata.org/entity/Q109555060,114.0,18,132.0
astronaut,http://www.wikidata.org/entity/Q110209908,5.0,19,24.0
pope,http://www.wikidata.org/entity/Q19546,1466.0,862,2328.0
therapist,http://www.wikidata.org/entity/Q2419397,814.0,114,928.0
carpenter,http://www.wikidata.org/entity/Q154549,2388.0,368,2756.0
chancellor,http://www.wikidata.org/entity/Q61061,634.0,136,770.0
rector,http://www.wikidata.org/entity/Q212071,10026.0,263,10289.0
Commander,http://www.wikidata.org/entity/Q1780020,184.0,21,205.0
principal,http://www.wikidata.org/entity/Q7245047,404.0,46,450.0
physician,http://www.wikidata.org/entity/Q39631,155972.0,698,156670.0
surgeon,http://www.wikidata.org/entity/Q774306,22517.0,324,22841.0
surgeon,http://www.wikidata.org/entity/Q1360697,141.0,40,181.0
chair,http://www.wikidata.org/entity/Q1363750,2396.0,83,2479.0
Primera,http://www.wikidata.org/entity/Q2176149,1.0,39,40.0
technicians,http://www.wikidata.org/entity/Q97767929,1761.0,19,1780.0
nurse,http://www.wikidata.org/entity/Q186360,13775.0,455,14230.0
residency,http://www.wikidata.org/entity/Q256698,78.0,90,168.0
orderly,http://www.wikidata.org/entity/Q12177489,21.0,48,69.0
screenwriter,http://www.wikidata.org/entity/Q28389,121864.0,441,122305.0
cinematographer,http://www.wikidata.org/entity/Q222344,30957.0,286,31243.0
filmmaker,http://www.wikidata.org/entity/Q1414443,8713.0,237,8950.0
grip,http://www.wikidata.org/entity/Q3274496,29.0,41,70.0
general,http://www.wikidata.org/entity/Q83460,35628.0,361,35989.0
veteran,http://www.wikidata.org/entity/Q4010462,3.0,30,33.0
soldier,http://www.wikidata.org/entity/Q4991371,31955.0,353,32308.0
dean,http://www.wikidata.org/entity/Q723682,4198.0,181,4379.0
president,http://www.wikidata.org/entity/Q1255921,12978.0,244,13222.0
director,http://www.wikidata.org/entity/Q6827278,147.0,63,210.0
secretary,http://www.wikidata.org/entity/Q93521113,17.0,32,49.0
dean,http://www.wikidata.org/entity/Q109286452,11.0,34,45.0
dresser,http://www.wikidata.org/entity/Q3125351,13.0,51,64.0
solicitor,http://www.wikidata.org/entity/Q14284,2092.0,125,2217.0
jurist,http://www.wikidata.org/entity/Q185351,93019.0,383,93402.0
advocate,http://www.wikidata.org/entity/Q380075,2209.0,176,2385.0
prosecutor,http://www.wikidata.org/entity/Q600751,3446.0,261,3707.0
barrister,http://www.wikidata.org/entity/Q808967,12604.0,174,12778.0
counsel,http://www.wikidata.org/entity/Q17131110,49.0,52,101.0
treasurer,http://www.wikidata.org/entity/Q844409,21.0,41,62.0
page,http://www.wikidata.org/entity/Q855855,205.0,104,309.0
Warden,http://www.wikidata.org/entity/Q1453786,576.0,14,590.0
groom,http://www.wikidata.org/entity/Q1455520,95.0,128,223.0
blacksmith,http://www.wikidata.org/entity/Q1639825,1810.0,338,2148.0
curator,http://www.wikidata.org/entity/Q3007620,13.0,23,36.0
curator,http://www.wikidata.org/entity/Q11916298,3.0,14,17.0
artist,http://www.wikidata.org/entity/Q483501,150895.0,455,151350.0
painter,http://www.wikidata.org/entity/Q1028181,380316.0,521,380837.0
Christopher,http://www.wikidata.org/entity/Q98862884,2.0,19,21.0
captain,http://www.wikidata.org/entity/Q5036514,2319.0,94,2413.0
admiral,http://www.wikidata.org/entity/Q132851,8676.0,247,8923.0
captain,http://www.wikidata.org/entity/Q163500,975.0,132,1107.0
Commodore,http://www.wikidata.org/entity/Q506249,222.0,128,350.0
admiral,http://www.wikidata.org/entity/Q2916006,1413.0,74,1487.0
