Label,URI,Indegree,Outdegree,Degree
",",http://www.wikidata.org/entity/Q98142331,3,30,33
Windsor,http://www.wikidata.org/entity/Q72981668,0,34,34
Resident,http://www.wikidata.org/entity/Q111678509,1,37,38
Landmark,http://www.wikidata.org/entity/Q39070400,2,27,29
Halifax,http://www.wikidata.org/entity/Q3310164,17,85,102
Alex,http://www.wikidata.org/entity/Q3324912,1,30,31
Simple,http://www.wikidata.org/entity/Q7520642,4,56,60
Inter,http://www.wikidata.org/entity/Q9645209,3,56,59
Marguerite,http://www.wikidata.org/entity/Q3290655,1,33,34
Violet,http://www.wikidata.org/entity/Q111123289,0,31,31
Michelle,http://www.wikidata.org/entity/Q111123297,0,25,25
pharmacy,http://www.wikidata.org/entity/Q41280903,2,33,35
Club,http://www.wikidata.org/entity/Q17624983,5,23,28
Tide,http://www.wikidata.org/entity/Q63076799,1,60,61
Bristol,http://www.wikidata.org/entity/Q59155583,2,44,46
Mercury,http://www.wikidata.org/entity/Q108554731,2,33,35
Schneider,http://www.wikidata.org/entity/Q93514377,0,47,47
Mercury,http://www.wikidata.org/entity/Q110777967,0,46,46
Mix,http://www.wikidata.org/entity/Q111111801,0,18,18
Amtrak,http://www.wikidata.org/entity/Q23239,893,507,1400
Sport,http://www.wikidata.org/entity/Q66362766,2,40,42
Wagner,http://www.wikidata.org/entity/Q110476434,0,16,16
Hamlet,http://www.wikidata.org/entity/Q110476440,0,14,14
Be,http://www.wikidata.org/entity/Q110739667,0,28,28
Communist,http://www.wikidata.org/entity/Q12865884,2,32,34
Unity,http://www.wikidata.org/entity/Q21008777,1,14,15
Tribune,http://www.wikidata.org/entity/Q25340458,2,36,38
Challenge,http://www.wikidata.org/entity/Q105669549,0,15,15
Variety,http://www.wikidata.org/entity/Q471728,566,296,862
Day,http://www.wikidata.org/entity/Q24977738,5,37,42
Liberty,http://www.wikidata.org/entity/Q3237793,35,103,138
Business,http://www.wikidata.org/entity/Q4086508,5,38,43
NME,http://www.wikidata.org/entity/Q192632,138,190,328
Freedom,http://www.wikidata.org/entity/Q1379710,14,87,101
Belgium,http://www.wikidata.org/entity/Q25394978,1,24,25
Word,http://www.wikidata.org/entity/Q56236549,0,23,23
Dare,http://www.wikidata.org/entity/Q107315890,2,27,29
Restoration,http://www.wikidata.org/entity/Q7316203,1,22,23
Express,http://www.wikidata.org/entity/Q111114546,0,35,35
Varsity,http://www.wikidata.org/entity/Q7916129,1,41,42
Varsity,http://www.wikidata.org/entity/Q7916132,1,28,29
Moses,http://www.wikidata.org/entity/Q107996391,1,10,11
Luna,http://www.wikidata.org/entity/Q108601841,1,20,21
Metro,http://www.wikidata.org/entity/Q16951677,3,30,33
Justice,http://www.wikidata.org/entity/Q1714139,4,36,40
Arthur,http://www.wikidata.org/entity/Q4797750,1,20,21
ABC,http://www.wikidata.org/entity/Q287076,413,176,589
Today,http://www.wikidata.org/entity/Q477719,9,60,69
Israeli,http://www.wikidata.org/entity/Q496254,7,47,54
Ara,http://www.wikidata.org/entity/Q558617,133,120,253
Nokia,http://www.wikidata.org/entity/Q1418,1756,937,2693
Sony,http://www.wikidata.org/entity/Q41187,1967,731,2698
Match,http://www.wikidata.org/entity/Q513977,8,61,69
Real,http://www.wikidata.org/entity/Q698473,19,87,106
Extra,http://www.wikidata.org/entity/Q847811,5,42,47
Springfield,http://www.wikidata.org/entity/Q958209,9,57,66
Felix,http://www.wikidata.org/entity/Q5442116,1,32,33
Opus,http://www.wikidata.org/entity/Q7099096,1,27,28
Palatinate,http://www.wikidata.org/entity/Q7126799,1,41,42
Commonwealth,http://www.wikidata.org/entity/Q80475884,6,44,50
Metro,http://www.wikidata.org/entity/Q3307427,6,47,53
NHL,http://www.wikidata.org/entity/Q5484983,1,27,28
Dreams,http://www.wikidata.org/entity/Q5306688,4,57,61
Victory,http://www.wikidata.org/entity/Q6564842,1,17,18
Michaels,http://www.wikidata.org/entity/Q6835667,6,66,72
Sale,http://www.wikidata.org/entity/Q11892046,7,32,39
Public,http://www.wikidata.org/entity/Q12871976,2,43,45
News,http://www.wikidata.org/entity/Q1684954,2,39,41
PM,http://www.wikidata.org/entity/Q1764986,3,35,38
i,http://www.wikidata.org/entity/Q1943651,21,82,103
Metro,http://www.wikidata.org/entity/Q1978245,17,63,80
Daniel,http://www.wikidata.org/entity/Q16902799,2,46,48
Rebel,http://www.wikidata.org/entity/Q18636397,2,48,50
Normal,http://www.wikidata.org/entity/Q19562429,6,43,49
Sport,http://www.wikidata.org/entity/Q623538,39,80,119
Woody,http://www.wikidata.org/entity/Q10720491,1,28,29
Garden,http://www.wikidata.org/entity/Q27070507,2,38,40
Metro,http://www.wikidata.org/entity/Q3307433,39,106,145
Urban,http://www.wikidata.org/entity/Q3359631,9,35,44
Ryder,http://www.wikidata.org/entity/Q2178198,7,82,89
Saturn,http://www.wikidata.org/entity/Q2543504,16,84,100
Fun,http://www.wikidata.org/entity/Q2570999,1,27,28
Primera,http://www.wikidata.org/entity/Q2176149,1,39,40
Nippon,http://www.wikidata.org/entity/Q11505538,11,31,42
Finance,http://www.wikidata.org/entity/Q5449524,2,40,42
Ya,http://www.wikidata.org/entity/Q5682872,40,68,108
Rivers,http://www.wikidata.org/entity/Q106224813,0,20,20
Guardian,http://www.wikidata.org/entity/Q63367814,6,30,36
Guardian,http://www.wikidata.org/entity/Q63371124,7,49,56
City,http://www.wikidata.org/entity/Q3678606,4,32,36
Delta,http://www.wikidata.org/entity/Q104628528,0,24,24
Agatha,http://www.wikidata.org/entity/Q105064006,0,22,22
Douglas,http://www.wikidata.org/entity/Q570747,18,83,101
Douglas,http://www.wikidata.org/entity/Q2052213,11,97,108
Bernardo,http://www.wikidata.org/entity/Q28736333,0,21,21
Network,http://www.wikidata.org/entity/Q28736409,0,21,21
Jet,http://www.wikidata.org/entity/Q61995123,0,25,25
Combat,http://www.wikidata.org/entity/Q1113445,43,48,91
Den,http://www.wikidata.org/entity/Q1186724,16,62,78
Express,http://www.wikidata.org/entity/Q12057421,2,35,37
Stadium,http://www.wikidata.org/entity/Q4993863,4,58,62
Today,http://www.wikidata.org/entity/Q3866513,4,44,48
Aurora,http://www.wikidata.org/entity/Q4822476,3,48,51
Orion,http://www.wikidata.org/entity/Q111119032,0,22,22
Real,http://www.wikidata.org/entity/Q110037601,0,29,29
Tango,http://www.wikidata.org/entity/Q97486401,0,16,16
Lafayette,http://www.wikidata.org/entity/Q91301346,0,28,28
Gate,http://www.wikidata.org/entity/Q93517084,0,47,47
Open,http://www.wikidata.org/entity/Q108842680,1,56,57
Advocate,http://www.wikidata.org/entity/Q16974304,9,48,57
Weiss,http://www.wikidata.org/entity/Q3567115,2,37,39
España,http://www.wikidata.org/entity/Q26210244,10,68,78
Legends,http://www.wikidata.org/entity/Q111120503,0,22,22
Costello,http://www.wikidata.org/entity/Q111120060,0,25,25
Lovers,http://www.wikidata.org/entity/Q2849014,2,20,22
NH,http://www.wikidata.org/entity/Q85875869,4,38,42
Paris,http://www.wikidata.org/entity/Q47330713,5,47,52
Picasso,http://www.wikidata.org/entity/Q111121907,0,20,20
Nova,http://www.wikidata.org/entity/Q7064000,7,52,59
Seven,http://www.wikidata.org/entity/Q11314406,20,38,58
Drive,http://www.wikidata.org/entity/Q22131511,11,39,50
Blade,http://www.wikidata.org/entity/Q30936020,5,21,26
Noel,http://www.wikidata.org/entity/Q7046813,1,21,22
Bridge,http://www.wikidata.org/entity/Q10565763,26,56,82
Green,http://www.wikidata.org/entity/Q11201864,1,25,26
Orange,http://www.wikidata.org/entity/Q11292922,21,58,79
Star,http://www.wikidata.org/entity/Q5814363,3,18,21
Phoenix,http://www.wikidata.org/entity/Q97579514,1,19,20
Napier,http://www.wikidata.org/entity/Q110331435,18,74,92
Feel,http://www.wikidata.org/entity/Q307291,54,83,137
Bones,http://www.wikidata.org/entity/Q834471,147,100,247
Manor,http://www.wikidata.org/entity/Q602723,11,38,49
Parisian,http://www.wikidata.org/entity/Q7137461,3,33,36
Antoine,http://www.wikidata.org/entity/Q200511,4,29,33
Hercules,http://www.wikidata.org/entity/Q314803,13,48,61
Holden,http://www.wikidata.org/entity/Q693224,2,21,23
Benjamin,http://www.wikidata.org/entity/Q728535,8,56,64
Kelly,http://www.wikidata.org/entity/Q1848364,1,12,13
Phoenix,http://www.wikidata.org/entity/Q1853601,3,14,17
Armstrong,http://www.wikidata.org/entity/Q1857077,1,13,14
Petty,http://www.wikidata.org/entity/Q1862486,1,12,13
Omega,http://www.wikidata.org/entity/Q1864577,1,12,13
Hamilton,http://www.wikidata.org/entity/Q1868180,1,12,13
Calvert,http://www.wikidata.org/entity/Q1869020,1,12,13
Cooper,http://www.wikidata.org/entity/Q1869863,3,24,27
Baron,http://www.wikidata.org/entity/Q1886826,1,12,13
Solo,http://www.wikidata.org/entity/Q1968330,1,20,21
Berlin,http://www.wikidata.org/entity/Q1969442,1,20,21
Gerard,http://www.wikidata.org/entity/Q1979081,0,10,10
Roots,http://www.wikidata.org/entity/Q1986899,1,12,13
Comet,http://www.wikidata.org/entity/Q1992539,1,12,13
L,http://www.wikidata.org/entity/Q1998634,1,20,21
Service,http://www.wikidata.org/entity/Q2003481,1,15,16
Lloyd,http://www.wikidata.org/entity/Q2004675,1,14,15
Bravo,http://www.wikidata.org/entity/Q16985159,1,30,31
Dirk,http://www.wikidata.org/entity/Q17502722,18,62,80
Fresh,http://www.wikidata.org/entity/Q50737403,3,70,73
Hazel,http://www.wikidata.org/entity/Q2013510,1,14,15
Omega,http://www.wikidata.org/entity/Q2015304,1,12,13
Bismarck,http://www.wikidata.org/entity/Q2022003,1,20,21
Dollar,http://www.wikidata.org/entity/Q2023575,5,23,28
Max,http://www.wikidata.org/entity/Q2032199,1,13,14
Forward,http://www.wikidata.org/entity/Q2032676,1,15,16
Scout,http://www.wikidata.org/entity/Q2036534,1,12,13
Silva,http://www.wikidata.org/entity/Q2039860,1,12,13
Win,http://www.wikidata.org/entity/Q2053594,1,12,13
Diamond,http://www.wikidata.org/entity/Q2055382,1,18,19
Jewel,http://www.wikidata.org/entity/Q2056473,1,17,18
Turner,http://www.wikidata.org/entity/Q2060370,1,12,13
Metropolitan,http://www.wikidata.org/entity/Q897181,15,75,90
Selection,http://www.wikidata.org/entity/Q11314614,1,24,25
Tommy,http://www.wikidata.org/entity/Q12643718,2,33,35
Viva,http://www.wikidata.org/entity/Q17972,11,70,81
Dayton,http://www.wikidata.org/entity/Q1179191,5,101,106
Green,http://www.wikidata.org/entity/Q1807795,1,12,13
Trent,http://www.wikidata.org/entity/Q1821288,1,19,20
América,http://www.wikidata.org/entity/Q27838304,1,23,24
Brown,http://www.wikidata.org/entity/Q27841834,1,23,24
Target,http://www.wikidata.org/entity/Q1046951,71,252,323
Champion,http://www.wikidata.org/entity/Q2607804,12,69,81
Sigma,http://www.wikidata.org/entity/Q3977979,1,51,52
Action,http://www.wikidata.org/entity/Q4677071,1,20,21
Bloom,http://www.wikidata.org/entity/Q4928153,1,30,31
Sanders,http://www.wikidata.org/entity/Q5133791,1,19,20
Dominion,http://www.wikidata.org/entity/Q5291028,2,32,34
Charlton,http://www.wikidata.org/entity/Q2077570,1,12,13
Tyler,http://www.wikidata.org/entity/Q2096297,1,12,13
Regent,http://www.wikidata.org/entity/Q2098811,1,12,13
Dalton,http://www.wikidata.org/entity/Q2101021,1,12,13
Hunter,http://www.wikidata.org/entity/Q2104629,1,20,21
Atlas,http://www.wikidata.org/entity/Q2115582,1,12,13
Star,http://www.wikidata.org/entity/Q2119952,1,12,13
SMS,http://www.wikidata.org/entity/Q2124603,1,12,13
Hercules,http://www.wikidata.org/entity/Q2129902,1,12,13
GB,http://www.wikidata.org/entity/Q2133681,1,12,13
Stafford,http://www.wikidata.org/entity/Q2136263,1,12,13
Phoenix,http://www.wikidata.org/entity/Q2143211,1,13,14
Fly,http://www.wikidata.org/entity/Q2150284,1,20,21
Morris,http://www.wikidata.org/entity/Q2155939,1,12,13
Penny,http://www.wikidata.org/entity/Q284688,18,108,126
Fairfield,http://www.wikidata.org/entity/Q1899960,1,17,18
CF,http://www.wikidata.org/entity/Q1900919,2,15,17
Labor,http://www.wikidata.org/entity/Q1906764,2,27,29
Pilot,http://www.wikidata.org/entity/Q1912658,1,12,13
Beaumont,http://www.wikidata.org/entity/Q1914339,1,12,13
Harper,http://www.wikidata.org/entity/Q1917510,1,12,13
Viper,http://www.wikidata.org/entity/Q1925843,1,12,13
Premier,http://www.wikidata.org/entity/Q1942852,1,18,19
Swan,http://www.wikidata.org/entity/Q1948179,1,12,13
Ray,http://www.wikidata.org/entity/Q1959569,1,12,13
U2,http://www.wikidata.org/entity/Q105542216,2,28,30
Montgomery,http://www.wikidata.org/entity/Q2204511,1,15,16
Aston,http://www.wikidata.org/entity/Q2206651,1,12,13
Thomas,http://www.wikidata.org/entity/Q2208262,1,12,13
Nicholas,http://www.wikidata.org/entity/Q2210785,1,12,13
Derby,http://www.wikidata.org/entity/Q2213044,1,12,13
Brown,http://www.wikidata.org/entity/Q2218934,1,12,13
Clyde,http://www.wikidata.org/entity/Q2237753,1,12,13
Juno,http://www.wikidata.org/entity/Q2239409,1,14,15
Reed,http://www.wikidata.org/entity/Q2241887,1,12,13
Beaufort,http://www.wikidata.org/entity/Q2242040,1,15,16
DR,http://www.wikidata.org/entity/Q2242860,1,12,13
ABC,http://www.wikidata.org/entity/Q2243557,1,12,13
Rookie,http://www.wikidata.org/entity/Q107501499,8,15,23
Homeland,http://www.wikidata.org/entity/Q5889497,1,32,33
ISO,http://www.wikidata.org/entity/Q6085227,2,16,18
Mars,http://www.wikidata.org/entity/Q6773098,1,27,28
Regina,http://www.wikidata.org/entity/Q2468052,1,13,14
Warrior,http://www.wikidata.org/entity/Q2470093,1,12,13
Mobile,http://www.wikidata.org/entity/Q2483631,1,12,13
Newton,http://www.wikidata.org/entity/Q2493357,1,16,17
Stuart,http://www.wikidata.org/entity/Q2494032,1,12,13
Mars,http://www.wikidata.org/entity/Q2500050,1,12,13
Henley,http://www.wikidata.org/entity/Q2508803,1,12,13
Lily,http://www.wikidata.org/entity/Q2511997,1,12,13
Shaw,http://www.wikidata.org/entity/Q2260175,1,12,13
Spartan,http://www.wikidata.org/entity/Q2260862,3,14,17
Avon,http://www.wikidata.org/entity/Q2262462,1,12,13
SL,http://www.wikidata.org/entity/Q2266780,1,12,13
Edmund,http://www.wikidata.org/entity/Q2289766,1,12,13
Leonard,http://www.wikidata.org/entity/Q2290136,1,12,13
Duncan,http://www.wikidata.org/entity/Q2401500,1,12,13
Priory,http://www.wikidata.org/entity/Q2404522,1,12,13
Planet,http://www.wikidata.org/entity/Q2405699,1,13,14
MCC,http://www.wikidata.org/entity/Q2407304,1,12,13
Low,http://www.wikidata.org/entity/Q2409948,1,12,13
Maxim,http://www.wikidata.org/entity/Q2429024,1,12,13
Phoenix,http://www.wikidata.org/entity/Q2442977,1,12,13
Barron,http://www.wikidata.org/entity/Q2447329,1,12,13
Cleveland,http://www.wikidata.org/entity/Q2456111,1,18,19
Mercury,http://www.wikidata.org/entity/Q2464487,1,13,14
Portland,http://www.wikidata.org/entity/Q2466619,1,12,13
London,http://www.wikidata.org/entity/Q2174828,1,12,13
Iris,http://www.wikidata.org/entity/Q2176821,1,12,13
CC,http://www.wikidata.org/entity/Q2185050,1,12,13
Metro,http://www.wikidata.org/entity/Q2192134,1,12,13
Merlin,http://www.wikidata.org/entity/Q2196571,1,16,17
Union,http://www.wikidata.org/entity/Q2584130,1,12,13
Ricardo,http://www.wikidata.org/entity/Q2587439,1,16,17
Atlas,http://www.wikidata.org/entity/Q2593789,1,12,13
Green,http://www.wikidata.org/entity/Q2600074,1,12,13
Ray,http://www.wikidata.org/entity/Q2606598,1,12,13
Albert,http://www.wikidata.org/entity/Q2607499,4,23,27
Powell,http://www.wikidata.org/entity/Q2608282,1,12,13
Norman,http://www.wikidata.org/entity/Q2617671,1,12,13
Baker,http://www.wikidata.org/entity/Q2624116,1,12,13
Victoria,http://www.wikidata.org/entity/Q2626983,1,14,15
Consul,http://www.wikidata.org/entity/Q2635653,1,12,13
Gloria,http://www.wikidata.org/entity/Q2636089,1,15,16
Alba,http://www.wikidata.org/entity/Q2637160,6,21,27
Century,http://www.wikidata.org/entity/Q2524081,1,12,13
Pearson,http://www.wikidata.org/entity/Q2534067,1,12,13
Senior,http://www.wikidata.org/entity/Q2535177,1,16,17
Commander,http://www.wikidata.org/entity/Q2536042,1,13,14
Shepherd,http://www.wikidata.org/entity/Q2554043,1,12,13
Kirk,http://www.wikidata.org/entity/Q2558108,3,15,18
Jones,http://www.wikidata.org/entity/Q2576472,1,12,13
Arrow,http://www.wikidata.org/entity/Q2578959,1,18,19
House,http://www.wikidata.org/entity/Q9294202,3,36,39
Arthur,http://www.wikidata.org/entity/Q104196818,0,20,20
Pablo,http://www.wikidata.org/entity/Q104718978,0,22,22
Sugar,http://www.wikidata.org/entity/Q105280908,0,25,25
Lawson,http://www.wikidata.org/entity/Q1557223,38,112,150
Speedway,http://www.wikidata.org/entity/Q7575683,5,63,68
Venus,http://www.wikidata.org/entity/Q2309300,1,12,13
Graphic,http://www.wikidata.org/entity/Q2310103,1,12,13
Edmonton,http://www.wikidata.org/entity/Q2314402,1,12,13
Overseas,http://www.wikidata.org/entity/Q2342794,3,18,21
Borders,http://www.wikidata.org/entity/Q4944694,1,22,23
Odyssey,http://www.wikidata.org/entity/Q7078417,1,23,24
Swift,http://www.wikidata.org/entity/Q3294965,1,19,20
Russell,http://www.wikidata.org/entity/Q3919729,1,12,13
Trump,http://www.wikidata.org/entity/Q2643970,2,16,18
Saturn,http://www.wikidata.org/entity/Q2647522,1,16,17
Fraser,http://www.wikidata.org/entity/Q2650309,1,14,15
Temple,http://www.wikidata.org/entity/Q2651737,1,12,13
Ward,http://www.wikidata.org/entity/Q2656233,1,14,15
Czech,http://www.wikidata.org/entity/Q2667491,1,12,13
Revolution,http://www.wikidata.org/entity/Q2669227,1,12,13
Progress,http://www.wikidata.org/entity/Q2682211,1,12,13
Howard,http://www.wikidata.org/entity/Q2684560,1,12,13
Lewis,http://www.wikidata.org/entity/Q5193253,1,13,14
Booth,http://www.wikidata.org/entity/Q5282621,1,12,13
Kerry,http://www.wikidata.org/entity/Q11681897,3,26,29
Blake,http://www.wikidata.org/entity/Q13439859,1,14,15
Carlton,http://www.wikidata.org/entity/Q13456155,1,12,13
Clark,http://www.wikidata.org/entity/Q13468816,1,12,13
Diamond,http://www.wikidata.org/entity/Q13572332,1,13,14
Federation,http://www.wikidata.org/entity/Q13633438,1,12,13
Gloria,http://www.wikidata.org/entity/Q13643327,1,15,16
McKenzie,http://www.wikidata.org/entity/Q2787952,1,12,13
Regina,http://www.wikidata.org/entity/Q2839035,1,13,14
Mead,http://www.wikidata.org/entity/Q2851166,1,12,13
Oscar,http://www.wikidata.org/entity/Q2853890,1,12,13
Bond,http://www.wikidata.org/entity/Q2866747,1,15,16
Martin,http://www.wikidata.org/entity/Q2870839,1,12,13
Ajax,http://www.wikidata.org/entity/Q2892389,1,12,13
Springfield,http://www.wikidata.org/entity/Q2907102,1,12,13
Ajax,http://www.wikidata.org/entity/Q2918042,3,15,18
Sampson,http://www.wikidata.org/entity/Q2926721,1,13,14
Mace,http://www.wikidata.org/entity/Q17089386,7,29,36
Swift,http://www.wikidata.org/entity/Q106824114,2,13,15
Shell,http://www.wikidata.org/entity/Q110716465,3,50,53
Hudson,http://www.wikidata.org/entity/Q111534515,8,29,37
Duchess,http://www.wikidata.org/entity/Q111698565,0,20,20
Okay,http://www.wikidata.org/entity/Q17583128,5,78,83
Ashley,http://www.wikidata.org/entity/Q4805437,2,49,51
Friendly,http://www.wikidata.org/entity/Q111126946,0,22,22
Collier,http://www.wikidata.org/entity/Q4027015,1,12,13
Austen,http://www.wikidata.org/entity/Q4306241,1,12,13
Hobart,http://www.wikidata.org/entity/Q4306579,1,16,17
Arab,http://www.wikidata.org/entity/Q4354735,1,12,13
Johnson,http://www.wikidata.org/entity/Q4359040,1,12,13
Hyde,http://www.wikidata.org/entity/Q4368873,1,12,13
Regent,http://www.wikidata.org/entity/Q4391524,1,12,13
Colombo,http://www.wikidata.org/entity/Q4485452,1,13,14
Roe,http://www.wikidata.org/entity/Q4502858,1,14,15
Globe,http://www.wikidata.org/entity/Q4527544,1,12,13
Carlton,http://www.wikidata.org/entity/Q4754684,1,12,13
Ready,http://www.wikidata.org/entity/Q4791708,1,12,13
Val,http://www.wikidata.org/entity/Q4793008,1,12,13
Mercer,http://www.wikidata.org/entity/Q4845319,1,12,13
Sun,http://www.wikidata.org/entity/Q4869274,1,13,14
Olympic,http://www.wikidata.org/entity/Q4978065,1,12,13
K,http://www.wikidata.org/entity/Q5079709,1,15,16
Wakefield,http://www.wikidata.org/entity/Q2353942,1,12,13
Imperial,http://www.wikidata.org/entity/Q2379217,1,12,13
Empire,http://www.wikidata.org/entity/Q2382710,1,20,21
Dane,http://www.wikidata.org/entity/Q2392397,1,12,13
Rochester,http://www.wikidata.org/entity/Q2397309,1,17,18
Hercules,http://www.wikidata.org/entity/Q2703724,1,16,17
Mead,http://www.wikidata.org/entity/Q2703991,1,12,13
Caesar,http://www.wikidata.org/entity/Q2718801,1,12,13
Mohawk,http://www.wikidata.org/entity/Q2723370,1,12,13
Weaver,http://www.wikidata.org/entity/Q2727222,1,12,13
Bradshaw,http://www.wikidata.org/entity/Q2738528,1,12,13
Colonial,http://www.wikidata.org/entity/Q2772203,1,12,13
Thunder,http://www.wikidata.org/entity/Q2775559,1,13,14
Safety,http://www.wikidata.org/entity/Q19458769,4,16,20
Commodore,http://www.wikidata.org/entity/Q1115992,34,62,96
Cumberland,http://www.wikidata.org/entity/Q5193829,0,26,26
Boots,http://www.wikidata.org/entity/Q6123139,58,124,182
BP,http://www.wikidata.org/entity/Q152057,335,432,767
ABC,http://www.wikidata.org/entity/Q10397504,8,63,71
Lilly,http://www.wikidata.org/entity/Q111764460,1,43,44
Sprint,http://www.wikidata.org/entity/Q57588452,2,25,27
Power,http://www.wikidata.org/entity/Q98380874,0,19,19
Castro,http://www.wikidata.org/entity/Q1049887,8,50,58
Animal,http://www.wikidata.org/entity/Q4764749,1,47,48
Burton,http://www.wikidata.org/entity/Q5000795,8,74,82
Evans,http://www.wikidata.org/entity/Q5415877,1,58,59
Fox,http://www.wikidata.org/entity/Q5476569,3,42,45
Cora,http://www.wikidata.org/entity/Q2996960,3,47,50
Wizard,http://www.wikidata.org/entity/Q14520176,1,12,13
King,http://www.wikidata.org/entity/Q14635109,1,18,19
Southern,http://www.wikidata.org/entity/Q1258373,262,54,316
Southeastern,http://www.wikidata.org/entity/Q1696490,262,55,317
Hunters,http://www.wikidata.org/entity/Q98296744,1,49,50
Arrow,http://www.wikidata.org/entity/Q2945098,1,18,19
Armstrong,http://www.wikidata.org/entity/Q2951737,1,13,14
Wallis,http://www.wikidata.org/entity/Q2991537,1,14,15
Everest,http://www.wikidata.org/entity/Q3061455,5,31,36
Barry,http://www.wikidata.org/entity/Q3061498,1,12,13
Willow,http://www.wikidata.org/entity/Q3111593,1,12,13
Pure,http://www.wikidata.org/entity/Q60297192,8,27,35
Shock,http://www.wikidata.org/entity/Q65594304,6,19,25
Watt,http://www.wikidata.org/entity/Q109906094,50,34,84
EMI,http://www.wikidata.org/entity/Q55965015,2145,84,2229
Paradise,http://www.wikidata.org/entity/Q79303367,1,29,30
Duchess,http://www.wikidata.org/entity/Q5311281,1,26,27
Action,http://www.wikidata.org/entity/Q2634111,9,77,86
Roses,http://www.wikidata.org/entity/Q7368644,1,47,48
Watts,http://www.wikidata.org/entity/Q11351402,1,39,40
Graves,http://www.wikidata.org/entity/Q13647567,1,12,13
Hampton,http://www.wikidata.org/entity/Q13653402,1,12,13
Morris,http://www.wikidata.org/entity/Q13862480,1,12,13
Noble,http://www.wikidata.org/entity/Q13899237,1,12,13
Stanley,http://www.wikidata.org/entity/Q14380563,1,14,15
Fuji,http://www.wikidata.org/entity/Q13018411,1,21,22
Juno,http://www.wikidata.org/entity/Q25205224,3,48,51
Via,http://www.wikidata.org/entity/Q25339988,5,45,50
Pure,http://www.wikidata.org/entity/Q30599327,1,30,31
Côte,http://www.wikidata.org/entity/Q48699908,1,43,44
Penang,http://www.wikidata.org/entity/Q60770879,1,16,17
Harald,http://www.wikidata.org/entity/Q16841092,2,20,22
Léon,http://www.wikidata.org/entity/Q21041507,4,57,61
Mirror,http://www.wikidata.org/entity/Q64006736,0,56,56
YouTube,http://www.wikidata.org/entity/Q866,12372,713,13085
Stan,http://www.wikidata.org/entity/Q18643770,25,93,118
99,http://www.wikidata.org/entity/Q37193444,3,38,41
Moses,http://www.wikidata.org/entity/Q64760150,0,27,27
Memphis,http://www.wikidata.org/entity/Q101641106,0,31,31
Volvo,http://www.wikidata.org/entity/Q163810,264,338,602
Martina,http://www.wikidata.org/entity/Q111369754,1,23,24
McLaren,http://www.wikidata.org/entity/Q172030,242,351,593
Mercedes,http://www.wikidata.org/entity/Q172721,123,222,345
Porsche,http://www.wikidata.org/entity/Q842690,10,42,52
Radar,http://www.wikidata.org/entity/Q107379084,0,16,16
Prime,http://www.wikidata.org/entity/Q62122839,0,32,32
Aurora,http://www.wikidata.org/entity/Q111111881,0,21,21
Paul,http://www.wikidata.org/entity/Q3370417,15,94,109
Peters,http://www.wikidata.org/entity/Q7178102,1,22,23
Liberty,http://www.wikidata.org/entity/Q111117785,0,25,25
Arsenal,http://www.wikidata.org/entity/Q4069931,8,33,41
Honda,http://www.wikidata.org/entity/Q9584,2424,390,2814
BMW,http://www.wikidata.org/entity/Q26678,1239,686,1925
Adler,http://www.wikidata.org/entity/Q53098,51,103,154
Suzuki,http://www.wikidata.org/entity/Q181642,1172,345,1517
Sachs,http://www.wikidata.org/entity/Q317263,23,60,83
Stella,http://www.wikidata.org/entity/Q111111601,0,21,21
Hoffmann,http://www.wikidata.org/entity/Q98770209,0,24,24
Steiner,http://www.wikidata.org/entity/Q111728988,0,40,40
Nova,http://www.wikidata.org/entity/Q974188,16,78,94
Aurora,http://www.wikidata.org/entity/Q1056796,8,84,92
Triumph,http://www.wikidata.org/entity/Q447580,12,56,68
Mars,http://www.wikidata.org/entity/Q471452,9,45,54
Beta,http://www.wikidata.org/entity/Q830950,45,73,118
Trojan,http://www.wikidata.org/entity/Q842941,12,59,71
Victoria,http://www.wikidata.org/entity/Q874604,12,54,66
Smart,http://www.wikidata.org/entity/Q111120590,0,23,23
Dawn,http://www.wikidata.org/entity/Q21639656,4,17,21
Bright,http://www.wikidata.org/entity/Q25340016,1,29,30
attractive,http://www.wikidata.org/entity/Q97177587,4,36,40
Minneapolis,http://www.wikidata.org/entity/Q2046232,1,13,14
Alpha,http://www.wikidata.org/entity/Q8196409,6,30,36
Aurora,http://www.wikidata.org/entity/Q13431265,2,25,27
Ivy,http://www.wikidata.org/entity/Q2886626,7,31,38
Nova,http://www.wikidata.org/entity/Q2923665,1,24,25
Chase,http://www.wikidata.org/entity/Q3258667,2,23,25
Cotton,http://www.wikidata.org/entity/Q3695976,9,49,58
Atlantis,http://www.wikidata.org/entity/Q3911141,1,24,25
Keller,http://www.wikidata.org/entity/Q2198984,1,17,18
Cyclone,http://www.wikidata.org/entity/Q2327230,2,13,15
Freedom,http://www.wikidata.org/entity/Q111121048,0,25,25
Sage,http://www.wikidata.org/entity/Q111703384,0,43,43
Triumph,http://www.wikidata.org/entity/Q1140388,218,106,324
Douglas,http://www.wikidata.org/entity/Q1252404,34,45,79
Hoffmann,http://www.wikidata.org/entity/Q1623036,4,41,45
Peters,http://www.wikidata.org/entity/Q1865982,1,12,13
Aurora,http://www.wikidata.org/entity/Q2573719,1,16,17
California,http://www.wikidata.org/entity/Q2614568,1,19,20
Dayton,http://www.wikidata.org/entity/Q2652106,1,18,19
Omega,http://www.wikidata.org/entity/Q2681218,2,25,27
Mars,http://www.wikidata.org/entity/Q2707448,2,23,25
Rose,http://www.wikidata.org/entity/Q2749274,1,18,19
Emirates,http://www.wikidata.org/entity/Q180432,136,315,451
Radio,http://www.wikidata.org/entity/Q21085444,1,19,20
Porsche,http://www.wikidata.org/entity/Q40993,625,394,1019
Sutton,http://www.wikidata.org/entity/Q1645114,6,25,31
Phillips,http://www.wikidata.org/entity/Q1817628,8,22,30
Hall,http://www.wikidata.org/entity/Q3780781,4,19,23
Her,http://www.wikidata.org/entity/Q16927788,1,67,68
Ted,http://www.wikidata.org/entity/Q949147,14,59,73
Buzz,http://www.wikidata.org/entity/Q1018340,6,46,52
Aero,http://www.wikidata.org/entity/Q1173860,3,40,43
Song,http://www.wikidata.org/entity/Q667992,10,56,66
Hello,http://www.wikidata.org/entity/Q673666,15,59,74
Jazz,http://www.wikidata.org/entity/Q1458703,29,88,117
Aurora,http://www.wikidata.org/entity/Q6124655,1,39,40
Aria,http://www.wikidata.org/entity/Q2861147,1,22,23
Janet,http://www.wikidata.org/entity/Q637066,18,71,89
Forum,http://www.wikidata.org/entity/Q12951665,1,23,24
Regional,http://www.wikidata.org/entity/Q3423539,13,61,74
Leaders,http://www.wikidata.org/entity/Q111522674,0,15,15
Sport,http://www.wikidata.org/entity/Q4438042,2,45,47
Atlantis,http://www.wikidata.org/entity/Q756655,1,51,52
Venus,http://www.wikidata.org/entity/Q22689083,3,41,44
Sol,http://www.wikidata.org/entity/Q1237552,3,34,37
Subway,http://www.wikidata.org/entity/Q244457,69,209,278
Quickly,http://www.wikidata.org/entity/Q3771463,3,45,48
Tan,http://www.wikidata.org/entity/Q110938287,1,19,20
Kentucky,http://www.wikidata.org/entity/Q102047194,0,37,37
Aria,http://www.wikidata.org/entity/Q4790138,3,52,55
Western,http://www.wikidata.org/entity/Q14628813,1,34,35
Aurora,http://www.wikidata.org/entity/Q15222475,17,72,89
Everest,http://www.wikidata.org/entity/Q62273299,2,25,27
Pandora,http://www.wikidata.org/entity/Q1196431,61,189,250
America,http://www.wikidata.org/entity/Q55381012,1,109,110
Championship,http://www.wikidata.org/entity/Q2955893,41,45,86
Be,http://www.wikidata.org/entity/Q110824708,6,29,35
Europa,http://www.wikidata.org/entity/Q5412026,1,16,17
Polar,http://www.wikidata.org/entity/Q11888546,3,34,37
Start,http://www.wikidata.org/entity/Q28605256,1,12,13
Level,http://www.wikidata.org/entity/Q28955954,21,94,115
Meridian,http://www.wikidata.org/entity/Q29168347,2,15,17
Star,http://www.wikidata.org/entity/Q11894370,8,75,83
Atlantis,http://www.wikidata.org/entity/Q65072618,2,19,21
Farmer,http://www.wikidata.org/entity/Q16586933,16,19,35
On,http://www.wikidata.org/entity/Q43452713,7,59,66
Titan,http://www.wikidata.org/entity/Q91205916,0,231,231
IBM,http://www.wikidata.org/entity/Q37156,14952,944,15896
Look,http://www.wikidata.org/entity/Q568899,19,106,125
Lotus,http://www.wikidata.org/entity/Q6685093,1,17,18
Campus,http://www.wikidata.org/entity/Q104193125,1,30,31
Savoy,http://www.wikidata.org/entity/Q109329621,4,38,42
SE,http://www.wikidata.org/entity/Q12334265,1,26,27
Casa,http://www.wikidata.org/entity/Q1991755,3,55,58
Home,http://www.wikidata.org/entity/Q5888141,1,13,14
AD,http://www.wikidata.org/entity/Q108753388,2,34,36
Blu,http://www.wikidata.org/entity/Q175431,5,82,87
3,http://www.wikidata.org/entity/Q407009,43,163,206
Free,http://www.wikidata.org/entity/Q2467627,26,114,140
R,http://www.wikidata.org/entity/Q3326234,9,57,66
EMI,http://www.wikidata.org/entity/Q183412,11428,373,11801
Det,http://www.wikidata.org/entity/Q3706113,13,57,70
Auditorium,http://www.wikidata.org/entity/Q12302447,5,20,25
Satellite,http://www.wikidata.org/entity/Q62266218,6,57,63
Inn,http://www.wikidata.org/entity/Q26523987,1,29,30
Boeing,http://www.wikidata.org/entity/Q66,1113,588,1701
Thompson,http://www.wikidata.org/entity/Q105964434,0,15,15
Principles,http://www.wikidata.org/entity/Q7245172,3,21,24
Pursuit,http://www.wikidata.org/entity/Q106594981,6,97,103
Amazon,http://www.wikidata.org/entity/Q3884,1156,807,1963
Eleven,http://www.wikidata.org/entity/Q109996760,2,23,25
Tiny,http://www.wikidata.org/entity/Q110800739,4,25,29
Beer,http://www.wikidata.org/entity/Q64852777,2,59,61
Weeks,http://www.wikidata.org/entity/Q67137404,0,13,13
Embassy,http://www.wikidata.org/entity/Q5830637,5,33,38
Bob,http://www.wikidata.org/entity/Q4931617,1,9,10
Jazz,http://www.wikidata.org/entity/Q30590827,7,48,55
Nero,http://www.wikidata.org/entity/Q99761796,6,12,18
Page,http://www.wikidata.org/entity/Q107005189,46,14,60
Pearl,http://www.wikidata.org/entity/Q11329895,5,24,29
Resolution,http://www.wikidata.org/entity/Q17086874,1,28,29
Follow,http://www.wikidata.org/entity/Q110486320,7,53,60
Spin,http://www.wikidata.org/entity/Q39089708,2,52,54
tavern,http://www.wikidata.org/entity/Q29651260,1,38,39
Havana,http://www.wikidata.org/entity/Q1959870,1,30,31
April,http://www.wikidata.org/entity/Q2786120,1,29,30
Colony,http://www.wikidata.org/entity/Q5148487,1,37,38
Freud,http://www.wikidata.org/entity/Q15221133,2,56,58
Oslo,http://www.wikidata.org/entity/Q16896934,1,52,53
Clement,http://www.wikidata.org/entity/Q110167514,0,16,16
Trio,http://www.wikidata.org/entity/Q110562042,0,26,26
Airbus,http://www.wikidata.org/entity/Q67,363,459,822
Intel,http://www.wikidata.org/entity/Q248,1559,1057,2616
Renault,http://www.wikidata.org/entity/Q6686,1967,435,2402
Nintendo,http://www.wikidata.org/entity/Q8093,3067,707,3774
Adobe,http://www.wikidata.org/entity/Q11463,854,579,1433
Sega,http://www.wikidata.org/entity/Q122741,3265,540,3805
Apollo,http://www.wikidata.org/entity/Q142139,5,51,56
pub,http://www.wikidata.org/entity/Q31959023,1,33,34
Destiny,http://www.wikidata.org/entity/Q107320416,0,30,30
Chow,http://www.wikidata.org/entity/Q48117128,0,28,28
Shell,http://www.wikidata.org/entity/Q154950,422,560,982
Diesel,http://www.wikidata.org/entity/Q158285,27,124,151
Suez,http://www.wikidata.org/entity/Q177814,54,135,189
Roxy,http://www.wikidata.org/entity/Q109104545,0,39,39
Berlin,http://www.wikidata.org/entity/Q111399125,1,37,38
Paramount,http://www.wikidata.org/entity/Q23890,6,74,80
Matrix,http://www.wikidata.org/entity/Q552863,12,54,66
Space,http://www.wikidata.org/entity/Q1427302,13,70,83
Monte,http://www.wikidata.org/entity/Q1945689,4,18,22
Monaco,http://www.wikidata.org/entity/Q68931961,0,15,15
Quick,http://www.wikidata.org/entity/Q286494,21,95,116
N,http://www.wikidata.org/entity/Q287662,10,53,63
Access,http://www.wikidata.org/entity/Q338906,17,57,74
Sheriff,http://www.wikidata.org/entity/Q378941,20,95,115
Atari,http://www.wikidata.org/entity/Q207922,873,206,1079
Cream,http://www.wikidata.org/entity/Q4036652,4,28,32
Area,http://www.wikidata.org/entity/Q4788509,1,19,20
Corporation,http://www.wikidata.org/entity/Q5172518,1,25,26
Heaven,http://www.wikidata.org/entity/Q5694616,8,41,49
Home,http://www.wikidata.org/entity/Q5888137,1,36,37
Amazon,http://www.wikidata.org/entity/Q456085,2,23,25
Nike,http://www.wikidata.org/entity/Q483915,272,414,686
pay,http://www.wikidata.org/entity/Q483959,9232,367,9599
Matter,http://www.wikidata.org/entity/Q6789724,2,25,27
Scream,http://www.wikidata.org/entity/Q7438884,1,13,14
Trade,http://www.wikidata.org/entity/Q7831921,1,27,28
Tunnel,http://www.wikidata.org/entity/Q7853273,2,18,20
Code,http://www.wikidata.org/entity/Q111552171,1,13,14
Playhouse,http://www.wikidata.org/entity/Q31941715,0,40,40
Trust,http://www.wikidata.org/entity/Q571464,16,57,73
Vale,http://www.wikidata.org/entity/Q583268,125,178,303
Arabia,http://www.wikidata.org/entity/Q623846,46,94,140
Front,http://www.wikidata.org/entity/Q1286074,3,25,28
Trinity,http://www.wikidata.org/entity/Q2453546,1,238,239
Bloom,http://www.wikidata.org/entity/Q3641086,2,27,29
Gloria,http://www.wikidata.org/entity/Q3816234,3,19,22
0,http://www.wikidata.org/entity/Q392451,44,95,139
Arena,http://www.wikidata.org/entity/Q641306,15,66,81
Douglas,http://www.wikidata.org/entity/Q651778,391,173,564
Showtime,http://www.wikidata.org/entity/Q23589,775,152,927
HBO,http://www.wikidata.org/entity/Q23633,3459,259,3718
Fantasy,http://www.wikidata.org/entity/Q61778947,1,27,28
Arsenal,http://www.wikidata.org/entity/Q704497,4,28,32
Valencia,http://www.wikidata.org/entity/Q62018694,0,27,27
Gibson,http://www.wikidata.org/entity/Q98057069,1,35,36
Coach,http://www.wikidata.org/entity/Q727697,12,91,103
Dome,http://www.wikidata.org/entity/Q733351,19,61,80
Kappa,http://www.wikidata.org/entity/Q735873,74,118,192
STS,http://www.wikidata.org/entity/Q1754271,278,104,382
Rogue,http://www.wikidata.org/entity/Q1404450,80,57,137
Santos,http://www.wikidata.org/entity/Q846914,24,81,105
Dual,http://www.wikidata.org/entity/Q877200,11,58,69
Leonardo,http://www.wikidata.org/entity/Q910379,183,218,401
Edison,http://www.wikidata.org/entity/Q912872,71,94,165
Carlson,http://www.wikidata.org/entity/Q1043395,17,73,90
Circus,http://www.wikidata.org/entity/Q1045622,26,71,97
Central,http://www.wikidata.org/entity/Q1053676,1,41,42
Toro,http://www.wikidata.org/entity/Q935059,9,85,94
Paradise,http://www.wikidata.org/entity/Q4344840,22,45,67
Pilot,http://www.wikidata.org/entity/Q4362796,134,64,198
Olympia,http://www.wikidata.org/entity/Q1237422,12,72,84
Creed,http://www.wikidata.org/entity/Q1139471,8,44,52
Roman,http://www.wikidata.org/entity/Q1260840,16,53,69
Sunshine,http://www.wikidata.org/entity/Q89029954,2,20,22
Eleven,http://www.wikidata.org/entity/Q21006823,2,30,32
Fly,http://www.wikidata.org/entity/Q1389184,3,48,51
Mercer,http://www.wikidata.org/entity/Q1391599,19,85,104
Orange,http://www.wikidata.org/entity/Q1431486,293,401,694
Gloria,http://www.wikidata.org/entity/Q1458950,3,40,43
Millennium,http://www.wikidata.org/entity/Q60776370,1,19,20
Suez,http://www.wikidata.org/entity/Q1551864,40,77,117
FCC,http://www.wikidata.org/entity/Q107575851,2,18,20
Vinci,http://www.wikidata.org/entity/Q1475312,174,304,478
Speed,http://www.wikidata.org/entity/Q2712505,51,54,105
Cross,http://www.wikidata.org/entity/Q3003752,4,32,36
CA,http://www.wikidata.org/entity/Q3139227,19,50,69
Rex,http://www.wikidata.org/entity/Q107605606,0,12,12
Supreme,http://www.wikidata.org/entity/Q1659229,35,106,141
Fremantle,http://www.wikidata.org/entity/Q520445,2135,137,2272
FX,http://www.wikidata.org/entity/Q651228,880,135,1015
Netflix,http://www.wikidata.org/entity/Q907311,84295,822,85117
Isabella,http://www.wikidata.org/entity/Q2025213,5,54,59
Voyage,http://www.wikidata.org/entity/Q3563296,13,43,56
Norman,http://www.wikidata.org/entity/Q1498373,5,38,43
Müller,http://www.wikidata.org/entity/Q1958759,13,100,113
Rama,http://www.wikidata.org/entity/Q2129886,14,57,71
Gateway,http://www.wikidata.org/entity/Q2167391,24,118,142
Munich,http://www.wikidata.org/entity/Q2076935,7,53,60
Patrick,http://www.wikidata.org/entity/Q2077529,10,52,62
RS,http://www.wikidata.org/entity/Q2124607,2,19,21
Monday,http://www.wikidata.org/entity/Q61977631,2,25,27
Candy,http://www.wikidata.org/entity/Q2454999,23,66,89
Guess,http://www.wikidata.org/entity/Q2470307,32,143,175
Latter,http://www.wikidata.org/entity/Q19379043,13,27,40
André,http://www.wikidata.org/entity/Q2847114,5,52,57
But,http://www.wikidata.org/entity/Q2877537,10,70,80
Globe,http://www.wikidata.org/entity/Q54860120,1,25,26
Viking,http://www.wikidata.org/entity/Q2776391,3,36,39
Jules,http://www.wikidata.org/entity/Q3188386,5,56,61
Viola,http://www.wikidata.org/entity/Q90891025,0,20,20
Shark,http://www.wikidata.org/entity/Q3481508,6,40,46
Only,http://www.wikidata.org/entity/Q3358661,1,43,44
1927,http://www.wikidata.org/entity/Q109299206,1,9,10
Out,http://www.wikidata.org/entity/Q46162717,1,25,26
Wings,http://www.wikidata.org/entity/Q90897619,0,20,20
Arrow,http://www.wikidata.org/entity/Q3623903,2,32,34
Kong,http://www.wikidata.org/entity/Q3816350,2,32,34
Stream,http://www.wikidata.org/entity/Q3975926,2,41,43
Fly,http://www.wikidata.org/entity/Q4038843,26,46,72
Viscount,http://www.wikidata.org/entity/Q4014769,5,37,42
Nice,http://www.wikidata.org/entity/Q3875921,1,36,37
Peck,http://www.wikidata.org/entity/Q3898524,2,29,31
Mercury,http://www.wikidata.org/entity/Q4044023,4,39,43
Gemini,http://www.wikidata.org/entity/Q22908594,4,48,52
Portal,http://www.wikidata.org/entity/Q11824869,7,28,35
Faber,http://www.wikidata.org/entity/Q3737514,5,36,41
dog,http://www.wikidata.org/entity/Q101128251,3,13,16
Atlas,http://www.wikidata.org/entity/Q4295217,16,62,78
Box,http://www.wikidata.org/entity/Q4951483,19,103,122
Cannon,http://www.wikidata.org/entity/Q5032745,2,23,25
Barker,http://www.wikidata.org/entity/Q4860939,4,43,47
Edwin,http://www.wikidata.org/entity/Q5346176,5,41,46
Alex,http://www.wikidata.org/entity/Q4716591,1,56,57
Amber,http://www.wikidata.org/entity/Q4741216,1,20,21
Alexandre,http://www.wikidata.org/entity/Q5169055,3,82,85
Daniel,http://www.wikidata.org/entity/Q5216318,6,69,75
Genesis,http://www.wikidata.org/entity/Q5532783,2,34,36
Grace,http://www.wikidata.org/entity/Q5590947,3,30,33
Royal,http://www.wikidata.org/entity/Q2052036,3,29,32
Alma,http://www.wikidata.org/entity/Q2291236,1,23,24
Park,http://www.wikidata.org/entity/Q2292274,2,62,64
Animal,http://www.wikidata.org/entity/Q4764750,0,18,18
Areas,http://www.wikidata.org/entity/Q6174111,3,25,28
Moments,http://www.wikidata.org/entity/Q6897186,1,60,61
Next,http://www.wikidata.org/entity/Q7020950,1,20,21
Sixteen,http://www.wikidata.org/entity/Q7533033,3,43,46
Solo,http://www.wikidata.org/entity/Q7558444,2,40,42
Pharmacy,http://www.wikidata.org/entity/Q7180804,2,20,22
Pierre,http://www.wikidata.org/entity/Q7192039,1,29,30
Renaissance,http://www.wikidata.org/entity/Q7312396,1,18,19
Rules,http://www.wikidata.org/entity/Q7379013,8,39,47
Morgan,http://www.wikidata.org/entity/Q6911563,6,36,42
Sears,http://www.wikidata.org/entity/Q6499202,148,185,333
Julius,http://www.wikidata.org/entity/Q6309626,3,30,33
UFO,http://www.wikidata.org/entity/Q17513752,2,15,17
Adrian,http://www.wikidata.org/entity/Q18350305,3,26,29
Christophe,http://www.wikidata.org/entity/Q18654776,3,49,52
Auguste,http://www.wikidata.org/entity/Q18654980,6,42,48
Titanic,http://www.wikidata.org/entity/Q14674085,1,23,24
Fred,http://www.wikidata.org/entity/Q15221086,2,26,28
Lakes,http://www.wikidata.org/entity/Q15241369,1,29,30
Lima,http://www.wikidata.org/entity/Q15242357,3,30,33
Muller,http://www.wikidata.org/entity/Q15260209,2,35,37
elements,http://www.wikidata.org/entity/Q16836694,3,22,25
Simon,http://www.wikidata.org/entity/Q9077503,1,43,44
Atlantis,http://www.wikidata.org/entity/Q9161664,1,40,41
East,http://www.wikidata.org/entity/Q10478907,1,30,31
Grace,http://www.wikidata.org/entity/Q18748999,3,57,60
Theory,http://www.wikidata.org/entity/Q20539353,1,24,25
Picasso,http://www.wikidata.org/entity/Q16898303,1,24,25
Frontier,http://www.wikidata.org/entity/Q16993845,1,21,22
Boulevard,http://www.wikidata.org/entity/Q21188146,1,20,21
Mina,http://www.wikidata.org/entity/Q21571751,1,57,58
Europa,http://www.wikidata.org/entity/Q21572112,1,60,61
Bridges,http://www.wikidata.org/entity/Q23009996,1,31,32
Studio,http://www.wikidata.org/entity/Q23013754,1,84,85
Lafayette,http://www.wikidata.org/entity/Q23091846,1,18,19
Sense,http://www.wikidata.org/entity/Q23301369,1,63,64
MR,http://www.wikidata.org/entity/Q23766764,4,49,53
Panic,http://www.wikidata.org/entity/Q7131061,84,97,181
More,http://www.wikidata.org/entity/Q7224208,13,60,73
Abbey,http://www.wikidata.org/entity/Q4663969,5,35,40
Adler,http://www.wikidata.org/entity/Q4683303,3,30,33
Vision,http://www.wikidata.org/entity/Q9368919,23,29,52
Pearl,http://www.wikidata.org/entity/Q60609284,1,36,37
Grove,http://www.wikidata.org/entity/Q63814684,1,29,30
Maya,http://www.wikidata.org/entity/Q63940382,3,38,41
Layla,http://www.wikidata.org/entity/Q64223770,1,30,31
Borough,http://www.wikidata.org/entity/Q64390960,0,48,48
108,http://www.wikidata.org/entity/Q28821702,1,72,73
Buffalo,http://www.wikidata.org/entity/Q11327842,9,80,89
Faith,http://www.wikidata.org/entity/Q11332636,1,38,39
Bourbon,http://www.wikidata.org/entity/Q11334857,5,60,65
York,http://www.wikidata.org/entity/Q11346201,4,43,47
Rocket,http://www.wikidata.org/entity/Q11350195,2,33,35
RF,http://www.wikidata.org/entity/Q11285785,1,32,33
Orion,http://www.wikidata.org/entity/Q11292581,2,29,31
Aaron,http://www.wikidata.org/entity/Q10372948,1,38,39
Aurora,http://www.wikidata.org/entity/Q74579824,0,10,10
Field,http://www.wikidata.org/entity/Q87724995,3,70,73
Monte,http://www.wikidata.org/entity/Q88293938,0,55,55
Noel,http://www.wikidata.org/entity/Q88297540,0,59,59
Palace,http://www.wikidata.org/entity/Q88317707,0,57,57
Stand,http://www.wikidata.org/entity/Q88591654,0,57,57
Alma,http://www.wikidata.org/entity/Q88693258,0,59,59
Ocean,http://www.wikidata.org/entity/Q88694453,0,61,61
William,http://www.wikidata.org/entity/Q88782803,0,59,59
Vista,http://www.wikidata.org/entity/Q88800925,0,60,60
Eleven,http://www.wikidata.org/entity/Q88806422,0,58,58
Medina,http://www.wikidata.org/entity/Q29488940,1,60,61
Savoy,http://www.wikidata.org/entity/Q29982245,6,49,55
Jasmine,http://www.wikidata.org/entity/Q61970538,1,32,33
Under,http://www.wikidata.org/entity/Q62540608,9,73,82
AB,http://www.wikidata.org/entity/Q11683986,8,68,76
Apart,http://www.wikidata.org/entity/Q11686561,17,43,60
Dino,http://www.wikidata.org/entity/Q11694239,8,60,68
Mesa,http://www.wikidata.org/entity/Q90312412,0,61,61
Roots,http://www.wikidata.org/entity/Q90725389,0,61,61
Bohemia,http://www.wikidata.org/entity/Q90730710,0,62,62
Salt,http://www.wikidata.org/entity/Q92786236,0,62,62
Stark,http://www.wikidata.org/entity/Q92814626,0,64,64
Oak,http://www.wikidata.org/entity/Q88975369,0,58,58
Michel,http://www.wikidata.org/entity/Q88978567,0,64,64
Marcus,http://www.wikidata.org/entity/Q89045218,0,58,58
Nathan,http://www.wikidata.org/entity/Q89420355,0,58,58
Penguin,http://www.wikidata.org/entity/Q47052870,3,37,40
Rio,http://www.wikidata.org/entity/Q47455529,0,29,29
Everest,http://www.wikidata.org/entity/Q48816144,4,29,33
Focus,http://www.wikidata.org/entity/Q89502969,0,61,61
Memories,http://www.wikidata.org/entity/Q89690286,0,59,59
Oro,http://www.wikidata.org/entity/Q89823808,0,59,59
Restaurant,http://www.wikidata.org/entity/Q98576216,0,27,27
Simpsons,http://www.wikidata.org/entity/Q92980416,0,67,67
Siemens,http://www.wikidata.org/entity/Q12054212,16,94,110
Typhoon,http://www.wikidata.org/entity/Q105333870,1,9,10
Elena,http://www.wikidata.org/entity/Q105750420,4,42,46
Times,http://www.wikidata.org/entity/Q12521500,1,22,23
Dani,http://www.wikidata.org/entity/Q11916554,1,23,24
Blu,http://www.wikidata.org/entity/Q12303844,1,23,24
Gabriel,http://www.wikidata.org/entity/Q12313397,3,50,53
Greens,http://www.wikidata.org/entity/Q12314254,1,14,15
Schultz,http://www.wikidata.org/entity/Q12334754,1,30,31
Gertrude,http://www.wikidata.org/entity/Q111286567,1,27,28
Aviv,http://www.wikidata.org/entity/Q108830820,2,13,15
Havana,http://www.wikidata.org/entity/Q109285552,1,11,12
Elite,http://www.wikidata.org/entity/Q111532462,0,28,28
360,http://www.wikidata.org/entity/Q112111145,1,17,18
Rocky,http://www.wikidata.org/entity/Q3939823,3,26,29
Rainbow,http://www.wikidata.org/entity/Q16594744,3,48,51
Gordon,http://www.wikidata.org/entity/Q15852701,3,31,34
Conan,http://www.wikidata.org/entity/Q28457939,3,235,238
poetry,http://www.wikidata.org/entity/Q70481196,0,116,116
Triple,http://www.wikidata.org/entity/Q20051229,8,60,68
Blade,http://www.wikidata.org/entity/Q20539268,1,22,23
Personal,http://www.wikidata.org/entity/Q18154920,1,32,33
Lagos,http://www.wikidata.org/entity/Q18157373,1,24,25
Inter,http://www.wikidata.org/entity/Q19599444,6,47,53
Gordon,http://www.wikidata.org/entity/Q15906602,2,32,34
Nicolas,http://www.wikidata.org/entity/Q3340012,5,55,60
Barnett,http://www.wikidata.org/entity/Q18423340,1,26,27
Light,http://www.wikidata.org/entity/Q22080511,8,81,89
Wonder,http://www.wikidata.org/entity/Q104172913,2,29,31
Mention,http://www.wikidata.org/entity/Q22906863,1,24,25
Chance,http://www.wikidata.org/entity/Q22810780,2,87,89
Metro,http://www.wikidata.org/entity/Q4770067,1,30,31
Orchestra,http://www.wikidata.org/entity/Q28042940,1,45,46
ERA,http://www.wikidata.org/entity/Q30258454,4,52,56
Leaf,http://www.wikidata.org/entity/Q907871,33,70,103
Success,http://www.wikidata.org/entity/Q1091035,91,60,151
Gala,http://www.wikidata.org/entity/Q1137822,9,47,56
Key,http://www.wikidata.org/entity/Q1143528,81,114,195
August,http://www.wikidata.org/entity/Q1143795,14,63,77
Treasure,http://www.wikidata.org/entity/Q1188050,83,81,164
Origin,http://www.wikidata.org/entity/Q31708,142,151,293
Steam,http://www.wikidata.org/entity/Q337535,47018,380,47398
Host,http://www.wikidata.org/entity/Q30258618,19,82,101
Spike,http://www.wikidata.org/entity/Q2541040,109,77,186
Jupiter,http://www.wikidata.org/entity/Q2613004,116,67,183
October,http://www.wikidata.org/entity/Q25389836,2,37,39
Athena,http://www.wikidata.org/entity/Q4813366,33,44,77
Ancient,http://www.wikidata.org/entity/Q2845962,21,47,68
Feng,http://www.wikidata.org/entity/Q10847160,18,31,49
Active,http://www.wikidata.org/entity/Q11189999,51,47,98
Bishop,http://www.wikidata.org/entity/Q11191283,4,32,36
Favorite,http://www.wikidata.org/entity/Q11198926,13,34,47
Kiss,http://www.wikidata.org/entity/Q11228542,5,28,33
Zero,http://www.wikidata.org/entity/Q11255756,3,24,27
Experience,http://www.wikidata.org/entity/Q11289809,10,51,61
Honor,http://www.wikidata.org/entity/Q27070331,82,133,215
Microsoft,http://www.wikidata.org/entity/Q31327320,8,69,77
Square,http://www.wikidata.org/entity/Q739552,375,205,580
Schumacher,http://www.wikidata.org/entity/Q30291089,5,42,47
Medium,http://www.wikidata.org/entity/Q16186120,94,154,248
Birthday,http://www.wikidata.org/entity/Q11328509,10,26,36
Walls,http://www.wikidata.org/entity/Q36245095,0,35,35
Natural,http://www.wikidata.org/entity/Q41567440,0,42,42
More,http://www.wikidata.org/entity/Q41567442,0,39,39
Noise,http://www.wikidata.org/entity/Q7047669,16,37,53
Poll,http://www.wikidata.org/entity/Q41567533,3,46,49
Riot,http://www.wikidata.org/entity/Q7335430,7,18,25
LL,http://www.wikidata.org/entity/Q30373038,0,38,38
McBride,http://www.wikidata.org/entity/Q30373085,0,37,37
Question,http://www.wikidata.org/entity/Q33441731,4,12,16
More,http://www.wikidata.org/entity/Q22128987,1,26,27
Smile,http://www.wikidata.org/entity/Q22130729,3,16,19
Twilight,http://www.wikidata.org/entity/Q7857976,12,22,34
Edwards,http://www.wikidata.org/entity/Q52852726,1,66,67
MGM,http://www.wikidata.org/entity/Q52855877,0,36,36
Mountains,http://www.wikidata.org/entity/Q60594218,2,29,31
Sol,http://www.wikidata.org/entity/Q54150946,3,23,26
Appeal,http://www.wikidata.org/entity/Q105491139,8,30,38
Cream,http://www.wikidata.org/entity/Q62493810,0,16,16
Melody,http://www.wikidata.org/entity/Q62507653,4,25,29
Actress,http://www.wikidata.org/entity/Q62508662,4,15,19
Pandora,http://www.wikidata.org/entity/Q56433268,10,23,33
Norman,http://www.wikidata.org/entity/Q54935686,0,35,35
Silence,http://www.wikidata.org/entity/Q65032803,0,16,16
Seriously,http://www.wikidata.org/entity/Q66777838,9,55,64
Petra,http://www.wikidata.org/entity/Q54937048,0,61,61
Arte,http://www.wikidata.org/entity/Q54937724,0,34,34
Concerto,http://www.wikidata.org/entity/Q11589738,1,51,52
Patricia,http://www.wikidata.org/entity/Q52296300,3,46,49
Caledonia,http://www.wikidata.org/entity/Q106677469,5,30,35
Cafe,http://www.wikidata.org/entity/Q26562230,0,23,23
Lancaster,http://www.wikidata.org/entity/Q52154542,2,59,61
Less,http://www.wikidata.org/entity/Q52326416,0,48,48
Gardens,http://www.wikidata.org/entity/Q110792929,0,22,22
MIT,http://www.wikidata.org/entity/Q54956671,0,34,34
ensemble,http://www.wikidata.org/entity/Q86745042,23,35,58
Coral,http://www.wikidata.org/entity/Q54621344,15,35,50
Société,http://www.wikidata.org/entity/Q54951863,0,34,34
Fin,http://www.wikidata.org/entity/Q61986465,1,29,30
Chi,http://www.wikidata.org/entity/Q70628264,1,44,45
Loki,http://www.wikidata.org/entity/Q111183849,2,20,22
BCE,http://www.wikidata.org/entity/Q54962781,0,34,34
Buzz,http://www.wikidata.org/entity/Q55165235,15,61,76
Griffin,http://www.wikidata.org/entity/Q1319413,4,64,68
Fen,http://www.wikidata.org/entity/Q54959398,0,34,34
HM,http://www.wikidata.org/entity/Q54965491,0,34,34
Rosenberg,http://www.wikidata.org/entity/Q54967359,0,39,39
Admiralty,http://www.wikidata.org/entity/Q14955146,3,68,71
Room,http://www.wikidata.org/entity/Q17552251,0,33,33
Europe,http://www.wikidata.org/entity/Q54974633,0,35,35
Window,http://www.wikidata.org/entity/Q54974967,0,34,34
92,http://www.wikidata.org/entity/Q54972031,0,34,34
T,http://www.wikidata.org/entity/Q54972630,0,36,36
Color,http://www.wikidata.org/entity/Q54973988,0,34,34
Norma,http://www.wikidata.org/entity/Q58197501,2,57,59
ONE,http://www.wikidata.org/entity/Q55097360,1,33,34
Zeus,http://www.wikidata.org/entity/Q56421883,0,19,19
Walter,http://www.wikidata.org/entity/Q58195712,4,34,38
Delta,http://www.wikidata.org/entity/Q62274638,0,33,33
Delta,http://www.wikidata.org/entity/Q62274661,0,17,17
PT,http://www.wikidata.org/entity/Q62298612,0,28,28
Eurovision,http://www.wikidata.org/entity/Q67803010,0,32,32
Lamb,http://www.wikidata.org/entity/Q29500253,1,58,59
Kings,http://www.wikidata.org/entity/Q70628066,0,33,33
Oracle,http://www.wikidata.org/entity/Q61863216,0,36,36
Alfred,http://www.wikidata.org/entity/Q61865323,1,50,51
Preston,http://www.wikidata.org/entity/Q61875582,0,32,32
Angel,http://www.wikidata.org/entity/Q70628355,0,33,33
Revolution,http://www.wikidata.org/entity/Q79684638,0,36,36
Yates,http://www.wikidata.org/entity/Q79684693,0,39,39
Hat,http://www.wikidata.org/entity/Q79837531,0,29,29
Queens,http://www.wikidata.org/entity/Q79837573,0,29,29
EPA,http://www.wikidata.org/entity/Q67804844,0,32,32
Manor,http://www.wikidata.org/entity/Q79838443,0,27,27
Liberty,http://www.wikidata.org/entity/Q79838526,0,29,29
Office,http://www.wikidata.org/entity/Q79461610,0,37,37
Railway,http://www.wikidata.org/entity/Q79461630,0,39,39
Lodge,http://www.wikidata.org/entity/Q79466042,1,39,40
Exchange,http://www.wikidata.org/entity/Q79837713,0,26,26
Imperial,http://www.wikidata.org/entity/Q79837719,0,26,26
Depot,http://www.wikidata.org/entity/Q79837746,0,26,26
Pier,http://www.wikidata.org/entity/Q79837767,0,26,26
Terrace,http://www.wikidata.org/entity/Q79837787,0,26,26
Cove,http://www.wikidata.org/entity/Q80476349,0,43,43
Archer,http://www.wikidata.org/entity/Q80476425,0,31,31
Air,http://www.wikidata.org/entity/Q80476510,0,33,33
Jubilee,http://www.wikidata.org/entity/Q79683758,0,35,35
Bridge,http://www.wikidata.org/entity/Q79683797,0,31,31
Phoenix,http://www.wikidata.org/entity/Q79683817,0,35,35
Elephant,http://www.wikidata.org/entity/Q79683849,0,37,37
Grand,http://www.wikidata.org/entity/Q79683860,0,31,31
Crown,http://www.wikidata.org/entity/Q79683929,0,34,34
Fox,http://www.wikidata.org/entity/Q79683943,0,36,36
Gun,http://www.wikidata.org/entity/Q79683954,0,34,34
Phoenix,http://www.wikidata.org/entity/Q79683976,0,34,34
Wellington,http://www.wikidata.org/entity/Q79684012,0,36,36
Unity,http://www.wikidata.org/entity/Q80476716,0,29,29
Players,http://www.wikidata.org/entity/Q80476721,0,28,28
Browns,http://www.wikidata.org/entity/Q79838011,0,26,26
Central,http://www.wikidata.org/entity/Q79838074,0,27,27
Clifton,http://www.wikidata.org/entity/Q79838089,0,27,27
Complex,http://www.wikidata.org/entity/Q79838097,0,27,27
Cuba,http://www.wikidata.org/entity/Q79838102,0,27,27
Eagle,http://www.wikidata.org/entity/Q79838123,0,27,27
Richmond,http://www.wikidata.org/entity/Q67810532,0,32,32
Railway,http://www.wikidata.org/entity/Q79684035,0,32,32
Swan,http://www.wikidata.org/entity/Q79684062,0,40,40
Castle,http://www.wikidata.org/entity/Q79684104,0,41,41
Grove,http://www.wikidata.org/entity/Q79684128,0,35,35
Falcon,http://www.wikidata.org/entity/Q79684196,0,32,32
Isabella,http://www.wikidata.org/entity/Q79684225,0,36,36
Spartan,http://www.wikidata.org/entity/Q79684249,0,35,35
Tavern,http://www.wikidata.org/entity/Q79684252,0,35,35
Waterloo,http://www.wikidata.org/entity/Q79684263,0,36,36
Explorer,http://www.wikidata.org/entity/Q80476803,0,31,31
Herbert,http://www.wikidata.org/entity/Q79838171,0,27,27
Junction,http://www.wikidata.org/entity/Q79838181,0,27,27
Lounge,http://www.wikidata.org/entity/Q79838204,0,27,27
Mission,http://www.wikidata.org/entity/Q79838226,0,31,31
Office,http://www.wikidata.org/entity/Q79838255,0,27,27
Penguin,http://www.wikidata.org/entity/Q79838259,0,27,27
Revolution,http://www.wikidata.org/entity/Q79838292,0,27,27
Swan,http://www.wikidata.org/entity/Q79838356,0,29,29
Swan,http://www.wikidata.org/entity/Q79838360,0,29,29
Treasury,http://www.wikidata.org/entity/Q79838375,0,29,29
Salt,http://www.wikidata.org/entity/Q80581963,0,42,42
Bronx,http://www.wikidata.org/entity/Q79684380,0,40,40
Castle,http://www.wikidata.org/entity/Q79684500,0,36,36
Conservatory,http://www.wikidata.org/entity/Q79684522,0,28,28
Downs,http://www.wikidata.org/entity/Q79684540,0,34,34
Varsity,http://www.wikidata.org/entity/Q80584618,0,43,43
Buffalo,http://www.wikidata.org/entity/Q80584711,2,51,53
Legends,http://www.wikidata.org/entity/Q80582864,0,38,38
Simpsons,http://www.wikidata.org/entity/Q80583088,0,35,35
Origin,http://www.wikidata.org/entity/Q80855442,0,37,37
Amber,http://www.wikidata.org/entity/Q80855461,0,35,35
Victoria,http://www.wikidata.org/entity/Q80583857,0,38,38
Varsity,http://www.wikidata.org/entity/Q80583262,0,43,43
California,http://www.wikidata.org/entity/Q80583324,0,35,35
Railway,http://www.wikidata.org/entity/Q80856086,0,39,39
Symposium,http://www.wikidata.org/entity/Q77876179,0,31,31
Salt,http://www.wikidata.org/entity/Q80584453,0,41,41
Will,http://www.wikidata.org/entity/Q67815587,0,32,32
Yard,http://www.wikidata.org/entity/Q80859173,0,42,42
Fusion,http://www.wikidata.org/entity/Q80859189,0,35,35
Seasons,http://www.wikidata.org/entity/Q80859213,0,37,37
Revolution,http://www.wikidata.org/entity/Q80859283,0,37,37
MW,http://www.wikidata.org/entity/Q67812947,0,32,32
Crown,http://www.wikidata.org/entity/Q80856953,0,36,36
Star,http://www.wikidata.org/entity/Q80859729,0,33,33
Copper,http://www.wikidata.org/entity/Q80859763,0,37,37
City,http://www.wikidata.org/entity/Q80859784,0,34,34
Revolution,http://www.wikidata.org/entity/Q80857312,0,37,37
Griffin,http://www.wikidata.org/entity/Q80857364,0,35,35
Taste,http://www.wikidata.org/entity/Q67815323,0,34,34
Lamb,http://www.wikidata.org/entity/Q83558724,0,31,31
EA,http://www.wikidata.org/entity/Q70344026,2,28,30
Morning,http://www.wikidata.org/entity/Q86666341,1,37,38
Lord,http://www.wikidata.org/entity/Q79031305,0,30,30
Crow,http://www.wikidata.org/entity/Q83558894,0,31,31
Alexander,http://www.wikidata.org/entity/Q83558904,0,31,31
Baroque,http://www.wikidata.org/entity/Q83558910,0,35,35
George,http://www.wikidata.org/entity/Q83558975,0,32,32
Belmont,http://www.wikidata.org/entity/Q83558984,0,37,37
Vikings,http://www.wikidata.org/entity/Q95994098,0,47,47
Revolution,http://www.wikidata.org/entity/Q99591038,0,37,37
Stones,http://www.wikidata.org/entity/Q99592359,0,38,38
Copa,http://www.wikidata.org/entity/Q80857668,0,35,35
Stones,http://www.wikidata.org/entity/Q99593056,0,29,29
Marianne,http://www.wikidata.org/entity/Q82330309,4,42,46
Trinity,http://www.wikidata.org/entity/Q99591852,0,44,44
scope,http://www.wikidata.org/entity/Q96133097,0,30,30
Juno,http://www.wikidata.org/entity/Q99593237,0,35,35
ICC,http://www.wikidata.org/entity/Q96139053,0,30,30
Morrison,http://www.wikidata.org/entity/Q96139068,0,30,30
Woods,http://www.wikidata.org/entity/Q99592979,0,31,31
Heroes,http://www.wikidata.org/entity/Q99593006,0,43,43
Up,http://www.wikidata.org/entity/Q15614811,15,62,77
Griffin,http://www.wikidata.org/entity/Q96133707,0,30,30
Phoenix,http://www.wikidata.org/entity/Q80858175,0,39,39
Radar,http://www.wikidata.org/entity/Q96132066,0,30,30
AD,http://www.wikidata.org/entity/Q96139461,0,30,30
SEC,http://www.wikidata.org/entity/Q96139567,2,30,32
Shop,http://www.wikidata.org/entity/Q96139846,0,30,30
Stephanie,http://www.wikidata.org/entity/Q96138111,0,30,30
Pony,http://www.wikidata.org/entity/Q22073397,2,23,25
Blanco,http://www.wikidata.org/entity/Q64454314,0,42,42
Fox,http://www.wikidata.org/entity/Q27082409,1,28,29
Region,http://www.wikidata.org/entity/Q111333737,1,29,30
Even,http://www.wikidata.org/entity/Q97498232,0,18,18
Symphony,http://www.wikidata.org/entity/Q97498251,0,28,28
Smoke,http://www.wikidata.org/entity/Q15278253,2,33,35
Roche,http://www.wikidata.org/entity/Q100956267,0,34,34
Evolution,http://www.wikidata.org/entity/Q18581754,3,25,28
Atlantis,http://www.wikidata.org/entity/Q20313179,3,22,25
Revenge,http://www.wikidata.org/entity/Q97194700,1,21,22
Paradise,http://www.wikidata.org/entity/Q98716191,2,14,16
Sand,http://www.wikidata.org/entity/Q2220325,1,23,24
Composer,http://www.wikidata.org/entity/Q15252222,33,212,245
Nix,http://www.wikidata.org/entity/Q7041957,10,121,131
Levi,http://www.wikidata.org/entity/Q262837,52,87,139
Vanguard,http://www.wikidata.org/entity/Q72891597,0,10,10
?,http://www.wikidata.org/entity/Q3048853,14,55,69
Atlas,http://www.wikidata.org/entity/Q102287846,0,39,39
Siemens,http://www.wikidata.org/entity/Q102543400,0,37,37
Emerson,http://www.wikidata.org/entity/Q102544133,0,39,39
Arctic,http://www.wikidata.org/entity/Q108169321,0,23,23
AA,http://www.wikidata.org/entity/Q102539706,0,38,38
Clear,http://www.wikidata.org/entity/Q107450604,9,73,82
Storm,http://www.wikidata.org/entity/Q112254550,0,25,25
Greenwood,http://www.wikidata.org/entity/Q100278626,1,26,27
Framework,http://www.wikidata.org/entity/Q107661386,5,53,58
Foundation,http://www.wikidata.org/entity/Q107328996,2,18,20
Kiev,http://www.wikidata.org/entity/Q1741139,11,47,58
Aires,http://www.wikidata.org/entity/Q2828710,9,30,39
History,http://www.wikidata.org/entity/Q5774656,2,25,27
Lifetime,http://www.wikidata.org/entity/Q16996306,1,32,33
Blaze,http://www.wikidata.org/entity/Q28441375,6,32,38
Circle,http://www.wikidata.org/entity/Q81729877,1,28,29
Alma,http://www.wikidata.org/entity/Q110404249,0,26,26
Goodwin,http://www.wikidata.org/entity/Q5583689,3,33,36
Release,http://www.wikidata.org/entity/Q7310914,1,23,24
Buckley,http://www.wikidata.org/entity/Q16828423,1,37,38
Mona,http://www.wikidata.org/entity/Q2881592,2,16,18
Lloyd,http://www.wikidata.org/entity/Q55726020,0,21,21
WWE,http://www.wikidata.org/entity/Q35339,605,321,926
Spectrum,http://www.wikidata.org/entity/Q7805197,5,53,58
USC,http://www.wikidata.org/entity/Q7866331,5,55,60
Wallis,http://www.wikidata.org/entity/Q7963123,2,63,65
Joseph,http://www.wikidata.org/entity/Q6280747,1,45,46
Revolution,http://www.wikidata.org/entity/Q64024398,6,28,34
Select,http://www.wikidata.org/entity/Q99668157,0,11,11
Enterprise,http://www.wikidata.org/entity/Q488724,8,44,52
RS,http://www.wikidata.org/entity/Q1358980,3,31,34
Tide,http://www.wikidata.org/entity/Q1779936,26,81,107
Alliance,http://www.wikidata.org/entity/Q16681017,3,31,34
Even,http://www.wikidata.org/entity/Q5416500,3,36,39
Admiral,http://www.wikidata.org/entity/Q25205850,1,26,27
Gamma,http://www.wikidata.org/entity/Q3095013,29,41,70
Viva,http://www.wikidata.org/entity/Q3561390,9,21,30
Bethlehem,http://www.wikidata.org/entity/Q109742749,0,14,14
Daniels,http://www.wikidata.org/entity/Q109742750,0,14,14
Matrix,http://www.wikidata.org/entity/Q108386746,0,13,13
Microsoft,http://www.wikidata.org/entity/Q2283,5590,1239,6829
Columbus,http://www.wikidata.org/entity/Q12062830,7,54,61
Honey,http://www.wikidata.org/entity/Q60768270,3,65,68
NBC,http://www.wikidata.org/entity/Q13974,8022,312,8334
CBS,http://www.wikidata.org/entity/Q43380,8762,427,9189
NPR,http://www.wikidata.org/entity/Q671510,2012,245,2257
Capital,http://www.wikidata.org/entity/Q5035441,56,142,198
Misty,http://www.wikidata.org/entity/Q97063449,4,10,14
CBN,http://www.wikidata.org/entity/Q7385857,75,67,142
Winner,http://www.wikidata.org/entity/Q56046990,2,15,17
Empress,http://www.wikidata.org/entity/Q11198300,37,47,84
Storm,http://www.wikidata.org/entity/Q55331909,4,17,21
Halifax,http://www.wikidata.org/entity/Q104804097,3,37,40
Blaze,http://www.wikidata.org/entity/Q104804157,4,26,30
Vice,http://www.wikidata.org/entity/Q249838,109,176,285
Junction,http://www.wikidata.org/entity/Q18153778,1,10,11
Wise,http://www.wikidata.org/entity/Q7833987,20,130,150
Drop,http://www.wikidata.org/entity/Q46987367,1,24,25
Circle,http://www.wikidata.org/entity/Q17007851,4,51,55
Müller,http://www.wikidata.org/entity/Q884605,18,63,81
Star,http://www.wikidata.org/entity/Q3070768,1,27,28
Toro,http://www.wikidata.org/entity/Q4587645,3,21,24
Continental,http://www.wikidata.org/entity/Q5165227,4,21,25
Ice,http://www.wikidata.org/entity/Q3432225,6,71,77
Global,http://www.wikidata.org/entity/Q5570585,223,128,351
United,http://www.wikidata.org/entity/Q55503894,1,33,34
Helen,http://www.wikidata.org/entity/Q3129981,15,59,74
Pentagon,http://www.wikidata.org/entity/Q25392562,3,24,27
