Label,URI,Indegree,Outdegree,Degree
Motown,http://www.wikidata.org/entity/Q43327,3158,177,3335
EMI,http://www.wikidata.org/entity/Q183412,11428,373,11801
Groove,http://www.wikidata.org/entity/Q194958,34,65,99
Decca,http://www.wikidata.org/entity/Q557632,4172,211,4383
Brain,http://www.wikidata.org/entity/Q560841,122,76,198
Gotham,http://www.wikidata.org/entity/Q301162,40,63,103
Milan,http://www.wikidata.org/entity/Q303739,79,62,141
Amiga,http://www.wikidata.org/entity/Q323890,215,73,288
Bronze,http://www.wikidata.org/entity/Q671229,263,91,354
Perfect,http://www.wikidata.org/entity/Q909314,17,64,81
Chancellor,http://www.wikidata.org/entity/Q1061649,48,61,109
Sunshine,http://www.wikidata.org/entity/Q794555,14,47,61
Galaxy,http://www.wikidata.org/entity/Q835655,132,59,191
Classics,http://www.wikidata.org/entity/Q1096153,120,55,175
Portrait,http://www.wikidata.org/entity/Q1110777,195,64,259
Coral,http://www.wikidata.org/entity/Q1131870,147,82,229
Fantasy,http://www.wikidata.org/entity/Q1308364,659,97,756
Harvest,http://www.wikidata.org/entity/Q1324712,828,122,950
Polar,http://www.wikidata.org/entity/Q1358159,307,67,374
Europa,http://www.wikidata.org/entity/Q1375198,18,52,70
Paramount,http://www.wikidata.org/entity/Q1465812,153,73,226
United,http://www.wikidata.org/entity/Q1561941,18,61,79
Swing,http://www.wikidata.org/entity/Q1625505,7,32,39
Miracle,http://www.wikidata.org/entity/Q1656672,18,42,60
Imperial,http://www.wikidata.org/entity/Q1660305,410,75,485
Straight,http://www.wikidata.org/entity/Q1712125,52,71,123
Kent,http://www.wikidata.org/entity/Q1739034,39,52,91
King,http://www.wikidata.org/entity/Q1742077,415,83,498
Pablo,http://www.wikidata.org/entity/Q1809823,453,66,519
Lincoln,http://www.wikidata.org/entity/Q1825775,6,65,71
Swan,http://www.wikidata.org/entity/Q2003258,41,66,107
Parkway,http://www.wikidata.org/entity/Q2052830,1,27,28
Atlantis,http://www.wikidata.org/entity/Q2150617,3,23,26
Romeo,http://www.wikidata.org/entity/Q2165105,8,66,74
Harmony,http://www.wikidata.org/entity/Q2385949,46,56,102
Barclay,http://www.wikidata.org/entity/Q2535085,1441,106,1547
Vogue,http://www.wikidata.org/entity/Q2547545,19,67,86
Opus,http://www.wikidata.org/entity/Q2617185,250,68,318
Variety,http://www.wikidata.org/entity/Q2742784,9,56,65
Riverside,http://www.wikidata.org/entity/Q2975356,663,82,745
Versailles,http://www.wikidata.org/entity/Q3030619,7,27,34
Duke,http://www.wikidata.org/entity/Q3041092,74,65,139
Herald,http://www.wikidata.org/entity/Q3133380,18,56,74
Josie,http://www.wikidata.org/entity/Q3186066,27,56,83
Gamma,http://www.wikidata.org/entity/Q3232125,16,58,74
Apollo,http://www.wikidata.org/entity/Q3620690,35,55,90
Broadway,http://www.wikidata.org/entity/Q3645177,21,60,81
Columbia,http://www.wikidata.org/entity/Q3683795,68,39,107
Derby,http://www.wikidata.org/entity/Q3705802,38,56,94
Det,http://www.wikidata.org/entity/Q3706113,13,57,70
Embassy,http://www.wikidata.org/entity/Q3724038,3,27,30
Five,http://www.wikidata.org/entity/Q3746266,328,55,383
Fox,http://www.wikidata.org/entity/Q3749161,1,45,46
Harmony,http://www.wikidata.org/entity/Q3783410,19,108,127
It,http://www.wikidata.org/entity/Q3804023,111,76,187
Jaguar,http://www.wikidata.org/entity/Q3806122,5,31,36
Joker,http://www.wikidata.org/entity/Q3809775,16,32,48
Kansas,http://www.wikidata.org/entity/Q3812804,53,49,102
King,http://www.wikidata.org/entity/Q3815395,13,13,26
Love,http://www.wikidata.org/entity/Q3837721,19,55,74
Music,http://www.wikidata.org/entity/Q3868515,17,59,76
Parade,http://www.wikidata.org/entity/Q3894997,22,240,262
People,http://www.wikidata.org/entity/Q3899338,12,57,69
Pig,http://www.wikidata.org/entity/Q3904896,1,25,26
Primary,http://www.wikidata.org/entity/Q3921650,9,18,27
Sabrina,http://www.wikidata.org/entity/Q3944343,1,29,30
Sprint,http://www.wikidata.org/entity/Q3967281,9,45,54
Tank,http://www.wikidata.org/entity/Q3980879,1,28,29
Tiffany,http://www.wikidata.org/entity/Q3991227,7,49,56
Variety,http://www.wikidata.org/entity/Q4008795,11,29,40
Yep,http://www.wikidata.org/entity/Q4022699,29,51,80
Zeus,http://www.wikidata.org/entity/Q4024311,209,79,288
Ace,http://www.wikidata.org/entity/Q4673004,31,54,85
Amy,http://www.wikidata.org/entity/Q4749354,14,55,69
Angel,http://www.wikidata.org/entity/Q4762258,116,68,184
Challenge,http://www.wikidata.org/entity/Q5068913,42,61,103
Colonial,http://www.wikidata.org/entity/Q5148365,3,51,54
End,http://www.wikidata.org/entity/Q5375804,25,75,100
Everest,http://www.wikidata.org/entity/Q5416958,26,55,81
Festival,http://www.wikidata.org/entity/Q5445732,414,60,474
Freedom,http://www.wikidata.org/entity/Q5500471,1,15,16
Ingrid,http://www.wikidata.org/entity/Q5972302,32,77,109
Imperial,http://www.wikidata.org/entity/Q6006838,8,51,59
Invisible,http://www.wikidata.org/entity/Q6061215,92,60,152
Leader,http://www.wikidata.org/entity/Q6508497,3,46,49
Noble,http://www.wikidata.org/entity/Q7045692,7,28,35
Rama,http://www.wikidata.org/entity/Q7288652,11,49,60
Renaissance,http://www.wikidata.org/entity/Q7312392,1,13,14
Service,http://www.wikidata.org/entity/Q7455660,21,27,48
Spin,http://www.wikidata.org/entity/Q7577381,86,66,152
Sterling,http://www.wikidata.org/entity/Q7611462,2,59,61
Sunshine,http://www.wikidata.org/entity/Q7641558,21,48,69
Sussex,http://www.wikidata.org/entity/Q7649474,64,58,122
Swan,http://www.wikidata.org/entity/Q7653494,8,50,58
Echo,http://www.wikidata.org/entity/Q7731485,204,65,269
Touch,http://www.wikidata.org/entity/Q7828614,78,37,115
Tribute,http://www.wikidata.org/entity/Q7840520,11,47,58
Warwick,http://www.wikidata.org/entity/Q7971173,24,55,79
Word,http://www.wikidata.org/entity/Q8034303,417,56,473
Dynasty,http://www.wikidata.org/entity/Q9213710,16,36,52
Edit,http://www.wikidata.org/entity/Q10270319,2,21,23
National,http://www.wikidata.org/entity/Q10594768,9,53,62
Pope,http://www.wikidata.org/entity/Q10637498,3,43,46
Sonata,http://www.wikidata.org/entity/Q10673643,5,53,58
Sunrise,http://www.wikidata.org/entity/Q10683951,1,21,22
Colours,http://www.wikidata.org/entity/Q11963996,3,17,20
Orlando,http://www.wikidata.org/entity/Q15279630,120,71,191
Young,http://www.wikidata.org/entity/Q15548291,101,89,190
Eternal,http://www.wikidata.org/entity/Q15936306,26,79,105
Innocent,http://www.wikidata.org/entity/Q16254300,76,47,123
Road,http://www.wikidata.org/entity/Q16350760,1,18,19
Vehicle,http://www.wikidata.org/entity/Q16355551,1,17,18
Blue,http://www.wikidata.org/entity/Q16866980,11,56,67
Cadillac,http://www.wikidata.org/entity/Q16985840,1,16,17
Congress,http://www.wikidata.org/entity/Q17150066,17,54,71
Talent,http://www.wikidata.org/entity/Q19391878,221,48,269
Class,http://www.wikidata.org/entity/Q19857020,11,55,66
Lotus,http://www.wikidata.org/entity/Q20009730,9,24,33
Imperial,http://www.wikidata.org/entity/Q20017097,30,22,52
Johanna,http://www.wikidata.org/entity/Q23045108,13,22,35
VIP,http://www.wikidata.org/entity/Q23045401,5,44,49
Delta,http://www.wikidata.org/entity/Q23045550,5,26,31
Pyramid,http://www.wikidata.org/entity/Q23045574,37,49,86
Clear,http://www.wikidata.org/entity/Q24516859,2,27,29
Diamond,http://www.wikidata.org/entity/Q25339536,7,27,34
Karen,http://www.wikidata.org/entity/Q27997132,48,51,99
Salem,http://www.wikidata.org/entity/Q28182831,1,14,15
Venture,http://www.wikidata.org/entity/Q28373321,10,55,65
Axel,http://www.wikidata.org/entity/Q28374695,2,12,14
Chronicle,http://www.wikidata.org/entity/Q29424491,6,50,56
Continental,http://www.wikidata.org/entity/Q29424534,10,49,59
Impact,http://www.wikidata.org/entity/Q30598235,5,47,52
Twins,http://www.wikidata.org/entity/Q38074020,2,13,15
Campus,http://www.wikidata.org/entity/Q43163478,3,25,28
Urban,http://www.wikidata.org/entity/Q51954444,16,33,49
Ranch,http://www.wikidata.org/entity/Q52083841,42,25,67
CBS,http://www.wikidata.org/entity/Q49462460,718,96,814
RCA,http://www.wikidata.org/entity/Q50074604,1064,68,1132
Virgin,http://www.wikidata.org/entity/Q50133002,619,57,676
EMI,http://www.wikidata.org/entity/Q55965015,2145,84,2229
Vogue,http://www.wikidata.org/entity/Q56871938,18,55,73
Victor,http://www.wikidata.org/entity/Q57389728,108,69,177
Brent,http://www.wikidata.org/entity/Q60540741,4,42,46
Wonderland,http://www.wikidata.org/entity/Q60687065,6,47,53
Apache,http://www.wikidata.org/entity/Q60846973,24,54,78
Leader,http://www.wikidata.org/entity/Q61465886,4,43,47
Magazine,http://www.wikidata.org/entity/Q61793496,4,43,47
Continental,http://www.wikidata.org/entity/Q61810714,18,51,69
Enterprise,http://www.wikidata.org/entity/Q62265235,20,52,72
Satellite,http://www.wikidata.org/entity/Q62266218,6,57,63
Imperial,http://www.wikidata.org/entity/Q63198028,18,57,75
Étienne,http://www.wikidata.org/entity/Q64067939,4,44,48
Caroline,http://www.wikidata.org/entity/Q64211845,5,53,58
Max,http://www.wikidata.org/entity/Q64434361,4,38,42
Victor,http://www.wikidata.org/entity/Q66481479,68,49,117
GM,http://www.wikidata.org/entity/Q64737631,9,43,52
Jan,http://www.wikidata.org/entity/Q65589436,7,45,52
Demon,http://www.wikidata.org/entity/Q69426967,32,51,83
Soul,http://www.wikidata.org/entity/Q72381424,9,63,72
Rex,http://www.wikidata.org/entity/Q73191180,9,50,59
Velvet,http://www.wikidata.org/entity/Q79022856,8,52,60
Canyon,http://www.wikidata.org/entity/Q81651593,2,43,45
Reformation,http://www.wikidata.org/entity/Q93857759,6,53,59
47,http://www.wikidata.org/entity/Q95989663,0,32,32
Iona,http://www.wikidata.org/entity/Q96382809,3,48,51
Royal,http://www.wikidata.org/entity/Q84140034,6,46,52
Point,http://www.wikidata.org/entity/Q99751786,4,45,49
Jupiter,http://www.wikidata.org/entity/Q101267136,8,50,58
Melody,http://www.wikidata.org/entity/Q97319751,50,95,145
Gong,http://www.wikidata.org/entity/Q97824850,12,46,58
Mega,http://www.wikidata.org/entity/Q97837035,18,42,60
Ring,http://www.wikidata.org/entity/Q97849093,4,41,45
Start,http://www.wikidata.org/entity/Q97930402,24,48,72
Hellenic,http://www.wikidata.org/entity/Q101695457,8,48,56
Pilot,http://www.wikidata.org/entity/Q102261737,8,45,53
Believe,http://www.wikidata.org/entity/Q102278424,4,42,46
Forum,http://www.wikidata.org/entity/Q104054163,4,46,50
Crewe,http://www.wikidata.org/entity/Q104603579,4,47,51
Luna,http://www.wikidata.org/entity/Q105002663,2,24,26
Universe,http://www.wikidata.org/entity/Q105010281,7,84,91
Rita,http://www.wikidata.org/entity/Q105082122,6,45,51
Nevada,http://www.wikidata.org/entity/Q105653003,4,42,46
Monitor,http://www.wikidata.org/entity/Q105928583,14,49,63
Camden,http://www.wikidata.org/entity/Q106782979,10,46,56
Metro,http://www.wikidata.org/entity/Q106787713,4,46,50
Artist,http://www.wikidata.org/entity/Q106834915,4,43,47
Bravo,http://www.wikidata.org/entity/Q106844753,6,44,50
Warner,http://www.wikidata.org/entity/Q106930265,8,42,50
Victoria,http://www.wikidata.org/entity/Q106978299,4,46,50
Universal,http://www.wikidata.org/entity/Q107001211,140,46,186
Rice,http://www.wikidata.org/entity/Q107379316,6,41,47
Panama,http://www.wikidata.org/entity/Q107600728,4,43,47
Planet,http://www.wikidata.org/entity/Q108183661,6,53,59
Parkway,http://www.wikidata.org/entity/Q108497196,28,27,55
Tor,http://www.wikidata.org/entity/Q109584632,30,40,70
Alba,http://www.wikidata.org/entity/Q109651608,2,43,45
Horse,http://www.wikidata.org/entity/Q109902227,4,43,47
Watt,http://www.wikidata.org/entity/Q109906094,50,34,84
Select,http://www.wikidata.org/entity/Q110161926,8,54,62
Trio,http://www.wikidata.org/entity/Q110389241,10,48,58
Country,http://www.wikidata.org/entity/Q110510739,2,36,38
Victory,http://www.wikidata.org/entity/Q110577224,4,44,48
Flora,http://www.wikidata.org/entity/Q110589479,22,42,64
Buffalo,http://www.wikidata.org/entity/Q110602939,2,40,42
Mountain,http://www.wikidata.org/entity/Q110603036,2,42,44
Pioneer,http://www.wikidata.org/entity/Q110724366,6,43,49
Magic,http://www.wikidata.org/entity/Q110751565,2,40,42
AMC,http://www.wikidata.org/entity/Q110766956,2,46,48
Visa,http://www.wikidata.org/entity/Q110792896,2,40,42
Open,http://www.wikidata.org/entity/Q110810010,4,40,44
Delta,http://www.wikidata.org/entity/Q110939518,6,44,50
Philips,http://www.wikidata.org/entity/Q110983551,51,26,77
IL,http://www.wikidata.org/entity/Q111031086,49,42,91
Talent,http://www.wikidata.org/entity/Q111099959,4,42,46
FM,http://www.wikidata.org/entity/Q111174438,4,44,48
Beverly,http://www.wikidata.org/entity/Q111274799,2,40,42
Chaos,http://www.wikidata.org/entity/Q111284646,8,42,50
Wave,http://www.wikidata.org/entity/Q111356024,4,43,47
Bourbon,http://www.wikidata.org/entity/Q111364153,6,49,55
Norte,http://www.wikidata.org/entity/Q111398983,8,48,56
Crash,http://www.wikidata.org/entity/Q111578203,2,41,43
Sky,http://www.wikidata.org/entity/Q111729246,8,46,54
Flower,http://www.wikidata.org/entity/Q111756714,14,44,58
California,http://www.wikidata.org/entity/Q111797178,2,38,40
Excellent,http://www.wikidata.org/entity/Q111836644,2,42,44
Aurora,http://www.wikidata.org/entity/Q111837149,4,52,56
Omega,http://www.wikidata.org/entity/Q112249127,2,42,44
Olympic,http://www.wikidata.org/entity/Q112259427,2,40,42
Universal,http://www.wikidata.org/entity/Q112306530,2,42,44
Premier,http://www.wikidata.org/entity/Q112307962,2,40,42
Bali,http://www.wikidata.org/entity/Q112309323,2,37,39
Commodore,http://www.wikidata.org/entity/Q1115992,34,62,96
Pure,http://www.wikidata.org/entity/Q60297192,8,27,35
Shock,http://www.wikidata.org/entity/Q65594304,6,19,25
Pearl,http://www.wikidata.org/entity/Q11329895,5,24,29
Resolution,http://www.wikidata.org/entity/Q17086874,1,28,29
attractive,http://www.wikidata.org/entity/Q97177587,4,36,40
Follow,http://www.wikidata.org/entity/Q110486320,7,53,60
Be,http://www.wikidata.org/entity/Q110824708,6,29,35
