Label,URI,Indegree,Outdegree,Degree
Jeremiah,http://www.wikidata.org/entity/Q6180711,4,38,42
prior,http://www.wikidata.org/entity/Q830337,1117,151,1268
canon,http://www.wikidata.org/entity/Q1237385,1773,63,1836
superintendent,http://www.wikidata.org/entity/Q2296367,2275,72,2347
Dean,http://www.wikidata.org/entity/Q4958876,1079,101,1180
chancellor,http://www.wikidata.org/entity/Q5070767,29,31,60
Pope,http://www.wikidata.org/entity/Q7229148,18,38,56
Jeremiah,http://www.wikidata.org/entity/Q12411210,3,24,27
bishop,http://www.wikidata.org/entity/Q29182,21172,515,21687
archbishop,http://www.wikidata.org/entity/Q49476,3793,230,4023
abbot,http://www.wikidata.org/entity/Q103163,8571,339,8910
patriarch,http://www.wikidata.org/entity/Q171692,1119,202,1321
metropolitan,http://www.wikidata.org/entity/Q189854,2349,188,2537
vicar,http://www.wikidata.org/entity/Q193364,2687,188,2875
pope,http://www.wikidata.org/entity/Q19546,1466,862,2328
priest,http://www.wikidata.org/entity/Q42603,56393,522,56915
nun,http://www.wikidata.org/entity/Q191808,6232,310,6542
chaplain,http://www.wikidata.org/entity/Q208762,1815,185,2000
preacher,http://www.wikidata.org/entity/Q432386,7047,201,7248
monk,http://www.wikidata.org/entity/Q733786,10533,289,10822
Reverend,http://www.wikidata.org/entity/Q841594,24384,83,24467
abbot,http://www.wikidata.org/entity/Q1135621,91,71,162
superior,http://www.wikidata.org/entity/Q1776501,126,53,179
Shi,http://www.wikidata.org/entity/Q7495886,3,19,22
rabbi,http://www.wikidata.org/entity/Q133485,13396,395,13791
pastor,http://www.wikidata.org/entity/Q152002,32085,241,32326
canon,http://www.wikidata.org/entity/Q1104153,4233,185,4418
religious,http://www.wikidata.org/entity/Q2566598,2508,115,2623
rector,http://www.wikidata.org/entity/Q3147441,537,84,621
clergyman,http://www.wikidata.org/entity/Q3315492,1587,59,1646
Vicar,http://www.wikidata.org/entity/Q13414944,76,35,111
Brother,http://www.wikidata.org/entity/Q16824629,10,27,37
vicar,http://www.wikidata.org/entity/Q59459506,143,17,160
rector,http://www.wikidata.org/entity/Q101147779,6,15,21
cardinal,http://www.wikidata.org/entity/Q45722,6279,303,6582
reader,http://www.wikidata.org/entity/Q1433533,89,74,163
father,http://www.wikidata.org/entity/Q2029179,1255,68,1323
tertiary,http://www.wikidata.org/entity/Q48374762,5,29,34
Jesuit,http://www.wikidata.org/entity/Q63173086,299,108,407
