Label,URI,Indegree,Outdegree,Degree
Islam,http://www.wikidata.org/entity/Q432,75249,793,76042
Buddhism,http://www.wikidata.org/entity/Q748,13846,603,14449
Hinduism,http://www.wikidata.org/entity/Q9089,11340,600,11940
Judaism,http://www.wikidata.org/entity/Q9268,29546,614,30160
Detachment,http://www.wikidata.org/entity/Q3045261,11,32,43
terrorism,http://www.wikidata.org/entity/Q6082705,73,84,157
Christianity,http://www.wikidata.org/entity/Q5043,106286,1204,107490
Zen,http://www.wikidata.org/entity/Q7953,332,285,617
Zen,http://www.wikidata.org/entity/Q189424,32,39,71
Temple,http://www.wikidata.org/entity/Q29891487,2,38,40
Cleveland,http://www.wikidata.org/entity/Q6626676,5,15,20
Pittsburgh,http://www.wikidata.org/entity/Q7199188,8,52,60
Sheikh,http://www.wikidata.org/entity/Q7492880,52,21,73
