Label,URI,Indegree,Outdegree,Degree
Tory,http://www.wikidata.org/entity/Q3433953,34,49,83
Detachment,http://www.wikidata.org/entity/Q3045261,11,32,43
surgery,http://www.wikidata.org/entity/Q40821,4588,427,5015
pharmacy,http://www.wikidata.org/entity/Q614304,20753,280,21033
algebra,http://www.wikidata.org/entity/Q3968,10905,401,11306
geometry,http://www.wikidata.org/entity/Q8087,1246,426,1672
arithmetic,http://www.wikidata.org/entity/Q11205,303,307,610
topology,http://www.wikidata.org/entity/Q42989,1034,310,1344
calculus,http://www.wikidata.org/entity/Q149972,451,259,710
agriculture,http://www.wikidata.org/entity/Q1402889,196,37,233
astronomy,http://www.wikidata.org/entity/Q333,11286,623,11909
physics,http://www.wikidata.org/entity/Q413,7991,582,8573
biology,http://www.wikidata.org/entity/Q420,6744,856,7600
geology,http://www.wikidata.org/entity/Q1069,17168,498,17666
chemistry,http://www.wikidata.org/entity/Q2329,8306,614,8920
education,http://www.wikidata.org/entity/Q8434,19251,590,19841
engineering,http://www.wikidata.org/entity/Q11023,4036,464,4500
electronics,http://www.wikidata.org/entity/Q11650,1594,335,1929
arts,http://www.wikidata.org/entity/Q102357321,4,21,25
aerospace,http://www.wikidata.org/entity/Q2876213,4102,95,4197
anatomy,http://www.wikidata.org/entity/Q514,1163,431,1594
physiology,http://www.wikidata.org/entity/Q521,16753,303,17056
ecology,http://www.wikidata.org/entity/Q7150,4204,470,4674
genetics,http://www.wikidata.org/entity/Q7162,7758,397,8155
morphology,http://www.wikidata.org/entity/Q183252,288,192,480
syntax,http://www.wikidata.org/entity/Q37437,328,358,686
morphology,http://www.wikidata.org/entity/Q38311,273,303,576
refugee,http://www.wikidata.org/entity/Q131572,1288,383,1671
nobility,http://www.wikidata.org/entity/Q134737,11310,407,11717
merchant,http://www.wikidata.org/entity/Q215536,30491,339,30830
landlord,http://www.wikidata.org/entity/Q618532,2057,189,2246
criminal,http://www.wikidata.org/entity/Q2159907,3621,221,3842
monarch,http://www.wikidata.org/entity/Q116,8788,374,9162
king,http://www.wikidata.org/entity/Q12097,5168,343,5511
Sultan,http://www.wikidata.org/entity/Q43292,1218,306,1524
knight,http://www.wikidata.org/entity/Q102083,3588,271,3859
baron,http://www.wikidata.org/entity/Q165503,13162,289,13451
duke,http://www.wikidata.org/entity/Q166886,7387,309,7696
Bey,http://www.wikidata.org/entity/Q181217,409,197,606
Khan,http://www.wikidata.org/entity/Q181888,1162,214,1376
Shah,http://www.wikidata.org/entity/Q184299,227,240,467
Caesar,http://www.wikidata.org/entity/Q188751,102,154,256
Sir,http://www.wikidata.org/entity/Q209690,40909,125,41034
Augustus,http://www.wikidata.org/entity/Q211804,84,128,212
ban,http://www.wikidata.org/entity/Q577017,242,77,319
royalty,http://www.wikidata.org/entity/Q11573099,1198,61,1259
noble,http://www.wikidata.org/entity/Q16744001,4777,153,4930
Franklin,http://www.wikidata.org/entity/Q16837646,5,14,19
proprietor,http://www.wikidata.org/entity/Q16869121,636,178,814
Turks,http://www.wikidata.org/entity/Q84072,4007,384,4391
French,http://www.wikidata.org/entity/Q121842,1124,375,1499
Swiss,http://www.wikidata.org/entity/Q124216,182,189,371
Hungarians,http://www.wikidata.org/entity/Q133032,619,407,1026
Spaniards,http://www.wikidata.org/entity/Q160894,455,320,775
Portuguese,http://www.wikidata.org/entity/Q178630,205,249,454
Dutch,http://www.wikidata.org/entity/Q200569,401,286,687
Palestinians,http://www.wikidata.org/entity/Q201190,223,256,479
Russians,http://www.wikidata.org/entity/Q492468,68,134,202
Greeks,http://www.wikidata.org/entity/Q539051,11157,272,11429
Taiwanese,http://www.wikidata.org/entity/Q707133,77,146,223
Americans,http://www.wikidata.org/entity/Q846570,1673,644,2317
Indians,http://www.wikidata.org/entity/Q862086,345,286,631
Egyptians,http://www.wikidata.org/entity/Q1061510,147,167,314
Canadians,http://www.wikidata.org/entity/Q1196645,471,430,901
Maltese,http://www.wikidata.org/entity/Q1286876,86,131,217
Australians,http://www.wikidata.org/entity/Q1318423,283,184,467
Belgium,http://www.wikidata.org/entity/Q1377716,151,172,323
Americans,http://www.wikidata.org/entity/Q2384959,120,78,198
Lebanese,http://www.wikidata.org/entity/Q2606511,103,158,261
Vietnamese,http://www.wikidata.org/entity/Q3275151,8,103,111
Thai,http://www.wikidata.org/entity/Q11145124,18,114,132
Japanese,http://www.wikidata.org/entity/Q58893412,54,112,166
Malik,http://www.wikidata.org/entity/Q849545,44,80,124
page,http://www.wikidata.org/entity/Q855855,205,104,309
princess,http://www.wikidata.org/entity/Q863048,6899,216,7115
comes,http://www.wikidata.org/entity/Q1071047,102,124,226
earl,http://www.wikidata.org/entity/Q1128240,558,137,695
Maharaja,http://www.wikidata.org/entity/Q1163330,126,192,318
Lady,http://www.wikidata.org/entity/Q1378024,1717,107,1824
Texans,http://www.wikidata.org/entity/Q100803966,8,40,48
Irish,http://www.wikidata.org/entity/Q101094861,8,102,110
Greeks,http://www.wikidata.org/entity/Q101242814,14,104,118
Burmese,http://www.wikidata.org/entity/Q104371227,7,94,101
prince,http://www.wikidata.org/entity/Q2747456,2857,250,3107
Stefan,http://www.wikidata.org/entity/Q3322068,9,20,29
count,http://www.wikidata.org/entity/Q3519259,18085,267,18352
duke,http://www.wikidata.org/entity/Q3715809,3,29,32
duke,http://www.wikidata.org/entity/Q5313189,7,34,41
consort,http://www.wikidata.org/entity/Q5784340,812,92,904
Poles,http://www.wikidata.org/entity/Q105969841,8,52,60
Italians,http://www.wikidata.org/entity/Q110904399,16,71,87
baby,http://www.wikidata.org/entity/Q998,1582,354,1936
child,http://www.wikidata.org/entity/Q7569,15190,517,15707
adult,http://www.wikidata.org/entity/Q80994,1428,378,1806
billionaire,http://www.wikidata.org/entity/Q1062083,8194,153,8347
teenager,http://www.wikidata.org/entity/Q1492760,170491,199,170690
Other,http://www.wikidata.org/entity/Q86630688,3578,27,3605
Sharif,http://www.wikidata.org/entity/Q10411663,91,97,188
Rana,http://www.wikidata.org/entity/Q11997065,11,29,40
Mirza,http://www.wikidata.org/entity/Q12269708,81,56,137
Wang,http://www.wikidata.org/entity/Q12567808,1,21,22
Lord,http://www.wikidata.org/entity/Q12826225,1653,189,1842
queen,http://www.wikidata.org/entity/Q16511993,1859,172,2031
princess,http://www.wikidata.org/entity/Q17161004,15,49,64
Belmont,http://www.wikidata.org/entity/Q99459932,0,16,16
master,http://www.wikidata.org/entity/Q59389180,13,28,41
Duke,http://www.wikidata.org/entity/Q65234075,3,42,45
Kira,http://www.wikidata.org/entity/Q76244949,5,29,34
Dom,http://www.wikidata.org/entity/Q104489397,72,25,97
Mai,http://www.wikidata.org/entity/Q107722428,0,12,12
Raja,http://www.wikidata.org/entity/Q109562246,4,18,22
Tiger,http://www.wikidata.org/entity/Q1935697,13,37,50
clergy,http://www.wikidata.org/entity/Q177826,2475,335,2810
peasant,http://www.wikidata.org/entity/Q838811,3276,260,3536
Prince,http://www.wikidata.org/entity/Q28135258,3,26,29
Zhu,http://www.wikidata.org/entity/Q227007,77,65,142
Palm,http://www.wikidata.org/entity/Q18244918,1,14,15
Bliss,http://www.wikidata.org/entity/Q2368,39,116,155
Julius,http://www.wikidata.org/entity/Q1712451,3,68,71
Friday,http://www.wikidata.org/entity/Q28173125,8,44,52
realization,http://www.wikidata.org/entity/Q7301282,3,15,18
function,http://www.wikidata.org/entity/Q3075154,3,27,30
physics,http://www.wikidata.org/entity/Q413,7991,582,8573
logic,http://www.wikidata.org/entity/Q8078,932,442,1374
Ritter,http://www.wikidata.org/entity/Q368741,144,30,174
ō,http://www.wikidata.org/entity/Q16142365,8,25,33
Panama,http://www.wikidata.org/entity/Q3359556,8,35,43
Exodus,http://www.wikidata.org/entity/Q58881129,1,13,14
Impact,http://www.wikidata.org/entity/Q58881165,1,16,17
Marquis,http://www.wikidata.org/entity/Q59749207,1,13,14
