Label,URI,Indegree,Outdegree,Degree
Showtime,http://www.wikidata.org/entity/Q23589,775,152,927
HBO,http://www.wikidata.org/entity/Q23633,3459,259,3718
MTV,http://www.wikidata.org/entity/Q43359,1355,242,1597
CNN,http://www.wikidata.org/entity/Q48340,719,437,1156
Seasons,http://www.wikidata.org/entity/Q126718,4,29,33
ESPN,http://www.wikidata.org/entity/Q217776,501,238,739
M1,http://www.wikidata.org/entity/Q288964,44,54,98
AMC,http://www.wikidata.org/entity/Q294660,602,169,771
ID,http://www.wikidata.org/entity/Q668203,335,89,424
None,http://www.wikidata.org/entity/Q715045,16,49,65
Action,http://www.wikidata.org/entity/Q776786,4,25,29
Nickelodeon,http://www.wikidata.org/entity/Q1164362,13,42,55
Lifetime,http://www.wikidata.org/entity/Q1319610,886,126,1012
History,http://www.wikidata.org/entity/Q1621065,205,43,248
History,http://www.wikidata.org/entity/Q1621107,399,170,569
Much,http://www.wikidata.org/entity/Q1857828,82,77,159
Clan,http://www.wikidata.org/entity/Q2527617,36,67,103
Speed,http://www.wikidata.org/entity/Q2712505,51,54,105
Documentary,http://www.wikidata.org/entity/Q3005427,13,41,54
Divinity,http://www.wikidata.org/entity/Q3032306,21,59,80
Nova,http://www.wikidata.org/entity/Q3042910,21,65,86
Historia,http://www.wikidata.org/entity/Q3138328,6,34,40
Lifetime,http://www.wikidata.org/entity/Q3238406,2,31,33
Max,http://www.wikidata.org/entity/Q3328453,10,25,35
Phoenix,http://www.wikidata.org/entity/Q3381361,52,98,150
Romance,http://www.wikidata.org/entity/Q3440971,1,20,21
Voyage,http://www.wikidata.org/entity/Q3563296,13,43,56
Iris,http://www.wikidata.org/entity/Q3801985,3,32,35
Space,http://www.wikidata.org/entity/Q7572224,14,41,55
Nickelodeon,http://www.wikidata.org/entity/Q17635716,3,21,24
Arte,http://www.wikidata.org/entity/Q8073,759,245,1004
NBC,http://www.wikidata.org/entity/Q13974,8022,312,8334
CBS,http://www.wikidata.org/entity/Q43380,8762,427,9189
Ion,http://www.wikidata.org/entity/Q210500,91,87,178
PBS,http://www.wikidata.org/entity/Q215616,1340,269,1609
ITV,http://www.wikidata.org/entity/Q220072,2955,176,3131
Nine,http://www.wikidata.org/entity/Q1432195,982,108,1090
Nickelodeon,http://www.wikidata.org/entity/Q2377499,12,50,62
Nine,http://www.wikidata.org/entity/Q3492309,1,21,22
Q,http://www.wikidata.org/entity/Q3579304,73,48,121
Golden,http://www.wikidata.org/entity/Q5882315,3,32,35
Max,http://www.wikidata.org/entity/Q6794514,2,26,28
Prime,http://www.wikidata.org/entity/Q7243227,10,36,46
MTV,http://www.wikidata.org/entity/Q15012932,32,45,77
Speed,http://www.wikidata.org/entity/Q16971669,1,15,16
Comet,http://www.wikidata.org/entity/Q21189282,6,43,49
Stadium,http://www.wikidata.org/entity/Q30612306,7,32,39
Quest,http://www.wikidata.org/entity/Q48460186,3,34,37
Nickelodeon,http://www.wikidata.org/entity/Q154958,5368,291,5659
