Label,URI,Indegree,Outdegree,Degree
2012,http://www.wikidata.org/entity/Q1990,11022,454,11476
2008,http://www.wikidata.org/entity/Q2004,9966,402,10368
1908,http://www.wikidata.org/entity/Q2056,2315,400,2715
1992,http://www.wikidata.org/entity/Q2060,4706,422,5128
1912,http://www.wikidata.org/entity/Q2077,2350,397,2747
1916,http://www.wikidata.org/entity/Q2087,2336,401,2737
1920,http://www.wikidata.org/entity/Q2155,2456,408,2864
1924,http://www.wikidata.org/entity/Q2173,2470,395,2865
1988,http://www.wikidata.org/entity/Q2426,4372,423,4795
1984,http://www.wikidata.org/entity/Q2432,4217,427,4644
1980,http://www.wikidata.org/entity/Q2439,4032,428,4460
1972,http://www.wikidata.org/entity/Q2476,3872,419,4291
1968,http://www.wikidata.org/entity/Q2644,3663,416,4079
1964,http://www.wikidata.org/entity/Q2652,3485,405,3890
1960,http://www.wikidata.org/entity/Q3754,3554,408,3962
1948,http://www.wikidata.org/entity/Q5165,2965,498,3463
1956,http://www.wikidata.org/entity/Q5221,3172,449,3621
1944,http://www.wikidata.org/entity/Q5268,2625,455,3080
1952,http://www.wikidata.org/entity/Q5272,3125,443,3568
1600,http://www.wikidata.org/entity/Q6720,367,328,695
1804,http://www.wikidata.org/entity/Q6894,763,369,1132
1720,http://www.wikidata.org/entity/Q6908,479,321,800
1808,http://www.wikidata.org/entity/Q6914,720,365,1085
1812,http://www.wikidata.org/entity/Q6933,982,365,1347
1816,http://www.wikidata.org/entity/Q6953,849,367,1216
1820,http://www.wikidata.org/entity/Q6973,829,365,1194
1824,http://www.wikidata.org/entity/Q6994,841,361,1202
1740,http://www.wikidata.org/entity/Q7006,465,328,793
1828,http://www.wikidata.org/entity/Q7570,854,362,1216
1832,http://www.wikidata.org/entity/Q7584,895,360,1255
1748,http://www.wikidata.org/entity/Q7600,467,329,796
1836,http://www.wikidata.org/entity/Q7601,923,370,1293
1752,http://www.wikidata.org/entity/Q7618,474,329,803
1840,http://www.wikidata.org/entity/Q7619,951,364,1315
1756,http://www.wikidata.org/entity/Q7632,469,333,802
1844,http://www.wikidata.org/entity/Q7633,929,377,1306
1760,http://www.wikidata.org/entity/Q7646,518,337,855
1848,http://www.wikidata.org/entity/Q7647,1057,368,1425
1764,http://www.wikidata.org/entity/Q7659,537,325,862
1852,http://www.wikidata.org/entity/Q7661,1015,370,1385
1768,http://www.wikidata.org/entity/Q7675,497,330,827
1856,http://www.wikidata.org/entity/Q7676,1062,368,1430
1772,http://www.wikidata.org/entity/Q7690,508,336,844
1860,http://www.wikidata.org/entity/Q7691,1142,366,1508
1776,http://www.wikidata.org/entity/Q7703,607,366,973
1864,http://www.wikidata.org/entity/Q7704,1133,372,1505
1780,http://www.wikidata.org/entity/Q7716,561,353,914
1868,http://www.wikidata.org/entity/Q7717,1193,366,1559
1784,http://www.wikidata.org/entity/Q7752,570,355,925
1872,http://www.wikidata.org/entity/Q7753,1214,368,1582
1788,http://www.wikidata.org/entity/Q7765,633,356,989
1876,http://www.wikidata.org/entity/Q7766,1241,373,1614
1792,http://www.wikidata.org/entity/Q7805,674,352,1026
1880,http://www.wikidata.org/entity/Q7806,1317,366,1683
1796,http://www.wikidata.org/entity/Q7818,684,364,1048
1884,http://www.wikidata.org/entity/Q7819,1391,369,1760
1888,http://www.wikidata.org/entity/Q7829,1459,379,1838
1892,http://www.wikidata.org/entity/Q7839,1623,374,1997
1896,http://www.wikidata.org/entity/Q7846,1695,374,2069
1940,http://www.wikidata.org/entity/Q18633,2488,412,2900
1936,http://www.wikidata.org/entity/Q18649,2793,411,3204
1932,http://www.wikidata.org/entity/Q18743,2669,410,3079
1928,http://www.wikidata.org/entity/Q19715,2608,421,3029
2016,http://www.wikidata.org/entity/Q25245,11825,456,12281
2020,http://www.wikidata.org/entity/Q25337,6141,433,6574
1620,http://www.wikidata.org/entity/Q6810,397,315,712
1648,http://www.wikidata.org/entity/Q6941,428,318,746
1976,http://www.wikidata.org/entity/Q109530431,5,17,22
2004,http://www.wikidata.org/entity/Q109532373,3,17,20
2004,http://www.wikidata.org/entity/Q2014,8965,398,9363
1976,http://www.wikidata.org/entity/Q2480,3888,404,4292
1660,http://www.wikidata.org/entity/Q7001,434,321,755
1688,http://www.wikidata.org/entity/Q7671,425,326,751
1965,http://www.wikidata.org/entity/Q109529955,4,17,21
2016,http://www.wikidata.org/entity/Q109532814,4,17,21
1932,http://www.wikidata.org/entity/Q109536625,2,17,19
1996,http://www.wikidata.org/entity/Q2070,5054,421,5475
1680,http://www.wikidata.org/entity/Q7642,406,315,721
1980,http://www.wikidata.org/entity/Q109530542,4,17,21
2008,http://www.wikidata.org/entity/Q109532430,4,17,21
2000,http://www.wikidata.org/entity/Q1985,5718,454,6172
1984,http://www.wikidata.org/entity/Q109530567,4,18,22
2012,http://www.wikidata.org/entity/Q109532659,4,17,21
1964,http://www.wikidata.org/entity/Q109529942,4,17,21
1904,http://www.wikidata.org/entity/Q2046,2305,386,2691
1644,http://www.wikidata.org/entity/Q6920,382,327,709
1972,http://www.wikidata.org/entity/Q109530226,4,17,21
2000,http://www.wikidata.org/entity/Q109530687,4,17,21
1640,http://www.wikidata.org/entity/Q6901,428,319,747
1968,http://www.wikidata.org/entity/Q109529898,4,17,21
1996,http://www.wikidata.org/entity/Q109530743,4,17,21
2006,http://www.wikidata.org/entity/Q2021,9313,530,9843
1905,http://www.wikidata.org/entity/Q2047,2438,392,2830
1995,http://www.wikidata.org/entity/Q2068,4685,423,5108
1911,http://www.wikidata.org/entity/Q2076,2141,397,2538
1922,http://www.wikidata.org/entity/Q2165,2395,404,2799
1989,http://www.wikidata.org/entity/Q2425,4053,433,4486
1978,http://www.wikidata.org/entity/Q2483,3817,415,4232
1967,http://www.wikidata.org/entity/Q2648,3318,413,3731
1961,http://www.wikidata.org/entity/Q3696,3125,404,3529
1809,http://www.wikidata.org/entity/Q6919,744,381,1125
1730,http://www.wikidata.org/entity/Q6957,470,321,791
1826,http://www.wikidata.org/entity/Q7004,900,367,1267
1747,http://www.wikidata.org/entity/Q7596,444,323,767
1837,http://www.wikidata.org/entity/Q7608,891,364,1255
1843,http://www.wikidata.org/entity/Q7629,969,362,1331
1758,http://www.wikidata.org/entity/Q7639,513,331,844
1854,http://www.wikidata.org/entity/Q7670,1016,362,1378
1690,http://www.wikidata.org/entity/Q7678,446,322,768
1769,http://www.wikidata.org/entity/Q7679,507,323,830
1775,http://www.wikidata.org/entity/Q7700,452,360,812
1865,http://www.wikidata.org/entity/Q7708,1246,377,1623
1871,http://www.wikidata.org/entity/Q7746,1174,373,1547
1786,http://www.wikidata.org/entity/Q7760,531,352,883
1882,http://www.wikidata.org/entity/Q7812,1328,369,1697
1797,http://www.wikidata.org/entity/Q7820,675,358,1033
1893,http://www.wikidata.org/entity/Q7840,1603,375,1978
1899,http://www.wikidata.org/entity/Q7851,1659,384,2043
1950,http://www.wikidata.org/entity/Q18597,3033,400,3433
1939,http://www.wikidata.org/entity/Q18639,2504,405,2909
1933,http://www.wikidata.org/entity/Q18726,2472,405,2877
2017,http://www.wikidata.org/entity/Q25290,10940,440,11380
1973,http://www.wikidata.org/entity/Q109530274,4,17,21
2001,http://www.wikidata.org/entity/Q109530631,3,17,20
2007,http://www.wikidata.org/entity/Q109532425,4,17,21
2018,http://www.wikidata.org/entity/Q109532840,3,17,20
2018,http://www.wikidata.org/entity/Q109532872,5,15,20
2011,http://www.wikidata.org/entity/Q1994,10175,427,10602
2005,http://www.wikidata.org/entity/Q2019,8192,435,8627
1994,http://www.wikidata.org/entity/Q2067,4726,425,5151
1910,http://www.wikidata.org/entity/Q2075,2533,392,2925
1921,http://www.wikidata.org/entity/Q2162,2257,401,2658
1983,http://www.wikidata.org/entity/Q2434,3933,400,4333
1977,http://www.wikidata.org/entity/Q2481,3561,405,3966
1966,http://www.wikidata.org/entity/Q2649,3391,407,3798
1949,http://www.wikidata.org/entity/Q5188,2701,460,3161
1803,http://www.wikidata.org/entity/Q6887,691,365,1056
1814,http://www.wikidata.org/entity/Q6943,807,366,1173
1650,http://www.wikidata.org/entity/Q6951,427,320,747
1825,http://www.wikidata.org/entity/Q6997,827,365,1192
1661,http://www.wikidata.org/entity/Q7005,447,315,762
1831,http://www.wikidata.org/entity/Q7579,899,372,1271
1746,http://www.wikidata.org/entity/Q7589,451,327,778
1842,http://www.wikidata.org/entity/Q7625,949,359,1308
1757,http://www.wikidata.org/entity/Q7635,489,324,813
1763,http://www.wikidata.org/entity/Q7655,523,326,849
1853,http://www.wikidata.org/entity/Q7666,977,368,1345
1689,http://www.wikidata.org/entity/Q7674,441,322,763
1859,http://www.wikidata.org/entity/Q7687,1077,370,1447
1774,http://www.wikidata.org/entity/Q7697,509,352,861
1870,http://www.wikidata.org/entity/Q7741,1263,375,1638
1785,http://www.wikidata.org/entity/Q7756,560,351,911
1791,http://www.wikidata.org/entity/Q7784,646,356,1002
1881,http://www.wikidata.org/entity/Q7808,1270,373,1643
1887,http://www.wikidata.org/entity/Q7826,1463,352,1815
1898,http://www.wikidata.org/entity/Q7848,1707,384,2091
1927,http://www.wikidata.org/entity/Q18110,2353,402,2755
1955,http://www.wikidata.org/entity/Q18577,2960,397,3357
1938,http://www.wikidata.org/entity/Q18645,2686,411,3097
1967,http://www.wikidata.org/entity/Q109529970,4,17,21
1978,http://www.wikidata.org/entity/Q109530539,4,17,21
1989,http://www.wikidata.org/entity/Q109530697,4,17,21
1990,http://www.wikidata.org/entity/Q109530710,4,17,21
1995,http://www.wikidata.org/entity/Q109530752,4,17,21
2006,http://www.wikidata.org/entity/Q109532418,4,17,21
2017,http://www.wikidata.org/entity/Q109532836,5,17,22
2003,http://www.wikidata.org/entity/Q1986,7963,423,8386
2014,http://www.wikidata.org/entity/Q1999,11412,432,11844
1902,http://www.wikidata.org/entity/Q2043,2386,389,2775
1913,http://www.wikidata.org/entity/Q2080,2136,401,2537
1997,http://www.wikidata.org/entity/Q2088,4707,432,5139
1919,http://www.wikidata.org/entity/Q2157,2263,401,2664
1986,http://www.wikidata.org/entity/Q2430,4110,417,4527
1975,http://www.wikidata.org/entity/Q2479,3587,413,4000
1969,http://www.wikidata.org/entity/Q2485,3419,416,3835
1941,http://www.wikidata.org/entity/Q5231,2382,490,2872
1958,http://www.wikidata.org/entity/Q5253,3285,472,3757
1947,http://www.wikidata.org/entity/Q5263,2782,484,3266
1710,http://www.wikidata.org/entity/Q6861,473,329,802
1800,http://www.wikidata.org/entity/Q6875,705,382,1087
1806,http://www.wikidata.org/entity/Q6903,784,365,1149
1642,http://www.wikidata.org/entity/Q6912,411,323,734
1817,http://www.wikidata.org/entity/Q6958,784,363,1147
1823,http://www.wikidata.org/entity/Q6988,817,358,1175
1834,http://www.wikidata.org/entity/Q7591,868,359,1227
1749,http://www.wikidata.org/entity/Q7607,445,325,770
1755,http://www.wikidata.org/entity/Q7627,471,332,803
1845,http://www.wikidata.org/entity/Q7636,909,361,1270
1851,http://www.wikidata.org/entity/Q7656,1048,372,1420
1766,http://www.wikidata.org/entity/Q7669,448,330,778
1862,http://www.wikidata.org/entity/Q7698,1201,372,1573
1777,http://www.wikidata.org/entity/Q7709,525,353,878
1783,http://www.wikidata.org/entity/Q7745,577,350,927
1873,http://www.wikidata.org/entity/Q7757,1195,366,1561
1879,http://www.wikidata.org/entity/Q7783,1217,370,1587
1794,http://www.wikidata.org/entity/Q7811,683,360,1043
1890,http://www.wikidata.org/entity/Q7832,1553,386,1939
1930,http://www.wikidata.org/entity/Q18787,2607,395,3002
3000,http://www.wikidata.org/entity/Q4385969,29,132,161
1987,http://www.wikidata.org/entity/Q109529932,4,17,21
1970,http://www.wikidata.org/entity/Q109530070,4,17,21
1981,http://www.wikidata.org/entity/Q109530551,4,17,21
1998,http://www.wikidata.org/entity/Q109530714,4,17,21
2009,http://www.wikidata.org/entity/Q109532463,4,17,21
2015,http://www.wikidata.org/entity/Q109532732,6,17,23
2010,http://www.wikidata.org/entity/Q1995,10603,434,11037
1909,http://www.wikidata.org/entity/Q2057,2145,388,2533
1993,http://www.wikidata.org/entity/Q2065,4402,420,4822
1915,http://www.wikidata.org/entity/Q2084,1986,395,2381
1999,http://www.wikidata.org/entity/Q2091,5098,438,5536
1982,http://www.wikidata.org/entity/Q2436,4019,414,4433
1971,http://www.wikidata.org/entity/Q2475,3590,419,4009
1965,http://www.wikidata.org/entity/Q2650,3296,408,3704
1926,http://www.wikidata.org/entity/Q5259,2486,470,2956
1700,http://www.wikidata.org/entity/Q6813,474,329,803
1802,http://www.wikidata.org/entity/Q6883,755,369,1124
1813,http://www.wikidata.org/entity/Q6937,837,364,1201
1819,http://www.wikidata.org/entity/Q6967,800,363,1163
1830,http://www.wikidata.org/entity/Q7576,933,365,1298
1745,http://www.wikidata.org/entity/Q7586,471,327,798
1751,http://www.wikidata.org/entity/Q7615,479,329,808
1841,http://www.wikidata.org/entity/Q7622,929,365,1294
1847,http://www.wikidata.org/entity/Q7644,977,362,1339
1762,http://www.wikidata.org/entity/Q7652,501,332,833
1858,http://www.wikidata.org/entity/Q7684,1061,364,1425
1773,http://www.wikidata.org/entity/Q7692,519,352,871
1779,http://www.wikidata.org/entity/Q7714,525,349,874
1869,http://www.wikidata.org/entity/Q7720,1162,379,1541
1875,http://www.wikidata.org/entity/Q7764,1227,367,1594
1790,http://www.wikidata.org/entity/Q7775,671,353,1024
1886,http://www.wikidata.org/entity/Q7822,1400,370,1770
1897,http://www.wikidata.org/entity/Q7847,1690,377,2067
1954,http://www.wikidata.org/entity/Q18581,3104,406,3510
1943,http://www.wikidata.org/entity/Q18623,2289,406,2695
1937,http://www.wikidata.org/entity/Q18647,2555,410,2965
2005,http://www.wikidata.org/entity/Q109529797,4,17,21
1966,http://www.wikidata.org/entity/Q109529858,4,17,21
1977,http://www.wikidata.org/entity/Q109530484,3,17,20
1983,http://www.wikidata.org/entity/Q109530562,4,19,23
1994,http://www.wikidata.org/entity/Q109530758,4,17,21
2011,http://www.wikidata.org/entity/Q109532581,4,17,21
2002,http://www.wikidata.org/entity/Q1987,8275,415,8690
2013,http://www.wikidata.org/entity/Q1998,10215,410,10625
1901,http://www.wikidata.org/entity/Q2035,2152,393,2545
1907,http://www.wikidata.org/entity/Q2048,2029,387,2416
1991,http://www.wikidata.org/entity/Q2062,4570,428,4998
1918,http://www.wikidata.org/entity/Q2094,2182,410,2592
1985,http://www.wikidata.org/entity/Q2431,3863,416,4279
1974,http://www.wikidata.org/entity/Q2478,3683,407,4090
1963,http://www.wikidata.org/entity/Q2755,3240,415,3655
1957,http://www.wikidata.org/entity/Q5311,2978,444,3422
1715,http://www.wikidata.org/entity/Q6884,464,323,787
1805,http://www.wikidata.org/entity/Q6898,758,366,1124
1811,http://www.wikidata.org/entity/Q6928,789,360,1149
1822,http://www.wikidata.org/entity/Q6983,845,366,1211
1833,http://www.wikidata.org/entity/Q7587,871,360,1231
1839,http://www.wikidata.org/entity/Q7616,918,361,1279
1754,http://www.wikidata.org/entity/Q7623,536,327,863
1850,http://www.wikidata.org/entity/Q7653,990,368,1358
1765,http://www.wikidata.org/entity/Q7665,485,328,813
1771,http://www.wikidata.org/entity/Q7686,476,332,808
1861,http://www.wikidata.org/entity/Q7693,1214,372,1586
1867,http://www.wikidata.org/entity/Q7715,1138,367,1505
1782,http://www.wikidata.org/entity/Q7740,573,352,925
1878,http://www.wikidata.org/entity/Q7776,1227,369,1596
1793,http://www.wikidata.org/entity/Q7807,685,359,1044
1799,http://www.wikidata.org/entity/Q7827,653,357,1010
1889,http://www.wikidata.org/entity/Q7831,1479,372,1851
1895,http://www.wikidata.org/entity/Q7844,1639,374,2013
1946,http://www.wikidata.org/entity/Q18610,2877,406,3283
1935,http://www.wikidata.org/entity/Q18658,2535,407,2942
1929,http://www.wikidata.org/entity/Q18792,2434,393,2827
2019,http://www.wikidata.org/entity/Q25274,10793,445,11238
1969,http://www.wikidata.org/entity/Q109529974,4,17,21
1975,http://www.wikidata.org/entity/Q109530394,4,17,21
1986,http://www.wikidata.org/entity/Q109530680,4,17,21
1992,http://www.wikidata.org/entity/Q109530770,4,17,21
2003,http://www.wikidata.org/entity/Q109532264,4,17,21
2014,http://www.wikidata.org/entity/Q109532704,4,17,21
2001,http://www.wikidata.org/entity/Q1988,7672,434,8106
2007,http://www.wikidata.org/entity/Q2024,9097,432,9529
1900,http://www.wikidata.org/entity/Q2034,1952,412,2364
1906,http://www.wikidata.org/entity/Q2049,2052,393,2445
1990,http://www.wikidata.org/entity/Q2064,4382,419,4801
1917,http://www.wikidata.org/entity/Q2092,1967,400,2367
1923,http://www.wikidata.org/entity/Q2169,2322,391,2713
1973,http://www.wikidata.org/entity/Q2477,3467,412,3879
1979,http://www.wikidata.org/entity/Q2484,3758,411,4169
1962,http://www.wikidata.org/entity/Q2764,3333,405,3738
1945,http://www.wikidata.org/entity/Q5240,2781,460,3241
1810,http://www.wikidata.org/entity/Q6922,774,363,1137
1821,http://www.wikidata.org/entity/Q6976,872,364,1236
1827,http://www.wikidata.org/entity/Q7008,846,362,1208
1838,http://www.wikidata.org/entity/Q7612,919,359,1278
1753,http://www.wikidata.org/entity/Q7621,439,332,771
1759,http://www.wikidata.org/entity/Q7643,493,328,821
1849,http://www.wikidata.org/entity/Q7650,1020,369,1389
1855,http://www.wikidata.org/entity/Q7673,995,350,1345
1770,http://www.wikidata.org/entity/Q7683,566,333,899
1866,http://www.wikidata.org/entity/Q7712,1217,367,1584
1781,http://www.wikidata.org/entity/Q7719,539,351,890
1787,http://www.wikidata.org/entity/Q7763,623,356,979
1877,http://www.wikidata.org/entity/Q7773,1172,368,1540
1883,http://www.wikidata.org/entity/Q7816,1281,373,1654
1798,http://www.wikidata.org/entity/Q7823,698,359,1057
1894,http://www.wikidata.org/entity/Q7843,1585,372,1957
1951,http://www.wikidata.org/entity/Q18591,2888,399,3287
1934,http://www.wikidata.org/entity/Q18714,2599,408,3007
2018,http://www.wikidata.org/entity/Q25291,11565,439,12004
1963,http://www.wikidata.org/entity/Q109529676,3,17,20
1979,http://www.wikidata.org/entity/Q109529781,4,17,21
1974,http://www.wikidata.org/entity/Q109530325,4,17,21
1985,http://www.wikidata.org/entity/Q109530588,4,17,21
1991,http://www.wikidata.org/entity/Q109530772,4,17,21
2002,http://www.wikidata.org/entity/Q109532215,5,17,22
2013,http://www.wikidata.org/entity/Q109532693,4,17,21
2009,http://www.wikidata.org/entity/Q1996,9323,429,9752
2015,http://www.wikidata.org/entity/Q2002,11428,422,11850
1903,http://www.wikidata.org/entity/Q2045,2282,392,2674
1914,http://www.wikidata.org/entity/Q2083,2151,413,2564
1998,http://www.wikidata.org/entity/Q2089,4955,430,5385
1987,http://www.wikidata.org/entity/Q2429,4070,411,4481
1981,http://www.wikidata.org/entity/Q2437,3755,421,4176
1970,http://www.wikidata.org/entity/Q2474,3550,411,3961
1959,http://www.wikidata.org/entity/Q5302,3068,449,3517
1801,http://www.wikidata.org/entity/Q6877,771,371,1142
1807,http://www.wikidata.org/entity/Q6909,710,367,1077
1818,http://www.wikidata.org/entity/Q6964,828,362,1190
1829,http://www.wikidata.org/entity/Q7572,850,364,1214
1835,http://www.wikidata.org/entity/Q7597,910,362,1272
1750,http://www.wikidata.org/entity/Q7611,538,328,866
1846,http://www.wikidata.org/entity/Q7640,988,364,1352
1761,http://www.wikidata.org/entity/Q7649,443,325,768
1767,http://www.wikidata.org/entity/Q7672,489,326,815
1857,http://www.wikidata.org/entity/Q7680,1104,369,1473
1863,http://www.wikidata.org/entity/Q7701,1157,366,1523
1778,http://www.wikidata.org/entity/Q7713,565,354,919
1874,http://www.wikidata.org/entity/Q7761,1237,367,1604
1789,http://www.wikidata.org/entity/Q7772,631,363,994
1795,http://www.wikidata.org/entity/Q7815,679,355,1034
1885,http://www.wikidata.org/entity/Q7821,1336,380,1716
1891,http://www.wikidata.org/entity/Q7837,1529,371,1900
1925,http://www.wikidata.org/entity/Q18107,2340,390,2730
1953,http://www.wikidata.org/entity/Q18585,2851,398,3249
1942,http://www.wikidata.org/entity/Q18625,2515,401,2916
1931,http://www.wikidata.org/entity/Q18782,2334,393,2727
1999,http://www.wikidata.org/entity/Q109529794,4,17,21
1971,http://www.wikidata.org/entity/Q109530180,4,17,21
1982,http://www.wikidata.org/entity/Q109530555,4,17,21
1988,http://www.wikidata.org/entity/Q109530685,4,17,21
1997,http://www.wikidata.org/entity/Q109530741,4,17,21
1993,http://www.wikidata.org/entity/Q109530761,4,17,21
2010,http://www.wikidata.org/entity/Q109532534,4,17,21
1815,http://www.wikidata.org/entity/Q6948,834,366,1200
