,sent,gold,filename
0,Bernard Francis Law has the position of [MASK] .,archbishop,synth_Religious Position/TREx/P39.jsonl
3,Augustine Kandathil has the position of [MASK] .,archbishop,synth_Religious Position/TREx/P39.jsonl
4,John XXI has the position of [MASK] .,pope,synth_Religious Position/TREx/P39.jsonl
9,Marinus II has the position of [MASK] .,Pope,synth_Religious Position/TREx/P39.jsonl
11,Photinus of Sirmium has the position of [MASK] .,bishop,synth_Religious Position/TREx/P39.jsonl
13,Agostino Vallini has the position of [MASK] .,Archbishop,synth_Religious Position/TREx/P39.jsonl
21,Urban III has the position of [MASK] .,Pope,synth_Religious Position/TREx/P39.jsonl
23,Pius VII has the position of [MASK] .,bishop,synth_Religious Position/TREx/P39.jsonl
26,George Dowdall has the position of [MASK] .,Archbishop,synth_Religious Position/TREx/P39.jsonl
28,Jerome Edward Listecki has the position of [MASK] .,Archbishop,synth_Religious Position/TREx/P39.jsonl
31,Georg von Kopp has the position of [MASK] .,bishop,synth_Religious Position/TREx/P39.jsonl
32,Dora Bakoyannis has the position of [MASK] .,mayor,synth_Religious Position/TREx/P39.jsonl
33,Priscillian has the position of [MASK] .,bishop,synth_Religious Position/TREx/P39.jsonl
36,Peter Abelard has the position of [MASK] .,abbot,synth_Religious Position/TREx/P39.jsonl
37,Roger Lawrence Schwietz has the position of [MASK] .,Archbishop,synth_Religious Position/TREx/P39.jsonl
39,Ilia II of Georgia has the position of [MASK] .,Patriarch,synth_Religious Position/TREx/P39.jsonl
42,Giuseppe Lazzarotto has the position of [MASK] .,Archbishop,synth_Religious Position/TREx/P39.jsonl
46,Paul IV has the position of [MASK] .,Pope,synth_Religious Position/TREx/P39.jsonl
56,Johann von Staupitz has the position of [MASK] .,abbot,synth_Religious Position/TREx/P39.jsonl
58,Basilio Pompilj has the position of [MASK] .,bishop,synth_Religious Position/TREx/P39.jsonl
59,Lawrence Booth has the position of [MASK] .,archbishop,synth_Religious Position/TREx/P39.jsonl
60,Gerald Thomas Bergan has the position of [MASK] .,Archbishop,synth_Religious Position/TREx/P39.jsonl
61,Celestine IV has the position of [MASK] .,Pope,synth_Religious Position/TREx/P39.jsonl
68,Aaron Scotus has the position of [MASK] .,abbot,synth_Religious Position/TREx/P39.jsonl
70,Leo VII has the position of [MASK] .,Pope,synth_Religious Position/TREx/P39.jsonl
72,Odo of Cluny has the position of [MASK] .,abbot,synth_Religious Position/TREx/P39.jsonl
81,Samuel David Ferguson has the position of [MASK] .,bishop,synth_Religious Position/TREx/P39.jsonl
83,Helmut Zilk has the position of [MASK] .,mayor,synth_Religious Position/TREx/P39.jsonl
85,Bertin has the position of [MASK] .,abbot,synth_Religious Position/TREx/P39.jsonl
89,Joseph Fred Naumann has the position of [MASK] .,bishop,synth_Religious Position/TREx/P39.jsonl
91,Anselm of Canterbury has the position of [MASK] .,abbot,synth_Religious Position/TREx/P39.jsonl
100,Jocelin of Glasgow has the position of [MASK] .,abbot,synth_Religious Position/TREx/P39.jsonl
103,Patrick Francis Moran has the position of [MASK] .,bishop,synth_Religious Position/TREx/P39.jsonl
104,Eugendus has the position of [MASK] .,abbot,synth_Religious Position/TREx/P39.jsonl
117,Baldric of Dol has the position of [MASK] .,bishop,synth_Religious Position/TREx/P39.jsonl
118,Clement XII has the position of [MASK] .,Pope,synth_Religious Position/TREx/P39.jsonl
122,Harry Carpenter has the position of [MASK] .,bishop,synth_Religious Position/TREx/P39.jsonl
124,Guy of Thouars has the position of [MASK] .,regent,synth_Religious Position/TREx/P39.jsonl
126,James Alipius Goold has the position of [MASK] .,Archbishop,synth_Religious Position/TREx/P39.jsonl
131,Clement X has the position of [MASK] .,Pope,synth_Religious Position/TREx/P39.jsonl
136,Abu Inan Faris has the position of [MASK] .,Sultan,synth_Religious Position/TREx/P39.jsonl
141,Hilarius has the position of [MASK] .,Pope,synth_Religious Position/TREx/P39.jsonl
154,Berhtwald has the position of [MASK] .,abbot,synth_Religious Position/TREx/P39.jsonl
156,Henri de Sourdis has the position of [MASK] .,Archbishop,synth_Religious Position/TREx/P39.jsonl
159,Antonmaria Sauli has the position of [MASK] .,Archbishop,synth_Religious Position/TREx/P39.jsonl
162,Charles Herman Helmsing has the position of [MASK] .,bishop,synth_Religious Position/TREx/P39.jsonl
166,Fulrad has the position of [MASK] .,abbot,synth_Religious Position/TREx/P39.jsonl
169,Gerald Emmett Carter has the position of [MASK] .,Archbishop,synth_Religious Position/TREx/P39.jsonl
170,Abu Zakariya has the position of [MASK] .,sultan,synth_Religious Position/TREx/P39.jsonl
180,Mathias Clement Lenihan has the position of [MASK] .,bishop,synth_Religious Position/TREx/P39.jsonl
181,John Atcherley Dew has the position of [MASK] .,archbishop,synth_Religious Position/TREx/P39.jsonl
183,Giorgio Orsoni has the position of [MASK] .,mayor,synth_Religious Position/TREx/P39.jsonl
186,Christoph Ahlhaus has the position of [MASK] .,mayor,synth_Religious Position/TREx/P39.jsonl
187,Benedict XVI has the position of [MASK] .,Archbishop,synth_Religious Position/TREx/P39.jsonl
465,Count Palatine Francis Louis of Neuburg has the position of [MASK] .,archbishop,synth_Religious Position/TREx/P39.jsonl
467,Thomas Vose Daily has the position of [MASK] .,bishop,synth_Religious Position/TREx/P39.jsonl
471,Anton Stres has the position of [MASK] .,archbishop,synth_Religious Position/TREx/P39.jsonl
472,Robert Bellarmine has the position of [MASK] .,Archbishop,synth_Religious Position/TREx/P39.jsonl
474,Rob Ford has the position of [MASK] .,councillor,synth_Religious Position/TREx/P39.jsonl
476,Urban VI has the position of [MASK] .,Pope,synth_Religious Position/TREx/P39.jsonl
482,Stephen du Perche has the position of [MASK] .,Archbishop,synth_Religious Position/TREx/P39.jsonl
484,John Bernard Fitzpatrick has the position of [MASK] .,bishop,synth_Religious Position/TREx/P39.jsonl
487,Joseph Rosati has the position of [MASK] .,bishop,synth_Religious Position/TREx/P39.jsonl
490,John XIX has the position of [MASK] .,Pope,synth_Religious Position/TREx/P39.jsonl
493,Pope-elect Stephen has the position of [MASK] .,pope,synth_Religious Position/TREx/P39.jsonl
495,Meyer Guggenheim has the position of [MASK] .,patriarch,synth_Religious Position/TREx/P39.jsonl
497,Exuperius has the position of [MASK] .,bishop,synth_Religious Position/TREx/P39.jsonl
504,Gregory XV has the position of [MASK] .,Pope,synth_Religious Position/TREx/P39.jsonl
512,Denis Hart has the position of [MASK] .,Archbishop,synth_Religious Position/TREx/P39.jsonl
521,Karl Joseph Alter has the position of [MASK] .,Archbishop,synth_Religious Position/TREx/P39.jsonl
522,Wolfgang Schuster has the position of [MASK] .,mayor,synth_Religious Position/TREx/P39.jsonl
524,Anastasius Bibliothecarius has the position of [MASK] .,abbot,synth_Religious Position/TREx/P39.jsonl
526,Innocent X has the position of [MASK] .,Pope,synth_Religious Position/TREx/P39.jsonl
537,Wolfgang Haas has the position of [MASK] .,archbishop,synth_Religious Position/TREx/P39.jsonl
540,Adolf III of the Marck has the position of [MASK] .,Archbishop,synth_Religious Position/TREx/P39.jsonl
542,Neil McNeil has the position of [MASK] .,archbishop,synth_Religious Position/TREx/P39.jsonl
561,Lupus of Troyes has the position of [MASK] .,bishop,synth_Religious Position/TREx/P39.jsonl
562,Angelo Amato has the position of [MASK] .,Archbishop,synth_Religious Position/TREx/P39.jsonl
563,Willibrord has the position of [MASK] .,bishop,synth_Religious Position/TREx/P39.jsonl
572,Aldhelm has the position of [MASK] .,bishop,synth_Religious Position/TREx/P39.jsonl
574,Abul Hasan Qutb Shah has the position of [MASK] .,Sultan,synth_Religious Position/TREx/P39.jsonl
576,Lorenzo Pucci has the position of [MASK] .,bishop,synth_Religious Position/TREx/P39.jsonl
578,Walter Skirlaw has the position of [MASK] .,bishop,synth_Religious Position/TREx/P39.jsonl
582,Thurstan has the position of [MASK] .,archbishop,synth_Religious Position/TREx/P39.jsonl
583,John Joseph Cantwell has the position of [MASK] .,Archbishop,synth_Religious Position/TREx/P39.jsonl
586,Karl Josef von Hefele has the position of [MASK] .,bishop,synth_Religious Position/TREx/P39.jsonl
589,Cardinal-Infante Ferdinand of Austria has the position of [MASK] .,Archbishop,synth_Religious Position/TREx/P39.jsonl
592,Hans Tanzler has the position of [MASK] .,mayor,synth_Religious Position/TREx/P39.jsonl
593,Sheila Dixon has the position of [MASK] .,mayor,synth_Religious Position/TREx/P39.jsonl
594,Nicolaus Olahus has the position of [MASK] .,Archbishop,synth_Religious Position/TREx/P39.jsonl
597,Bruno Forte has the position of [MASK] .,Archbishop,synth_Religious Position/TREx/P39.jsonl
601,Joseph Augustine Di Noia has the position of [MASK] .,archbishop,synth_Religious Position/TREx/P39.jsonl
603,William Hickley Gross has the position of [MASK] .,Archbishop,synth_Religious Position/TREx/P39.jsonl
604,Oscar Hugh Lipscomb has the position of [MASK] .,Archbishop,synth_Religious Position/TREx/P39.jsonl
606,Allen Henry Vigneron has the position of [MASK] .,Archbishop,synth_Religious Position/TREx/P39.jsonl
607,Otto Suhr has the position of [MASK] .,mayor,synth_Religious Position/TREx/P39.jsonl
608,Urban II has the position of [MASK] .,pope,synth_Religious Position/TREx/P39.jsonl
613,Ippolito d'Este has the position of [MASK] .,Archbishop,synth_Religious Position/TREx/P39.jsonl
617,Paul Vincent Donovan has the position of [MASK] .,bishop,synth_Religious Position/TREx/P39.jsonl
619,Jean-Pierre Ricard has the position of [MASK] .,archbishop,synth_Religious Position/TREx/P39.jsonl
622,Remaclus has the position of [MASK] .,abbot,synth_Religious Position/TREx/P39.jsonl
624,Ambrose has the position of [MASK] .,bishop,synth_Religious Position/TREx/P39.jsonl
646,Hilduin has the position of [MASK] .,abbot,synth_Religious Position/TREx/P39.jsonl
649,Stephen Gardiner has the position of [MASK] .,bishop,synth_Religious Position/TREx/P39.jsonl
652,Jean-Marie Villot has the position of [MASK] .,Archbishop,synth_Religious Position/TREx/P39.jsonl
654,John R. Quinn has the position of [MASK] .,bishop,synth_Religious Position/TREx/P39.jsonl
656,Josip Juraj Štrosmajer has the position of [MASK] .,bishop,synth_Religious Position/TREx/P39.jsonl
667,Paschasius Radbertus has the position of [MASK] .,abbot,synth_Religious Position/TREx/P39.jsonl
668,Bernhard Knipperdolling has the position of [MASK] .,mayor,synth_Religious Position/TREx/P39.jsonl
669,Nicholas Vreeland has the position of [MASK] .,abbot,synth_Religious Position/TREx/P39.jsonl
673,Andrey Sheptytsky has the position of [MASK] .,Archbishop,synth_Religious Position/TREx/P39.jsonl
676,Christian Ude has the position of [MASK] .,mayor,synth_Religious Position/TREx/P39.jsonl
679,Amangkurat II of Mataram has the position of [MASK] .,sultan,synth_Religious Position/TREx/P39.jsonl
683,Maximianus of Ravenna has the position of [MASK] .,bishop,synth_Religious Position/TREx/P39.jsonl
686,Johannes Trithemius has the position of [MASK] .,abbot,synth_Religious Position/TREx/P39.jsonl
769,Audomar has the position of [MASK] .,bishop,synth_Religious Position/TREx/P39.jsonl
771,Franciszek Macharski has the position of [MASK] .,Archbishop,synth_Religious Position/TREx/P39.jsonl
772,Hubert Walter has the position of [MASK] .,archbishop,synth_Religious Position/TREx/P39.jsonl
780,Thomas Joseph Murphy has the position of [MASK] .,Archbishop,synth_Religious Position/TREx/P39.jsonl
782,James Beaton has the position of [MASK] .,abbot,synth_Religious Position/TREx/P39.jsonl
783,Boniface III has the position of [MASK] .,Pope,synth_Religious Position/TREx/P39.jsonl
785,Pius II has the position of [MASK] .,Pope,synth_Religious Position/TREx/P39.jsonl
796,Dionysius has the position of [MASK] .,Pope,synth_Religious Position/TREx/P39.jsonl
799,Magloire has the position of [MASK] .,bishop,synth_Religious Position/TREx/P39.jsonl
800,Piotr Gamrat has the position of [MASK] .,Archbishop,synth_Religious Position/TREx/P39.jsonl
802,Archbishop Demetrios of America has the position of [MASK] .,archbishop,synth_Religious Position/TREx/P39.jsonl
804,Boniface I has the position of [MASK] .,Pope,synth_Religious Position/TREx/P39.jsonl
807,Tikhon of Moscow has the position of [MASK] .,Archbishop,synth_Religious Position/TREx/P39.jsonl
808,Michael Nazir-Ali has the position of [MASK] .,bishop,synth_Religious Position/TREx/P39.jsonl
810,Walter de Coutances has the position of [MASK] .,Archbishop,synth_Religious Position/TREx/P39.jsonl
811,Einhard has the position of [MASK] .,abbot,synth_Religious Position/TREx/P39.jsonl
812,Nicholas V has the position of [MASK] .,pope,synth_Religious Position/TREx/P39.jsonl
822,Giuseppe Simone Assemani has the position of [MASK] .,Archbishop,synth_Religious Position/TREx/P39.jsonl
823,Brendan the Navigator has the position of [MASK] .,abbot,synth_Religious Position/TREx/P39.jsonl
837,Quirinus of Sescia has the position of [MASK] .,bishop,synth_Religious Position/TREx/P39.jsonl
841,Aslak Bolt has the position of [MASK] .,archbishop,synth_Religious Position/TREx/P39.jsonl
842,Zenobius of Florence has the position of [MASK] .,bishop,synth_Religious Position/TREx/P39.jsonl
844,"Liutbert, Archbishop of Mainz has the position of [MASK] .",Archbishop,synth_Religious Position/TREx/P39.jsonl
849,Clement VII has the position of [MASK] .,pope,synth_Religious Position/TREx/P39.jsonl
868,Alfonso de Cartagena has the position of [MASK] .,bishop,synth_Religious Position/TREx/P39.jsonl
869,Diarmuid Martin has the position of [MASK] .,bishop,synth_Religious Position/TREx/P39.jsonl
870,Connop Thirlwall has the position of [MASK] .,bishop,synth_Religious Position/TREx/P39.jsonl
872,Blaise of Sebaste has the position of [MASK] .,bishop,synth_Religious Position/TREx/P39.jsonl
878,Bruno the Great has the position of [MASK] .,Archbishop,synth_Religious Position/TREx/P39.jsonl
905,Count Hieronymus von Colloredo has the position of [MASK] .,Archbishop,synth_Religious Position/TREx/P39.jsonl
908,Phillips Brooks has the position of [MASK] .,Episcopal,synth_Religious Position/TREx/P39.jsonl
909,Randall Davidson has the position of [MASK] .,bishop,synth_Religious Position/TREx/P39.jsonl
911,Angelo Sodano has the position of [MASK] .,bishop,synth_Religious Position/TREx/P39.jsonl
915,Joseph Edward Kurtz has the position of [MASK] .,bishop,synth_Religious Position/TREx/P39.jsonl
916,Wilfrid Napier has the position of [MASK] .,Archbishop,synth_Religious Position/TREx/P39.jsonl
918,Zeno of Verona has the position of [MASK] .,bishop,synth_Religious Position/TREx/P39.jsonl
919,Flavio Zanonato has the position of [MASK] .,mayor,synth_Religious Position/TREx/P39.jsonl
921,Lanfranc has the position of [MASK] .,abbot,synth_Religious Position/TREx/P39.jsonl
924,Nestorius has the position of [MASK] .,bishop,synth_Religious Position/TREx/P39.jsonl
928,Paul Melchers has the position of [MASK] .,Archbishop,synth_Religious Position/TREx/P39.jsonl
932,Saint Giles has the position of [MASK] .,abbot,synth_Religious Position/TREx/P39.jsonl
933,Cornelius Jansen has the position of [MASK] .,bishop,synth_Religious Position/TREx/P39.jsonl
937,Timothy M. Dolan has the position of [MASK] .,Archbishop,synth_Religious Position/TREx/P39.jsonl
953,James Roosevelt Bayley has the position of [MASK] .,Archbishop,synth_Religious Position/TREx/P39.jsonl
954,Haymo of Halberstadt has the position of [MASK] .,bishop,synth_Religious Position/TREx/P39.jsonl
956,Joseph Sadoc Alemany has the position of [MASK] .,Archbishop,synth_Religious Position/TREx/P39.jsonl
961,Donald Wuerl has the position of [MASK] .,bishop,synth_Religious Position/TREx/P39.jsonl
963,Pius XI has the position of [MASK] .,pope,synth_Religious Position/TREx/P39.jsonl
977,Epiphanius of Salamis has the position of [MASK] .,bishop,synth_Religious Position/TREx/P39.jsonl
979,Bernard Fellay has the position of [MASK] .,bishop,synth_Religious Position/TREx/P39.jsonl
983,Alessandro Piccolomini has the position of [MASK] .,Archbishop,synth_Religious Position/TREx/P39.jsonl
984,Marcellus I has the position of [MASK] .,Pope,synth_Religious Position/TREx/P39.jsonl
986,James Trobec has the position of [MASK] .,bishop,synth_Religious Position/TREx/P39.jsonl
989,Dennis Marion Schnurr has the position of [MASK] .,Archbishop,synth_Religious Position/TREx/P39.jsonl
996,Pierre-Flavien Turgeon has the position of [MASK] .,archbishop,synth_Religious Position/TREx/P39.jsonl
1000,John E. Hines has the position of [MASK] .,bishop,synth_Religious Position/TREx/P39.jsonl
1002,Poppo of Treffen has the position of [MASK] .,bishop,synth_Religious Position/TREx/P39.jsonl
1003,James Edward Quigley has the position of [MASK] .,Archbishop,synth_Religious Position/TREx/P39.jsonl
1005,Johann Ernst von Thun has the position of [MASK] .,Archbishop,synth_Religious Position/TREx/P39.jsonl
1007,Saint Sturm has the position of [MASK] .,abbot,synth_Religious Position/TREx/P39.jsonl
1008,Charles Caruana has the position of [MASK] .,bishop,synth_Religious Position/TREx/P39.jsonl
1010,John Joseph Kain has the position of [MASK] .,Archbishop,synth_Religious Position/TREx/P39.jsonl
1012,Arnaud Amalric has the position of [MASK] .,abbot,synth_Religious Position/TREx/P39.jsonl
1015,Lucifer of Cagliari has the position of [MASK] .,bishop,synth_Religious Position/TREx/P39.jsonl
1019,Clement II has the position of [MASK] .,Pope,synth_Religious Position/TREx/P39.jsonl
1023,Ernesto Ruffini has the position of [MASK] .,Archbishop,synth_Religious Position/TREx/P39.jsonl
1025,Shams ad-Din ibn Muhammad has the position of [MASK] .,Sultan,synth_Religious Position/TREx/P39.jsonl
1032,Adolph John Paschang has the position of [MASK] .,bishop,synth_Religious Position/TREx/P39.jsonl
1035,Salvatore Lima has the position of [MASK] .,mayor,synth_Religious Position/TREx/P39.jsonl
1037,Saint Domnius has the position of [MASK] .,bishop,synth_Religious Position/TREx/P39.jsonl
1039,Saint Valentine has the position of [MASK] .,bishop,synth_Religious Position/TREx/P39.jsonl
1041,Paul Shan Kuo-hsi has the position of [MASK] .,bishop,synth_Religious Position/TREx/P39.jsonl
1043,Joseph Rummel has the position of [MASK] .,bishop,synth_Religious Position/TREx/P39.jsonl
1046,Corrado Bafile has the position of [MASK] .,bishop,synth_Religious Position/TREx/P39.jsonl
1048,Eusebius of Nicomedia has the position of [MASK] .,bishop,synth_Religious Position/TREx/P39.jsonl
1049,Cainnech of Aghaboe has the position of [MASK] .,abbot,synth_Religious Position/TREx/P39.jsonl
1053,Gregory Michael Aymond has the position of [MASK] .,Archbishop,synth_Religious Position/TREx/P39.jsonl
1054,Charles Borromeo has the position of [MASK] .,Archbishop,synth_Religious Position/TREx/P39.jsonl
1062,Bairam Khan has the position of [MASK] .,regent,synth_Religious Position/TREx/P39.jsonl
1067,Sultan Agung of Mataram has the position of [MASK] .,Sultan,synth_Religious Position/TREx/P39.jsonl
1077,Agobard has the position of [MASK] .,Archbishop,synth_Religious Position/TREx/P39.jsonl
1079,Martin V has the position of [MASK] .,Pope,synth_Religious Position/TREx/P39.jsonl
1087,Evarist Pinto has the position of [MASK] .,Archbishop,synth_Religious Position/TREx/P39.jsonl
1096,Dermot Clifford has the position of [MASK] .,bishop,synth_Religious Position/TREx/P39.jsonl
1099,Mathias Loras has the position of [MASK] .,bishop,synth_Religious Position/TREx/P39.jsonl
1104,Charles John Seghers has the position of [MASK] .,bishop,synth_Religious Position/TREx/P39.jsonl
1112,Vincent Strambi has the position of [MASK] .,bishop,synth_Religious Position/TREx/P39.jsonl
1114,John D'Alton has the position of [MASK] .,Archbishop,synth_Religious Position/TREx/P39.jsonl
1117,Marian Vanghelie has the position of [MASK] .,mayor,synth_Religious Position/TREx/P39.jsonl
1119,Innocent XI has the position of [MASK] .,Pope,synth_Religious Position/TREx/P39.jsonl
1124,Konrad von Hochstaden has the position of [MASK] .,archbishop,synth_Religious Position/TREx/P39.jsonl
1128,Gregory IX has the position of [MASK] .,Pope,synth_Religious Position/TREx/P39.jsonl
1138,Caecilius of Elvira has the position of [MASK] .,bishop,synth_Religious Position/TREx/P39.jsonl
1139,Gerard Sagredo has the position of [MASK] .,bishop,synth_Religious Position/TREx/P39.jsonl
1142,Simon Pimenta has the position of [MASK] .,Archbishop,synth_Religious Position/TREx/P39.jsonl
1145,Johannes von Geissel has the position of [MASK] .,Archbishop,synth_Religious Position/TREx/P39.jsonl
1148,John Baptist Purcell has the position of [MASK] .,Archbishop,synth_Religious Position/TREx/P39.jsonl
1151,Sabinus of Spoleto has the position of [MASK] .,bishop,synth_Religious Position/TREx/P39.jsonl
1162,Austin Dowling has the position of [MASK] .,Archbishop,synth_Religious Position/TREx/P39.jsonl
1165,Keith Ackerman has the position of [MASK] .,bishop,synth_Religious Position/TREx/P39.jsonl
1166,Arthur Hinsley has the position of [MASK] .,Archbishop,synth_Religious Position/TREx/P39.jsonl
1170,Salvatore Pennacchio has the position of [MASK] .,bishop,synth_Religious Position/TREx/P39.jsonl
1172,Silverius has the position of [MASK] .,Pope,synth_Religious Position/TREx/P39.jsonl
1173,Aper of Toul has the position of [MASK] .,bishop,synth_Religious Position/TREx/P39.jsonl
1177,Edward A. McCarthy has the position of [MASK] .,Archbishop,synth_Religious Position/TREx/P39.jsonl
1179,Michel-Gaspard Coppenrath has the position of [MASK] .,Archbishop,synth_Religious Position/TREx/P39.jsonl
1181,Raymond Laborde has the position of [MASK] .,mayor,synth_Religious Position/TREx/P39.jsonl
1182,Achille Lauro has the position of [MASK] .,mayor,synth_Religious Position/TREx/P39.jsonl
1185,Rainer Woelki has the position of [MASK] .,Archbishop,synth_Religious Position/TREx/P39.jsonl
1197,Desmond Tutu has the position of [MASK] .,bishop,synth_Religious Position/TREx/P39.jsonl
1203,Elipando has the position of [MASK] .,archbishop,synth_Religious Position/TREx/P39.jsonl
1207,Praejectus has the position of [MASK] .,bishop,synth_Religious Position/TREx/P39.jsonl
1209,Ceolfrith has the position of [MASK] .,abbot,synth_Religious Position/TREx/P39.jsonl
1213,Winibald has the position of [MASK] .,abbot,synth_Religious Position/TREx/P39.jsonl
1215,Laurean Rugambwa has the position of [MASK] .,bishop,synth_Religious Position/TREx/P39.jsonl
1218,Philip Hannan has the position of [MASK] .,Archbishop,synth_Religious Position/TREx/P39.jsonl
1221,Abdas of Susa has the position of [MASK] .,bishop,synth_Religious Position/TREx/P39.jsonl
1229,Leo X has the position of [MASK] .,Pope,synth_Religious Position/TREx/P39.jsonl
1241,Samuel Ruiz has the position of [MASK] .,bishop,synth_Religious Position/TREx/P39.jsonl
1243,Clement I has the position of [MASK] .,pope,synth_Religious Position/TREx/P39.jsonl
1252,Fazang has the position of [MASK] .,patriarch,synth_Religious Position/TREx/P39.jsonl
1254,Grimbald has the position of [MASK] .,abbot,synth_Religious Position/TREx/P39.jsonl
1255,Patrick John Ryan has the position of [MASK] .,Archbishop,synth_Religious Position/TREx/P39.jsonl
1256,Daniel Mannix has the position of [MASK] .,bishop,synth_Religious Position/TREx/P39.jsonl
1258,Pope Heraclas of Alexandria has the position of [MASK] .,bishop,synth_Religious Position/TREx/P39.jsonl
1261,Agostino Casaroli has the position of [MASK] .,bishop,synth_Religious Position/TREx/P39.jsonl
1264,Antonio Franco has the position of [MASK] .,bishop,synth_Religious Position/TREx/P39.jsonl
1265,Boniface VI has the position of [MASK] .,Pope,synth_Religious Position/TREx/P39.jsonl
1268,Kazimierz Nycz has the position of [MASK] .,Archbishop,synth_Religious Position/TREx/P39.jsonl
1271,Rosendo Salvado has the position of [MASK] .,bishop,synth_Religious Position/TREx/P39.jsonl
1275,Jaime Sin has the position of [MASK] .,Archbishop,synth_Religious Position/TREx/P39.jsonl
1291,Mariano Soler has the position of [MASK] .,archbishop,synth_Religious Position/TREx/P39.jsonl
1294,Medardo Joseph Mazombwe has the position of [MASK] .,archbishop,synth_Religious Position/TREx/P39.jsonl
1306,Norbert of Xanten has the position of [MASK] .,Archbishop,synth_Religious Position/TREx/P39.jsonl
1308,Donal Lamont has the position of [MASK] .,bishop,synth_Religious Position/TREx/P39.jsonl
1310,Guillaume Durand has the position of [MASK] .,bishop,synth_Religious Position/TREx/P39.jsonl
1320,Andrea Cassulo has the position of [MASK] .,archbishop,synth_Religious Position/TREx/P39.jsonl
1322,Claudio Maria Celli has the position of [MASK] .,Archbishop,synth_Religious Position/TREx/P39.jsonl
1323,Carlos Camus has the position of [MASK] .,bishop,synth_Religious Position/TREx/P39.jsonl
1325,Rafael Merry del Val has the position of [MASK] .,bishop,synth_Religious Position/TREx/P39.jsonl
1326,Patrick O'Boyle has the position of [MASK] .,Archbishop,synth_Religious Position/TREx/P39.jsonl
1328,Peter Kodwo Appiah Turkson has the position of [MASK] .,Archbishop,synth_Religious Position/TREx/P39.jsonl
1329,Josyf Slipyj has the position of [MASK] .,Archbishop,synth_Religious Position/TREx/P39.jsonl
1330,Amangkurat I of Mataram has the position of [MASK] .,sultan,synth_Religious Position/TREx/P39.jsonl
1338,Klaus Iohannis has the position of [MASK] .,mayor,synth_Religious Position/TREx/P39.jsonl
1341,Basil Hume has the position of [MASK] .,Archbishop,synth_Religious Position/TREx/P39.jsonl
1348,Eamon Martin has the position of [MASK] .,Archbishop,synth_Religious Position/TREx/P39.jsonl
1353,Illtud has the position of [MASK] .,abbot,synth_Religious Position/TREx/P39.jsonl
1354,Ali bin Said of Zanzibar has the position of [MASK] .,Sultan,synth_Religious Position/TREx/P39.jsonl
1358,Augustine of Canterbury has the position of [MASK] .,abbot,synth_Religious Position/TREx/P39.jsonl
1367,Keith O'Brien has the position of [MASK] .,Archbishop,synth_Religious Position/TREx/P39.jsonl
1373,Lydie Polfer has the position of [MASK] .,mayor,synth_Religious Position/TREx/P39.jsonl
1374,Pius Ncube has the position of [MASK] .,archbishop,synth_Religious Position/TREx/P39.jsonl
1379,Giacomo Lercaro has the position of [MASK] .,Archbishop,synth_Religious Position/TREx/P39.jsonl
1384,Peter Chrysologus has the position of [MASK] .,Archbishop,synth_Religious Position/TREx/P39.jsonl
1386,Jean Garon has the position of [MASK] .,mayor,synth_Religious Position/TREx/P39.jsonl
1387,Salonius has the position of [MASK] .,bishop,synth_Religious Position/TREx/P39.jsonl
1389,John Henni has the position of [MASK] .,Archbishop,synth_Religious Position/TREx/P39.jsonl
1391,Angelo Comastri has the position of [MASK] .,Archbishop,synth_Religious Position/TREx/P39.jsonl
1392,Vigilius of Trent has the position of [MASK] .,bishop,synth_Religious Position/TREx/P39.jsonl
1396,Joseph Cordeiro has the position of [MASK] .,Archbishop,synth_Religious Position/TREx/P39.jsonl
1402,James Francis McIntyre has the position of [MASK] .,Archbishop,synth_Religious Position/TREx/P39.jsonl
1406,Justinas Staugaitis has the position of [MASK] .,bishop,synth_Religious Position/TREx/P39.jsonl
1408,Edward Ilsley has the position of [MASK] .,Archbishop,synth_Religious Position/TREx/P39.jsonl
1412,Ricardo Vidal has the position of [MASK] .,Archbishop,synth_Religious Position/TREx/P39.jsonl
1422,Francis Janssens has the position of [MASK] .,Archbishop,synth_Religious Position/TREx/P39.jsonl
1426,Leander of Seville has the position of [MASK] .,bishop,synth_Religious Position/TREx/P39.jsonl
1429,John XV has the position of [MASK] .,Pope,synth_Religious Position/TREx/P39.jsonl
1431,Pietro Gasparri has the position of [MASK] .,Archbishop,synth_Religious Position/TREx/P39.jsonl
1432,Agilbert has the position of [MASK] .,bishop,synth_Religious Position/TREx/P39.jsonl
1444,David Chillingworth has the position of [MASK] .,bishop,synth_Religious Position/TREx/P39.jsonl
1447,Bernard Tissier de Mallerais has the position of [MASK] .,bishop,synth_Religious Position/TREx/P39.jsonl
1450,Ansovinus has the position of [MASK] .,bishop,synth_Religious Position/TREx/P39.jsonl
1453,Stefan Sofiyanski has the position of [MASK] .,mayor,synth_Religious Position/TREx/P39.jsonl
1454,Lullus has the position of [MASK] .,Archbishop,synth_Religious Position/TREx/P39.jsonl
1460,Luis Antonio Tagle has the position of [MASK] .,Archbishop,synth_Religious Position/TREx/P39.jsonl
1465,Graciliano Ramos has the position of [MASK] .,mayor,synth_Religious Position/TREx/P39.jsonl
1466,Sylvester II has the position of [MASK] .,abbot,synth_Religious Position/TREx/P39.jsonl
1472,Fulgentius of Ruspe has the position of [MASK] .,bishop,synth_Religious Position/TREx/P39.jsonl
1479,Humphrey Henchman has the position of [MASK] .,bishop,synth_Religious Position/TREx/P39.jsonl
1481,Ad van Luyn has the position of [MASK] .,bishop,synth_Religious Position/TREx/P39.jsonl
1483,Paul of Burgos has the position of [MASK] .,bishop,synth_Religious Position/TREx/P39.jsonl
1484,Ajahn Sumedho has the position of [MASK] .,abbot,synth_Religious Position/TREx/P39.jsonl
1485,Lawrence Saldanha has the position of [MASK] .,Archbishop,synth_Religious Position/TREx/P39.jsonl
1500,Duleep Singh has the position of [MASK] .,Maharaja,synth_Religious Position/TREx/P39.jsonl
1520,Ed Austin has the position of [MASK] .,mayor,synth_Religious Position/TREx/P39.jsonl
1521,Antoine Blanc has the position of [MASK] .,Archbishop,synth_Religious Position/TREx/P39.jsonl
1525,Konrad Adenauer has the position of [MASK] .,mayor,synth_Religious Position/TREx/P39.jsonl
1526,Michael Langrish has the position of [MASK] .,bishop,synth_Religious Position/TREx/P39.jsonl
1533,Siricius has the position of [MASK] .,Pope,synth_Religious Position/TREx/P39.jsonl
1536,Wolfgang of Regensburg has the position of [MASK] .,bishop,synth_Religious Position/TREx/P39.jsonl
1538,Polycarp Pengo has the position of [MASK] .,Archbishop,synth_Religious Position/TREx/P39.jsonl
1541,Urban I has the position of [MASK] .,pope,synth_Religious Position/TREx/P39.jsonl
1543,Gregory Yong has the position of [MASK] .,Archbishop,synth_Religious Position/TREx/P39.jsonl
1545,Frumentius has the position of [MASK] .,bishop,synth_Religious Position/TREx/P39.jsonl
1548,Julio Terrazas Sandoval has the position of [MASK] .,archbishop,synth_Religious Position/TREx/P39.jsonl
1564,Saturnin has the position of [MASK] .,bishop,synth_Religious Position/TREx/P39.jsonl
1571,Engelbert Sterckx has the position of [MASK] .,Archbishop,synth_Religious Position/TREx/P39.jsonl
1573,Antonio Barberini has the position of [MASK] .,Archbishop,synth_Religious Position/TREx/P39.jsonl
1575,Sava II has the position of [MASK] .,Archbishop,synth_Religious Position/TREx/P39.jsonl
1577,Alfredo Ildefonso Schuster has the position of [MASK] .,archbishop,synth_Religious Position/TREx/P39.jsonl
1579,Columba Marmion has the position of [MASK] .,abbot,synth_Religious Position/TREx/P39.jsonl
1581,Arnulf of Lisieux has the position of [MASK] .,bishop,synth_Religious Position/TREx/P39.jsonl
1583,Paul Cremona has the position of [MASK] .,Archbishop,synth_Religious Position/TREx/P39.jsonl
1586,Gilbert Crispin has the position of [MASK] .,abbot,synth_Religious Position/TREx/P39.jsonl
1588,Sa'ad ad-Din II has the position of [MASK] .,Sultan,synth_Religious Position/TREx/P39.jsonl
1594,Turibius of Mongrovejo has the position of [MASK] .,Archbishop,synth_Religious Position/TREx/P39.jsonl
1601,Abbot Suger has the position of [MASK] .,abbot,synth_Religious Position/TREx/P39.jsonl
1605,Pietro Sambi has the position of [MASK] .,Archbishop,synth_Religious Position/TREx/P39.jsonl
1607,John Joseph Williams has the position of [MASK] .,Archbishop,synth_Religious Position/TREx/P39.jsonl
1608,Muhammad Thakurufaanu Al Auzam has the position of [MASK] .,Sultan,synth_Religious Position/TREx/P39.jsonl
1610,Hyacinthe Thiandoum has the position of [MASK] .,Archbishop,synth_Religious Position/TREx/P39.jsonl
1614,Jean-Baptiste Lamy has the position of [MASK] .,Archbishop,synth_Religious Position/TREx/P39.jsonl
1621,Patriarch Eutychius of Constantinople has the position of [MASK] .,Archbishop,synth_Religious Position/TREx/P39.jsonl
1622,Joscius has the position of [MASK] .,Archbishop,synth_Religious Position/TREx/P39.jsonl
1630,Stephen Mayne has the position of [MASK] .,councillor,synth_Religious Position/TREx/P39.jsonl
1632,"Aribert, Archbishop of Milan has the position of [MASK] .",archbishop,synth_Religious Position/TREx/P39.jsonl
1634,Louis Falk has the position of [MASK] .,bishop,synth_Religious Position/TREx/P39.jsonl
1635,Marcel Lefebvre has the position of [MASK] .,bishop,synth_Religious Position/TREx/P39.jsonl
1639,Marampudi Joji has the position of [MASK] .,Archbishop,synth_Religious Position/TREx/P39.jsonl
1641,Johannes de Jong has the position of [MASK] .,Archbishop,synth_Religious Position/TREx/P39.jsonl
1642,George Dwyer has the position of [MASK] .,Archbishop,synth_Religious Position/TREx/P39.jsonl
1663,Herculanus of Perugia has the position of [MASK] .,bishop,synth_Religious Position/TREx/P39.jsonl
1667,Martin Gerbert has the position of [MASK] .,abbot,synth_Religious Position/TREx/P39.jsonl
1668,Loris Francesco Capovilla has the position of [MASK] .,Archbishop,synth_Religious Position/TREx/P39.jsonl
1669,Hosius of Corduba has the position of [MASK] .,bishop,synth_Religious Position/TREx/P39.jsonl
1671,Pelagius I has the position of [MASK] .,Pope,synth_Religious Position/TREx/P39.jsonl
1673,John T. Mullock has the position of [MASK] .,bishop,synth_Religious Position/TREx/P39.jsonl
1677,Abbot Oliba has the position of [MASK] .,abbot,synth_Religious Position/TREx/P39.jsonl
1680,Vincent Nichols has the position of [MASK] .,Archbishop,synth_Religious Position/TREx/P39.jsonl
1697,Felix III has the position of [MASK] .,Pope,synth_Religious Position/TREx/P39.jsonl
1699,Aodh Mac Cathmhaoil has the position of [MASK] .,Archbishop,synth_Religious Position/TREx/P39.jsonl
1702,Ildephonsus of Toledo has the position of [MASK] .,abbot,synth_Religious Position/TREx/P39.jsonl
1703,Francis Kenrick has the position of [MASK] .,Archbishop,synth_Religious Position/TREx/P39.jsonl
1708,Alexander VII has the position of [MASK] .,pope,synth_Religious Position/TREx/P39.jsonl
1718,Drostan has the position of [MASK] .,abbot,synth_Religious Position/TREx/P39.jsonl
1720,Boniface IX has the position of [MASK] .,pope,synth_Religious Position/TREx/P39.jsonl
1722,Honorius III has the position of [MASK] .,Pope,synth_Religious Position/TREx/P39.jsonl
1728,Felix IV has the position of [MASK] .,Pope,synth_Religious Position/TREx/P39.jsonl
1733,Leonidas Polk has the position of [MASK] .,bishop,synth_Religious Position/TREx/P39.jsonl
1735,Innocent VIII has the position of [MASK] .,Pope,synth_Religious Position/TREx/P39.jsonl
1740,Hermes Binner has the position of [MASK] .,mayor,synth_Religious Position/TREx/P39.jsonl
1741,Paschal II has the position of [MASK] .,pope,synth_Religious Position/TREx/P39.jsonl
1754,Archbishop Ieronymos II of Athens has the position of [MASK] .,Archbishop,synth_Religious Position/TREx/P39.jsonl
1755,Geoffrey de Montbray has the position of [MASK] .,bishop,synth_Religious Position/TREx/P39.jsonl
1760,Clement XI has the position of [MASK] .,Pope,synth_Religious Position/TREx/P39.jsonl
1765,Macarios III Zaim has the position of [MASK] .,Patriarch,synth_Religious Position/TREx/P39.jsonl
1766,Edmond L. Browning has the position of [MASK] .,bishop,synth_Religious Position/TREx/P39.jsonl
1768,Claude de Longwy de Givry has the position of [MASK] .,bishop,synth_Religious Position/TREx/P39.jsonl
1770,Papias of Hierapolis has the position of [MASK] .,bishop,synth_Religious Position/TREx/P39.jsonl
1771,Maurice Couture has the position of [MASK] .,Archbishop,synth_Religious Position/TREx/P39.jsonl
1777,Enrico Valtorta has the position of [MASK] .,bishop,synth_Religious Position/TREx/P39.jsonl
1779,Raffaele Riario has the position of [MASK] .,archbishop,synth_Religious Position/TREx/P39.jsonl
1781,Waltheof of Melrose has the position of [MASK] .,abbot,synth_Religious Position/TREx/P39.jsonl
1782,Pieter Jacobsz Olycan has the position of [MASK] .,mayor,synth_Religious Position/TREx/P39.jsonl
1785,Daniel DiNardo has the position of [MASK] .,Archbishop,synth_Religious Position/TREx/P39.jsonl
1790,Gerald Frederick Kicanas has the position of [MASK] .,bishop,synth_Religious Position/TREx/P39.jsonl
1791,Joseph Signay has the position of [MASK] .,archbishop,synth_Religious Position/TREx/P39.jsonl
1793,Aloysius Stepinac has the position of [MASK] .,Archbishop,synth_Religious Position/TREx/P39.jsonl
1804,Michael Jarboe Sheehan has the position of [MASK] .,bishop,synth_Religious Position/TREx/P39.jsonl
1805,Eric Kemp has the position of [MASK] .,bishop,synth_Religious Position/TREx/P39.jsonl
1807,Innocent II has the position of [MASK] .,Pope,synth_Religious Position/TREx/P39.jsonl
1816,Gregor Mendel has the position of [MASK] .,abbot,synth_Religious Position/TREx/P39.jsonl
1817,Giorgio La Pira has the position of [MASK] .,mayor,synth_Religious Position/TREx/P39.jsonl
1819,Cedd has the position of [MASK] .,abbot,synth_Religious Position/TREx/P39.jsonl
1820,Osmundus has the position of [MASK] .,archbishop,synth_Religious Position/TREx/P39.jsonl
1825,Lupus Servatus has the position of [MASK] .,abbot,synth_Religious Position/TREx/P39.jsonl
1826,Augustine of Hippo has the position of [MASK] .,bishop,synth_Religious Position/TREx/P39.jsonl
1841,Ralph Leo Hayes has the position of [MASK] .,bishop,synth_Religious Position/TREx/P39.jsonl
1843,J. Peter Sartain has the position of [MASK] .,Archbishop,synth_Religious Position/TREx/P39.jsonl
1847,John Calvin has the position of [MASK] .,pastor,synth_Religious Position/TREx/P39.jsonl
1856,Francis X. DiLorenzo has the position of [MASK] .,bishop,synth_Religious Position/TREx/P39.jsonl
1859,Francis Bourne has the position of [MASK] .,Archbishop,synth_Religious Position/TREx/P39.jsonl
1871,Hatto I has the position of [MASK] .,Archbishop,synth_Religious Position/TREx/P39.jsonl
1876,Laurent-Joseph-Marius Imbert has the position of [MASK] .,bishop,synth_Religious Position/TREx/P39.jsonl
1879,Robert Sarah has the position of [MASK] .,Archbishop,synth_Religious Position/TREx/P39.jsonl
1892,Clemens August von Droste-Vischering has the position of [MASK] .,Archbishop,synth_Religious Position/TREx/P39.jsonl
1893,Chad of Mercia has the position of [MASK] .,abbot,synth_Religious Position/TREx/P39.jsonl
1897,Sophia Alekseyevna of Russia has the position of [MASK] .,regent,synth_Religious Position/TREx/P39.jsonl
1905,Magnus Felix Ennodius has the position of [MASK] .,bishop,synth_Religious Position/TREx/P39.jsonl
1909,Bernard-Claude Panet has the position of [MASK] .,Archbishop,synth_Religious Position/TREx/P39.jsonl
1916,Acacius of Caesarea has the position of [MASK] .,bishop,synth_Religious Position/TREx/P39.jsonl
1922,Saint Amator has the position of [MASK] .,bishop,synth_Religious Position/TREx/P39.jsonl
1926,Francis Spellman has the position of [MASK] .,bishop,synth_Religious Position/TREx/P39.jsonl
1929,Antonio Quarracino has the position of [MASK] .,Archbishop,synth_Religious Position/TREx/P39.jsonl
1931,Innocent XII has the position of [MASK] .,archbishop,synth_Religious Position/TREx/P39.jsonl
1932,Winwaloe has the position of [MASK] .,abbot,synth_Religious Position/TREx/P39.jsonl
1934,Manuel Roxas has the position of [MASK] .,Governor,synth_Religious Position/TREx/P39.jsonl
1938,Peter Amigo has the position of [MASK] .,Archbishop,synth_Religious Position/TREx/P39.jsonl
1951,Eigil of Fulda has the position of [MASK] .,abbot,synth_Religious Position/TREx/P39.jsonl
1954,Germanus of Auxerre has the position of [MASK] .,bishop,synth_Religious Position/TREx/P39.jsonl
1956,Paolo Romeo has the position of [MASK] .,Archbishop,synth_Religious Position/TREx/P39.jsonl
1959,Crescenzio Sepe has the position of [MASK] .,bishop,synth_Religious Position/TREx/P39.jsonl
1960,William of Hirsau has the position of [MASK] .,abbot,synth_Religious Position/TREx/P39.jsonl
1961,Bernard of Clairvaux has the position of [MASK] .,abbot,synth_Religious Position/TREx/P39.jsonl
1973,Jean-Louis Tauran has the position of [MASK] .,bishop,synth_Religious Position/TREx/P39.jsonl
1974,George Mundelein has the position of [MASK] .,Archbishop,synth_Religious Position/TREx/P39.jsonl
1977,Simeon Anthony Pereira has the position of [MASK] .,Archbishop,synth_Religious Position/TREx/P39.jsonl
1997,John Murphy Farley has the position of [MASK] .,Archbishop,synth_Religious Position/TREx/P39.jsonl
1998,Tysilio has the position of [MASK] .,bishop,synth_Religious Position/TREx/P39.jsonl
2000,Gregory of Nazianzus has the position of [MASK] .,bishop,synth_Religious Position/TREx/P39.jsonl
2002,Ansgar has the position of [MASK] .,bishop,synth_Religious Position/TREx/P39.jsonl
2004,Gregory XVI has the position of [MASK] .,Pope,synth_Religious Position/TREx/P39.jsonl
2014,Peter Leo Gerety has the position of [MASK] .,Archbishop,synth_Religious Position/TREx/P39.jsonl
2015,Hernando de Talavera has the position of [MASK] .,Archbishop,synth_Religious Position/TREx/P39.jsonl
2020,Alphonsus Liguori Penney has the position of [MASK] .,Archbishop,synth_Religious Position/TREx/P39.jsonl
2025,Michael L. Fitzgerald has the position of [MASK] .,archbishop,synth_Religious Position/TREx/P39.jsonl
2067,Anton Durcovici has the position of [MASK] .,bishop,synth_Religious Position/TREx/P39.jsonl
2069,Clement IX has the position of [MASK] .,Pope,synth_Religious Position/TREx/P39.jsonl
2075,Emmanuel Wamala has the position of [MASK] .,Archbishop,synth_Religious Position/TREx/P39.jsonl
2083,Columba has the position of [MASK] .,abbot,synth_Religious Position/TREx/P39.jsonl
2093,John Cody has the position of [MASK] .,Archbishop,synth_Religious Position/TREx/P39.jsonl
2099,Coleman Carroll has the position of [MASK] .,bishop,synth_Religious Position/TREx/P39.jsonl
2102,Hubertus has the position of [MASK] .,bishop,synth_Religious Position/TREx/P39.jsonl
2111,Carlo Maria Martini has the position of [MASK] .,Archbishop,synth_Religious Position/TREx/P39.jsonl
2112,Cadoc has the position of [MASK] .,bishop,synth_Religious Position/TREx/P39.jsonl
2113,David Beaton has the position of [MASK] .,Archbishop,synth_Religious Position/TREx/P39.jsonl
2115,Marco Antonio de Dominis has the position of [MASK] .,Archbishop,synth_Religious Position/TREx/P39.jsonl
2118,Kathryn J. Whitmire has the position of [MASK] .,mayor,synth_Religious Position/TREx/P39.jsonl
2120,John Dominici has the position of [MASK] .,bishop,synth_Religious Position/TREx/P39.jsonl
2121,Gendun Drup has the position of [MASK] .,abbot,synth_Religious Position/TREx/P39.jsonl
2122,Gaetano Alibrandi has the position of [MASK] .,bishop,synth_Religious Position/TREx/P39.jsonl
2125,Antipope Laurentius has the position of [MASK] .,bishop,synth_Religious Position/TREx/P39.jsonl
2132,Richard Cushing has the position of [MASK] .,Archbishop,synth_Religious Position/TREx/P39.jsonl
2133,Idris I of Morocco has the position of [MASK] .,sultan,synth_Religious Position/TREx/P39.jsonl
2134,Dingiri Banda Wijetunga has the position of [MASK] .,Governor,synth_Religious Position/TREx/P39.jsonl
2137,Vittorio Sgarbi has the position of [MASK] .,mayor,synth_Religious Position/TREx/P39.jsonl
2138,Annise Parker has the position of [MASK] .,mayor,synth_Religious Position/TREx/P39.jsonl
2140,Enrique Angelelli has the position of [MASK] .,bishop,synth_Religious Position/TREx/P39.jsonl
2143,John Njue has the position of [MASK] .,Archbishop,synth_Religious Position/TREx/P39.jsonl
2145,Leopold Karl von Kollonitsch has the position of [MASK] .,Archbishop,synth_Religious Position/TREx/P39.jsonl
2147,Clement VIII has the position of [MASK] .,Pope,synth_Religious Position/TREx/P39.jsonl
2162,Paolo Bertoli has the position of [MASK] .,bishop,synth_Religious Position/TREx/P39.jsonl
2163,Telesphore Toppo has the position of [MASK] .,bishop,synth_Religious Position/TREx/P39.jsonl
2164,Ernulf has the position of [MASK] .,abbot,synth_Religious Position/TREx/P39.jsonl
2168,Sigfrid of Sweden has the position of [MASK] .,bishop,synth_Religious Position/TREx/P39.jsonl
2170,Michel Sabbah has the position of [MASK] .,Archbishop,synth_Religious Position/TREx/P39.jsonl
2173,George Hugh Niederauer has the position of [MASK] .,bishop,synth_Religious Position/TREx/P39.jsonl
2175,Innocent V has the position of [MASK] .,Pope,synth_Religious Position/TREx/P39.jsonl
2177,Aelred of Rievaulx has the position of [MASK] .,abbot,synth_Religious Position/TREx/P39.jsonl
2181,Juan Subercaseaux has the position of [MASK] .,archbishop,synth_Religious Position/TREx/P39.jsonl
2183,Pius XII has the position of [MASK] .,Pope,synth_Religious Position/TREx/P39.jsonl
2225,Piero Fassino has the position of [MASK] .,mayor,synth_Religious Position/TREx/P39.jsonl
2227,John Francis Donoghue has the position of [MASK] .,Archbishop,synth_Religious Position/TREx/P39.jsonl
2232,Ingulf has the position of [MASK] .,abbot,synth_Religious Position/TREx/P39.jsonl
2243,Johannes Junius has the position of [MASK] .,mayor,synth_Religious Position/TREx/P39.jsonl
2245,Giuseppe Siri has the position of [MASK] .,Archbishop,synth_Religious Position/TREx/P39.jsonl
2249,Otto von Guericke has the position of [MASK] .,mayor,synth_Religious Position/TREx/P39.jsonl
2251,Archduke Maximilian Francis of Austria has the position of [MASK] .,Archbishop,synth_Religious Position/TREx/P39.jsonl
2253,Antoninus of Florence has the position of [MASK] .,Archbishop,synth_Religious Position/TREx/P39.jsonl
2255,Nicetius has the position of [MASK] .,bishop,synth_Religious Position/TREx/P39.jsonl
2258,Adalbert has the position of [MASK] .,Archbishop,synth_Religious Position/TREx/P39.jsonl
2259,Gregory XIII has the position of [MASK] .,Pope,synth_Religious Position/TREx/P39.jsonl
2276,Bertold von Henneberg-Römhild has the position of [MASK] .,archbishop,synth_Religious Position/TREx/P39.jsonl
2280,Adam Stefan Sapieha has the position of [MASK] .,Archbishop,synth_Religious Position/TREx/P39.jsonl
2290,Raymond Leo Burke has the position of [MASK] .,Archbishop,synth_Religious Position/TREx/P39.jsonl
2296,John Tuigg has the position of [MASK] .,bishop,synth_Religious Position/TREx/P39.jsonl
2298,Hincmar has the position of [MASK] .,Archbishop,synth_Religious Position/TREx/P39.jsonl
2307,Landelin has the position of [MASK] .,abbot,synth_Religious Position/TREx/P39.jsonl
2310,Diomede Falconio has the position of [MASK] .,Archbishop,synth_Religious Position/TREx/P39.jsonl
2316,Kirk Caldwell has the position of [MASK] .,mayor,synth_Religious Position/TREx/P39.jsonl
2318,Giovanni Canestri has the position of [MASK] .,Archbishop,synth_Religious Position/TREx/P39.jsonl
2323,Emmanuel Milingo has the position of [MASK] .,bishop,synth_Religious Position/TREx/P39.jsonl
2324,Chrysostomos I of Cyprus has the position of [MASK] .,Archbishop,synth_Religious Position/TREx/P39.jsonl
2327,Saint Boniface has the position of [MASK] .,abbot,synth_Religious Position/TREx/P39.jsonl
2332,Adalbert of Mainz has the position of [MASK] .,Archbishop,synth_Religious Position/TREx/P39.jsonl
2338,Salentin IX of Isenburg-Grenzau has the position of [MASK] .,archbishop,synth_Religious Position/TREx/P39.jsonl
2339,Paul Francis Leibold has the position of [MASK] .,Archbishop,synth_Religious Position/TREx/P39.jsonl
2346,John XVIII has the position of [MASK] .,Pope,synth_Religious Position/TREx/P39.jsonl
2348,John Chrysostom has the position of [MASK] .,archbishop,synth_Religious Position/TREx/P39.jsonl
2353,Leonardo Sandri has the position of [MASK] .,bishop,synth_Religious Position/TREx/P39.jsonl
2354,Francesco Coccopalmerio has the position of [MASK] .,Archbishop,synth_Religious Position/TREx/P39.jsonl
2355,Saint Maurus has the position of [MASK] .,abbot,synth_Religious Position/TREx/P39.jsonl
2356,Abu Bakr ibn Muhammad has the position of [MASK] .,Sultan,synth_Religious Position/TREx/P39.jsonl
2359,Innocent XIII has the position of [MASK] .,Pope,synth_Religious Position/TREx/P39.jsonl
2366,Richard Challoner has the position of [MASK] .,bishop,synth_Religious Position/TREx/P39.jsonl
2371,"Odo, Earl of Kent has the position of [MASK] .",bishop,synth_Religious Position/TREx/P39.jsonl
2374,Yordan Letchkov has the position of [MASK] .,mayor,synth_Religious Position/TREx/P39.jsonl
2375,Brian Coleman has the position of [MASK] .,councillor,synth_Religious Position/TREx/P39.jsonl
2377,John Quinlan has the position of [MASK] .,bishop,synth_Religious Position/TREx/P39.jsonl
2379,Gianfranco Ravasi has the position of [MASK] .,Archbishop,synth_Religious Position/TREx/P39.jsonl
2380,Heribert of Cologne has the position of [MASK] .,archbishop,synth_Religious Position/TREx/P39.jsonl
2383,Pelagius II has the position of [MASK] .,Pope,synth_Religious Position/TREx/P39.jsonl
2385,Wulfram of Sens has the position of [MASK] .,archbishop,synth_Religious Position/TREx/P39.jsonl
2386,James Duhig has the position of [MASK] .,archbishop,synth_Religious Position/TREx/P39.jsonl
2389,Francis de Sales has the position of [MASK] .,bishop,synth_Religious Position/TREx/P39.jsonl
2394,Timothy Bavin has the position of [MASK] .,bishop,synth_Religious Position/TREx/P39.jsonl
2396,Katharine Jefferts Schori has the position of [MASK] .,bishop,synth_Religious Position/TREx/P39.jsonl
2399,Saint Perpetuus has the position of [MASK] .,bishop,synth_Religious Position/TREx/P39.jsonl
2400,Eugeniusz Baziak has the position of [MASK] .,Archbishop,synth_Religious Position/TREx/P39.jsonl
2403,Mikiel Gonzi has the position of [MASK] .,Archbishop,synth_Religious Position/TREx/P39.jsonl
2406,Cellach of Armagh has the position of [MASK] .,Archbishop,synth_Religious Position/TREx/P39.jsonl
2419,Diego de Acebo has the position of [MASK] .,bishop,synth_Religious Position/TREx/P39.jsonl
2421,Jean Marie Balland has the position of [MASK] .,Archbishop,synth_Religious Position/TREx/P39.jsonl
2423,Archbishop Christodoulos of Athens has the position of [MASK] .,Archbishop,synth_Religious Position/TREx/P39.jsonl
2424,Albertus Soegijapranata has the position of [MASK] .,archbishop,synth_Religious Position/TREx/P39.jsonl
2426,Antoine Perrenot de Granvelle has the position of [MASK] .,Archbishop,synth_Religious Position/TREx/P39.jsonl
2427,Acarius has the position of [MASK] .,bishop,synth_Religious Position/TREx/P39.jsonl
2429,Liutprand of Cremona has the position of [MASK] .,bishop,synth_Religious Position/TREx/P39.jsonl
2431,Eusebius has the position of [MASK] .,Pope,synth_Religious Position/TREx/P39.jsonl
2432,Robert Scholl has the position of [MASK] .,mayor,synth_Religious Position/TREx/P39.jsonl
2433,Hilary of Poitiers has the position of [MASK] .,bishop,synth_Religious Position/TREx/P39.jsonl
2436,Shlomo Lahat has the position of [MASK] .,mayor,synth_Religious Position/TREx/P39.jsonl
2437,Andrea Carlo Ferrari has the position of [MASK] .,Archbishop,synth_Religious Position/TREx/P39.jsonl
2439,Walter Wardlaw has the position of [MASK] .,bishop,synth_Religious Position/TREx/P39.jsonl
2440,Julius III has the position of [MASK] .,Pope,synth_Religious Position/TREx/P39.jsonl
2447,John Dubois has the position of [MASK] .,bishop,synth_Religious Position/TREx/P39.jsonl
2454,Valerian Gracias has the position of [MASK] .,Archbishop,synth_Religious Position/TREx/P39.jsonl
2455,Iuliu Hossu has the position of [MASK] .,bishop,synth_Religious Position/TREx/P39.jsonl
2457,Gregorio Aglipay has the position of [MASK] .,bishop,synth_Religious Position/TREx/P39.jsonl
2458,Sylvester III has the position of [MASK] .,Pope,synth_Religious Position/TREx/P39.jsonl
2461,Martin Drennan has the position of [MASK] .,bishop,synth_Religious Position/TREx/P39.jsonl
2463,Romuald Guarna has the position of [MASK] .,Archbishop,synth_Religious Position/TREx/P39.jsonl
2467,Eric Treacy has the position of [MASK] .,bishop,synth_Religious Position/TREx/P39.jsonl
2469,Clement VI has the position of [MASK] .,Pope,synth_Religious Position/TREx/P39.jsonl
2478,Pius X has the position of [MASK] .,Pope,synth_Religious Position/TREx/P39.jsonl
2508,Makarios III has the position of [MASK] .,Archbishop,synth_Religious Position/TREx/P39.jsonl
2517,Jacinto Vera has the position of [MASK] .,bishop,synth_Religious Position/TREx/P39.jsonl
2519,Nilus the Younger has the position of [MASK] .,abbot,synth_Religious Position/TREx/P39.jsonl
2521,Arbeo of Freising has the position of [MASK] .,abbot,synth_Religious Position/TREx/P39.jsonl
2522,Walter Bower has the position of [MASK] .,abbot,synth_Religious Position/TREx/P39.jsonl
2524,John Favalora has the position of [MASK] .,archbishop,synth_Religious Position/TREx/P39.jsonl
2528,Roger Mahony has the position of [MASK] .,Archbishop,synth_Religious Position/TREx/P39.jsonl
2531,Rimbert has the position of [MASK] .,archbishop,synth_Religious Position/TREx/P39.jsonl
2534,Colman mac Duagh has the position of [MASK] .,bishop,synth_Religious Position/TREx/P39.jsonl
2535,Arturo Rivera y Damas has the position of [MASK] .,Archbishop,synth_Religious Position/TREx/P39.jsonl
2540,John Lesley has the position of [MASK] .,bishop,synth_Religious Position/TREx/P39.jsonl
2546,Desmond Connell has the position of [MASK] .,bishop,synth_Religious Position/TREx/P39.jsonl
2547,Sutawijaya has the position of [MASK] .,sultan,synth_Religious Position/TREx/P39.jsonl
2548,Leodegar has the position of [MASK] .,abbot,synth_Religious Position/TREx/P39.jsonl
2550,Charles de Marillac has the position of [MASK] .,Archbishop,synth_Religious Position/TREx/P39.jsonl
2551,Adalard of Corbie has the position of [MASK] .,abbot,synth_Religious Position/TREx/P39.jsonl
2556,"Rangjung Rigpe Dorje, 16th Karmapa has the position of [MASK] .",abbot,synth_Religious Position/TREx/P39.jsonl
2557,Edward Henry Howard has the position of [MASK] .,archbishop,synth_Religious Position/TREx/P39.jsonl
2560,Dermot Ryan has the position of [MASK] .,Archbishop,synth_Religious Position/TREx/P39.jsonl
2562,Corbinian has the position of [MASK] .,bishop,synth_Religious Position/TREx/P39.jsonl
2572,Marinus I has the position of [MASK] .,Pope,synth_Religious Position/TREx/P39.jsonl
2576,Alex Bodry has the position of [MASK] .,mayor,synth_Religious Position/TREx/P39.jsonl
2577,George Bull has the position of [MASK] .,bishop,synth_Religious Position/TREx/P39.jsonl
2591,Jacques-Nicolas Colbert has the position of [MASK] .,Archbishop,synth_Religious Position/TREx/P39.jsonl
2592,Tudwal has the position of [MASK] .,bishop,synth_Religious Position/TREx/P39.jsonl
2594,Diego de Landa has the position of [MASK] .,bishop,synth_Religious Position/TREx/P39.jsonl
2597,Jakob Erlandsen has the position of [MASK] .,Archbishop,synth_Religious Position/TREx/P39.jsonl
2602,John Feckenham has the position of [MASK] .,abbot,synth_Religious Position/TREx/P39.jsonl
2604,Francis Patrick Keough has the position of [MASK] .,Archbishop,synth_Religious Position/TREx/P39.jsonl
2605,Hieromonk Makarije has the position of [MASK] .,abbot,synth_Religious Position/TREx/P39.jsonl
2610,Edward Cassidy has the position of [MASK] .,Archbishop,synth_Religious Position/TREx/P39.jsonl
2615,Piero Marini has the position of [MASK] .,archbishop,synth_Religious Position/TREx/P39.jsonl
2620,Geoffrey of Monmouth has the position of [MASK] .,bishop,synth_Religious Position/TREx/P39.jsonl
2645,Nicole Oresme has the position of [MASK] .,bishop,synth_Religious Position/TREx/P39.jsonl
2646,Antanas Baranauskas has the position of [MASK] .,bishop,synth_Religious Position/TREx/P39.jsonl
2648,Juraj Haulik has the position of [MASK] .,archbishop,synth_Religious Position/TREx/P39.jsonl
2655,John Shelby Spong has the position of [MASK] .,Episcopal,synth_Religious Position/TREx/P39.jsonl
2660,John George Vlazny has the position of [MASK] .,Archbishop,synth_Religious Position/TREx/P39.jsonl
2663,Clement IV has the position of [MASK] .,Pope,synth_Religious Position/TREx/P39.jsonl
2667,Conrad of Urach has the position of [MASK] .,abbot,synth_Religious Position/TREx/P39.jsonl
2669,Robert Zollitsch has the position of [MASK] .,archbishop,synth_Religious Position/TREx/P39.jsonl
2671,Lothar von Metternich has the position of [MASK] .,archbishop,synth_Religious Position/TREx/P39.jsonl
2673,Jesus Christ has the position of [MASK] .,God,synth_Religious Position/TREx/P39.jsonl
2818,Anastasius III has the position of [MASK] .,Pope,synth_Religious Position/TREx/P39.jsonl
2822,Henry Edward Manning has the position of [MASK] .,Archbishop,synth_Religious Position/TREx/P39.jsonl
2834,Pietro Boetto has the position of [MASK] .,Archbishop,synth_Religious Position/TREx/P39.jsonl
2836,Giovanni Battista Re has the position of [MASK] .,bishop,synth_Religious Position/TREx/P39.jsonl
2837,Henry Cosgrove has the position of [MASK] .,bishop,synth_Religious Position/TREx/P39.jsonl
2841,Giuseppe Cozza-Luzi has the position of [MASK] .,abbot,synth_Religious Position/TREx/P39.jsonl
2847,Callixtus II has the position of [MASK] .,pope,synth_Religious Position/TREx/P39.jsonl
2848,Fausto Veranzio has the position of [MASK] .,bishop,synth_Religious Position/TREx/P39.jsonl
2851,James Scanlan has the position of [MASK] .,Archbishop,synth_Religious Position/TREx/P39.jsonl
2860,Renato Martino has the position of [MASK] .,bishop,synth_Religious Position/TREx/P39.jsonl
2861,Innocent VII has the position of [MASK] .,Pope,synth_Religious Position/TREx/P39.jsonl
2864,Angilbert has the position of [MASK] .,abbot,synth_Religious Position/TREx/P39.jsonl
2867,Josef Frings has the position of [MASK] .,Archbishop,synth_Religious Position/TREx/P39.jsonl
2868,Gregory XII has the position of [MASK] .,pope,synth_Religious Position/TREx/P39.jsonl
2874,Julius Darmaatmadja has the position of [MASK] .,Archbishop,synth_Religious Position/TREx/P39.jsonl
2877,Acca of Hexham has the position of [MASK] .,bishop,synth_Religious Position/TREx/P39.jsonl
2878,Benedict Joseph Fenwick has the position of [MASK] .,bishop,synth_Religious Position/TREx/P39.jsonl
2881,Urban V has the position of [MASK] .,Pope,synth_Religious Position/TREx/P39.jsonl
2888,Diether von Isenburg has the position of [MASK] .,Archbishop,synth_Religious Position/TREx/P39.jsonl
2893,Julio Rosales has the position of [MASK] .,Archbishop,synth_Religious Position/TREx/P39.jsonl
2900,Adrian V has the position of [MASK] .,Pope,synth_Religious Position/TREx/P39.jsonl
2902,Johannes Joachim Degenhardt has the position of [MASK] .,Archbishop,synth_Religious Position/TREx/P39.jsonl
2908,Terrence Prendergast has the position of [MASK] .,Archbishop,synth_Religious Position/TREx/P39.jsonl
2915,Meinwerk has the position of [MASK] .,bishop,synth_Religious Position/TREx/P39.jsonl
2916,Alexander VI has the position of [MASK] .,Pope,synth_Religious Position/TREx/P39.jsonl
2927,Thomas Cuthbert Leighton Williams has the position of [MASK] .,Archbishop,synth_Religious Position/TREx/P39.jsonl
2931,Vital-Justin Grandin has the position of [MASK] .,bishop,synth_Religious Position/TREx/P39.jsonl
2935,Eusebius of Vercelli has the position of [MASK] .,bishop,synth_Religious Position/TREx/P39.jsonl
2936,Murphy Pakiam has the position of [MASK] .,Archbishop,synth_Religious Position/TREx/P39.jsonl
2937,Jean Soanen has the position of [MASK] .,bishop,synth_Religious Position/TREx/P39.jsonl
2939,John Juvenal Ancina has the position of [MASK] .,bishop,synth_Religious Position/TREx/P39.jsonl
2942,Gundulf has the position of [MASK] .,bishop,synth_Religious Position/TREx/P39.jsonl
2943,Sylvester I has the position of [MASK] .,Pope,synth_Religious Position/TREx/P39.jsonl
2977,John Charles McQuaid has the position of [MASK] .,Archbishop,synth_Religious Position/TREx/P39.jsonl
2984,Gregory XIV has the position of [MASK] .,Pope,synth_Religious Position/TREx/P39.jsonl
2988,John X has the position of [MASK] .,Pope,synth_Religious Position/TREx/P39.jsonl
2992,Joseph-Octave Plessis has the position of [MASK] .,archbishop,synth_Religious Position/TREx/P39.jsonl
2995,Robert William Muench has the position of [MASK] .,bishop,synth_Religious Position/TREx/P39.jsonl
2996,Patrick Adamson has the position of [MASK] .,Archbishop,synth_Religious Position/TREx/P39.jsonl
3003,Mary Barbour has the position of [MASK] .,councillor,synth_Religious Position/TREx/P39.jsonl
3005,Paul Marcinkus has the position of [MASK] .,Archbishop,synth_Religious Position/TREx/P39.jsonl
3008,Athanasius of Alexandria has the position of [MASK] .,bishop,synth_Religious Position/TREx/P39.jsonl
3042,Jeremy Collier has the position of [MASK] .,bishop,synth_Religious Position/TREx/P39.jsonl
3047,Patrick Feehan has the position of [MASK] .,archbishop,synth_Religious Position/TREx/P39.jsonl
3048,Babylas of Antioch has the position of [MASK] .,bishop,synth_Religious Position/TREx/P39.jsonl
3050,Eskil of Lund has the position of [MASK] .,Archbishop,synth_Religious Position/TREx/P39.jsonl
3057,Hans Lassen Martensen has the position of [MASK] .,bishop,synth_Religious Position/TREx/P39.jsonl
3059,Nicholas II has the position of [MASK] .,Pope,synth_Religious Position/TREx/P39.jsonl
3066,Michael Joseph Curley has the position of [MASK] .,Archbishop,synth_Religious Position/TREx/P39.jsonl
3086,Francis Redwood has the position of [MASK] .,Archbishop,synth_Religious Position/TREx/P39.jsonl
3089,Martin IV has the position of [MASK] .,Pope,synth_Religious Position/TREx/P39.jsonl
3092,Lorenzo Strozzi has the position of [MASK] .,abbot,synth_Religious Position/TREx/P39.jsonl
3095,Eduardo Paes has the position of [MASK] .,mayor,synth_Religious Position/TREx/P39.jsonl
3096,Stephen VIII has the position of [MASK] .,Pope,synth_Religious Position/TREx/P39.jsonl
3098,Francis Atterbury has the position of [MASK] .,bishop,synth_Religious Position/TREx/P39.jsonl
3100,Sigismund von Schrattenbach has the position of [MASK] .,Archbishop,synth_Religious Position/TREx/P39.jsonl
3103,Virginio Merola has the position of [MASK] .,mayor,synth_Religious Position/TREx/P39.jsonl
3104,Basil of Caesarea has the position of [MASK] .,bishop,synth_Religious Position/TREx/P39.jsonl
3108,Albert Gregory Meyer has the position of [MASK] .,Archbishop,synth_Religious Position/TREx/P39.jsonl
3110,Angelo Bagnasco has the position of [MASK] .,Archbishop,synth_Religious Position/TREx/P39.jsonl
3128,Edward Peter Cullen has the position of [MASK] .,bishop,synth_Religious Position/TREx/P39.jsonl
3132,Ricardo Ezzati Andrello has the position of [MASK] .,Archbishop,synth_Religious Position/TREx/P39.jsonl
3137,Janet Yellen has the position of [MASK] .,economist,synth_Religious Position/TREx/P39.jsonl
3139,John Patrick Foley has the position of [MASK] .,Archbishop,synth_Religious Position/TREx/P39.jsonl
3141,Silvio Stampiglia has the position of [MASK] .,poet,synth_Religious Position/TREx/P39.jsonl
3143,Henry Rohlman has the position of [MASK] .,Archbishop,synth_Religious Position/TREx/P39.jsonl
3145,Wichmann von Seeburg has the position of [MASK] .,Archbishop,synth_Religious Position/TREx/P39.jsonl
3147,Joseph Coutts has the position of [MASK] .,bishop,synth_Religious Position/TREx/P39.jsonl
3148,Ruricius has the position of [MASK] .,bishop,synth_Religious Position/TREx/P39.jsonl
3158,Formosus has the position of [MASK] .,pope,synth_Religious Position/TREx/P39.jsonl
3163,Michael J. O'Doherty has the position of [MASK] .,Archbishop,synth_Religious Position/TREx/P39.jsonl
3164,Thomas C. Kelly has the position of [MASK] .,Archbishop,synth_Religious Position/TREx/P39.jsonl
3165,Jean-Pierre Camus has the position of [MASK] .,bishop,synth_Religious Position/TREx/P39.jsonl
3168,Theodor Innitzer has the position of [MASK] .,Archbishop,synth_Religious Position/TREx/P39.jsonl
3170,John Joseph Mitty has the position of [MASK] .,Archbishop,synth_Religious Position/TREx/P39.jsonl
3172,John XXIII has the position of [MASK] .,Pope,synth_Religious Position/TREx/P39.jsonl
3217,Gabriel Montalvo Higuera has the position of [MASK] .,bishop,synth_Religious Position/TREx/P39.jsonl
3219,Venantius Fortunatus has the position of [MASK] .,bishop,synth_Religious Position/TREx/P39.jsonl
3223,Charles Petre Eyre has the position of [MASK] .,Archbishop,synth_Religious Position/TREx/P39.jsonl
3233,Callixtus III has the position of [MASK] .,Pope,synth_Religious Position/TREx/P39.jsonl
3249,Nicolai Wammen has the position of [MASK] .,mayor,synth_Religious Position/TREx/P39.jsonl
3251,Frank T. Griswold has the position of [MASK] .,bishop,synth_Religious Position/TREx/P39.jsonl
3253,Alonso Manrique de Lara has the position of [MASK] .,Archbishop,synth_Religious Position/TREx/P39.jsonl
3254,Conon has the position of [MASK] .,Pope,synth_Religious Position/TREx/P39.jsonl
3256,Gijsbrecht van Brederode has the position of [MASK] .,bishop,synth_Religious Position/TREx/P39.jsonl
3257,Karl Lueger has the position of [MASK] .,mayor,synth_Religious Position/TREx/P39.jsonl
3262,Beuno has the position of [MASK] .,abbot,synth_Religious Position/TREx/P39.jsonl
3263,Samuel Wilberforce has the position of [MASK] .,bishop,synth_Religious Position/TREx/P39.jsonl
3268,Giovanni Saldarini has the position of [MASK] .,Archbishop,synth_Religious Position/TREx/P39.jsonl
3270,Kenneth Cragg has the position of [MASK] .,bishop,synth_Religious Position/TREx/P39.jsonl
3274,Joachim Meisner has the position of [MASK] .,Archbishop,synth_Religious Position/TREx/P39.jsonl
3275,William Croswell Doane has the position of [MASK] .,Episcopal,synth_Religious Position/TREx/P39.jsonl
3278,Maximilian Kaller has the position of [MASK] .,bishop,synth_Religious Position/TREx/P39.jsonl
3280,Joseph Fesch has the position of [MASK] .,archbishop,synth_Religious Position/TREx/P39.jsonl
3281,Leonard Neale has the position of [MASK] .,Archbishop,synth_Religious Position/TREx/P39.jsonl
3284,Thomas Langdon Grace has the position of [MASK] .,bishop,synth_Religious Position/TREx/P39.jsonl
3285,John Francis O'Hara has the position of [MASK] .,Archbishop,synth_Religious Position/TREx/P39.jsonl
3286,Ottone Visconti has the position of [MASK] .,Archbishop,synth_Religious Position/TREx/P39.jsonl
3291,Clement XIV has the position of [MASK] .,Pope,synth_Religious Position/TREx/P39.jsonl
3296,Jan Graubner has the position of [MASK] .,archbishop,synth_Religious Position/TREx/P39.jsonl
3298,Wibald has the position of [MASK] .,abbot,synth_Religious Position/TREx/P39.jsonl
3300,Adrian III has the position of [MASK] .,Pope,synth_Religious Position/TREx/P39.jsonl
3302,Pius III has the position of [MASK] .,Pope,synth_Religious Position/TREx/P39.jsonl
3309,Edward O'Rourke has the position of [MASK] .,bishop,synth_Religious Position/TREx/P39.jsonl
3311,Heinz Reinefarth has the position of [MASK] .,mayor,synth_Religious Position/TREx/P39.jsonl
3313,Chrysostomos II of Cyprus has the position of [MASK] .,Archbishop,synth_Religious Position/TREx/P39.jsonl
3321,Mesmin has the position of [MASK] .,abbot,synth_Religious Position/TREx/P39.jsonl
3326,Ignacy Krasicki has the position of [MASK] .,Archbishop,synth_Religious Position/TREx/P39.jsonl
3329,Ambrose Madtha has the position of [MASK] .,archbishop,synth_Religious Position/TREx/P39.jsonl
3333,Ron Huldai has the position of [MASK] .,mayor,synth_Religious Position/TREx/P39.jsonl
3335,Edward Francis Hoban has the position of [MASK] .,bishop,synth_Religious Position/TREx/P39.jsonl
3337,Gaudencio Rosales has the position of [MASK] .,Archbishop,synth_Religious Position/TREx/P39.jsonl
3340,Ernst Adalbert von Harrach has the position of [MASK] .,Archbishop,synth_Religious Position/TREx/P39.jsonl
3342,Anders Sunesen has the position of [MASK] .,archbishop,synth_Religious Position/TREx/P39.jsonl
3344,Boniface VIII has the position of [MASK] .,pope,synth_Religious Position/TREx/P39.jsonl
3356,Adrian of Canterbury has the position of [MASK] .,abbot,synth_Religious Position/TREx/P39.jsonl
3363,Rupert of Salzburg has the position of [MASK] .,bishop,synth_Religious Position/TREx/P39.jsonl
3380,Jean-Olivier Briand has the position of [MASK] .,bishop,synth_Religious Position/TREx/P39.jsonl
3383,Patrick William Riordan has the position of [MASK] .,Archbishop,synth_Religious Position/TREx/P39.jsonl
3387,Maurice Wood has the position of [MASK] .,bishop,synth_Religious Position/TREx/P39.jsonl
3388,Antoine Godeau has the position of [MASK] .,bishop,synth_Religious Position/TREx/P39.jsonl
3391,Eustace of Luxeuil has the position of [MASK] .,abbot,synth_Religious Position/TREx/P39.jsonl
3393,Bernardin Gantin has the position of [MASK] .,Archbishop,synth_Religious Position/TREx/P39.jsonl
3397,Pius IX has the position of [MASK] .,Archbishop,synth_Religious Position/TREx/P39.jsonl
3405,Hydatius has the position of [MASK] .,bishop,synth_Religious Position/TREx/P39.jsonl
3413,Eusebius of Caesarea has the position of [MASK] .,bishop,synth_Religious Position/TREx/P39.jsonl
3425,Saint Amandus has the position of [MASK] .,bishop,synth_Religious Position/TREx/P39.jsonl
3430,Manfred Rommel has the position of [MASK] .,mayor,synth_Religious Position/TREx/P39.jsonl
3438,Jean Baptiste Pompallier has the position of [MASK] .,bishop,synth_Religious Position/TREx/P39.jsonl
3441,Kay Goldsworthy has the position of [MASK] .,bishop,synth_Religious Position/TREx/P39.jsonl
3442,Lorenzo Baldisseri has the position of [MASK] .,Archbishop,synth_Religious Position/TREx/P39.jsonl
3443,Theobald of Bec has the position of [MASK] .,abbot,synth_Religious Position/TREx/P39.jsonl
3445,Boniface V has the position of [MASK] .,Pope,synth_Religious Position/TREx/P39.jsonl
3447,William Crolly has the position of [MASK] .,Archbishop,synth_Religious Position/TREx/P39.jsonl
3450,Phillip Aspinall has the position of [MASK] .,bishop,synth_Religious Position/TREx/P39.jsonl
3452,Antonio Caggiano has the position of [MASK] .,archbishop,synth_Religious Position/TREx/P39.jsonl
3455,Carl Friedrich Goerdeler has the position of [MASK] .,mayor,synth_Religious Position/TREx/P39.jsonl
3457,Shenute has the position of [MASK] .,abbot,synth_Religious Position/TREx/P39.jsonl
3460,Edward Shippen has the position of [MASK] .,mayor,synth_Religious Position/TREx/P39.jsonl
3466,Burgundofara has the position of [MASK] .,abbot,synth_Religious Position/TREx/P39.jsonl
3470,Abel of Reims has the position of [MASK] .,abbot,synth_Religious Position/TREx/P39.jsonl
3471,Vincenzo Paglia has the position of [MASK] .,archbishop,synth_Religious Position/TREx/P39.jsonl
3475,John XVII has the position of [MASK] .,Pope,synth_Religious Position/TREx/P39.jsonl
3479,Matteo I Visconti has the position of [MASK] .,vicar,synth_Religious Position/TREx/P39.jsonl
3482,Ibrahim Pasha of Egypt has the position of [MASK] .,Governor,synth_Religious Position/TREx/P39.jsonl
3486,Peter Lombard has the position of [MASK] .,bishop,synth_Religious Position/TREx/P39.jsonl
3488,Earconwald has the position of [MASK] .,abbot,synth_Religious Position/TREx/P39.jsonl
3658,Innocent VI has the position of [MASK] .,Pope,synth_Religious Position/TREx/P39.jsonl
3663,Thomas Goldwell has the position of [MASK] .,bishop,synth_Religious Position/TREx/P39.jsonl
3665,Carey Price has the position of [MASK] .,goaltender,synth_Religious Position/TREx/P39.jsonl
3670,Julius II has the position of [MASK] .,Pope,synth_Religious Position/TREx/P39.jsonl
3693,Adrian IV has the position of [MASK] .,pope,synth_Religious Position/TREx/P39.jsonl
3708,Charles Lavigerie has the position of [MASK] .,Archbishop,synth_Religious Position/TREx/P39.jsonl
