,sent,gold,filename
0,Lavoisier Island is located in [MASK] .,Antarctica,synth_Continent/TREx/P30.jsonl
12,Beardmore Glacier is located in [MASK] .,Antarctica,synth_Continent/TREx/P30.jsonl
38,Srebarna Glacier is located in [MASK] .,Antarctica,synth_Continent/TREx/P30.jsonl
42,Herbert Range is located in [MASK] .,Antarctica,synth_Continent/TREx/P30.jsonl
47,Enterprise Island is located in [MASK] .,Antarctica,synth_Continent/TREx/P30.jsonl
51,Pickwick Island is located in [MASK] .,Antarctica,synth_Continent/TREx/P30.jsonl
58,Sevtopolis Peak is located in [MASK] .,Antarctica,synth_Continent/TREx/P30.jsonl
62,Avery Plateau is located in [MASK] .,Antarctic,synth_Continent/TREx/P30.jsonl
65,Blaiklock Glacier is located in [MASK] .,Antarctica,synth_Continent/TREx/P30.jsonl
68,Turkey is located in [MASK] .,Asia,synth_Continent/TREx/P30.jsonl
192,Antim Peak is located in [MASK] .,Antarctica,synth_Continent/TREx/P30.jsonl
198,Namibia is located in [MASK] .,Africa,synth_Continent/TREx/P30.jsonl
296,Australian Antarctic Territory is located in [MASK] .,Antarctica,synth_Continent/TREx/P30.jsonl
328,Gerlache Strait is located in [MASK] .,Antarctic,synth_Continent/TREx/P30.jsonl
334,Possession Islands is located in [MASK] .,Antarctica,synth_Continent/TREx/P30.jsonl
341,Founders Peaks is located in [MASK] .,Antarctica,synth_Continent/TREx/P30.jsonl
344,Kochi is located in [MASK] .,Asia,synth_Continent/TREx/P30.jsonl
347,Watt Bay is located in [MASK] .,Antarctica,synth_Continent/TREx/P30.jsonl
350,Liard Island is located in [MASK] .,Antarctica,synth_Continent/TREx/P30.jsonl
355,Dunedin Range is located in [MASK] .,Antarctica,synth_Continent/TREx/P30.jsonl
359,Davis Sea is located in [MASK] .,Antarctica,synth_Continent/TREx/P30.jsonl
363,Coulter Heights is located in [MASK] .,Antarctica,synth_Continent/TREx/P30.jsonl
367,Rotch Dome is located in [MASK] .,Antarctica,synth_Continent/TREx/P30.jsonl
370,Rothera Research Station is located in [MASK] .,Antarctica,synth_Continent/TREx/P30.jsonl
377,Minnesota Glacier is located in [MASK] .,Antarctica,synth_Continent/TREx/P30.jsonl
390,Umber Island is located in [MASK] .,Antarctica,synth_Continent/TREx/P30.jsonl
392,Shackleton Range is located in [MASK] .,Antarctica,synth_Continent/TREx/P30.jsonl
444,Germany is located in [MASK] .,Europe,synth_Continent/TREx/P30.jsonl
1078,Argentina Range is located in [MASK] .,Antarctica,synth_Continent/TREx/P30.jsonl
1087,Reeves Glacier is located in [MASK] .,Antarctica,synth_Continent/TREx/P30.jsonl
1093,Prussian Partition is located in [MASK] .,Europe,synth_Continent/TREx/P30.jsonl
1094,McDonald Heights is located in [MASK] .,Antarctica,synth_Continent/TREx/P30.jsonl
1103,Samuel Point is located in [MASK] .,Antarctica,synth_Continent/TREx/P30.jsonl
1105,Cieszyn is located in [MASK] .,Europe,synth_Continent/TREx/P30.jsonl
1106,Balham Valley is located in [MASK] .,Antarctica,synth_Continent/TREx/P30.jsonl
1111,Vestreskorve Glacier is located in [MASK] .,Antarctica,synth_Continent/TREx/P30.jsonl
1114,Queen Maud Land is located in [MASK] .,Antarctica,synth_Continent/TREx/P30.jsonl
1469,Southern Netherlands is located in [MASK] .,Europe,synth_Continent/TREx/P30.jsonl
1473,Willan Saddle is located in [MASK] .,Antarctica,synth_Continent/TREx/P30.jsonl
1475,Imperial Trans-Antarctic Expedition is located in [MASK] .,Antarctica,synth_Continent/TREx/P30.jsonl
1477,Crosswell Glacier is located in [MASK] .,Antarctica,synth_Continent/TREx/P30.jsonl
1482,Rutgers Glacier is located in [MASK] .,Antarctica,synth_Continent/TREx/P30.jsonl
1489,Insel Range is located in [MASK] .,Antarctica,synth_Continent/TREx/P30.jsonl
1496,Soviet Union is located in [MASK] .,Europe,synth_Continent/TREx/P30.jsonl
1697,Austkampane Hills is located in [MASK] .,Antarctica,synth_Continent/TREx/P30.jsonl
1700,Tiruvannamalai district is located in [MASK] .,Asia,synth_Continent/TREx/P30.jsonl
1701,Bach Ice Shelf is located in [MASK] .,Antarctica,synth_Continent/TREx/P30.jsonl
1704,Martel Inlet is located in [MASK] .,Antarctic,synth_Continent/TREx/P30.jsonl
1708,Tapsell Foreland is located in [MASK] .,Antarctica,synth_Continent/TREx/P30.jsonl
1714,Yorkshire is located in [MASK] .,Europe,synth_Continent/TREx/P30.jsonl
1731,Convoy Range is located in [MASK] .,Antarctica,synth_Continent/TREx/P30.jsonl
1756,Flatvaer Islands is located in [MASK] .,Antarctica,synth_Continent/TREx/P30.jsonl
1761,Cape Jeremy is located in [MASK] .,Antarctica,synth_Continent/TREx/P30.jsonl
1770,Cape Mousse is located in [MASK] .,Antarctic,synth_Continent/TREx/P30.jsonl
1778,Brooklyn Island is located in [MASK] .,Antarctica,synth_Continent/TREx/P30.jsonl
1779,Armenia is located in [MASK] .,Europe,synth_Continent/TREx/P30.jsonl
1858,Elgar Uplands is located in [MASK] .,Antarctica,synth_Continent/TREx/P30.jsonl
1869,Mulock Glacier is located in [MASK] .,Antarctica,synth_Continent/TREx/P30.jsonl
1876,Chad Basin is located in [MASK] .,Africa,synth_Continent/TREx/P30.jsonl
1877,Hanoi is located in [MASK] .,Asia,synth_Continent/TREx/P30.jsonl
1881,Granite Knolls is located in [MASK] .,Antarctica,synth_Continent/TREx/P30.jsonl
1884,Cape Adriasola is located in [MASK] .,Antarctica,synth_Continent/TREx/P30.jsonl
1887,Banaskantha district is located in [MASK] .,Asia,synth_Continent/TREx/P30.jsonl
1888,Tallinn is located in [MASK] .,Europe,synth_Continent/TREx/P30.jsonl
1893,Hannah Point is located in [MASK] .,Antarctica,synth_Continent/TREx/P30.jsonl
1898,North Brabant is located in [MASK] .,Europe,synth_Continent/TREx/P30.jsonl
1899,Balochistan is located in [MASK] .,Asia,synth_Continent/TREx/P30.jsonl
1900,Edinburgh Hill is located in [MASK] .,Antarctica,synth_Continent/TREx/P30.jsonl
1905,Udupi district is located in [MASK] .,Asia,synth_Continent/TREx/P30.jsonl
1906,Foyn Coast is located in [MASK] .,Antarctic,synth_Continent/TREx/P30.jsonl
1925,Clothier Harbour is located in [MASK] .,Antarctica,synth_Continent/TREx/P30.jsonl
1928,Millerand Island is located in [MASK] .,Antarctica,synth_Continent/TREx/P30.jsonl
1929,Eros Glacier is located in [MASK] .,Antarctic,synth_Continent/TREx/P30.jsonl
1934,Kama River is located in [MASK] .,Europe,synth_Continent/TREx/P30.jsonl
1935,Nye Mountains is located in [MASK] .,Antarctica,synth_Continent/TREx/P30.jsonl
1940,New Swabia is located in [MASK] .,Antarctic,synth_Continent/TREx/P30.jsonl
2016,Hutton Mountains is located in [MASK] .,Antarctica,synth_Continent/TREx/P30.jsonl
2021,Tagus river is located in [MASK] .,Europe,synth_Continent/TREx/P30.jsonl
2024,Fort William Point is located in [MASK] .,Antarctica,synth_Continent/TREx/P30.jsonl
2026,Washington Escarpment is located in [MASK] .,Antarctica,synth_Continent/TREx/P30.jsonl
2034,Saudi Arabia is located in [MASK] .,Asia,synth_Continent/TREx/P30.jsonl
2064,Carryer Glacier is located in [MASK] .,Antarctica,synth_Continent/TREx/P30.jsonl
2070,Lisiya Ridge is located in [MASK] .,Antarctica,synth_Continent/TREx/P30.jsonl
2075,Stabben is located in [MASK] .,Antarctic,synth_Continent/TREx/P30.jsonl
2077,Largo Island is located in [MASK] .,Antarctica,synth_Continent/TREx/P30.jsonl
2080,Worcester Range is located in [MASK] .,Antarctica,synth_Continent/TREx/P30.jsonl
2087,Biscoe Islands is located in [MASK] .,Antarctica,synth_Continent/TREx/P30.jsonl
2144,Mount Markham is located in [MASK] .,Antarctica,synth_Continent/TREx/P30.jsonl
2152,Tile Ridge is located in [MASK] .,Antarctica,synth_Continent/TREx/P30.jsonl
2154,British Graham Land Expedition is located in [MASK] .,Antarctic,synth_Continent/TREx/P30.jsonl
2259,Hood Glacier is located in [MASK] .,Antarctica,synth_Continent/TREx/P30.jsonl
2466,Law Dome is located in [MASK] .,Antarctic,synth_Continent/TREx/P30.jsonl
2470,Grindley Plateau is located in [MASK] .,Antarctica,synth_Continent/TREx/P30.jsonl
2476,Sobral Peninsula is located in [MASK] .,Antarctica,synth_Continent/TREx/P30.jsonl
2483,Cugnot Ice Piedmont is located in [MASK] .,Antarctic,synth_Continent/TREx/P30.jsonl
2491,Eritrea is located in [MASK] .,Africa,synth_Continent/TREx/P30.jsonl
2563,Hercules Inlet is located in [MASK] .,Antarctica,synth_Continent/TREx/P30.jsonl
2567,Canisteo Peninsula is located in [MASK] .,Antarctica,synth_Continent/TREx/P30.jsonl
2569,Mount Mentzel is located in [MASK] .,Antarctica,synth_Continent/TREx/P30.jsonl
2572,Strom Glacier is located in [MASK] .,Antarctica,synth_Continent/TREx/P30.jsonl
2573,Rose Valley Glacier is located in [MASK] .,Antarctica,synth_Continent/TREx/P30.jsonl
2578,Fendley Glacier is located in [MASK] .,Antarctic,synth_Continent/TREx/P30.jsonl
2583,Fold Island is located in [MASK] .,Antarctica,synth_Continent/TREx/P30.jsonl
2587,Mount Dido is located in [MASK] .,Antarctica,synth_Continent/TREx/P30.jsonl
2590,Archar Peninsula is located in [MASK] .,Antarctica,synth_Continent/TREx/P30.jsonl
2595,Duchy of Brabant is located in [MASK] .,Europe,synth_Continent/TREx/P30.jsonl
2599,Tundzha Glacier is located in [MASK] .,Antarctica,synth_Continent/TREx/P30.jsonl
2606,Toulouse is located in [MASK] .,Europe,synth_Continent/TREx/P30.jsonl
2611,Lazarev Mountains is located in [MASK] .,Antarctica,synth_Continent/TREx/P30.jsonl
2614,South Korea is located in [MASK] .,Asia,synth_Continent/TREx/P30.jsonl
2930,David Island is located in [MASK] .,Antarctica,synth_Continent/TREx/P30.jsonl
2932,Mikkelsen Bay is located in [MASK] .,Antarctic,synth_Continent/TREx/P30.jsonl
2937,Cape Rymill is located in [MASK] .,Antarctic,synth_Continent/TREx/P30.jsonl
2938,Vinson Plateau is located in [MASK] .,Antarctica,synth_Continent/TREx/P30.jsonl
2952,Cape Adare is located in [MASK] .,Antarctica,synth_Continent/TREx/P30.jsonl
3193,The Hague is located in [MASK] .,Europe,synth_Continent/TREx/P30.jsonl
3208,Coronation Island is located in [MASK] .,Antarctica,synth_Continent/TREx/P30.jsonl
3230,Albanus Glacier is located in [MASK] .,Antarctica,synth_Continent/TREx/P30.jsonl
3236,Denmark is located in [MASK] .,Europe,synth_Continent/TREx/P30.jsonl
3517,Tupungato is located in [MASK] .,Americas,synth_Continent/TREx/P30.jsonl
3519,Beascochea Bay is located in [MASK] .,Antarctica,synth_Continent/TREx/P30.jsonl
3530,Frostlendet Valley is located in [MASK] .,Antarctica,synth_Continent/TREx/P30.jsonl
3536,Pequod Glacier is located in [MASK] .,Antarctica,synth_Continent/TREx/P30.jsonl
3538,United Kingdom is located in [MASK] .,Europe,synth_Continent/TREx/P30.jsonl
3584,Nyamuragira is located in [MASK] .,Africa,synth_Continent/TREx/P30.jsonl
3585,Evans Peninsula is located in [MASK] .,Antarctica,synth_Continent/TREx/P30.jsonl
3586,British Empire is located in [MASK] .,Africa,synth_Continent/TREx/P30.jsonl
3694,Hektoria Glacier is located in [MASK] .,Antarctica,synth_Continent/TREx/P30.jsonl
3700,Cape Williams is located in [MASK] .,Antarctica,synth_Continent/TREx/P30.jsonl
3928,Trinity Peninsula is located in [MASK] .,Antarctica,synth_Continent/TREx/P30.jsonl
4139,South Asia is located in [MASK] .,Asia,synth_Continent/TREx/P30.jsonl
4211,Mount Kempe is located in [MASK] .,Antarctica,synth_Continent/TREx/P30.jsonl
4220,Mount Discovery is located in [MASK] .,Antarctic,synth_Continent/TREx/P30.jsonl
4226,Misnomer Point is located in [MASK] .,Antarctica,synth_Continent/TREx/P30.jsonl
4229,Sjogren Glacier is located in [MASK] .,Antarctica,synth_Continent/TREx/P30.jsonl
4233,Bulgaria is located in [MASK] .,Europe,synth_Continent/TREx/P30.jsonl
4350,Pechora River is located in [MASK] .,Europe,synth_Continent/TREx/P30.jsonl
4352,Queen Elizabeth Land is located in [MASK] .,Antarctica,synth_Continent/TREx/P30.jsonl
4370,Jhelum River is located in [MASK] .,Asia,synth_Continent/TREx/P30.jsonl
4371,Kurze Mountains is located in [MASK] .,Antarctica,synth_Continent/TREx/P30.jsonl
4387,Barker Range is located in [MASK] .,Antarctica,synth_Continent/TREx/P30.jsonl
4394,Wright Lower Glacier is located in [MASK] .,Antarctic,synth_Continent/TREx/P30.jsonl
4396,Eiger is located in [MASK] .,Europe,synth_Continent/TREx/P30.jsonl
4398,Coulman Island is located in [MASK] .,Antarctic,synth_Continent/TREx/P30.jsonl
4404,Hudson Mountains is located in [MASK] .,Antarctica,synth_Continent/TREx/P30.jsonl
4418,Czechoslovakia is located in [MASK] .,Europe,synth_Continent/TREx/P30.jsonl
4452,Camp Academia is located in [MASK] .,Antarctica,synth_Continent/TREx/P30.jsonl
4456,Austria is located in [MASK] .,Europe,synth_Continent/TREx/P30.jsonl
4790,Gambia River is located in [MASK] .,Africa,synth_Continent/TREx/P30.jsonl
4791,Drummond Glacier is located in [MASK] .,Antarctic,synth_Continent/TREx/P30.jsonl
4792,Greece is located in [MASK] .,Europe,synth_Continent/TREx/P30.jsonl
5054,Mendelssohn Inlet is located in [MASK] .,Antarctica,synth_Continent/TREx/P30.jsonl
5062,Howard Glacier is located in [MASK] .,Antarctica,synth_Continent/TREx/P30.jsonl
5065,Forrestal Range is located in [MASK] .,Antarctica,synth_Continent/TREx/P30.jsonl
5136,Chester Cone is located in [MASK] .,Antarctica,synth_Continent/TREx/P30.jsonl
5139,Thomas Glacier is located in [MASK] .,Antarctica,synth_Continent/TREx/P30.jsonl
5150,Mount Ignatiev is located in [MASK] .,Antarctic,synth_Continent/TREx/P30.jsonl
5153,Bermel Escarpment is located in [MASK] .,Antarctica,synth_Continent/TREx/P30.jsonl
5157,Whirlwind Inlet is located in [MASK] .,Antarctic,synth_Continent/TREx/P30.jsonl
5160,Saint Johns Range is located in [MASK] .,Antarctica,synth_Continent/TREx/P30.jsonl
5167,Mount Queequeg is located in [MASK] .,Antarctica,synth_Continent/TREx/P30.jsonl
5169,Mount Steere is located in [MASK] .,Antarctica,synth_Continent/TREx/P30.jsonl
5173,Greenwood Valley is located in [MASK] .,Antarctica,synth_Continent/TREx/P30.jsonl
5175,Zucchelli Station is located in [MASK] .,Antarctica,synth_Continent/TREx/P30.jsonl
5179,Jones Mountains is located in [MASK] .,Antarctica,synth_Continent/TREx/P30.jsonl
5210,Antarctic Plateau is located in [MASK] .,Antarctic,synth_Continent/TREx/P30.jsonl
5274,Wales is located in [MASK] .,Europe,synth_Continent/TREx/P30.jsonl
5332,Indonesia is located in [MASK] .,Asia,synth_Continent/TREx/P30.jsonl
5657,Bailey Peninsula (Antarctica) is located in [MASK] .,Antarctica,synth_Continent/TREx/P30.jsonl
5660,Beaumont Glacier is located in [MASK] .,Antarctica,synth_Continent/TREx/P30.jsonl
5662,Rockefeller Mountains is located in [MASK] .,Antarctica,synth_Continent/TREx/P30.jsonl
5677,Nimrod Glacier is located in [MASK] .,Antarctica,synth_Continent/TREx/P30.jsonl
5688,Carlini Station is located in [MASK] .,Antarctica,synth_Continent/TREx/P30.jsonl
5690,Venta is located in [MASK] .,Europe,synth_Continent/TREx/P30.jsonl
5691,Harold Byrd Mountains is located in [MASK] .,Antarctica,synth_Continent/TREx/P30.jsonl
5701,Cosgrove Ice Shelf is located in [MASK] .,Antarctica,synth_Continent/TREx/P30.jsonl
5704,Snakeskin Glacier is located in [MASK] .,Antarctica,synth_Continent/TREx/P30.jsonl
5707,Vietnam is located in [MASK] .,Asia,synth_Continent/TREx/P30.jsonl
5919,Arrival Heights is located in [MASK] .,Antarctica,synth_Continent/TREx/P30.jsonl
5921,Mount Passel is located in [MASK] .,Antarctica,synth_Continent/TREx/P30.jsonl
5925,George VI Ice Shelf is located in [MASK] .,Antarctica,synth_Continent/TREx/P30.jsonl
5943,Piccard Cove is located in [MASK] .,Antarctica,synth_Continent/TREx/P30.jsonl
5944,European Union is located in [MASK] .,Europe,synth_Continent/TREx/P30.jsonl
5992,Corner Cliffs is located in [MASK] .,Antarctica,synth_Continent/TREx/P30.jsonl
5996,Yugoslavia is located in [MASK] .,Europe,synth_Continent/TREx/P30.jsonl
6019,Coppermine Peninsula is located in [MASK] .,Antarctica,synth_Continent/TREx/P30.jsonl
6028,Hull Glacier is located in [MASK] .,Antarctica,synth_Continent/TREx/P30.jsonl
6034,Mount Electra is located in [MASK] .,Antarctica,synth_Continent/TREx/P30.jsonl
6037,George V Coast is located in [MASK] .,Antarctica,synth_Continent/TREx/P30.jsonl
6052,Robinson Group is located in [MASK] .,Antarctica,synth_Continent/TREx/P30.jsonl
6054,Kingdom of Mercia is located in [MASK] .,Europe,synth_Continent/TREx/P30.jsonl
6055,Byrd Station is located in [MASK] .,Antarctic,synth_Continent/TREx/P30.jsonl
6253,Planet Heights is located in [MASK] .,Antarctica,synth_Continent/TREx/P30.jsonl
6267,Transantarctic Mountains is located in [MASK] .,Antarctic,synth_Continent/TREx/P30.jsonl
6311,Saturn Glacier is located in [MASK] .,Antarctic,synth_Continent/TREx/P30.jsonl
6339,Balleny Islands is located in [MASK] .,Antarctica,synth_Continent/TREx/P30.jsonl
6343,Tbilisi is located in [MASK] .,Europe,synth_Continent/TREx/P30.jsonl
6349,Honkala Island is located in [MASK] .,Antarctic,synth_Continent/TREx/P30.jsonl
6354,Bern is located in [MASK] .,Europe,synth_Continent/TREx/P30.jsonl
6361,Don Juan Pond is located in [MASK] .,Antarctica,synth_Continent/TREx/P30.jsonl
6368,Murphy Glacier is located in [MASK] .,Antarctica,synth_Continent/TREx/P30.jsonl
6370,Crown Peak is located in [MASK] .,Antarctica,synth_Continent/TREx/P30.jsonl
6371,Paris is located in [MASK] .,Europe,synth_Continent/TREx/P30.jsonl
6775,Minna Bluff is located in [MASK] .,Antarctic,synth_Continent/TREx/P30.jsonl
6786,Miziya Peak is located in [MASK] .,Antarctica,synth_Continent/TREx/P30.jsonl
6788,Khabarovsk is located in [MASK] .,Asia,synth_Continent/TREx/P30.jsonl
6797,Air New Zealand Flight 901 is located in [MASK] .,Antarctica,synth_Continent/TREx/P30.jsonl
6800,Rambo Nunataks is located in [MASK] .,Antarctica,synth_Continent/TREx/P30.jsonl
6803,Balchen Mountain is located in [MASK] .,Antarctica,synth_Continent/TREx/P30.jsonl
6807,Darley Hills is located in [MASK] .,Antarctica,synth_Continent/TREx/P30.jsonl
6809,New Delhi is located in [MASK] .,Asia,synth_Continent/TREx/P30.jsonl
6833,Azerbaijan is located in [MASK] .,Asia,synth_Continent/TREx/P30.jsonl
6855,Mount Moses is located in [MASK] .,Antarctica,synth_Continent/TREx/P30.jsonl
6859,Posadowsky Bay is located in [MASK] .,Antarctica,synth_Continent/TREx/P30.jsonl
6860,Evans Peak is located in [MASK] .,Antarctica,synth_Continent/TREx/P30.jsonl
6865,Mount Wade is located in [MASK] .,Antarctica,synth_Continent/TREx/P30.jsonl
6872,West Indies is located in [MASK] .,Americas,synth_Continent/TREx/P30.jsonl
6897,Tiber is located in [MASK] .,Europe,synth_Continent/TREx/P30.jsonl
6898,Mount Boreas is located in [MASK] .,Antarctica,synth_Continent/TREx/P30.jsonl
6901,Slovenia is located in [MASK] .,Europe,synth_Continent/TREx/P30.jsonl
6999,Saunders Mountain is located in [MASK] .,Antarctica,synth_Continent/TREx/P30.jsonl
7001,Irtysh river is located in [MASK] .,Asia,synth_Continent/TREx/P30.jsonl
7002,Chandigarh is located in [MASK] .,Asia,synth_Continent/TREx/P30.jsonl
7004,Shirley Island is located in [MASK] .,Antarctica,synth_Continent/TREx/P30.jsonl
7006,Forster Ice Piedmont is located in [MASK] .,Antarctic,synth_Continent/TREx/P30.jsonl
7014,Despotate of Epirus is located in [MASK] .,Europe,synth_Continent/TREx/P30.jsonl
7015,Molar Massif is located in [MASK] .,Antarctica,synth_Continent/TREx/P30.jsonl
7023,Cannonball Cliffs is located in [MASK] .,Antarctica,synth_Continent/TREx/P30.jsonl
7026,Indian Institute of Science is located in [MASK] .,Asia,synth_Continent/TREx/P30.jsonl
7028,Ferrer Point is located in [MASK] .,Antarctica,synth_Continent/TREx/P30.jsonl
7030,England is located in [MASK] .,Europe,synth_Continent/TREx/P30.jsonl
7355,Metropolitan France is located in [MASK] .,Europe,synth_Continent/TREx/P30.jsonl
7358,Morozumi Range is located in [MASK] .,Antarctica,synth_Continent/TREx/P30.jsonl
7367,Brugmann Mountains is located in [MASK] .,Antarctica,synth_Continent/TREx/P30.jsonl
7374,Reinbolt Hills is located in [MASK] .,Antarctic,synth_Continent/TREx/P30.jsonl
7377,Breidnes Peninsula is located in [MASK] .,Antarctica,synth_Continent/TREx/P30.jsonl
7386,Shipton Ridge is located in [MASK] .,Antarctica,synth_Continent/TREx/P30.jsonl
7388,William Scoresby Bay is located in [MASK] .,Antarctica,synth_Continent/TREx/P30.jsonl
7397,Ray Promontory is located in [MASK] .,Antarctica,synth_Continent/TREx/P30.jsonl
7412,Contell Glacier is located in [MASK] .,Antarctica,synth_Continent/TREx/P30.jsonl
7415,Comoros is located in [MASK] .,Africa,synth_Continent/TREx/P30.jsonl
7453,Dumoulin Islands is located in [MASK] .,Antarctic,synth_Continent/TREx/P30.jsonl
7456,East Francia is located in [MASK] .,Europe,synth_Continent/TREx/P30.jsonl
7457,Mundraga Bay is located in [MASK] .,Antarctica,synth_Continent/TREx/P30.jsonl
7465,Nizamabad district is located in [MASK] .,Asia,synth_Continent/TREx/P30.jsonl
7466,Kirkpatrick Glacier is located in [MASK] .,Antarctica,synth_Continent/TREx/P30.jsonl
7469,Collins Harbour is located in [MASK] .,Antarctica,synth_Continent/TREx/P30.jsonl
7471,Maitri is located in [MASK] .,Antarctic,synth_Continent/TREx/P30.jsonl
7478,Hammer Point is located in [MASK] .,Antarctica,synth_Continent/TREx/P30.jsonl
7481,Kaloyan Nunatak is located in [MASK] .,Antarctica,synth_Continent/TREx/P30.jsonl
7484,Kingdom of the Netherlands is located in [MASK] .,Europe,synth_Continent/TREx/P30.jsonl
7491,Hansen Glacier is located in [MASK] .,Antarctica,synth_Continent/TREx/P30.jsonl
7494,Marshall Islands is located in [MASK] .,Oceania,synth_Continent/TREx/P30.jsonl
7501,Bourgeois Fjord is located in [MASK] .,Antarctica,synth_Continent/TREx/P30.jsonl
7512,Atlantic Club Ridge is located in [MASK] .,Antarctica,synth_Continent/TREx/P30.jsonl
7524,Cape Hordern is located in [MASK] .,Antarctica,synth_Continent/TREx/P30.jsonl
7530,Tierney Peninsula is located in [MASK] .,Antarctica,synth_Continent/TREx/P30.jsonl
7531,Astrolabe Glacier is located in [MASK] .,Antarctica,synth_Continent/TREx/P30.jsonl
7536,Veleka Ridge is located in [MASK] .,Antarctica,synth_Continent/TREx/P30.jsonl
7541,Mount Harker is located in [MASK] .,Antarctica,synth_Continent/TREx/P30.jsonl
7544,Merrick Mountains is located in [MASK] .,Antarctica,synth_Continent/TREx/P30.jsonl
7546,South Beaches is located in [MASK] .,Antarctica,synth_Continent/TREx/P30.jsonl
7549,Padda Island is located in [MASK] .,Antarctica,synth_Continent/TREx/P30.jsonl
7551,Daman and Diu is located in [MASK] .,Asia,synth_Continent/TREx/P30.jsonl
7553,Mount Cameroon is located in [MASK] .,Africa,synth_Continent/TREx/P30.jsonl
7556,Zechstein is located in [MASK] .,Europe,synth_Continent/TREx/P30.jsonl
7558,Arena Valley is located in [MASK] .,Antarctica,synth_Continent/TREx/P30.jsonl
7561,Lesotho is located in [MASK] .,Africa,synth_Continent/TREx/P30.jsonl
7593,Loire is located in [MASK] .,Europe,synth_Continent/TREx/P30.jsonl
7600,Mayotte is located in [MASK] .,Africa,synth_Continent/TREx/P30.jsonl
7605,Stonehouse Bay is located in [MASK] .,Antarctica,synth_Continent/TREx/P30.jsonl
7611,Colbert Mountains is located in [MASK] .,Antarctica,synth_Continent/TREx/P30.jsonl
7615,Fish Islands is located in [MASK] .,Antarctica,synth_Continent/TREx/P30.jsonl
7623,Federated States of Micronesia is located in [MASK] .,Oceania,synth_Continent/TREx/P30.jsonl
7631,Grossman Nunataks is located in [MASK] .,Antarctica,synth_Continent/TREx/P30.jsonl
7638,Trail Inlet is located in [MASK] .,Antarctica,synth_Continent/TREx/P30.jsonl
7641,Northern Foothills is located in [MASK] .,Antarctica,synth_Continent/TREx/P30.jsonl
7645,Johnson Glacier is located in [MASK] .,Antarctica,synth_Continent/TREx/P30.jsonl
7649,North Holland is located in [MASK] .,Europe,synth_Continent/TREx/P30.jsonl
7650,Mount Lister is located in [MASK] .,Antarctica,synth_Continent/TREx/P30.jsonl
7656,North Macedonia is located in [MASK] .,Europe,synth_Continent/TREx/P30.jsonl
7696,Liberia is located in [MASK] .,Africa,synth_Continent/TREx/P30.jsonl
7772,Elbe is located in [MASK] .,Europe,synth_Continent/TREx/P30.jsonl
7783,Malta Plateau is located in [MASK] .,Antarctica,synth_Continent/TREx/P30.jsonl
7791,Exarchate of Ravenna is located in [MASK] .,Europe,synth_Continent/TREx/P30.jsonl
7792,Deep Freeze Range is located in [MASK] .,Antarctic,synth_Continent/TREx/P30.jsonl
7806,Walker Mountains is located in [MASK] .,Antarctica,synth_Continent/TREx/P30.jsonl
7813,Apollo Peak is located in [MASK] .,Antarctica,synth_Continent/TREx/P30.jsonl
7814,MacKenzie Bay is located in [MASK] .,Antarctica,synth_Continent/TREx/P30.jsonl
7817,Rezen Saddle is located in [MASK] .,Antarctica,synth_Continent/TREx/P30.jsonl
7819,Vanuatu is located in [MASK] .,Pacific,synth_Continent/TREx/P30.jsonl
7865,Ablation Valley is located in [MASK] .,Antarctica,synth_Continent/TREx/P30.jsonl
7871,Shebelle River is located in [MASK] .,Africa,synth_Continent/TREx/P30.jsonl
7873,Iskar Glacier is located in [MASK] .,Antarctica,synth_Continent/TREx/P30.jsonl
7880,Mercator Ice Piedmont is located in [MASK] .,Antarctic,synth_Continent/TREx/P30.jsonl
7888,United States Minor Outlying Islands is located in [MASK] .,Oceania,synth_Continent/TREx/P30.jsonl
7889,Getz Ice Shelf is located in [MASK] .,Antarctica,synth_Continent/TREx/P30.jsonl
7905,Morgan Inlet is located in [MASK] .,Antarctica,synth_Continent/TREx/P30.jsonl
7910,Newell Point is located in [MASK] .,Antarctica,synth_Continent/TREx/P30.jsonl
7912,Craiova is located in [MASK] .,Europe,synth_Continent/TREx/P30.jsonl
7913,Trakiya Heights is located in [MASK] .,Antarctic,synth_Continent/TREx/P30.jsonl
7922,William Scoresby Archipelago is located in [MASK] .,Antarctica,synth_Continent/TREx/P30.jsonl
7928,Pomorie Point is located in [MASK] .,Antarctica,synth_Continent/TREx/P30.jsonl
7931,Arctowski Peninsula is located in [MASK] .,Antarctic,synth_Continent/TREx/P30.jsonl
7940,Zemen Knoll is located in [MASK] .,Antarctica,synth_Continent/TREx/P30.jsonl
7942,Himachal Pradesh is located in [MASK] .,Asian,synth_Continent/TREx/P30.jsonl
7946,Welcome Mountain is located in [MASK] .,Antarctica,synth_Continent/TREx/P30.jsonl
7948,Dufek Massif is located in [MASK] .,Antarctica,synth_Continent/TREx/P30.jsonl
7990,Ardery Island is located in [MASK] .,Antarctica,synth_Continent/TREx/P30.jsonl
7993,Charlotte Bay is located in [MASK] .,Antarctic,synth_Continent/TREx/P30.jsonl
8006,Bowyer Butte is located in [MASK] .,Antarctica,synth_Continent/TREx/P30.jsonl
8009,Mount Tyrrell is located in [MASK] .,Antarctica,synth_Continent/TREx/P30.jsonl
8013,Ruppert Coast is located in [MASK] .,Antarctica,synth_Continent/TREx/P30.jsonl
8018,Kondofrey Heights is located in [MASK] .,Antarctic,synth_Continent/TREx/P30.jsonl
8027,Ol Doinyo Lengai is located in [MASK] .,Africa,synth_Continent/TREx/P30.jsonl
8028,Antarctic Plate is located in [MASK] .,Antarctica,synth_Continent/TREx/P30.jsonl
8036,Erickson Bluffs is located in [MASK] .,Antarctica,synth_Continent/TREx/P30.jsonl
8038,Marshall Mountains is located in [MASK] .,Antarctica,synth_Continent/TREx/P30.jsonl
8046,Hong Kong is located in [MASK] .,Asia,synth_Continent/TREx/P30.jsonl
8391,Aleko Rock is located in [MASK] .,Antarctic,synth_Continent/TREx/P30.jsonl
8395,Mount Bursey is located in [MASK] .,Antarctic,synth_Continent/TREx/P30.jsonl
8400,Saint Petersburg is located in [MASK] .,Europe,synth_Continent/TREx/P30.jsonl
8433,Renier Point is located in [MASK] .,Antarctica,synth_Continent/TREx/P30.jsonl
8437,Cleveland Glacier is located in [MASK] .,Antarctica,synth_Continent/TREx/P30.jsonl
8438,Tajikistan is located in [MASK] .,Asia,synth_Continent/TREx/P30.jsonl
8461,Kalahari Desert is located in [MASK] .,Africa,synth_Continent/TREx/P30.jsonl
8476,Turkmenistan is located in [MASK] .,Asian,synth_Continent/TREx/P30.jsonl
8489,Pourquoi Pas Point is located in [MASK] .,Antarctica,synth_Continent/TREx/P30.jsonl
8490,Cape Bird is located in [MASK] .,Antarctica,synth_Continent/TREx/P30.jsonl
8498,Svarthamaren Mountain is located in [MASK] .,Antarctica,synth_Continent/TREx/P30.jsonl
8501,Von Essen Mountain is located in [MASK] .,Antarctica,synth_Continent/TREx/P30.jsonl
8503,Ancient Greece is located in [MASK] .,Europe,synth_Continent/TREx/P30.jsonl
8567,Emmanuel Glacier is located in [MASK] .,Antarctica,synth_Continent/TREx/P30.jsonl
8568,Mount Weaver is located in [MASK] .,Antarctica,synth_Continent/TREx/P30.jsonl
8571,Signy Island is located in [MASK] .,Antarctica,synth_Continent/TREx/P30.jsonl
8617,Peshtera Glacier is located in [MASK] .,Antarctica,synth_Continent/TREx/P30.jsonl
8622,Moscow is located in [MASK] .,Europe,synth_Continent/TREx/P30.jsonl
8679,Gambacorta Peak is located in [MASK] .,Antarctica,synth_Continent/TREx/P30.jsonl
8686,Noll Glacier is located in [MASK] .,Antarctica,synth_Continent/TREx/P30.jsonl
8688,Cape Colbeck is located in [MASK] .,Antarctica,synth_Continent/TREx/P30.jsonl
8691,Huntress Glacier is located in [MASK] .,Antarctica,synth_Continent/TREx/P30.jsonl
8703,David Glacier is located in [MASK] .,Antarctica,synth_Continent/TREx/P30.jsonl
8714,Danco Coast is located in [MASK] .,Antarctica,synth_Continent/TREx/P30.jsonl
8775,Cape Longing is located in [MASK] .,Antarctic,synth_Continent/TREx/P30.jsonl
8784,Harsewinkel is located in [MASK] .,Europe,synth_Continent/TREx/P30.jsonl
8786,Quarles Range is located in [MASK] .,Antarctica,synth_Continent/TREx/P30.jsonl
8787,Vaughan Inlet is located in [MASK] .,Antarctica,synth_Continent/TREx/P30.jsonl
8793,Mount Murphy is located in [MASK] .,Antarctica,synth_Continent/TREx/P30.jsonl
8798,Delchev Ridge is located in [MASK] .,Antarctica,synth_Continent/TREx/P30.jsonl
8820,Quinton Point is located in [MASK] .,Antarctica,synth_Continent/TREx/P30.jsonl
8824,Demay Point is located in [MASK] .,Antarctica,synth_Continent/TREx/P30.jsonl
8825,Ismoil Somoni Peak is located in [MASK] .,Asia,synth_Continent/TREx/P30.jsonl
8827,Lake Vida is located in [MASK] .,Antarctica,synth_Continent/TREx/P30.jsonl
8832,Risemedet Mountain is located in [MASK] .,Antarctica,synth_Continent/TREx/P30.jsonl
8836,Mountaineer Range is located in [MASK] .,Antarctica,synth_Continent/TREx/P30.jsonl
8851,Goa is located in [MASK] .,Asia,synth_Continent/TREx/P30.jsonl
8858,Fournier Bay is located in [MASK] .,Antarctica,synth_Continent/TREx/P30.jsonl
8865,Thailand is located in [MASK] .,Asia,synth_Continent/TREx/P30.jsonl
9138,Cobham Range is located in [MASK] .,Antarctic,synth_Continent/TREx/P30.jsonl
9148,Senegambia Confederation is located in [MASK] .,Africa,synth_Continent/TREx/P30.jsonl
9153,Demas Range is located in [MASK] .,Antarctic,synth_Continent/TREx/P30.jsonl
9158,Struma Glacier is located in [MASK] .,Antarctica,synth_Continent/TREx/P30.jsonl
9164,Bertha Island is located in [MASK] .,Antarctica,synth_Continent/TREx/P30.jsonl
9165,Festninga Mountain is located in [MASK] .,Antarctica,synth_Continent/TREx/P30.jsonl
9169,Carlota Cove is located in [MASK] .,Antarctica,synth_Continent/TREx/P30.jsonl
9175,Rawson Plateau is located in [MASK] .,Antarctica,synth_Continent/TREx/P30.jsonl
9178,Cape Adams is located in [MASK] .,Antarctica,synth_Continent/TREx/P30.jsonl
9183,Langnes Peninsula is located in [MASK] .,Antarctica,synth_Continent/TREx/P30.jsonl
9186,Euphrates is located in [MASK] .,Asia,synth_Continent/TREx/P30.jsonl
9187,Staten Island Heights is located in [MASK] .,Antarctica,synth_Continent/TREx/P30.jsonl
9190,Scott Island is located in [MASK] .,Antarctica,synth_Continent/TREx/P30.jsonl
9195,Scheldt is located in [MASK] .,Europe,synth_Continent/TREx/P30.jsonl
9197,history of Africa is located in [MASK] .,Africa,synth_Continent/TREx/P30.jsonl
9202,Mount Bayonne is located in [MASK] .,Antarctica,synth_Continent/TREx/P30.jsonl
9205,George V Land is located in [MASK] .,Antarctica,synth_Continent/TREx/P30.jsonl
9210,Denfeld Mountains is located in [MASK] .,Antarctica,synth_Continent/TREx/P30.jsonl
9213,Otway Massif is located in [MASK] .,Antarctica,synth_Continent/TREx/P30.jsonl
9217,Seal Nunataks is located in [MASK] .,Antarctic,synth_Continent/TREx/P30.jsonl
9232,Brahms Inlet is located in [MASK] .,Antarctica,synth_Continent/TREx/P30.jsonl
9239,Indira Gandhi National Open University is located in [MASK] .,Asia,synth_Continent/TREx/P30.jsonl
9240,Northwind Glacier is located in [MASK] .,Antarctica,synth_Continent/TREx/P30.jsonl
9241,Steventon Island is located in [MASK] .,Antarctica,synth_Continent/TREx/P30.jsonl
9244,Griffith Glacier is located in [MASK] .,Antarctica,synth_Continent/TREx/P30.jsonl
9249,English Coast is located in [MASK] .,Antarctic,synth_Continent/TREx/P30.jsonl
9255,Indian Antarctic Program is located in [MASK] .,Antarctica,synth_Continent/TREx/P30.jsonl
9258,Yoruba religion is located in [MASK] .,Africa,synth_Continent/TREx/P30.jsonl
9260,Davis Station is located in [MASK] .,Antarctica,synth_Continent/TREx/P30.jsonl
9272,Melnik Ridge is located in [MASK] .,Antarctica,synth_Continent/TREx/P30.jsonl
9277,Neny Island is located in [MASK] .,Antarctic,synth_Continent/TREx/P30.jsonl
9282,Green Glacier is located in [MASK] .,Antarctica,synth_Continent/TREx/P30.jsonl
9288,Cape Barne is located in [MASK] .,Antarctica,synth_Continent/TREx/P30.jsonl
9289,Scotland is located in [MASK] .,Europe,synth_Continent/TREx/P30.jsonl
9465,Radnevo Peak is located in [MASK] .,Antarctica,synth_Continent/TREx/P30.jsonl
9468,Rothschild Island is located in [MASK] .,Antarctica,synth_Continent/TREx/P30.jsonl
9475,Silverstein Peak is located in [MASK] .,Antarctica,synth_Continent/TREx/P30.jsonl
9479,Kingdom of Burgundy is located in [MASK] .,Europe,synth_Continent/TREx/P30.jsonl
9480,Palmer Station is located in [MASK] .,Antarctic,synth_Continent/TREx/P30.jsonl
9594,Herbert Mountains is located in [MASK] .,Antarctica,synth_Continent/TREx/P30.jsonl
9604,Kanchenjunga is located in [MASK] .,Asia,synth_Continent/TREx/P30.jsonl
9605,Vestfold Hills is located in [MASK] .,Antarctica,synth_Continent/TREx/P30.jsonl
9633,Hinkley Glacier is located in [MASK] .,Antarctica,synth_Continent/TREx/P30.jsonl
9637,Land Glacier is located in [MASK] .,Antarctica,synth_Continent/TREx/P30.jsonl
9647,Slovakia is located in [MASK] .,Europe,synth_Continent/TREx/P30.jsonl
9746,Cameroon is located in [MASK] .,Africa,synth_Continent/TREx/P30.jsonl
9876,Rubicon is located in [MASK] .,Europe,synth_Continent/TREx/P30.jsonl
9878,Austria-Hungary is located in [MASK] .,Europe,synth_Continent/TREx/P30.jsonl
9896,Ioannes Paulus II Peninsula is located in [MASK] .,Antarctica,synth_Continent/TREx/P30.jsonl
9918,United Kingdom of Great Britain and Ireland is located in [MASK] .,Europe,synth_Continent/TREx/P30.jsonl
9950,Cathedral Rocks is located in [MASK] .,Antarctica,synth_Continent/TREx/P30.jsonl
9952,Antarctic ice sheet is located in [MASK] .,Antarctic,synth_Continent/TREx/P30.jsonl
9959,McKinnon Island is located in [MASK] .,Antarctica,synth_Continent/TREx/P30.jsonl
9963,Elkhorn Ridge is located in [MASK] .,Antarctica,synth_Continent/TREx/P30.jsonl
9964,Venus Glacier is located in [MASK] .,Antarctica,synth_Continent/TREx/P30.jsonl
9978,Melchior Islands is located in [MASK] .,Antarctica,synth_Continent/TREx/P30.jsonl
9990,Cape Northrop is located in [MASK] .,Antarctic,synth_Continent/TREx/P30.jsonl
9995,Clark Mountains is located in [MASK] .,Antarctica,synth_Continent/TREx/P30.jsonl
9999,Neuburg Peak is located in [MASK] .,Antarctica,synth_Continent/TREx/P30.jsonl
10003,Palmer Land is located in [MASK] .,Antarctica,synth_Continent/TREx/P30.jsonl
10232,Victor Bay is located in [MASK] .,Antarctic,synth_Continent/TREx/P30.jsonl
10239,Lake Vostok is located in [MASK] .,Antarctica,synth_Continent/TREx/P30.jsonl
10245,Weber Inlet is located in [MASK] .,Antarctica,synth_Continent/TREx/P30.jsonl
10248,Equatorial Guinea is located in [MASK] .,Africa,synth_Continent/TREx/P30.jsonl
10286,Spain is located in [MASK] .,Europe,synth_Continent/TREx/P30.jsonl
10959,Pioneers Escarpment is located in [MASK] .,Antarctica,synth_Continent/TREx/P30.jsonl
10966,Miers Valley is located in [MASK] .,Antarctica,synth_Continent/TREx/P30.jsonl
10971,Pautalia Glacier is located in [MASK] .,Antarctica,synth_Continent/TREx/P30.jsonl
10976,Roman Four Promontory is located in [MASK] .,Antarctica,synth_Continent/TREx/P30.jsonl
10979,Morris Rock is located in [MASK] .,Antarctica,synth_Continent/TREx/P30.jsonl
10981,Sobat River is located in [MASK] .,Africa,synth_Continent/TREx/P30.jsonl
10983,Eights Coast is located in [MASK] .,Antarctic,synth_Continent/TREx/P30.jsonl
10993,Hippocrates Glacier is located in [MASK] .,Antarctica,synth_Continent/TREx/P30.jsonl
10997,Nigeria is located in [MASK] .,Africa,synth_Continent/TREx/P30.jsonl
11280,Ravens Mountains is located in [MASK] .,Antarctica,synth_Continent/TREx/P30.jsonl
11283,Chambal River is located in [MASK] .,Asia,synth_Continent/TREx/P30.jsonl
11284,Miers Bluff is located in [MASK] .,Antarctica,synth_Continent/TREx/P30.jsonl
11288,Eswatini is located in [MASK] .,Africa,synth_Continent/TREx/P30.jsonl
11325,Vinson Massif is located in [MASK] .,Antarctica,synth_Continent/TREx/P30.jsonl
11390,Pendleton Strait is located in [MASK] .,Antarctic,synth_Continent/TREx/P30.jsonl
11394,Avitohol Point is located in [MASK] .,Antarctica,synth_Continent/TREx/P30.jsonl
11396,Bowman Coast is located in [MASK] .,Antarctica,synth_Continent/TREx/P30.jsonl
11410,Yovkov Point is located in [MASK] .,Antarctica,synth_Continent/TREx/P30.jsonl
11412,Mount McCoy is located in [MASK] .,Antarctica,synth_Continent/TREx/P30.jsonl
11416,West Antarctica is located in [MASK] .,Antarctic,synth_Continent/TREx/P30.jsonl
11447,Chuprene Glacier is located in [MASK] .,Antarctica,synth_Continent/TREx/P30.jsonl
11450,Seychelles is located in [MASK] .,Africa,synth_Continent/TREx/P30.jsonl
11498,Debenham Glacier is located in [MASK] .,Antarctica,synth_Continent/TREx/P30.jsonl
11501,Mount Longhurst is located in [MASK] .,Antarctica,synth_Continent/TREx/P30.jsonl
11507,Yamato 000593 is located in [MASK] .,Antarctic,synth_Continent/TREx/P30.jsonl
11508,Niger is located in [MASK] .,Africa,synth_Continent/TREx/P30.jsonl
11561,Pirrit Hills is located in [MASK] .,Antarctica,synth_Continent/TREx/P30.jsonl
11568,Russell East Glacier is located in [MASK] .,Antarctic,synth_Continent/TREx/P30.jsonl
11574,Urdoviza Glacier is located in [MASK] .,Antarctica,synth_Continent/TREx/P30.jsonl
11579,Portugal is located in [MASK] .,Europe,synth_Continent/TREx/P30.jsonl
11958,California Plateau is located in [MASK] .,Antarctica,synth_Continent/TREx/P30.jsonl
11962,Benson Point is located in [MASK] .,Antarctica,synth_Continent/TREx/P30.jsonl
11964,Lions Rump is located in [MASK] .,Antarctica,synth_Continent/TREx/P30.jsonl
11968,Two Step Cliffs is located in [MASK] .,Antarctica,synth_Continent/TREx/P30.jsonl
11975,Aviator Glacier is located in [MASK] .,Antarctica,synth_Continent/TREx/P30.jsonl
11986,Snowdon is located in [MASK] .,Europe,synth_Continent/TREx/P30.jsonl
11987,Niue is located in [MASK] .,Oceania,synth_Continent/TREx/P30.jsonl
11996,Lucy Glacier is located in [MASK] .,Antarctica,synth_Continent/TREx/P30.jsonl
12000,Rayner Glacier is located in [MASK] .,Antarctica,synth_Continent/TREx/P30.jsonl
12001,Moubray Glacier is located in [MASK] .,Antarctica,synth_Continent/TREx/P30.jsonl
12004,Ryder Glacier is located in [MASK] .,Antarctic,synth_Continent/TREx/P30.jsonl
12007,Shipley Glacier is located in [MASK] .,Antarctica,synth_Continent/TREx/P30.jsonl
12010,Lanterman Range is located in [MASK] .,Antarctica,synth_Continent/TREx/P30.jsonl
12028,Reedy Glacier is located in [MASK] .,Antarctic,synth_Continent/TREx/P30.jsonl
12048,Mertz Glacier is located in [MASK] .,Antarctica,synth_Continent/TREx/P30.jsonl
12051,Williams Point is located in [MASK] .,Antarctica,synth_Continent/TREx/P30.jsonl
12057,Rufiji River is located in [MASK] .,Africa,synth_Continent/TREx/P30.jsonl
12058,Koyambedu is located in [MASK] .,Asia,synth_Continent/TREx/P30.jsonl
12059,Shiver Point is located in [MASK] .,Antarctica,synth_Continent/TREx/P30.jsonl
12064,Meyer Hills is located in [MASK] .,Antarctica,synth_Continent/TREx/P30.jsonl
12068,United Kingdom of the Netherlands is located in [MASK] .,Europe,synth_Continent/TREx/P30.jsonl
12070,Irish Free State is located in [MASK] .,Europe,synth_Continent/TREx/P30.jsonl
12071,Tisza is located in [MASK] .,Europe,synth_Continent/TREx/P30.jsonl
12073,Curzon Islands is located in [MASK] .,Antarctica,synth_Continent/TREx/P30.jsonl
12074,Bosnia and Herzegovina is located in [MASK] .,Europe,synth_Continent/TREx/P30.jsonl
12113,Cape Evans is located in [MASK] .,Antarctica,synth_Continent/TREx/P30.jsonl
12122,Discovery Expedition is located in [MASK] .,Antarctica,synth_Continent/TREx/P30.jsonl
12135,Keltie Glacier is located in [MASK] .,Antarctica,synth_Continent/TREx/P30.jsonl
12143,Plateau Station is located in [MASK] .,Antarctica,synth_Continent/TREx/P30.jsonl
12160,Knobhead is located in [MASK] .,Antarctic,synth_Continent/TREx/P30.jsonl
12171,Middle East is located in [MASK] .,Africa,synth_Continent/TREx/P30.jsonl
13257,Desko Mountains is located in [MASK] .,Antarctica,synth_Continent/TREx/P30.jsonl
13260,Ice Runway is located in [MASK] .,Antarctica,synth_Continent/TREx/P30.jsonl
13261,Gadag district is located in [MASK] .,Asia,synth_Continent/TREx/P30.jsonl
13262,Abbasid Caliphate is located in [MASK] .,Africa,synth_Continent/TREx/P30.jsonl
13278,Holtedahl Bay is located in [MASK] .,Antarctica,synth_Continent/TREx/P30.jsonl
13288,Douglas Peaks is located in [MASK] .,Antarctica,synth_Continent/TREx/P30.jsonl
13292,Birchall Peaks is located in [MASK] .,Antarctica,synth_Continent/TREx/P30.jsonl
13294,Slab Point is located in [MASK] .,Antarctica,synth_Continent/TREx/P30.jsonl
13297,Scar Inlet is located in [MASK] .,Antarctica,synth_Continent/TREx/P30.jsonl
13302,Whitehall Glacier is located in [MASK] .,Antarctica,synth_Continent/TREx/P30.jsonl
13305,Shirase Glacier is located in [MASK] .,Antarctica,synth_Continent/TREx/P30.jsonl
13310,Fleming Glacier is located in [MASK] .,Antarctic,synth_Continent/TREx/P30.jsonl
13312,Melilla is located in [MASK] .,Africa,synth_Continent/TREx/P30.jsonl
13327,Luapula River is located in [MASK] .,Africa,synth_Continent/TREx/P30.jsonl
13329,Cape Kinsey is located in [MASK] .,Antarctica,synth_Continent/TREx/P30.jsonl
13334,Montenegro is located in [MASK] .,Europe,synth_Continent/TREx/P30.jsonl
13354,Manipur is located in [MASK] .,Asian,synth_Continent/TREx/P30.jsonl
13357,Napier Mountains is located in [MASK] .,Antarctica,synth_Continent/TREx/P30.jsonl
13364,Onyx River is located in [MASK] .,Antarctica,synth_Continent/TREx/P30.jsonl
13376,Executive Committee Range is located in [MASK] .,Antarctic,synth_Continent/TREx/P30.jsonl
13392,Moon Bay is located in [MASK] .,Antarctica,synth_Continent/TREx/P30.jsonl
13399,Lamplugh Island is located in [MASK] .,Antarctica,synth_Continent/TREx/P30.jsonl
13404,Willan Nunatak is located in [MASK] .,Antarctica,synth_Continent/TREx/P30.jsonl
13407,Teres Ridge is located in [MASK] .,Antarctica,synth_Continent/TREx/P30.jsonl
13410,Botnneset Peninsula is located in [MASK] .,Antarctica,synth_Continent/TREx/P30.jsonl
13412,Publications Ice Shelf is located in [MASK] .,Antarctica,synth_Continent/TREx/P30.jsonl
13413,Wellington is located in [MASK] .,Oceania,synth_Continent/TREx/P30.jsonl
13416,Arkell Cirque is located in [MASK] .,Antarctica,synth_Continent/TREx/P30.jsonl
13418,Havre Mountains is located in [MASK] .,Antarctic,synth_Continent/TREx/P30.jsonl
13430,Wohlthat Mountains is located in [MASK] .,Antarctica,synth_Continent/TREx/P30.jsonl
13457,Ma River is located in [MASK] .,Asia,synth_Continent/TREx/P30.jsonl
13459,Djibouti is located in [MASK] .,Africa,synth_Continent/TREx/P30.jsonl
13519,Cape Archer is located in [MASK] .,Antarctica,synth_Continent/TREx/P30.jsonl
13521,Kilby Island is located in [MASK] .,Antarctica,synth_Continent/TREx/P30.jsonl
13524,Benin is located in [MASK] .,Africa,synth_Continent/TREx/P30.jsonl
13566,Mirabito Range is located in [MASK] .,Antarctica,synth_Continent/TREx/P30.jsonl
13573,Quartz Hills is located in [MASK] .,Antarctica,synth_Continent/TREx/P30.jsonl
13575,Churchill Peninsula is located in [MASK] .,Antarctic,synth_Continent/TREx/P30.jsonl
13576,Plana Peak is located in [MASK] .,Antarctica,synth_Continent/TREx/P30.jsonl
13579,Iran is located in [MASK] .,Asia,synth_Continent/TREx/P30.jsonl
13688,South Georgia Survey is located in [MASK] .,Antarctic,synth_Continent/TREx/P30.jsonl
13705,Butler Glacier is located in [MASK] .,Antarctica,synth_Continent/TREx/P30.jsonl
13706,Cape Legoupil is located in [MASK] .,Antarctica,synth_Continent/TREx/P30.jsonl
13714,Rutford Ice Stream is located in [MASK] .,Antarctic,synth_Continent/TREx/P30.jsonl
13720,Bellingshausen Sea is located in [MASK] .,Antarctica,synth_Continent/TREx/P30.jsonl
13747,Mount Dallmann is located in [MASK] .,Antarctica,synth_Continent/TREx/P30.jsonl
13751,Mars Glacier is located in [MASK] .,Antarctic,synth_Continent/TREx/P30.jsonl
13763,Pidgeon Island is located in [MASK] .,Antarctica,synth_Continent/TREx/P30.jsonl
13764,Jorum Glacier is located in [MASK] .,Antarctica,synth_Continent/TREx/P30.jsonl
13771,Solvay Mountains is located in [MASK] .,Antarctica,synth_Continent/TREx/P30.jsonl
13777,Byers Peninsula is located in [MASK] .,Antarctica,synth_Continent/TREx/P30.jsonl
13849,Mariner Glacier is located in [MASK] .,Antarctica,synth_Continent/TREx/P30.jsonl
13858,Batterbee Mountains is located in [MASK] .,Antarctica,synth_Continent/TREx/P30.jsonl
13860,Knox Coast is located in [MASK] .,Antarctic,synth_Continent/TREx/P30.jsonl
13868,Grossglockner is located in [MASK] .,Europe,synth_Continent/TREx/P30.jsonl
13869,The Gullet is located in [MASK] .,Antarctica,synth_Continent/TREx/P30.jsonl
13874,Norway Bight is located in [MASK] .,Antarctica,synth_Continent/TREx/P30.jsonl
13876,Read Mountains is located in [MASK] .,Antarctica,synth_Continent/TREx/P30.jsonl
13886,Berwick Glacier is located in [MASK] .,Antarctica,synth_Continent/TREx/P30.jsonl
13893,Bigo Bay is located in [MASK] .,Antarctic,synth_Continent/TREx/P30.jsonl
13897,Gibraltar is located in [MASK] .,Europe,synth_Continent/TREx/P30.jsonl
13995,Mont Blanc is located in [MASK] .,Europe,synth_Continent/TREx/P30.jsonl
14003,Penney Bay is located in [MASK] .,Antarctica,synth_Continent/TREx/P30.jsonl
14004,Bransfield Strait is located in [MASK] .,Antarctica,synth_Continent/TREx/P30.jsonl
14032,Whillans Ice Stream is located in [MASK] .,Antarctica,synth_Continent/TREx/P30.jsonl
14041,Voden Heights is located in [MASK] .,Antarctica,synth_Continent/TREx/P30.jsonl
14044,Ireland is located in [MASK] .,Europe,synth_Continent/TREx/P30.jsonl
14767,Kuwait is located in [MASK] .,Asia,synth_Continent/TREx/P30.jsonl
14775,Husky Massif is located in [MASK] .,Antarctica,synth_Continent/TREx/P30.jsonl
14783,Prespa Glacier is located in [MASK] .,Antarctica,synth_Continent/TREx/P30.jsonl
14791,Cape Filchner is located in [MASK] .,Antarctica,synth_Continent/TREx/P30.jsonl
14793,Cape Rey is located in [MASK] .,Antarctica,synth_Continent/TREx/P30.jsonl
14797,Hesperides Hill is located in [MASK] .,Antarctica,synth_Continent/TREx/P30.jsonl
14801,Marinid dynasty is located in [MASK] .,Africa,synth_Continent/TREx/P30.jsonl
14802,Thimphu is located in [MASK] .,Asia,synth_Continent/TREx/P30.jsonl
14803,Yangtze is located in [MASK] .,Asia,synth_Continent/TREx/P30.jsonl
14806,Brown Hills is located in [MASK] .,Antarctica,synth_Continent/TREx/P30.jsonl
14812,Alpha Island is located in [MASK] .,Antarctic,synth_Continent/TREx/P30.jsonl
14813,Sentinel Range is located in [MASK] .,Antarctica,synth_Continent/TREx/P30.jsonl
15091,Larsemann Hills is located in [MASK] .,Antarctica,synth_Continent/TREx/P30.jsonl
15095,Kazakhstan is located in [MASK] .,Europe,synth_Continent/TREx/P30.jsonl
15221,Melnik Peak is located in [MASK] .,Antarctica,synth_Continent/TREx/P30.jsonl
15224,Kingdom of Saxony is located in [MASK] .,Europe,synth_Continent/TREx/P30.jsonl
15226,Watson Escarpment is located in [MASK] .,Antarctica,synth_Continent/TREx/P30.jsonl
15238,Barrientos Island is located in [MASK] .,Antarctica,synth_Continent/TREx/P30.jsonl
15240,Swanson Mountains is located in [MASK] .,Antarctica,synth_Continent/TREx/P30.jsonl
15242,Irrawaddy River is located in [MASK] .,Asia,synth_Continent/TREx/P30.jsonl
15243,River Clyde is located in [MASK] .,Europe,synth_Continent/TREx/P30.jsonl
15247,Cape Smith is located in [MASK] .,Antarctica,synth_Continent/TREx/P30.jsonl
15249,Danger Islands is located in [MASK] .,Antarctica,synth_Continent/TREx/P30.jsonl
15251,Cape Penck is located in [MASK] .,Antarctica,synth_Continent/TREx/P30.jsonl
15254,Laos is located in [MASK] .,Asia,synth_Continent/TREx/P30.jsonl
15330,Orange Free State is located in [MASK] .,Africa,synth_Continent/TREx/P30.jsonl
15331,Black Coast is located in [MASK] .,Antarctica,synth_Continent/TREx/P30.jsonl
15341,Arno is located in [MASK] .,Europe,synth_Continent/TREx/P30.jsonl
15342,Skelton Glacier is located in [MASK] .,Antarctica,synth_Continent/TREx/P30.jsonl
15359,Carolingian Empire is located in [MASK] .,Europe,synth_Continent/TREx/P30.jsonl
15362,Ryder Bay is located in [MASK] .,Antarctica,synth_Continent/TREx/P30.jsonl
15372,Everett Range is located in [MASK] .,Antarctica,synth_Continent/TREx/P30.jsonl
15383,Condor Peninsula is located in [MASK] .,Antarctica,synth_Continent/TREx/P30.jsonl
15387,Switzerland is located in [MASK] .,Europe,synth_Continent/TREx/P30.jsonl
15808,Gdynia is located in [MASK] .,Europe,synth_Continent/TREx/P30.jsonl
15809,Totten Glacier is located in [MASK] .,Antarctica,synth_Continent/TREx/P30.jsonl
15814,Clare Range is located in [MASK] .,Antarctica,synth_Continent/TREx/P30.jsonl
15817,Kohler Range is located in [MASK] .,Antarctica,synth_Continent/TREx/P30.jsonl
15832,Dniester is located in [MASK] .,Europe,synth_Continent/TREx/P30.jsonl
15835,Pune is located in [MASK] .,Asia,synth_Continent/TREx/P30.jsonl
15841,Rajkot is located in [MASK] .,Asia,synth_Continent/TREx/P30.jsonl
15843,Cape Perez is located in [MASK] .,Antarctica,synth_Continent/TREx/P30.jsonl
15849,Mackellar Inlet is located in [MASK] .,Antarctica,synth_Continent/TREx/P30.jsonl
15850,Dundee Island is located in [MASK] .,Antarctica,synth_Continent/TREx/P30.jsonl
15855,Kryvyi Rih is located in [MASK] .,Europe,synth_Continent/TREx/P30.jsonl
15856,Mount Cupola is located in [MASK] .,Antarctica,synth_Continent/TREx/P30.jsonl
15859,Supporters Range is located in [MASK] .,Antarctica,synth_Continent/TREx/P30.jsonl
15870,Mount Foster is located in [MASK] .,Antarctica,synth_Continent/TREx/P30.jsonl
15873,Inn is located in [MASK] .,Europe,synth_Continent/TREx/P30.jsonl
15874,Tashkent is located in [MASK] .,Asia,synth_Continent/TREx/P30.jsonl
15877,Wright Inlet is located in [MASK] .,Antarctic,synth_Continent/TREx/P30.jsonl
15879,Pitkevitch Glacier is located in [MASK] .,Antarctica,synth_Continent/TREx/P30.jsonl
15883,Daugava River is located in [MASK] .,Europe,synth_Continent/TREx/P30.jsonl
15885,Storm Peak is located in [MASK] .,Antarctica,synth_Continent/TREx/P30.jsonl
15887,Congo basin is located in [MASK] .,Africa,synth_Continent/TREx/P30.jsonl
15915,Paulding Bay is located in [MASK] .,Antarctica,synth_Continent/TREx/P30.jsonl
15919,Douglas Range is located in [MASK] .,Antarctica,synth_Continent/TREx/P30.jsonl
15937,Shahdol district is located in [MASK] .,Asia,synth_Continent/TREx/P30.jsonl
15938,Jammu and Kashmir is located in [MASK] .,Asia,synth_Continent/TREx/P30.jsonl
15943,Southern Cross Mountains is located in [MASK] .,Antarctica,synth_Continent/TREx/P30.jsonl
15952,National Law School of India University is located in [MASK] .,Asia,synth_Continent/TREx/P30.jsonl
15955,MacAlpine Hills is located in [MASK] .,Antarctica,synth_Continent/TREx/P30.jsonl
15960,Scylla Glacier is located in [MASK] .,Antarctica,synth_Continent/TREx/P30.jsonl
15966,Kirkby Glacier is located in [MASK] .,Antarctica,synth_Continent/TREx/P30.jsonl
15969,Cape Monaco is located in [MASK] .,Antarctica,synth_Continent/TREx/P30.jsonl
15975,Sopot Ice Piedmont is located in [MASK] .,Antarctica,synth_Continent/TREx/P30.jsonl
15985,Marie Byrd Land is located in [MASK] .,Antarctica,synth_Continent/TREx/P30.jsonl
16261,Hugi Glacier is located in [MASK] .,Antarctica,synth_Continent/TREx/P30.jsonl
16264,Malaysia is located in [MASK] .,Asia,synth_Continent/TREx/P30.jsonl
16517,Uttar Pradesh is located in [MASK] .,Asia,synth_Continent/TREx/P30.jsonl
16520,Cartographers Range is located in [MASK] .,Antarctica,synth_Continent/TREx/P30.jsonl
16526,Warta is located in [MASK] .,Europe,synth_Continent/TREx/P30.jsonl
16528,Tamil Nadu is located in [MASK] .,Asia,synth_Continent/TREx/P30.jsonl
16536,Lebanon is located in [MASK] .,Asia,synth_Continent/TREx/P30.jsonl
16567,Beacon Supergroup is located in [MASK] .,Antarctica,synth_Continent/TREx/P30.jsonl
16573,Burundi is located in [MASK] .,Africa,synth_Continent/TREx/P30.jsonl
16611,Shipka Saddle is located in [MASK] .,Antarctica,synth_Continent/TREx/P30.jsonl
16613,Mount McClintock is located in [MASK] .,Antarctica,synth_Continent/TREx/P30.jsonl
16614,Cape Waite is located in [MASK] .,Antarctic,synth_Continent/TREx/P30.jsonl
16618,Lomonosov Mountains is located in [MASK] .,Antarctica,synth_Continent/TREx/P30.jsonl
16620,Palmer Archipelago is located in [MASK] .,Antarctica,synth_Continent/TREx/P30.jsonl
16846,Pecora Escarpment is located in [MASK] .,Antarctic,synth_Continent/TREx/P30.jsonl
16850,Wirth Peninsula is located in [MASK] .,Antarctica,synth_Continent/TREx/P30.jsonl
16857,Mule Peninsula is located in [MASK] .,Antarctica,synth_Continent/TREx/P30.jsonl
16863,Mount Hornsby is located in [MASK] .,Antarctica,synth_Continent/TREx/P30.jsonl
16866,Harris Peninsula is located in [MASK] .,Antarctica,synth_Continent/TREx/P30.jsonl
16871,Lake Vanda is located in [MASK] .,Antarctica,synth_Continent/TREx/P30.jsonl
16888,Wilson Piedmont Glacier is located in [MASK] .,Antarctica,synth_Continent/TREx/P30.jsonl
16893,Thiruvananthapuram is located in [MASK] .,Asia,synth_Continent/TREx/P30.jsonl
16894,Prince Charles Mountains is located in [MASK] .,Antarctic,synth_Continent/TREx/P30.jsonl
16994,Rydberg Peninsula is located in [MASK] .,Antarctica,synth_Continent/TREx/P30.jsonl
16998,Bruce Plateau is located in [MASK] .,Antarctica,synth_Continent/TREx/P30.jsonl
17005,Dutch Republic is located in [MASK] .,Europe,synth_Continent/TREx/P30.jsonl
17019,Petvar Heights is located in [MASK] .,Antarctica,synth_Continent/TREx/P30.jsonl
17035,Shkhara is located in [MASK] .,Europe,synth_Continent/TREx/P30.jsonl
17036,Aitcho Islands is located in [MASK] .,Antarctica,synth_Continent/TREx/P30.jsonl
17055,Tapley Mountains is located in [MASK] .,Antarctica,synth_Continent/TREx/P30.jsonl
17061,Bani River is located in [MASK] .,Africa,synth_Continent/TREx/P30.jsonl
17062,Qatar is located in [MASK] .,Asia,synth_Continent/TREx/P30.jsonl
17075,Mitchell Peninsula is located in [MASK] .,Antarctica,synth_Continent/TREx/P30.jsonl
17081,Afghanistan is located in [MASK] .,Asia,synth_Continent/TREx/P30.jsonl
17159,Gordon Glacier is located in [MASK] .,Antarctica,synth_Continent/TREx/P30.jsonl
17165,Neumayer Cliffs is located in [MASK] .,Antarctica,synth_Continent/TREx/P30.jsonl
17169,Terningskarvet Mountain is located in [MASK] .,Antarctica,synth_Continent/TREx/P30.jsonl
17171,English Channel is located in [MASK] .,Europe,synth_Continent/TREx/P30.jsonl
17185,Gair Mesa is located in [MASK] .,Antarctica,synth_Continent/TREx/P30.jsonl
17189,Primorsky Krai is located in [MASK] .,Asia,synth_Continent/TREx/P30.jsonl
17204,United Arab Emirates is located in [MASK] .,Asia,synth_Continent/TREx/P30.jsonl
17234,Aprilov Point is located in [MASK] .,Antarctica,synth_Continent/TREx/P30.jsonl
17239,European Project for Ice Coring in Antarctica is located in [MASK] .,Antarctic,synth_Continent/TREx/P30.jsonl
17246,Dundee Whaling Expedition is located in [MASK] .,Antarctica,synth_Continent/TREx/P30.jsonl
17248,Liv Glacier is located in [MASK] .,Antarctic,synth_Continent/TREx/P30.jsonl
17259,East Ongul Island is located in [MASK] .,Antarctica,synth_Continent/TREx/P30.jsonl
17279,Lake Baikal is located in [MASK] .,Asia,synth_Continent/TREx/P30.jsonl
17282,Chapman Snowfield is located in [MASK] .,Antarctica,synth_Continent/TREx/P30.jsonl
17284,Edward VIII Bay is located in [MASK] .,Antarctica,synth_Continent/TREx/P30.jsonl
17294,Schytt Glacier is located in [MASK] .,Antarctica,synth_Continent/TREx/P30.jsonl
17296,Siple Dome is located in [MASK] .,Antarctica,synth_Continent/TREx/P30.jsonl
17305,Aconcagua is located in [MASK] .,Americas,synth_Continent/TREx/P30.jsonl
17309,Cape Selborne is located in [MASK] .,Antarctica,synth_Continent/TREx/P30.jsonl
17315,Doyran Heights is located in [MASK] .,Antarctica,synth_Continent/TREx/P30.jsonl
17332,Handel Ice Piedmont is located in [MASK] .,Antarctica,synth_Continent/TREx/P30.jsonl
17337,Beaufort Island is located in [MASK] .,Antarctica,synth_Continent/TREx/P30.jsonl
17341,Indigirka River is located in [MASK] .,Asia,synth_Continent/TREx/P30.jsonl
17342,Splettstoesser Glacier is located in [MASK] .,Antarctica,synth_Continent/TREx/P30.jsonl
17346,Dominion Range is located in [MASK] .,Antarctica,synth_Continent/TREx/P30.jsonl
17355,Bowman Glacier is located in [MASK] .,Antarctica,synth_Continent/TREx/P30.jsonl
17357,Williams Hills is located in [MASK] .,Antarctica,synth_Continent/TREx/P30.jsonl
17358,Cole Peninsula is located in [MASK] .,Antarctica,synth_Continent/TREx/P30.jsonl
17361,Karun is located in [MASK] .,Asia,synth_Continent/TREx/P30.jsonl
17362,Basel is located in [MASK] .,Europe,synth_Continent/TREx/P30.jsonl
17375,Alexander Island is located in [MASK] .,Antarctica,synth_Continent/TREx/P30.jsonl
17694,Adelaide Island is located in [MASK] .,Antarctica,synth_Continent/TREx/P30.jsonl
17747,Fosdick Mountains is located in [MASK] .,Antarctica,synth_Continent/TREx/P30.jsonl
17759,Scaife Mountains is located in [MASK] .,Antarctic,synth_Continent/TREx/P30.jsonl
17761,Ross Island is located in [MASK] .,Antarctica,synth_Continent/TREx/P30.jsonl
17878,Ojos del Salado is located in [MASK] .,Americas,synth_Continent/TREx/P30.jsonl
17879,Beaglehole Glacier is located in [MASK] .,Antarctic,synth_Continent/TREx/P30.jsonl
17881,Moldova is located in [MASK] .,Europe,synth_Continent/TREx/P30.jsonl
17910,Surveyors Range is located in [MASK] .,Antarctica,synth_Continent/TREx/P30.jsonl
17918,Phobos Ridge is located in [MASK] .,Antarctica,synth_Continent/TREx/P30.jsonl
17923,Macquarie Island is located in [MASK] .,Antarctica,synth_Continent/TREx/P30.jsonl
17936,Mount Newall is located in [MASK] .,Antarctica,synth_Continent/TREx/P30.jsonl
17939,Support Force Glacier is located in [MASK] .,Antarctica,synth_Continent/TREx/P30.jsonl
17941,Anderson Hills is located in [MASK] .,Antarctica,synth_Continent/TREx/P30.jsonl
17953,Mumbai is located in [MASK] .,Asia,synth_Continent/TREx/P30.jsonl
17986,Catalonia is located in [MASK] .,Europe,synth_Continent/TREx/P30.jsonl
18000,Pearse Valley is located in [MASK] .,Antarctica,synth_Continent/TREx/P30.jsonl
18002,Riiser-Larsen Ice Shelf is located in [MASK] .,Antarctica,synth_Continent/TREx/P30.jsonl
18003,Madagascar is located in [MASK] .,Africa,synth_Continent/TREx/P30.jsonl
18507,Foundation Ice Stream is located in [MASK] .,Antarctic,synth_Continent/TREx/P30.jsonl
18516,Mapple Glacier is located in [MASK] .,Antarctica,synth_Continent/TREx/P30.jsonl
18519,Brialmont Cove is located in [MASK] .,Antarctica,synth_Continent/TREx/P30.jsonl
18524,Zed Islands is located in [MASK] .,Antarctica,synth_Continent/TREx/P30.jsonl
18531,Neva is located in [MASK] .,Europe,synth_Continent/TREx/P30.jsonl
18533,Scotia Bay is located in [MASK] .,Antarctica,synth_Continent/TREx/P30.jsonl
18536,Stonington Island is located in [MASK] .,Antarctic,synth_Continent/TREx/P30.jsonl
18571,Payer Mountains is located in [MASK] .,Antarctica,synth_Continent/TREx/P30.jsonl
18586,Bigourdan Fjord is located in [MASK] .,Antarctic,synth_Continent/TREx/P30.jsonl
18588,Central African Republic is located in [MASK] .,Africa,synth_Continent/TREx/P30.jsonl
18626,Egypt is located in [MASK] .,Africa,synth_Continent/TREx/P30.jsonl
18755,Rouen Mountains is located in [MASK] .,Antarctica,synth_Continent/TREx/P30.jsonl
18767,Kukri Hills is located in [MASK] .,Antarctica,synth_Continent/TREx/P30.jsonl
18780,Varna Peninsula is located in [MASK] .,Antarctica,synth_Continent/TREx/P30.jsonl
18829,Cape Burks is located in [MASK] .,Antarctica,synth_Continent/TREx/P30.jsonl
18833,Shackleton Ice Shelf is located in [MASK] .,Antarctica,synth_Continent/TREx/P30.jsonl
18839,Mount Farrell is located in [MASK] .,Antarctica,synth_Continent/TREx/P30.jsonl
18843,Levski Ridge is located in [MASK] .,Antarctica,synth_Continent/TREx/P30.jsonl
18869,Bowman Peninsula is located in [MASK] .,Antarctica,synth_Continent/TREx/P30.jsonl
18873,Alsace-Lorraine is located in [MASK] .,Europe,synth_Continent/TREx/P30.jsonl
18874,Cape Ducorps is located in [MASK] .,Antarctica,synth_Continent/TREx/P30.jsonl
18880,Angola is located in [MASK] .,Africa,synth_Continent/TREx/P30.jsonl
19032,South Pole Traverse is located in [MASK] .,Antarctica,synth_Continent/TREx/P30.jsonl
20457,Flask Glacier is located in [MASK] .,Antarctic,synth_Continent/TREx/P30.jsonl
20465,Schreckhorn is located in [MASK] .,Europe,synth_Continent/TREx/P30.jsonl
20467,McMurdo Station is located in [MASK] .,Antarctic,synth_Continent/TREx/P30.jsonl
20824,Kaveri River is located in [MASK] .,Asia,synth_Continent/TREx/P30.jsonl
20825,Juan Carlos I Antarctic Base is located in [MASK] .,Antarctic,synth_Continent/TREx/P30.jsonl
20845,Samuel Peak is located in [MASK] .,Antarctic,synth_Continent/TREx/P30.jsonl
20848,Athens is located in [MASK] .,Europe,synth_Continent/TREx/P30.jsonl
20872,Lyon Nunataks is located in [MASK] .,Antarctica,synth_Continent/TREx/P30.jsonl
20878,Andvord Bay is located in [MASK] .,Antarctic,synth_Continent/TREx/P30.jsonl
20888,Atbarah River is located in [MASK] .,Africa,synth_Continent/TREx/P30.jsonl
20891,Cordiner Peaks is located in [MASK] .,Antarctica,synth_Continent/TREx/P30.jsonl
20895,Kouilou-Niari River is located in [MASK] .,Africa,synth_Continent/TREx/P30.jsonl
20896,"D'Urville Island, Antarctica is located in [MASK] .",Antarctic,synth_Continent/TREx/P30.jsonl
20903,Sartorius Point is located in [MASK] .,Antarctica,synth_Continent/TREx/P30.jsonl
20905,Kotis Point is located in [MASK] .,Antarctica,synth_Continent/TREx/P30.jsonl
20907,KU Leuven is located in [MASK] .,Europe,synth_Continent/TREx/P30.jsonl
20908,Ninnis Glacier is located in [MASK] .,Antarctica,synth_Continent/TREx/P30.jsonl
20911,Mount Paris is located in [MASK] .,Antarctic,synth_Continent/TREx/P30.jsonl
20915,Tigris is located in [MASK] .,Asia,synth_Continent/TREx/P30.jsonl
20916,Cambodia is located in [MASK] .,Asia,synth_Continent/TREx/P30.jsonl
20988,Benson Glacier is located in [MASK] .,Antarctica,synth_Continent/TREx/P30.jsonl
20991,Volga Bulgaria is located in [MASK] .,Europe,synth_Continent/TREx/P30.jsonl
20992,Princess Elisabeth Antarctica is located in [MASK] .,Antarctic,synth_Continent/TREx/P30.jsonl
20994,Conrad Mountains is located in [MASK] .,Antarctica,synth_Continent/TREx/P30.jsonl
20999,Mali is located in [MASK] .,Africa,synth_Continent/TREx/P30.jsonl
21071,Brunt Ice Shelf is located in [MASK] .,Antarctic,synth_Continent/TREx/P30.jsonl
21082,Annamalai University is located in [MASK] .,Asia,synth_Continent/TREx/P30.jsonl
21084,Monte San Giorgio is located in [MASK] .,Europe,synth_Continent/TREx/P30.jsonl
21085,Concordia Station is located in [MASK] .,Antarctica,synth_Continent/TREx/P30.jsonl
21093,Newcomer Glacier is located in [MASK] .,Antarctica,synth_Continent/TREx/P30.jsonl
21096,The Knoll is located in [MASK] .,Antarctica,synth_Continent/TREx/P30.jsonl
21101,Salamander Range is located in [MASK] .,Antarctica,synth_Continent/TREx/P30.jsonl
21104,Solan District is located in [MASK] .,Asia,synth_Continent/TREx/P30.jsonl
21105,Drygalski Mountains is located in [MASK] .,Antarctica,synth_Continent/TREx/P30.jsonl
21110,Guest Peninsula is located in [MASK] .,Antarctica,synth_Continent/TREx/P30.jsonl
21114,Wilhelmina Bay is located in [MASK] .,Antarctica,synth_Continent/TREx/P30.jsonl
21128,Mount Tyree is located in [MASK] .,Antarctica,synth_Continent/TREx/P30.jsonl
21134,Romulus Glacier is located in [MASK] .,Antarctica,synth_Continent/TREx/P30.jsonl
21135,Vantaa is located in [MASK] .,Europe,synth_Continent/TREx/P30.jsonl
21136,Chukotka Autonomous Okrug is located in [MASK] .,Asia,synth_Continent/TREx/P30.jsonl
21137,Argosy Glacier is located in [MASK] .,Antarctica,synth_Continent/TREx/P30.jsonl
21141,Neptune Glacier is located in [MASK] .,Antarctica,synth_Continent/TREx/P30.jsonl
21151,Mount Hallgren is located in [MASK] .,Antarctica,synth_Continent/TREx/P30.jsonl
21154,Guinea-Bissau is located in [MASK] .,Africa,synth_Continent/TREx/P30.jsonl
21167,Daniels Range is located in [MASK] .,Antarctica,synth_Continent/TREx/P30.jsonl
21179,Barwick Valley is located in [MASK] .,Antarctica,synth_Continent/TREx/P30.jsonl
21185,Finland is located in [MASK] .,Europe,synth_Continent/TREx/P30.jsonl
21472,Panzarini Hills is located in [MASK] .,Antarctica,synth_Continent/TREx/P30.jsonl
21477,Wallonia is located in [MASK] .,Europe,synth_Continent/TREx/P30.jsonl
21486,Wylie Bay is located in [MASK] .,Antarctica,synth_Continent/TREx/P30.jsonl
21488,Hull Bay is located in [MASK] .,Antarctica,synth_Continent/TREx/P30.jsonl
21494,Cape Evensen is located in [MASK] .,Antarctica,synth_Continent/TREx/P30.jsonl
21503,Morocco is located in [MASK] .,Africa,synth_Continent/TREx/P30.jsonl
21644,Cape Chocolate is located in [MASK] .,Antarctic,synth_Continent/TREx/P30.jsonl
21647,Maharashtra is located in [MASK] .,Asia,synth_Continent/TREx/P30.jsonl
21654,Victoria Upper Glacier is located in [MASK] .,Antarctica,synth_Continent/TREx/P30.jsonl
21660,Lillie Range is located in [MASK] .,Antarctica,synth_Continent/TREx/P30.jsonl
21668,Robertson Bay is located in [MASK] .,Antarctica,synth_Continent/TREx/P30.jsonl
21678,Peacock Sound is located in [MASK] .,Antarctica,synth_Continent/TREx/P30.jsonl
21684,Brabant Island is located in [MASK] .,Antarctica,synth_Continent/TREx/P30.jsonl
21733,Mawson Glacier is located in [MASK] .,Antarctica,synth_Continent/TREx/P30.jsonl
21741,Andersson Island is located in [MASK] .,Antarctic,synth_Continent/TREx/P30.jsonl
21750,Mobiloil Inlet is located in [MASK] .,Antarctic,synth_Continent/TREx/P30.jsonl
21764,Segura is located in [MASK] .,Europe,synth_Continent/TREx/P30.jsonl
21765,Nile is located in [MASK] .,Africa,synth_Continent/TREx/P30.jsonl
21814,Craddock Massif is located in [MASK] .,Antarctica,synth_Continent/TREx/P30.jsonl
21827,history of Europe is located in [MASK] .,Europe,synth_Continent/TREx/P30.jsonl
21837,Nimbus Hills is located in [MASK] .,Antarctica,synth_Continent/TREx/P30.jsonl
21838,Mount Karisimbi is located in [MASK] .,Africa,synth_Continent/TREx/P30.jsonl
21841,Damavand is located in [MASK] .,Asia,synth_Continent/TREx/P30.jsonl
21845,Mount Black is located in [MASK] .,Antarctica,synth_Continent/TREx/P30.jsonl
21849,Tower Island is located in [MASK] .,Antarctica,synth_Continent/TREx/P30.jsonl
21862,Umayyad Caliphate is located in [MASK] .,Europe,synth_Continent/TREx/P30.jsonl
21866,Martin Hills is located in [MASK] .,Antarctica,synth_Continent/TREx/P30.jsonl
21869,Turgai River is located in [MASK] .,Asia,synth_Continent/TREx/P30.jsonl
21873,Pensacola Mountains is located in [MASK] .,Antarctica,synth_Continent/TREx/P30.jsonl
22030,Hoseason Island is located in [MASK] .,Antarctica,synth_Continent/TREx/P30.jsonl
22033,Lemaire Island is located in [MASK] .,Antarctica,synth_Continent/TREx/P30.jsonl
22041,Katowice is located in [MASK] .,Europe,synth_Continent/TREx/P30.jsonl
22042,Sequence Hills is located in [MASK] .,Antarctica,synth_Continent/TREx/P30.jsonl
22046,Rhine is located in [MASK] .,Europe,synth_Continent/TREx/P30.jsonl
22074,Bull Pass is located in [MASK] .,Antarctica,synth_Continent/TREx/P30.jsonl
22076,Gelderland is located in [MASK] .,Europe,synth_Continent/TREx/P30.jsonl
22078,Moe Island is located in [MASK] .,Antarctica,synth_Continent/TREx/P30.jsonl
22082,Mauritius is located in [MASK] .,Africa,synth_Continent/TREx/P30.jsonl
22151,Eastern Bloc is located in [MASK] .,Europe,synth_Continent/TREx/P30.jsonl
22163,Darwin Mountains is located in [MASK] .,Antarctica,synth_Continent/TREx/P30.jsonl
22191,Maury Bay is located in [MASK] .,Antarctica,synth_Continent/TREx/P30.jsonl
22194,Pare Glacier is located in [MASK] .,Antarctica,synth_Continent/TREx/P30.jsonl
22197,Scott Base is located in [MASK] .,Antarctica,synth_Continent/TREx/P30.jsonl
22221,Ingrid Christensen Coast is located in [MASK] .,Antarctica,synth_Continent/TREx/P30.jsonl
22235,Borchgrevink Glacier is located in [MASK] .,Antarctica,synth_Continent/TREx/P30.jsonl
22236,Viking Age is located in [MASK] .,Europe,synth_Continent/TREx/P30.jsonl
22243,Beall Island is located in [MASK] .,Antarctica,synth_Continent/TREx/P30.jsonl
22246,Mount Schuyler is located in [MASK] .,Antarctic,synth_Continent/TREx/P30.jsonl
22248,Swedish Empire is located in [MASK] .,Europe,synth_Continent/TREx/P30.jsonl
22255,Mount Stephenson is located in [MASK] .,Antarctica,synth_Continent/TREx/P30.jsonl
22261,Prydz Bay is located in [MASK] .,Antarctica,synth_Continent/TREx/P30.jsonl
22272,Victory Mountains is located in [MASK] .,Antarctica,synth_Continent/TREx/P30.jsonl
22310,Anderson Heights is located in [MASK] .,Antarctica,synth_Continent/TREx/P30.jsonl
22315,Eisenhower Range is located in [MASK] .,Antarctica,synth_Continent/TREx/P30.jsonl
22324,Saffery Islands is located in [MASK] .,Antarctica,synth_Continent/TREx/P30.jsonl
22328,Violante Inlet is located in [MASK] .,Antarctica,synth_Continent/TREx/P30.jsonl
22335,Mount Cocks is located in [MASK] .,Antarctica,synth_Continent/TREx/P30.jsonl
22341,Boyana Glacier is located in [MASK] .,Antarctica,synth_Continent/TREx/P30.jsonl
22344,Karonga is located in [MASK] .,Africa,synth_Continent/TREx/P30.jsonl
22347,Niger River is located in [MASK] .,Africa,synth_Continent/TREx/P30.jsonl
22364,Garwood Valley is located in [MASK] .,Antarctica,synth_Continent/TREx/P30.jsonl
22370,Pernik Peninsula is located in [MASK] .,Antarctica,synth_Continent/TREx/P30.jsonl
22384,Western Asia is located in [MASK] .,Asia,synth_Continent/TREx/P30.jsonl
22407,McFarlane Strait is located in [MASK] .,Antarctica,synth_Continent/TREx/P30.jsonl
22420,Entente Florale is located in [MASK] .,Europe,synth_Continent/TREx/P30.jsonl
22425,Northeast Glacier is located in [MASK] .,Antarctic,synth_Continent/TREx/P30.jsonl
22429,Nebraska Peaks is located in [MASK] .,Antarctica,synth_Continent/TREx/P30.jsonl
22431,McCuddin Mountains is located in [MASK] .,Antarctic,synth_Continent/TREx/P30.jsonl
22440,Terra Nova Bay is located in [MASK] .,Antarctica,synth_Continent/TREx/P30.jsonl
22449,Gabbro Hills is located in [MASK] .,Antarctica,synth_Continent/TREx/P30.jsonl
22451,Mac. Robertson Land is located in [MASK] .,Antarctica,synth_Continent/TREx/P30.jsonl
22454,Booth Island is located in [MASK] .,Antarctica,synth_Continent/TREx/P30.jsonl
22478,Oates Land is located in [MASK] .,Antarctica,synth_Continent/TREx/P30.jsonl
22495,Fredriksen Island is located in [MASK] .,Antarctica,synth_Continent/TREx/P30.jsonl
22498,Owen Ridge is located in [MASK] .,Antarctica,synth_Continent/TREx/P30.jsonl
22510,Jones Bluffs is located in [MASK] .,Antarctica,synth_Continent/TREx/P30.jsonl
22512,Hurricane Ridge is located in [MASK] .,Antarctica,synth_Continent/TREx/P30.jsonl
22516,Smith Glacier is located in [MASK] .,Antarctica,synth_Continent/TREx/P30.jsonl
22519,Marsh Glacier is located in [MASK] .,Antarctica,synth_Continent/TREx/P30.jsonl
22525,Laurie Island is located in [MASK] .,Antarctica,synth_Continent/TREx/P30.jsonl
22548,Howchin Glacier is located in [MASK] .,Antarctica,synth_Continent/TREx/P30.jsonl
22554,Mount Fridtjof Nansen is located in [MASK] .,Antarctica,synth_Continent/TREx/P30.jsonl
22559,Ellsworth Land is located in [MASK] .,Antarctic,synth_Continent/TREx/P30.jsonl
22603,Bihar is located in [MASK] .,Asia,synth_Continent/TREx/P30.jsonl
22607,Brown Peninsula is located in [MASK] .,Antarctica,synth_Continent/TREx/P30.jsonl
22616,Crevasse Valley Glacier is located in [MASK] .,Antarctica,synth_Continent/TREx/P30.jsonl
22619,Bertram Glacier is located in [MASK] .,Antarctica,synth_Continent/TREx/P30.jsonl
22622,Dennistoun Glacier is located in [MASK] .,Antarctic,synth_Continent/TREx/P30.jsonl
22626,Beaumont Bay is located in [MASK] .,Antarctic,synth_Continent/TREx/P30.jsonl
22629,Roberts Massif is located in [MASK] .,Antarctic,synth_Continent/TREx/P30.jsonl
22635,Estonia is located in [MASK] .,Europe,synth_Continent/TREx/P30.jsonl
22741,Halpern Point is located in [MASK] .,Antarctic,synth_Continent/TREx/P30.jsonl
22746,Holdsworth Glacier is located in [MASK] .,Antarctica,synth_Continent/TREx/P30.jsonl
22751,Lovech Heights is located in [MASK] .,Antarctica,synth_Continent/TREx/P30.jsonl
22757,Trelech is located in [MASK] .,Europe,synth_Continent/TREx/P30.jsonl
22759,Berkovitsa Glacier is located in [MASK] .,Antarctica,synth_Continent/TREx/P30.jsonl
22768,Mount Melbourne is located in [MASK] .,Antarctica,synth_Continent/TREx/P30.jsonl
22772,Maglenik Heights is located in [MASK] .,Antarctica,synth_Continent/TREx/P30.jsonl
22783,Jutulsessen is located in [MASK] .,Antarctica,synth_Continent/TREx/P30.jsonl
22788,French Southern and Antarctic Lands is located in [MASK] .,Antarctic,synth_Continent/TREx/P30.jsonl
22798,Moubray Bay is located in [MASK] .,Antarctica,synth_Continent/TREx/P30.jsonl
22808,Skeidshovden Mountain is located in [MASK] .,Antarctica,synth_Continent/TREx/P30.jsonl
22812,Jupiter Glacier is located in [MASK] .,Antarctica,synth_Continent/TREx/P30.jsonl
22832,Matusevich Glacier is located in [MASK] .,Antarctica,synth_Continent/TREx/P30.jsonl
22835,Panega Glacier is located in [MASK] .,Antarctica,synth_Continent/TREx/P30.jsonl
22841,Uranus Glacier is located in [MASK] .,Antarctic,synth_Continent/TREx/P30.jsonl
22858,Gornergrat is located in [MASK] .,Europe,synth_Continent/TREx/P30.jsonl
22860,Pitt Islands is located in [MASK] .,Antarctica,synth_Continent/TREx/P30.jsonl
22877,Long Hills is located in [MASK] .,Antarctica,synth_Continent/TREx/P30.jsonl
22882,Sudan is located in [MASK] .,Africa,synth_Continent/TREx/P30.jsonl
23027,Principality of Sealand is located in [MASK] .,Europe,synth_Continent/TREx/P30.jsonl
23028,Jennings Promontory is located in [MASK] .,Antarctica,synth_Continent/TREx/P30.jsonl
23032,Opalchenie Peak is located in [MASK] .,Antarctica,synth_Continent/TREx/P30.jsonl
23036,Antarctic Treaty System is located in [MASK] .,Antarctica,synth_Continent/TREx/P30.jsonl
23065,Mount Bentley is located in [MASK] .,Antarctica,synth_Continent/TREx/P30.jsonl
23072,Kiev Peninsula is located in [MASK] .,Antarctica,synth_Continent/TREx/P30.jsonl
23094,Odbert Island is located in [MASK] .,Antarctica,synth_Continent/TREx/P30.jsonl
23098,Paulet Island is located in [MASK] .,Antarctic,synth_Continent/TREx/P30.jsonl
23100,Eland Mountains is located in [MASK] .,Antarctica,synth_Continent/TREx/P30.jsonl
23102,Spur Point is located in [MASK] .,Antarctic,synth_Continent/TREx/P30.jsonl
23103,Crystal Sound is located in [MASK] .,Antarctica,synth_Continent/TREx/P30.jsonl
23111,Borg Massif is located in [MASK] .,Antarctica,synth_Continent/TREx/P30.jsonl
23135,Recovery Glacier is located in [MASK] .,Antarctica,synth_Continent/TREx/P30.jsonl
23138,Nepal is located in [MASK] .,Asia,synth_Continent/TREx/P30.jsonl
23252,Gibbs Glacier is located in [MASK] .,Antarctic,synth_Continent/TREx/P30.jsonl
23260,Krogh Island is located in [MASK] .,Antarctica,synth_Continent/TREx/P30.jsonl
23270,Achaean Range is located in [MASK] .,Antarctica,synth_Continent/TREx/P30.jsonl
23273,Ford Ranges is located in [MASK] .,Antarctica,synth_Continent/TREx/P30.jsonl
23317,Rennick Glacier is located in [MASK] .,Antarctica,synth_Continent/TREx/P30.jsonl
23344,Dion Islands is located in [MASK] .,Antarctic,synth_Continent/TREx/P30.jsonl
23348,Frigate Range is located in [MASK] .,Antarctica,synth_Continent/TREx/P30.jsonl
23351,Juan de Nova Island is located in [MASK] .,Africa,synth_Continent/TREx/P30.jsonl
23352,Emona Anchorage is located in [MASK] .,Antarctica,synth_Continent/TREx/P30.jsonl
23358,Hays Mountains is located in [MASK] .,Antarctica,synth_Continent/TREx/P30.jsonl
23368,Detaille Island is located in [MASK] .,Antarctica,synth_Continent/TREx/P30.jsonl
23375,Cape Yelcho is located in [MASK] .,Antarctica,synth_Continent/TREx/P30.jsonl
23378,United States of America is located in [MASK] .,Oceania,synth_Continent/TREx/P30.jsonl
23482,Japan is located in [MASK] .,Asia,synth_Continent/TREx/P30.jsonl
24326,Probuda Ridge is located in [MASK] .,Antarctica,synth_Continent/TREx/P30.jsonl
24331,Masson Range is located in [MASK] .,Antarctica,synth_Continent/TREx/P30.jsonl
24339,Mozambique is located in [MASK] .,Africa,synth_Continent/TREx/P30.jsonl
24485,Shimla is located in [MASK] .,Asia,synth_Continent/TREx/P30.jsonl
24486,Helsinki is located in [MASK] .,Europe,synth_Continent/TREx/P30.jsonl
24508,San Marino is located in [MASK] .,Europe,synth_Continent/TREx/P30.jsonl
24552,Yambol Peak is located in [MASK] .,Antarctica,synth_Continent/TREx/P30.jsonl
24556,Shenzhen is located in [MASK] .,Asia,synth_Continent/TREx/P30.jsonl
24560,Congo Free State is located in [MASK] .,Africa,synth_Continent/TREx/P30.jsonl
24564,Lazarev Ice Shelf is located in [MASK] .,Antarctica,synth_Continent/TREx/P30.jsonl
24568,Lambert Glacier is located in [MASK] .,Antarctica,synth_Continent/TREx/P30.jsonl
24576,Eureka Glacier is located in [MASK] .,Antarctic,synth_Continent/TREx/P30.jsonl
24578,Rampart Ridge is located in [MASK] .,Antarctica,synth_Continent/TREx/P30.jsonl
24581,Suvorov Glacier is located in [MASK] .,Antarctica,synth_Continent/TREx/P30.jsonl
24585,Balkan Snowfield is located in [MASK] .,Antarctica,synth_Continent/TREx/P30.jsonl
24592,Chavez Island is located in [MASK] .,Antarctica,synth_Continent/TREx/P30.jsonl
24593,Sykes Glacier is located in [MASK] .,Antarctica,synth_Continent/TREx/P30.jsonl
24595,Taylor Valley is located in [MASK] .,Antarctica,synth_Continent/TREx/P30.jsonl
24638,Arab League is located in [MASK] .,Asia,synth_Continent/TREx/P30.jsonl
24644,Mount Berlin is located in [MASK] .,Antarctic,synth_Continent/TREx/P30.jsonl
24654,La Grange Nunataks is located in [MASK] .,Antarctica,synth_Continent/TREx/P30.jsonl
24660,Mount Manthe is located in [MASK] .,Antarctica,synth_Continent/TREx/P30.jsonl
24666,Rezen Knoll is located in [MASK] .,Antarctica,synth_Continent/TREx/P30.jsonl
24671,Tinker Glacier is located in [MASK] .,Antarctica,synth_Continent/TREx/P30.jsonl
24679,Denton Glacier is located in [MASK] .,Antarctica,synth_Continent/TREx/P30.jsonl
24682,Breznik Heights is located in [MASK] .,Antarctica,synth_Continent/TREx/P30.jsonl
24711,Berkner Island is located in [MASK] .,Antarctica,synth_Continent/TREx/P30.jsonl
24721,Vistula is located in [MASK] .,Europe,synth_Continent/TREx/P30.jsonl
24723,Cape Hallett is located in [MASK] .,Antarctic,synth_Continent/TREx/P30.jsonl
24798,Douro is located in [MASK] .,Europe,synth_Continent/TREx/P30.jsonl
24799,Vernadsky Research Base is located in [MASK] .,Antarctic,synth_Continent/TREx/P30.jsonl
24804,Schokalsky Bay is located in [MASK] .,Antarctica,synth_Continent/TREx/P30.jsonl
24810,Cape Shirreff is located in [MASK] .,Antarctica,synth_Continent/TREx/P30.jsonl
24817,Cape Royds is located in [MASK] .,Antarctica,synth_Continent/TREx/P30.jsonl
24822,Anare Mountains is located in [MASK] .,Antarctica,synth_Continent/TREx/P30.jsonl
24849,Chamarajanagar district is located in [MASK] .,Asia,synth_Continent/TREx/P30.jsonl
24850,Leverett Glacier is located in [MASK] .,Antarctica,synth_Continent/TREx/P30.jsonl
24860,South Africa is located in [MASK] .,Africa,synth_Continent/TREx/P30.jsonl
25584,Warren Range is located in [MASK] .,Antarctica,synth_Continent/TREx/P30.jsonl
25587,Medina Peaks is located in [MASK] .,Antarctica,synth_Continent/TREx/P30.jsonl
25594,Davis Coast is located in [MASK] .,Antarctica,synth_Continent/TREx/P30.jsonl
25622,Guadalquivir is located in [MASK] .,Europe,synth_Continent/TREx/P30.jsonl
25623,Hilton Inlet is located in [MASK] .,Antarctica,synth_Continent/TREx/P30.jsonl
25631,James Ross Island group is located in [MASK] .,Antarctic,synth_Continent/TREx/P30.jsonl
25636,Thiel Mountains is located in [MASK] .,Antarctica,synth_Continent/TREx/P30.jsonl
25667,Mount Spivey is located in [MASK] .,Antarctica,synth_Continent/TREx/P30.jsonl
25670,Yule Bay is located in [MASK] .,Antarctica,synth_Continent/TREx/P30.jsonl
25674,Mount Harding is located in [MASK] .,Antarctica,synth_Continent/TREx/P30.jsonl
25679,Block Bay is located in [MASK] .,Antarctica,synth_Continent/TREx/P30.jsonl
25685,Shinnan Glacier is located in [MASK] .,Antarctica,synth_Continent/TREx/P30.jsonl
25687,Tarnovo Ice Piedmont is located in [MASK] .,Antarctica,synth_Continent/TREx/P30.jsonl
25693,Heritage Range is located in [MASK] .,Antarctica,synth_Continent/TREx/P30.jsonl
25768,Kaliakra Glacier is located in [MASK] .,Antarctica,synth_Continent/TREx/P30.jsonl
25779,Miller Range is located in [MASK] .,Antarctica,synth_Continent/TREx/P30.jsonl
25795,Somalia is located in [MASK] .,Africa,synth_Continent/TREx/P30.jsonl
