,sent,gold,filename
0,Gautama Buddha is affiliated with the [MASK] religion .,Buddhism,synth_Religion/TREx/P140.jsonl
292,Christianization is affiliated with the [MASK] religion .,Christian,synth_Religion/TREx/P140.jsonl
336,Augustine of Hippo is affiliated with the [MASK] religion .,Christianity,synth_Religion/TREx/P140.jsonl
375,Albanians is affiliated with the [MASK] religion .,Muslim,synth_Religion/TREx/P140.jsonl
409,Bede is affiliated with the [MASK] religion .,Christianity,synth_Religion/TREx/P140.jsonl
436,Constantine the Great is affiliated with the [MASK] religion .,Christian,synth_Religion/TREx/P140.jsonl
542,Jacob is affiliated with the [MASK] religion .,Jewish,synth_Religion/TREx/P140.jsonl
572,Buddhist philosophy is affiliated with the [MASK] religion .,Buddhist,synth_Religion/TREx/P140.jsonl
586,Paschal Triduum is affiliated with the [MASK] religion .,Christianity,synth_Religion/TREx/P140.jsonl
587,bishop is affiliated with the [MASK] religion .,Christianity,synth_Religion/TREx/P140.jsonl
673,Honorius III is affiliated with the [MASK] religion .,Christian,synth_Religion/TREx/P140.jsonl
674,Gregory IX is affiliated with the [MASK] religion .,Christian,synth_Religion/TREx/P140.jsonl
677,Afghanistan is affiliated with the [MASK] religion .,Islam,synth_Religion/TREx/P140.jsonl
712,Jesus Christ is affiliated with the [MASK] religion .,Jewish,synth_Religion/TREx/P140.jsonl
796,Vidyapati is affiliated with the [MASK] religion .,Hindu,synth_Religion/TREx/P140.jsonl
798,Arab is affiliated with the [MASK] religion .,Islam,synth_Religion/TREx/P140.jsonl
942,Malacca sultanate is affiliated with the [MASK] religion .,Islam,synth_Religion/TREx/P140.jsonl
947,Ibn Battuta is affiliated with the [MASK] religion .,Muslim,synth_Religion/TREx/P140.jsonl
950,Muhammad is affiliated with the [MASK] religion .,Muslim,synth_Religion/TREx/P140.jsonl
1270,Muslim ibn al-Hajjaj is affiliated with the [MASK] religion .,Islam,synth_Religion/TREx/P140.jsonl
1272,Jesus in Islam is affiliated with the [MASK] religion .,Islam,synth_Religion/TREx/P140.jsonl
1297,Muslim is affiliated with the [MASK] religion .,Islam,synth_Religion/TREx/P140.jsonl
1653,Muhammad Ahmad ibn ʿAbdallah is affiliated with the [MASK] religion .,Islam,synth_Religion/TREx/P140.jsonl
1660,Jahangir is affiliated with the [MASK] religion .,Islam,synth_Religion/TREx/P140.jsonl
1664,Moses in Islam is affiliated with the [MASK] religion .,Islam,synth_Religion/TREx/P140.jsonl
1693,Moshe ben Maimon is affiliated with the [MASK] religion .,Jewish,synth_Religion/TREx/P140.jsonl
1741,Malcolm X is affiliated with the [MASK] religion .,Islam,synth_Religion/TREx/P140.jsonl
1759,Elijah Muhammad is affiliated with the [MASK] religion .,Islam,synth_Religion/TREx/P140.jsonl
1788,Ibn Shihab al-Zuhri is affiliated with the [MASK] religion .,Muslim,synth_Religion/TREx/P140.jsonl
1790,Chaim Weizmann is affiliated with the [MASK] religion .,Jerusalem,synth_Religion/TREx/P140.jsonl
1792,Christian liturgy is affiliated with the [MASK] religion .,Christian,synth_Religion/TREx/P140.jsonl
1795,Uzbeks is affiliated with the [MASK] religion .,Islam,synth_Religion/TREx/P140.jsonl
1797,Ahnaf ibn Qais is affiliated with the [MASK] religion .,Muslim,synth_Religion/TREx/P140.jsonl
1800,Kali Yuga is affiliated with the [MASK] religion .,Hinduism,synth_Religion/TREx/P140.jsonl
1807,Adi Shankara is affiliated with the [MASK] religion .,Hinduism,synth_Religion/TREx/P140.jsonl
1830,synagogue is affiliated with the [MASK] religion .,Jewish,synth_Religion/TREx/P140.jsonl
1928,Mehmed IV is affiliated with the [MASK] religion .,Islam,synth_Religion/TREx/P140.jsonl
1930,Abraham is affiliated with the [MASK] religion .,Judaism,synth_Religion/TREx/P140.jsonl
1961,Averroes is affiliated with the [MASK] religion .,Islam,synth_Religion/TREx/P140.jsonl
1965,Ibn Khaldun is affiliated with the [MASK] religion .,Muslim,synth_Religion/TREx/P140.jsonl
1971,bhikkhu is affiliated with the [MASK] religion .,Buddhist,synth_Religion/TREx/P140.jsonl
2031,Pala Empire is affiliated with the [MASK] religion .,Buddhism,synth_Religion/TREx/P140.jsonl
2041,David is affiliated with the [MASK] religion .,Judaism,synth_Religion/TREx/P140.jsonl
2075,Sangha is affiliated with the [MASK] religion .,Buddhist,synth_Religion/TREx/P140.jsonl
2119,Islamic view of Isaac is affiliated with the [MASK] religion .,Islam,synth_Religion/TREx/P140.jsonl
2121,Edwin of Northumbria is affiliated with the [MASK] religion .,Christian,synth_Religion/TREx/P140.jsonl
2134,bhikkhuni is affiliated with the [MASK] religion .,Buddhism,synth_Religion/TREx/P140.jsonl
2154,Rashi is affiliated with the [MASK] religion .,Jewish,synth_Religion/TREx/P140.jsonl
2158,Suleiman the Magnificent is affiliated with the [MASK] religion .,Islam,synth_Religion/TREx/P140.jsonl
2162,Hurrem sultan is affiliated with the [MASK] religion .,Islam,synth_Religion/TREx/P140.jsonl
2193,Bayazid Bastami is affiliated with the [MASK] religion .,Islam,synth_Religion/TREx/P140.jsonl
2194,Rumi is affiliated with the [MASK] religion .,Islam,synth_Religion/TREx/P140.jsonl
2196,Al-Ghazali is affiliated with the [MASK] religion .,Islam,synth_Religion/TREx/P140.jsonl
2199,Jewish Theological Seminary of America is affiliated with the [MASK] religion .,Jewish,synth_Religion/TREx/P140.jsonl
2204,Alodia is affiliated with the [MASK] religion .,Christian,synth_Religion/TREx/P140.jsonl
2214,Umayyad Caliphate is affiliated with the [MASK] religion .,Islam,synth_Religion/TREx/P140.jsonl
2244,Stephen I of Hungary is affiliated with the [MASK] religion .,Christianity,synth_Religion/TREx/P140.jsonl
2249,Charlemagne is affiliated with the [MASK] religion .,Christian,synth_Religion/TREx/P140.jsonl
2262,John Bunyan is affiliated with the [MASK] religion .,Christian,synth_Religion/TREx/P140.jsonl
2272,Talmud Torah school is affiliated with the [MASK] religion .,Jewish,synth_Religion/TREx/P140.jsonl
2277,Augustine of Canterbury is affiliated with the [MASK] religion .,Christianity,synth_Religion/TREx/P140.jsonl
2284,Mir Damad is affiliated with the [MASK] religion .,Islam,synth_Religion/TREx/P140.jsonl
2286,Mulla Sadra is affiliated with the [MASK] religion .,Islam,synth_Religion/TREx/P140.jsonl
2290,Hafsa bint Umar is affiliated with the [MASK] religion .,Islam,synth_Religion/TREx/P140.jsonl
2292,Yazid I is affiliated with the [MASK] religion .,Islam,synth_Religion/TREx/P140.jsonl
2296,Seventh-day Adventist Church is affiliated with the [MASK] religion .,Christianity,synth_Religion/TREx/P140.jsonl
2301,Haji Shariatullah is affiliated with the [MASK] religion .,Islam,synth_Religion/TREx/P140.jsonl
2302,Baekje is affiliated with the [MASK] religion .,Buddhist,synth_Religion/TREx/P140.jsonl
2311,Ibn Arabi is affiliated with the [MASK] religion .,Islam,synth_Religion/TREx/P140.jsonl
2312,Vladimir the Great is affiliated with the [MASK] religion .,Christianity,synth_Religion/TREx/P140.jsonl
2325,Church of the Holy Sepulchre is affiliated with the [MASK] religion .,Christianity,synth_Religion/TREx/P140.jsonl
2329,History of the Jews in Egypt is affiliated with the [MASK] religion .,Judaism,synth_Religion/TREx/P140.jsonl
2330,Menachem Mendel Schneerson is affiliated with the [MASK] religion .,Jewish,synth_Religion/TREx/P140.jsonl
2339,Muawiyah I is affiliated with the [MASK] religion .,Muslim,synth_Religion/TREx/P140.jsonl
2341,Hebrew Union College-Jewish Institute of Religion is affiliated with the [MASK] religion .,Jewish,synth_Religion/TREx/P140.jsonl
2358,Gratz College is affiliated with the [MASK] religion .,Jewish,synth_Religion/TREx/P140.jsonl
2365,Dayi Daoxin is affiliated with the [MASK] religion .,Buddhist,synth_Religion/TREx/P140.jsonl
2367,Jianzhi Sengcan is affiliated with the [MASK] religion .,Buddhist,synth_Religion/TREx/P140.jsonl
2369,Daman Hongren is affiliated with the [MASK] religion .,Buddhist,synth_Religion/TREx/P140.jsonl
2370,Clovis I is affiliated with the [MASK] religion .,Christianity,synth_Religion/TREx/P140.jsonl
2375,Tang Empire is affiliated with the [MASK] religion .,Buddhism,synth_Religion/TREx/P140.jsonl
2404,Silla is affiliated with the [MASK] religion .,Buddhism,synth_Religion/TREx/P140.jsonl
2417,Goguryeo is affiliated with the [MASK] religion .,Buddhist,synth_Religion/TREx/P140.jsonl
2421,Abdur Rahman bin Awf is affiliated with the [MASK] religion .,Islam,synth_Religion/TREx/P140.jsonl
2422,dawah is affiliated with the [MASK] religion .,Islam,synth_Religion/TREx/P140.jsonl
2467,Tulsidas is affiliated with the [MASK] religion .,Hindus,synth_Religion/TREx/P140.jsonl
2471,Muadh ibn Jabal is affiliated with the [MASK] religion .,Muslim,synth_Religion/TREx/P140.jsonl
2474,Umar ibn Al-Khattāb is affiliated with the [MASK] religion .,Islam,synth_Religion/TREx/P140.jsonl
2487,Muhammad Iqbal is affiliated with the [MASK] religion .,Islam,synth_Religion/TREx/P140.jsonl
2499,Omar Bongo is affiliated with the [MASK] religion .,Islam,synth_Religion/TREx/P140.jsonl
2501,Thietmar of Merseburg is affiliated with the [MASK] religion .,Christian,synth_Religion/TREx/P140.jsonl
2503,Nicholas V is affiliated with the [MASK] religion .,Christian,synth_Religion/TREx/P140.jsonl
2506,Ruhollah Khomeini is affiliated with the [MASK] religion .,Muslim,synth_Religion/TREx/P140.jsonl
2532,Hamiduddin Farahi is affiliated with the [MASK] religion .,Muslim,synth_Religion/TREx/P140.jsonl
2533,Ghazi of Iraq is affiliated with the [MASK] religion .,Islam,synth_Religion/TREx/P140.jsonl
2536,Peoples Temple is affiliated with the [MASK] religion .,Christianity,synth_Religion/TREx/P140.jsonl
2538,Boniface VIII is affiliated with the [MASK] religion .,Christianity,synth_Religion/TREx/P140.jsonl
2539,Ibn-e-Safi is affiliated with the [MASK] religion .,Islam,synth_Religion/TREx/P140.jsonl
2540,Aisha is affiliated with the [MASK] religion .,Islam,synth_Religion/TREx/P140.jsonl
2546,Nagarjuna is affiliated with the [MASK] religion .,Buddhist,synth_Religion/TREx/P140.jsonl
2549,Talha ibn Ubaydullah is affiliated with the [MASK] religion .,Muslim,synth_Religion/TREx/P140.jsonl
2552,Husayn ibn Ali is affiliated with the [MASK] religion .,Muslim,synth_Religion/TREx/P140.jsonl
2555,Brahman is affiliated with the [MASK] religion .,Hinduism,synth_Religion/TREx/P140.jsonl
2601,Nzinga a Mbandi is affiliated with the [MASK] religion .,Christianity,synth_Religion/TREx/P140.jsonl
2604,Saladin is affiliated with the [MASK] religion .,Islam,synth_Religion/TREx/P140.jsonl
2610,Michael Muhammad Knight is affiliated with the [MASK] religion .,Islam,synth_Religion/TREx/P140.jsonl
2614,Pallava is affiliated with the [MASK] religion .,Hinduism,synth_Religion/TREx/P140.jsonl
2623,Chola dynasty is affiliated with the [MASK] religion .,Hinduism,synth_Religion/TREx/P140.jsonl
2627,Bodhidharma is affiliated with the [MASK] religion .,Buddhist,synth_Religion/TREx/P140.jsonl
2633,Malik ibn Anas is affiliated with the [MASK] religion .,Islam,synth_Religion/TREx/P140.jsonl
2635,Kadamba Dynasty is affiliated with the [MASK] religion .,Hinduism,synth_Religion/TREx/P140.jsonl
2636,Muhammad Asad is affiliated with the [MASK] religion .,Islam,synth_Religion/TREx/P140.jsonl
2651,Johari Abdul-Malik is affiliated with the [MASK] religion .,Islam,synth_Religion/TREx/P140.jsonl
2653,Saint Patrick is affiliated with the [MASK] religion .,Christianity,synth_Religion/TREx/P140.jsonl
2663,Abdurrahman Wahid is affiliated with the [MASK] religion .,Islam,synth_Religion/TREx/P140.jsonl
2664,Theodor Herzl is affiliated with the [MASK] religion .,Judaism,synth_Religion/TREx/P140.jsonl
2668,Sabbatai Zevi is affiliated with the [MASK] religion .,Judaism,synth_Religion/TREx/P140.jsonl
2676,Firuz Shah Tughlaq is affiliated with the [MASK] religion .,Islam,synth_Religion/TREx/P140.jsonl
2684,mullah is affiliated with the [MASK] religion .,Islam,synth_Religion/TREx/P140.jsonl
2689,sheikh is affiliated with the [MASK] religion .,Islam,synth_Religion/TREx/P140.jsonl
2718,Patrick Sookhdeo is affiliated with the [MASK] religion .,Islam,synth_Religion/TREx/P140.jsonl
2720,Dharmananda Damodar Kosambi is affiliated with the [MASK] religion .,Buddhist,synth_Religion/TREx/P140.jsonl
2725,Companions of the Prophet is affiliated with the [MASK] religion .,Islam,synth_Religion/TREx/P140.jsonl
2731,Yusuf al-Qaradawi is affiliated with the [MASK] religion .,Islam,synth_Religion/TREx/P140.jsonl
2733,Valmiki is affiliated with the [MASK] religion .,Hindu,synth_Religion/TREx/P140.jsonl
2734,Ja'far ibn Abī Tālib is affiliated with the [MASK] religion .,Islam,synth_Religion/TREx/P140.jsonl
2735,Amānullāh Khān is affiliated with the [MASK] religion .,Muslim,synth_Religion/TREx/P140.jsonl
2739,Moin-ud-din Chishti is affiliated with the [MASK] religion .,Islam,synth_Religion/TREx/P140.jsonl
2740,L. Ron Hubbard is affiliated with the [MASK] religion .,Scientology,synth_Religion/TREx/P140.jsonl
2743,rebbetzin is affiliated with the [MASK] religion .,Judaism,synth_Religion/TREx/P140.jsonl
2744,Khmer Empire is affiliated with the [MASK] religion .,Hindu,synth_Religion/TREx/P140.jsonl
2749,Ibn Saud is affiliated with the [MASK] religion .,Islam,synth_Religion/TREx/P140.jsonl
2750,Vasubandhu is affiliated with the [MASK] religion .,Buddhist,synth_Religion/TREx/P140.jsonl
2752,Majapahit is affiliated with the [MASK] religion .,Hinduism,synth_Religion/TREx/P140.jsonl
2753,Hosni Mubarak is affiliated with the [MASK] religion .,Islam,synth_Religion/TREx/P140.jsonl
2754,Heidi Baker is affiliated with the [MASK] religion .,Christian,synth_Religion/TREx/P140.jsonl
2758,Sylvester I is affiliated with the [MASK] religion .,Christianity,synth_Religion/TREx/P140.jsonl
2761,Michael Bloomberg is affiliated with the [MASK] religion .,Jewish,synth_Religion/TREx/P140.jsonl
2762,Alī ibn Abī Ṭālib is affiliated with the [MASK] religion .,Islam,synth_Religion/TREx/P140.jsonl
2823,Tantrasara is affiliated with the [MASK] religion .,Hinduism,synth_Religion/TREx/P140.jsonl
2825,Salman the Persian is affiliated with the [MASK] religion .,Islam,synth_Religion/TREx/P140.jsonl
2830,Uwais Qarni is affiliated with the [MASK] religion .,Islam,synth_Religion/TREx/P140.jsonl
2832,As-Saffah is affiliated with the [MASK] religion .,Islam,synth_Religion/TREx/P140.jsonl
2833,Sayyid Qutb is affiliated with the [MASK] religion .,Muslim,synth_Religion/TREx/P140.jsonl
2836,Dokka Umarov is affiliated with the [MASK] religion .,Muslim,synth_Religion/TREx/P140.jsonl
2837,Anjem Choudary is affiliated with the [MASK] religion .,Muslim,synth_Religion/TREx/P140.jsonl
2839,Jewish cemetery is affiliated with the [MASK] religion .,Jewish,synth_Religion/TREx/P140.jsonl
2843,Muhammad Ali Pasha is affiliated with the [MASK] religion .,Muslim,synth_Religion/TREx/P140.jsonl
2844,Nasr Abu Zayd is affiliated with the [MASK] religion .,Muslim,synth_Religion/TREx/P140.jsonl
2845,Abdolkarim Soroush is affiliated with the [MASK] religion .,Muslim,synth_Religion/TREx/P140.jsonl
2848,Muhammad Tahir-ul-Qadri is affiliated with the [MASK] religion .,Muslim,synth_Religion/TREx/P140.jsonl
2849,Sri Chinmoy is affiliated with the [MASK] religion .,Hindu,synth_Religion/TREx/P140.jsonl
2850,Richard I of England is affiliated with the [MASK] religion .,Christianity,synth_Religion/TREx/P140.jsonl
2868,Mirza Ghulam Ahmad is affiliated with the [MASK] religion .,Islam,synth_Religion/TREx/P140.jsonl
2886,James I of Aragon is affiliated with the [MASK] religion .,Christianity,synth_Religion/TREx/P140.jsonl
2887,Indo-Greek Kingdom is affiliated with the [MASK] religion .,Buddhism,synth_Religion/TREx/P140.jsonl
2907,Uthman ibn Affan is affiliated with the [MASK] religion .,Islam,synth_Religion/TREx/P140.jsonl
2911,Ali Khamenei is affiliated with the [MASK] religion .,Islam,synth_Religion/TREx/P140.jsonl
2912,Wesleyan Methodist Church is affiliated with the [MASK] religion .,Christianity,synth_Religion/TREx/P140.jsonl
2913,Tom Cruise is affiliated with the [MASK] religion .,Scientology,synth_Religion/TREx/P140.jsonl
2926,Mahatma Gandhi is affiliated with the [MASK] religion .,Hinduism,synth_Religion/TREx/P140.jsonl
2936,Sathya Sai Baba is affiliated with the [MASK] religion .,Hinduism,synth_Religion/TREx/P140.jsonl
2939,Hamid Karzai is affiliated with the [MASK] religion .,Islam,synth_Religion/TREx/P140.jsonl
2941,Isaac Abrabanel is affiliated with the [MASK] religion .,Judaism,synth_Religion/TREx/P140.jsonl
2942,Hasdai Crescas is affiliated with the [MASK] religion .,Jewish,synth_Religion/TREx/P140.jsonl
2944,Satavahana dynasty is affiliated with the [MASK] religion .,Hinduism,synth_Religion/TREx/P140.jsonl
2945,Adi ibn Hatim is affiliated with the [MASK] religion .,Islam,synth_Religion/TREx/P140.jsonl
2947,Himyarite Kingdom is affiliated with the [MASK] religion .,Jewish,synth_Religion/TREx/P140.jsonl
2951,David Miscavige is affiliated with the [MASK] religion .,Scientology,synth_Religion/TREx/P140.jsonl
2963,Albert Schweitzer is affiliated with the [MASK] religion .,Christian,synth_Religion/TREx/P140.jsonl
2964,Muhammad Shah is affiliated with the [MASK] religion .,Islam,synth_Religion/TREx/P140.jsonl
2966,Sukarno is affiliated with the [MASK] religion .,Islam,synth_Religion/TREx/P140.jsonl
2970,Suharto is affiliated with the [MASK] religion .,Islam,synth_Religion/TREx/P140.jsonl
2972,Judaizers is affiliated with the [MASK] religion .,Christianity,synth_Religion/TREx/P140.jsonl
2974,Chuck D is affiliated with the [MASK] religion .,Islam,synth_Religion/TREx/P140.jsonl
2975,Saint David is affiliated with the [MASK] religion .,Christian,synth_Religion/TREx/P140.jsonl
2978,Maumoon Abdul Gayoom is affiliated with the [MASK] religion .,Islam,synth_Religion/TREx/P140.jsonl
2980,Cuthbert is affiliated with the [MASK] religion .,Christian,synth_Religion/TREx/P140.jsonl
2982,Sheikh Abubakr Ahmad is affiliated with the [MASK] religion .,Muslim,synth_Religion/TREx/P140.jsonl
2985,Tefillin is affiliated with the [MASK] religion .,Jewish,synth_Religion/TREx/P140.jsonl
2991,Jack Ward is affiliated with the [MASK] religion .,Islam,synth_Religion/TREx/P140.jsonl
2992,Fatimah bint Asad is affiliated with the [MASK] religion .,Islam,synth_Religion/TREx/P140.jsonl
2994,Al-Walid I is affiliated with the [MASK] religion .,Muslim,synth_Religion/TREx/P140.jsonl
2996,Sweyn II of Denmark is affiliated with the [MASK] religion .,Christian,synth_Religion/TREx/P140.jsonl
2997,Ice Cube is affiliated with the [MASK] religion .,Islam,synth_Religion/TREx/P140.jsonl
2998,Valdemar I of Denmark is affiliated with the [MASK] religion .,Christianity,synth_Religion/TREx/P140.jsonl
2999,Radim Gaudentius is affiliated with the [MASK] religion .,Christian,synth_Religion/TREx/P140.jsonl
3002,Carlos the Jackal is affiliated with the [MASK] religion .,Islam,synth_Religion/TREx/P140.jsonl
3003,Valdemar IV of Denmark is affiliated with the [MASK] religion .,Christian,synth_Religion/TREx/P140.jsonl
3004,al-Maʾmun is affiliated with the [MASK] religion .,Islam,synth_Religion/TREx/P140.jsonl
3005,Al-Qurtubi is affiliated with the [MASK] religion .,Muslim,synth_Religion/TREx/P140.jsonl
3008,Swami Vivekananda is affiliated with the [MASK] religion .,Hinduism,synth_Religion/TREx/P140.jsonl
3029,Tariq Abdul-Wahad is affiliated with the [MASK] religion .,Islam,synth_Religion/TREx/P140.jsonl
3031,Fatimah is affiliated with the [MASK] religion .,Islam,synth_Religion/TREx/P140.jsonl
3035,Muhammad Ali Jinnah is affiliated with the [MASK] religion .,Islam,synth_Religion/TREx/P140.jsonl
3037,South Vietnam is affiliated with the [MASK] religion .,Buddhism,synth_Religion/TREx/P140.jsonl
3038,Daniel Patrick Boyd is affiliated with the [MASK] religion .,Islam,synth_Religion/TREx/P140.jsonl
3040,Mesud I is affiliated with the [MASK] religion .,Islam,synth_Religion/TREx/P140.jsonl
3041,Abdul Hamid II is affiliated with the [MASK] religion .,Islam,synth_Religion/TREx/P140.jsonl
3043,Muhammad Shah of Brunei is affiliated with the [MASK] religion .,Islam,synth_Religion/TREx/P140.jsonl
3044,Alevi is affiliated with the [MASK] religion .,Islam,synth_Religion/TREx/P140.jsonl
3051,Maulana Mohammad Ali is affiliated with the [MASK] religion .,Islam,synth_Religion/TREx/P140.jsonl
3052,Aung San Suu Kyi is affiliated with the [MASK] religion .,Buddhist,synth_Religion/TREx/P140.jsonl
3053,John I of Portugal is affiliated with the [MASK] religion .,Christianity,synth_Religion/TREx/P140.jsonl
3057,Khwaja Kamal-ud-Din is affiliated with the [MASK] religion .,Islam,synth_Religion/TREx/P140.jsonl
3060,hakham is affiliated with the [MASK] religion .,Jewish,synth_Religion/TREx/P140.jsonl
3066,Harun al-Rashid is affiliated with the [MASK] religion .,Islam,synth_Religion/TREx/P140.jsonl
3068,Isaiah is affiliated with the [MASK] religion .,Jewish,synth_Religion/TREx/P140.jsonl
3073,Reza Aslan is affiliated with the [MASK] religion .,Islam,synth_Religion/TREx/P140.jsonl
3074,Abu Bakr siddiq is affiliated with the [MASK] religion .,Islam,synth_Religion/TREx/P140.jsonl
3082,Gupta Empire is affiliated with the [MASK] religion .,Hindu,synth_Religion/TREx/P140.jsonl
3088,Indo-Scythians is affiliated with the [MASK] religion .,Buddhism,synth_Religion/TREx/P140.jsonl
3091,Vijayanagara Empire is affiliated with the [MASK] religion .,Hinduism,synth_Religion/TREx/P140.jsonl
3093,Ghazan is affiliated with the [MASK] religion .,Islam,synth_Religion/TREx/P140.jsonl
3102,Inayat Khan is affiliated with the [MASK] religion .,Islam,synth_Religion/TREx/P140.jsonl
3103,Abbas I of Persia is affiliated with the [MASK] religion .,Islam,synth_Religion/TREx/P140.jsonl
3105,Akbar is affiliated with the [MASK] religion .,Islam,synth_Religion/TREx/P140.jsonl
3112,Isma'il ibn Jafar is affiliated with the [MASK] religion .,Muslim,synth_Religion/TREx/P140.jsonl
3113,imam is affiliated with the [MASK] religion .,Muslim,synth_Religion/TREx/P140.jsonl
3117,Louis XIV of France is affiliated with the [MASK] religion .,Catholicism,synth_Religion/TREx/P140.jsonl
3118,Savitri Devi is affiliated with the [MASK] religion .,Hinduism,synth_Religion/TREx/P140.jsonl
3122,dervish is affiliated with the [MASK] religion .,Islam,synth_Religion/TREx/P140.jsonl
3125,Rama is affiliated with the [MASK] religion .,Hinduism,synth_Religion/TREx/P140.jsonl
3132,Treta Yuga is affiliated with the [MASK] religion .,Hinduism,synth_Religion/TREx/P140.jsonl
3139,Pentecost is affiliated with the [MASK] religion .,Christianity,synth_Religion/TREx/P140.jsonl
3144,Lord's Prayer is affiliated with the [MASK] religion .,Christianity,synth_Religion/TREx/P140.jsonl
3145,Tulsi Gabbard is affiliated with the [MASK] religion .,Hindu,synth_Religion/TREx/P140.jsonl
3146,Abdullah Ahmad Badawi is affiliated with the [MASK] religion .,Islam,synth_Religion/TREx/P140.jsonl
3147,S. W. R. D. Bandaranaike is affiliated with the [MASK] religion .,Buddhist,synth_Religion/TREx/P140.jsonl
3154,Dev Mandir is affiliated with the [MASK] religion .,Hinduism,synth_Religion/TREx/P140.jsonl
3158,Skanderbeg is affiliated with the [MASK] religion .,Christianity,synth_Religion/TREx/P140.jsonl
3161,Eusebius of Vercelli is affiliated with the [MASK] religion .,Christian,synth_Religion/TREx/P140.jsonl
3163,Tokugawa shogunate is affiliated with the [MASK] religion .,Buddhist,synth_Religion/TREx/P140.jsonl
3169,Henry III of France is affiliated with the [MASK] religion .,Catholicism,synth_Religion/TREx/P140.jsonl
3170,Cadwallon ap Cadfan is affiliated with the [MASK] religion .,Christian,synth_Religion/TREx/P140.jsonl
3172,Aurangzeb is affiliated with the [MASK] religion .,Islam,synth_Religion/TREx/P140.jsonl
3179,Daisaku Ikeda is affiliated with the [MASK] religion .,Buddhist,synth_Religion/TREx/P140.jsonl
3186,Rashid-al-Din Hamadani is affiliated with the [MASK] religion .,Islam,synth_Religion/TREx/P140.jsonl
3189,Ugyen Wangchuck is affiliated with the [MASK] religion .,Buddhist,synth_Religion/TREx/P140.jsonl
3190,Andrew Ibrahim is affiliated with the [MASK] religion .,Islam,synth_Religion/TREx/P140.jsonl
3192,Israel Zolli is affiliated with the [MASK] religion .,Judaism,synth_Religion/TREx/P140.jsonl
3193,Rashtrakuta Dynasty is affiliated with the [MASK] religion .,Hindu,synth_Religion/TREx/P140.jsonl
3195,Khadijah bint Khuwaylid is affiliated with the [MASK] religion .,Islam,synth_Religion/TREx/P140.jsonl
3196,Yvonne Ridley is affiliated with the [MASK] religion .,Islam,synth_Religion/TREx/P140.jsonl
3197,Volunteer Ministers is affiliated with the [MASK] religion .,Scientology,synth_Religion/TREx/P140.jsonl
3200,Chick Corea is affiliated with the [MASK] religion .,Scientology,synth_Religion/TREx/P140.jsonl
3205,Akhoond is affiliated with the [MASK] religion .,Islam,synth_Religion/TREx/P140.jsonl
3206,Bhimrao Ramji Ambedkar is affiliated with the [MASK] religion .,Buddhist,synth_Religion/TREx/P140.jsonl
3212,Mohammed Omar is affiliated with the [MASK] religion .,Islam,synth_Religion/TREx/P140.jsonl
3213,Hasan ibn Ali is affiliated with the [MASK] religion .,Muslim,synth_Religion/TREx/P140.jsonl
3214,Conrad I of Germany is affiliated with the [MASK] religion .,Christian,synth_Religion/TREx/P140.jsonl
3215,Khanate of Sibir is affiliated with the [MASK] religion .,Islam,synth_Religion/TREx/P140.jsonl
3225,Khanate of Khiva is affiliated with the [MASK] religion .,Islam,synth_Religion/TREx/P140.jsonl
3227,Muhammad Qasim Nanotvi is affiliated with the [MASK] religion .,Islam,synth_Religion/TREx/P140.jsonl
3229,Mata Amritanandamayi is affiliated with the [MASK] religion .,Hindu,synth_Religion/TREx/P140.jsonl
3230,Shaykh Syed Mir Mirak Andrabi is affiliated with the [MASK] religion .,Muslim,synth_Religion/TREx/P140.jsonl
3238,Muhammad al-Bukhari is affiliated with the [MASK] religion .,Muslim,synth_Religion/TREx/P140.jsonl
3240,Bhagat is affiliated with the [MASK] religion .,Hindu,synth_Religion/TREx/P140.jsonl
3244,Charles V of France is affiliated with the [MASK] religion .,Christianity,synth_Religion/TREx/P140.jsonl
3246,Ali Al-Ridha is affiliated with the [MASK] religion .,Islam,synth_Religion/TREx/P140.jsonl
3248,Chera Dynasty is affiliated with the [MASK] religion .,Hinduism,synth_Religion/TREx/P140.jsonl
3250,Travancore is affiliated with the [MASK] religion .,Hinduism,synth_Religion/TREx/P140.jsonl
3251,Cat Stevens is affiliated with the [MASK] religion .,Islam,synth_Religion/TREx/P140.jsonl
3258,Maurya Empire is affiliated with the [MASK] religion .,Hindu,synth_Religion/TREx/P140.jsonl
3260,Urwah ibn Mas'ud is affiliated with the [MASK] religion .,Islam,synth_Religion/TREx/P140.jsonl
3261,Ramakrishna is affiliated with the [MASK] religion .,Hinduism,synth_Religion/TREx/P140.jsonl
3270,Marmaduke Pickthall is affiliated with the [MASK] religion .,Islam,synth_Religion/TREx/P140.jsonl
3272,Anselm Turmeda is affiliated with the [MASK] religion .,Muslim,synth_Religion/TREx/P140.jsonl
3274,Murad Wilfried Hofmann is affiliated with the [MASK] religion .,Islam,synth_Religion/TREx/P140.jsonl
3275,Robert Wexler is affiliated with the [MASK] religion .,Judaism,synth_Religion/TREx/P140.jsonl
3276,Magnus the Good is affiliated with the [MASK] religion .,Christianity,synth_Religion/TREx/P140.jsonl
3277,Xuanzang is affiliated with the [MASK] religion .,Buddhist,synth_Religion/TREx/P140.jsonl
3279,christian worship is affiliated with the [MASK] religion .,Christianity,synth_Religion/TREx/P140.jsonl
3281,Jalaluddin Muhammad Shah is affiliated with the [MASK] religion .,Islam,synth_Religion/TREx/P140.jsonl
3283,Hsing Yun is affiliated with the [MASK] religion .,Buddhist,synth_Religion/TREx/P140.jsonl
3285,Nasiruddin Chiragh Dehlavi is affiliated with the [MASK] religion .,Islam,synth_Religion/TREx/P140.jsonl
3286,Osman I is affiliated with the [MASK] religion .,Islam,synth_Religion/TREx/P140.jsonl
3287,patriarchate is affiliated with the [MASK] religion .,Christianity,synth_Religion/TREx/P140.jsonl
3288,Matthew the Apostle is affiliated with the [MASK] religion .,Christian,synth_Religion/TREx/P140.jsonl
3289,Mehmed the Conqueror is affiliated with the [MASK] religion .,Islam,synth_Religion/TREx/P140.jsonl
3291,Abu Bakr ibn Umar is affiliated with the [MASK] religion .,Islam,synth_Religion/TREx/P140.jsonl
3292,Hannah Arendt is affiliated with the [MASK] religion .,Jewish,synth_Religion/TREx/P140.jsonl
3294,John Travolta is affiliated with the [MASK] religion .,Scientology,synth_Religion/TREx/P140.jsonl
3298,Uqba ibn Nafi is affiliated with the [MASK] religion .,Muslim,synth_Religion/TREx/P140.jsonl
3300,David II of Kakheti is affiliated with the [MASK] religion .,Islam,synth_Religion/TREx/P140.jsonl
3301,Flavia Julia Constantia is affiliated with the [MASK] religion .,Christian,synth_Religion/TREx/P140.jsonl
3302,Romulus Augustus is affiliated with the [MASK] religion .,Christianity,synth_Religion/TREx/P140.jsonl
3303,Krusty the Clown is affiliated with the [MASK] religion .,Jewish,synth_Religion/TREx/P140.jsonl
3308,Adalbert of Prague is affiliated with the [MASK] religion .,Christianity,synth_Religion/TREx/P140.jsonl
3309,Umar II is affiliated with the [MASK] religion .,Islam,synth_Religion/TREx/P140.jsonl
3310,Joseph Priestley is affiliated with the [MASK] religion .,Christianity,synth_Religion/TREx/P140.jsonl
3311,Hezekiah is affiliated with the [MASK] religion .,Jewish,synth_Religion/TREx/P140.jsonl
3313,Khan Abdul Ghaffar Khan is affiliated with the [MASK] religion .,Islam,synth_Religion/TREx/P140.jsonl
3314,Eliezer ben Hurcanus is affiliated with the [MASK] religion .,Jewish,synth_Religion/TREx/P140.jsonl
3315,Diksha is affiliated with the [MASK] religion .,Hindu,synth_Religion/TREx/P140.jsonl
3321,Carl Bernstein is affiliated with the [MASK] religion .,Jewish,synth_Religion/TREx/P140.jsonl
3322,Yusuf Estes is affiliated with the [MASK] religion .,Islam,synth_Religion/TREx/P140.jsonl
3324,Al-Masudi is affiliated with the [MASK] religion .,Muslim,synth_Religion/TREx/P140.jsonl
3325,Abul Hasan Ali Hasani Nadwi is affiliated with the [MASK] religion .,Islam,synth_Religion/TREx/P140.jsonl
3327,Michael Finton is affiliated with the [MASK] religion .,Islam,synth_Religion/TREx/P140.jsonl
3328,Lin Nu is affiliated with the [MASK] religion .,Islam,synth_Religion/TREx/P140.jsonl
3330,Arun Krushnaji Kamble is affiliated with the [MASK] religion .,Buddhist,synth_Religion/TREx/P140.jsonl
3331,Amina Wadud is affiliated with the [MASK] religion .,Islam,synth_Religion/TREx/P140.jsonl
3334,Ahmed Zewail is affiliated with the [MASK] religion .,Islam,synth_Religion/TREx/P140.jsonl
3335,Ali Hujwiri is affiliated with the [MASK] religion .,Islam,synth_Religion/TREx/P140.jsonl
3336,Da'i is affiliated with the [MASK] religion .,Islam,synth_Religion/TREx/P140.jsonl
3344,Christiaan Snouck Hurgronje is affiliated with the [MASK] religion .,Islam,synth_Religion/TREx/P140.jsonl
3345,Hafez is affiliated with the [MASK] religion .,Islam,synth_Religion/TREx/P140.jsonl
3349,Bilal ibn Ribah is affiliated with the [MASK] religion .,Islam,synth_Religion/TREx/P140.jsonl
3356,Malayali is affiliated with the [MASK] religion .,Christianity,synth_Religion/TREx/P140.jsonl
3357,Muhammad al-Mahdi is affiliated with the [MASK] religion .,Islam,synth_Religion/TREx/P140.jsonl
3358,Al-Mahdi is affiliated with the [MASK] religion .,Islam,synth_Religion/TREx/P140.jsonl
3359,Jean-Jacques Rousseau is affiliated with the [MASK] religion .,Christian,synth_Religion/TREx/P140.jsonl
3366,Ferdinand the Holy Prince is affiliated with the [MASK] religion .,Christian,synth_Religion/TREx/P140.jsonl
3368,Shakib Khan is affiliated with the [MASK] religion .,Islam,synth_Religion/TREx/P140.jsonl
3370,Brahmins is affiliated with the [MASK] religion .,Hindu,synth_Religion/TREx/P140.jsonl
3373,Hind bint Utbah is affiliated with the [MASK] religion .,Islam,synth_Religion/TREx/P140.jsonl
3375,Abu Sufyan ibn Harb is affiliated with the [MASK] religion .,Islam,synth_Religion/TREx/P140.jsonl
3377,Bahadur Shah I is affiliated with the [MASK] religion .,Islam,synth_Religion/TREx/P140.jsonl
3379,Jahandar Shah is affiliated with the [MASK] religion .,Islam,synth_Religion/TREx/P140.jsonl
3380,Farrukhsiyar is affiliated with the [MASK] religion .,Islam,synth_Religion/TREx/P140.jsonl
3381,Rafi ud-Darajat is affiliated with the [MASK] religion .,Islam,synth_Religion/TREx/P140.jsonl
3382,Alfred the Great is affiliated with the [MASK] religion .,Christian,synth_Religion/TREx/P140.jsonl
3385,Deobandi is affiliated with the [MASK] religion .,Islam,synth_Religion/TREx/P140.jsonl
3386,Khalid ibn al-Walid is affiliated with the [MASK] religion .,Islam,synth_Religion/TREx/P140.jsonl
3387,Abd Allah ibn al-Zubayr is affiliated with the [MASK] religion .,Islam,synth_Religion/TREx/P140.jsonl
3389,Nuh Ha Mim Keller is affiliated with the [MASK] religion .,Islam,synth_Religion/TREx/P140.jsonl
3391,Raisul Islam Asad is affiliated with the [MASK] religion .,Islam,synth_Religion/TREx/P140.jsonl
3393,Hazrath Machiliwale Shah is affiliated with the [MASK] religion .,Muslim,synth_Religion/TREx/P140.jsonl
3395,Fakhr al-Din al-Razi is affiliated with the [MASK] religion .,Islam,synth_Religion/TREx/P140.jsonl
3396,Maronites is affiliated with the [MASK] religion .,Christianity,synth_Religion/TREx/P140.jsonl
3398,Syed Kalbe Hussain is affiliated with the [MASK] religion .,Islam,synth_Religion/TREx/P140.jsonl
3400,Dildar Ali Naseerabadi is affiliated with the [MASK] religion .,Islam,synth_Religion/TREx/P140.jsonl
3401,Abdullah Quilliam is affiliated with the [MASK] religion .,Islam,synth_Religion/TREx/P140.jsonl
3403,Ananda Krishnan is affiliated with the [MASK] religion .,Buddhism,synth_Religion/TREx/P140.jsonl
3405,First Epistle of John is affiliated with the [MASK] religion .,Christianity,synth_Religion/TREx/P140.jsonl
3406,A. C. Bhaktivedanta Swami Prabhupada is affiliated with the [MASK] religion .,Hindu,synth_Religion/TREx/P140.jsonl
3408,Zheng He is affiliated with the [MASK] religion .,Islam,synth_Religion/TREx/P140.jsonl
3409,Eid al-Fitr is affiliated with the [MASK] religion .,Islam,synth_Religion/TREx/P140.jsonl
3410,Jawaharlal Nehru is affiliated with the [MASK] religion .,Hinduism,synth_Religion/TREx/P140.jsonl
3412,Shah Jahan is affiliated with the [MASK] religion .,Islam,synth_Religion/TREx/P140.jsonl
3414,Nawabs of Bengal and Murshidabad is affiliated with the [MASK] religion .,Islam,synth_Religion/TREx/P140.jsonl
3415,Rostom of Kartli is affiliated with the [MASK] religion .,Islam,synth_Religion/TREx/P140.jsonl
3416,Saint Fabiola is affiliated with the [MASK] religion .,Christianity,synth_Religion/TREx/P140.jsonl
3417,Leonard of Noblac is affiliated with the [MASK] religion .,Christian,synth_Religion/TREx/P140.jsonl
3418,Al-Dhahabi is affiliated with the [MASK] religion .,Muslim,synth_Religion/TREx/P140.jsonl
3419,Almoravid dynasty is affiliated with the [MASK] religion .,Islam,synth_Religion/TREx/P140.jsonl
3421,Takrur is affiliated with the [MASK] religion .,Islam,synth_Religion/TREx/P140.jsonl
3423,Marpa Lotsawa is affiliated with the [MASK] religion .,Buddhist,synth_Religion/TREx/P140.jsonl
3424,Quranism is affiliated with the [MASK] religion .,Islam,synth_Religion/TREx/P140.jsonl
3426,Hoysala Empire is affiliated with the [MASK] religion .,Hindu,synth_Religion/TREx/P140.jsonl
3427,Mongolian People's Republic is affiliated with the [MASK] religion .,Buddhist,synth_Religion/TREx/P140.jsonl
3430,Abdur Raheem Green is affiliated with the [MASK] religion .,Islam,synth_Religion/TREx/P140.jsonl
3431,Stanley Hauerwas is affiliated with the [MASK] religion .,Christian,synth_Religion/TREx/P140.jsonl
3433,Al-Mutawakkil is affiliated with the [MASK] religion .,Islam,synth_Religion/TREx/P140.jsonl
3434,Reconstructionist Rabbinical College is affiliated with the [MASK] religion .,Jewish,synth_Religion/TREx/P140.jsonl
3445,Sweyn I of Denmark is affiliated with the [MASK] religion .,Christianity,synth_Religion/TREx/P140.jsonl
3446,Omar Abdel-Rahman is affiliated with the [MASK] religion .,Muslim,synth_Religion/TREx/P140.jsonl
3448,Aurobindo Ghosh is affiliated with the [MASK] religion .,Hinduism,synth_Religion/TREx/P140.jsonl
3449,Sarvepalli Radhakrishnan is affiliated with the [MASK] religion .,Hinduism,synth_Religion/TREx/P140.jsonl
3450,Vytautas is affiliated with the [MASK] religion .,Christianity,synth_Religion/TREx/P140.jsonl
3451,Satya Yuga is affiliated with the [MASK] religion .,Hindu,synth_Religion/TREx/P140.jsonl
3456,Al-Mukhtar is affiliated with the [MASK] religion .,Muslim,synth_Religion/TREx/P140.jsonl
3458,Taj Mahal is affiliated with the [MASK] religion .,Islam,synth_Religion/TREx/P140.jsonl
3459,Joachim of Fiore is affiliated with the [MASK] religion .,Christianity,synth_Religion/TREx/P140.jsonl
3460,Musa al-Kadhim is affiliated with the [MASK] religion .,Islam,synth_Religion/TREx/P140.jsonl
3461,Poya is affiliated with the [MASK] religion .,Buddhist,synth_Religion/TREx/P140.jsonl
3464,Abū Muhammad al-Hasan al-Hamdānī is affiliated with the [MASK] religion .,Muslim,synth_Religion/TREx/P140.jsonl
3466,Malik al-Ashtar is affiliated with the [MASK] religion .,Muslim,synth_Religion/TREx/P140.jsonl
3467,Mohamed Morsi is affiliated with the [MASK] religion .,Islam,synth_Religion/TREx/P140.jsonl
3468,Ahmed I is affiliated with the [MASK] religion .,Islam,synth_Religion/TREx/P140.jsonl
3471,Hephthalite Empire is affiliated with the [MASK] religion .,Buddhist,synth_Religion/TREx/P140.jsonl
3472,shofar is affiliated with the [MASK] religion .,Jewish,synth_Religion/TREx/P140.jsonl
3473,Franz Kafka is affiliated with the [MASK] religion .,Judaism,synth_Religion/TREx/P140.jsonl
3475,Khalifa bin Zayed Al Nahyan is affiliated with the [MASK] religion .,Islam,synth_Religion/TREx/P140.jsonl
3476,Dazu Huike is affiliated with the [MASK] religion .,Dharma,synth_Religion/TREx/P140.jsonl
3477,Ingrid Mattson is affiliated with the [MASK] religion .,Islam,synth_Religion/TREx/P140.jsonl
3478,Afonso III of Portugal is affiliated with the [MASK] religion .,Christian,synth_Religion/TREx/P140.jsonl
3479,Tareq Al-Suwaidan is affiliated with the [MASK] religion .,Islam,synth_Religion/TREx/P140.jsonl
3480,Emirate of Granada is affiliated with the [MASK] religion .,Islam,synth_Religion/TREx/P140.jsonl
3482,Nogai Khan is affiliated with the [MASK] religion .,Islam,synth_Religion/TREx/P140.jsonl
3484,Nigun is affiliated with the [MASK] religion .,Jewish,synth_Religion/TREx/P140.jsonl
3486,Edward I of England is affiliated with the [MASK] religion .,Christianity,synth_Religion/TREx/P140.jsonl
3488,Abul Ala Maududi is affiliated with the [MASK] religion .,Islam,synth_Religion/TREx/P140.jsonl
3489,Zaheer Khan is affiliated with the [MASK] religion .,Islam,synth_Religion/TREx/P140.jsonl
3491,Farouk of Egypt is affiliated with the [MASK] religion .,Muslim,synth_Religion/TREx/P140.jsonl
3492,Muhammad Jamalul Alam II is affiliated with the [MASK] religion .,Islam,synth_Religion/TREx/P140.jsonl
3495,Chaim Herzog is affiliated with the [MASK] religion .,Jewish,synth_Religion/TREx/P140.jsonl
3496,Baptist Union of Wales is affiliated with the [MASK] religion .,Christianity,synth_Religion/TREx/P140.jsonl
3499,Islam Shah Suri is affiliated with the [MASK] religion .,Islam,synth_Religion/TREx/P140.jsonl
3501,Al-Khansa is affiliated with the [MASK] religion .,Islam,synth_Religion/TREx/P140.jsonl
3502,Antipope Laurentius is affiliated with the [MASK] religion .,Christian,synth_Religion/TREx/P140.jsonl
3503,Sheikh Bedreddin is affiliated with the [MASK] religion .,Muslim,synth_Religion/TREx/P140.jsonl
3507,Ahmad al-Badawi is affiliated with the [MASK] religion .,Muslim,synth_Religion/TREx/P140.jsonl
3509,Huineng is affiliated with the [MASK] religion .,Buddhist,synth_Religion/TREx/P140.jsonl
3510,Julius Vogel is affiliated with the [MASK] religion .,Jewish,synth_Religion/TREx/P140.jsonl
3511,Marilyn Monroe is affiliated with the [MASK] religion .,Jewish,synth_Religion/TREx/P140.jsonl
3512,Sultan Satuq Bughra Khan is affiliated with the [MASK] religion .,Islam,synth_Religion/TREx/P140.jsonl
3514,Sumayyah bint Khayyat is affiliated with the [MASK] religion .,Muslim,synth_Religion/TREx/P140.jsonl
3515,Safwan ibn Umayya is affiliated with the [MASK] religion .,Islam,synth_Religion/TREx/P140.jsonl
3516,Babur is affiliated with the [MASK] religion .,Islam,synth_Religion/TREx/P140.jsonl
3519,Enchin is affiliated with the [MASK] religion .,Buddhism,synth_Religion/TREx/P140.jsonl
3520,Ennin is affiliated with the [MASK] religion .,Buddhism,synth_Religion/TREx/P140.jsonl
3521,wahy is affiliated with the [MASK] religion .,Islam,synth_Religion/TREx/P140.jsonl
3526,Lubaba bint al-Harith is affiliated with the [MASK] religion .,Muslim,synth_Religion/TREx/P140.jsonl
3528,"Sajida Sultan, Begum of Bhopal is affiliated with the [MASK] religion .",Islam,synth_Religion/TREx/P140.jsonl
3530,Sharmila Tagore is affiliated with the [MASK] religion .,Islam,synth_Religion/TREx/P140.jsonl
3531,Mansoor Ali Khan Pataudi is affiliated with the [MASK] religion .,Islam,synth_Religion/TREx/P140.jsonl
3532,Soha Ali Khan is affiliated with the [MASK] religion .,Islam,synth_Religion/TREx/P140.jsonl
3533,Ibn Ishaq is affiliated with the [MASK] religion .,Muslim,synth_Religion/TREx/P140.jsonl
3535,presbyter is affiliated with the [MASK] religion .,Christian,synth_Religion/TREx/P140.jsonl
3540,Abdalqadir as-Sufi is affiliated with the [MASK] religion .,Islam,synth_Religion/TREx/P140.jsonl
3545,Hamza ibn ‘Abd al-Muttalib is affiliated with the [MASK] religion .,Islam,synth_Religion/TREx/P140.jsonl
3546,Ibn Qutaybah is affiliated with the [MASK] religion .,Muslim,synth_Religion/TREx/P140.jsonl
3550,Mountain Jews is affiliated with the [MASK] religion .,Judaism,synth_Religion/TREx/P140.jsonl
3554,Ali Naqi Naqvi is affiliated with the [MASK] religion .,Muslim,synth_Religion/TREx/P140.jsonl
3555,Hyder Ali is affiliated with the [MASK] religion .,Muslim,synth_Religion/TREx/P140.jsonl
3556,Bade Ghulam Ali Khan is affiliated with the [MASK] religion .,Muslim,synth_Religion/TREx/P140.jsonl
3557,Qutbuddin Bakhtiar Kaki is affiliated with the [MASK] religion .,Muslim,synth_Religion/TREx/P140.jsonl
3559,Jigme Singye Wangchuck is affiliated with the [MASK] religion .,Buddhist,synth_Religion/TREx/P140.jsonl
3560,Kazakh Khanate is affiliated with the [MASK] religion .,Muslim,synth_Religion/TREx/P140.jsonl
3561,Golconda Sultanate is affiliated with the [MASK] religion .,Islam,synth_Religion/TREx/P140.jsonl
3564,Saman Khuda is affiliated with the [MASK] religion .,Islam,synth_Religion/TREx/P140.jsonl
3565,Nasir al-Din al-Tusi is affiliated with the [MASK] religion .,Muslim,synth_Religion/TREx/P140.jsonl
3566,Al-Waqidi is affiliated with the [MASK] religion .,Islam,synth_Religion/TREx/P140.jsonl
3567,Christian Ganczarski is affiliated with the [MASK] religion .,Islam,synth_Religion/TREx/P140.jsonl
3569,Paramahansa Yogananda is affiliated with the [MASK] religion .,Hinduism,synth_Religion/TREx/P140.jsonl
3570,Hebrew Theological College is affiliated with the [MASK] religion .,Jewish,synth_Religion/TREx/P140.jsonl
3571,Selim I is affiliated with the [MASK] religion .,Islam,synth_Religion/TREx/P140.jsonl
3572,Mohammed Iqbal Khan is affiliated with the [MASK] religion .,Islam,synth_Religion/TREx/P140.jsonl
3573,Homoousion is affiliated with the [MASK] religion .,Christian,synth_Religion/TREx/P140.jsonl
3575,Fahd bin Abdulaziz Al Saud is affiliated with the [MASK] religion .,Islam,synth_Religion/TREx/P140.jsonl
3576,"Rowland Allanson-Winn, 5th Baron Headley is affiliated with the [MASK] religion .",Islam,synth_Religion/TREx/P140.jsonl
3577,Kabul Shahi is affiliated with the [MASK] religion .,Buddhist,synth_Religion/TREx/P140.jsonl
3578,Kingdom of Pajang is affiliated with the [MASK] religion .,Muslim,synth_Religion/TREx/P140.jsonl
3580,Mataram Sultanate is affiliated with the [MASK] religion .,Muslim,synth_Religion/TREx/P140.jsonl
3584,Mahmud al-Hasan is affiliated with the [MASK] religion .,Islam,synth_Religion/TREx/P140.jsonl
3585,Muhammad Zakariya Kandhalawi is affiliated with the [MASK] religion .,Islam,synth_Religion/TREx/P140.jsonl
3586,Ali Shariati is affiliated with the [MASK] religion .,Islam,synth_Religion/TREx/P140.jsonl
3590,Bonaventure is affiliated with the [MASK] religion .,Christian,synth_Religion/TREx/P140.jsonl
3591,Pervez Musharraf is affiliated with the [MASK] religion .,Islam,synth_Religion/TREx/P140.jsonl
3592,Syed Ahmed Khan is affiliated with the [MASK] religion .,Islam,synth_Religion/TREx/P140.jsonl
3594,Anwar el Sadat is affiliated with the [MASK] religion .,Muslim,synth_Religion/TREx/P140.jsonl
3595,Munzir ibn Sawa Al Tamimi is affiliated with the [MASK] religion .,Islam,synth_Religion/TREx/P140.jsonl
3601,Al-Ala'a Al-Hadrami is affiliated with the [MASK] religion .,Islam,synth_Religion/TREx/P140.jsonl
3602,Ibn Rajab is affiliated with the [MASK] religion .,Muslim,synth_Religion/TREx/P140.jsonl
3604,Aukai Collins is affiliated with the [MASK] religion .,Islam,synth_Religion/TREx/P140.jsonl
3606,Shah Alam II is affiliated with the [MASK] religion .,Islam,synth_Religion/TREx/P140.jsonl
3607,Khalid Yasin is affiliated with the [MASK] religion .,Islam,synth_Religion/TREx/P140.jsonl
3610,Hersekzade Ahmed Pasha is affiliated with the [MASK] religion .,Islam,synth_Religion/TREx/P140.jsonl
3612,Ahmed es-Sikeli is affiliated with the [MASK] religion .,Islam,synth_Religion/TREx/P140.jsonl
3614,Leo IX is affiliated with the [MASK] religion .,Christianity,synth_Religion/TREx/P140.jsonl
