,sent,gold,filename
11,John Vincent Atanasoff works in the field of [MASK] .,mathematics,synth_Specialization/TREx/P101.jsonl
13,Edward Burnett Tylor works in the field of [MASK] .,anthropology,synth_Specialization/TREx/P101.jsonl
16,Anaxagoras works in the field of [MASK] .,philosophy,synth_Specialization/TREx/P101.jsonl
18,Robert Bunsen works in the field of [MASK] .,chemistry,synth_Specialization/TREx/P101.jsonl
22,Adam Carolla works in the field of [MASK] .,comedian,synth_Specialization/TREx/P101.jsonl
29,Al Capp works in the field of [MASK] .,cartoonist,synth_Specialization/TREx/P101.jsonl
37,Benjamin Lee Whorf works in the field of [MASK] .,linguist,synth_Specialization/TREx/P101.jsonl
43,Edward Sapir works in the field of [MASK] .,linguistics,synth_Specialization/TREx/P101.jsonl
59,Luitzen Egbertus Jan Brouwer works in the field of [MASK] .,topology,synth_Specialization/TREx/P101.jsonl
70,Charles Kay Ogden works in the field of [MASK] .,linguist,synth_Specialization/TREx/P101.jsonl
73,speleology works in the field of [MASK] .,cave,synth_Specialization/TREx/P101.jsonl
94,Bill Watterson works in the field of [MASK] .,cartoonist,synth_Specialization/TREx/P101.jsonl
95,John Calvin works in the field of [MASK] .,theologian,synth_Specialization/TREx/P101.jsonl
113,Charles Proteus Steinmetz works in the field of [MASK] .,mathematician,synth_Specialization/TREx/P101.jsonl
116,physical system works in the field of [MASK] .,physics,synth_Specialization/TREx/P101.jsonl
136,Carl Rogers works in the field of [MASK] .,psychology,synth_Specialization/TREx/P101.jsonl
143,Charles F. Hockett works in the field of [MASK] .,linguist,synth_Specialization/TREx/P101.jsonl
149,Garry Trudeau works in the field of [MASK] .,cartoonist,synth_Specialization/TREx/P101.jsonl
154,David Hilbert works in the field of [MASK] .,geometry,synth_Specialization/TREx/P101.jsonl
171,Richard Wagner works in the field of [MASK] .,opera,synth_Specialization/TREx/P101.jsonl
434,Euclid works in the field of [MASK] .,geometry,synth_Specialization/TREx/P101.jsonl
517,Hans Eysenck works in the field of [MASK] .,Psychology,synth_Specialization/TREx/P101.jsonl
520,Eugene Wigner works in the field of [MASK] .,physics,synth_Specialization/TREx/P101.jsonl
526,Felix Hausdorff works in the field of [MASK] .,topology,synth_Specialization/TREx/P101.jsonl
531,Galen works in the field of [MASK] .,anatomy,synth_Specialization/TREx/P101.jsonl
544,William Harvey works in the field of [MASK] .,physiology,synth_Specialization/TREx/P101.jsonl
549,Joseph Campbell works in the field of [MASK] .,mythology,synth_Specialization/TREx/P101.jsonl
593,Howard Carter works in the field of [MASK] .,archaeologist,synth_Specialization/TREx/P101.jsonl
597,Heinrich Schliemann works in the field of [MASK] .,archaeology,synth_Specialization/TREx/P101.jsonl
636,Isaac Newton works in the field of [MASK] .,Mathematics,synth_Specialization/TREx/P101.jsonl
655,Justus von Liebig works in the field of [MASK] .,chemistry,synth_Specialization/TREx/P101.jsonl
696,Kathleen Kenyon works in the field of [MASK] .,archaeologist,synth_Specialization/TREx/P101.jsonl
699,intelligence agency works in the field of [MASK] .,spy,synth_Specialization/TREx/P101.jsonl
705,Hans Bethe works in the field of [MASK] .,Physics,synth_Specialization/TREx/P101.jsonl
706,Jack Ruby works in the field of [MASK] .,nightclub,synth_Specialization/TREx/P101.jsonl
710,Arthur Evans works in the field of [MASK] .,archaeologist,synth_Specialization/TREx/P101.jsonl
736,Leonard Bloomfield works in the field of [MASK] .,linguist,synth_Specialization/TREx/P101.jsonl
740,International Committee on Taxonomy of Viruses works in the field of [MASK] .,virus,synth_Specialization/TREx/P101.jsonl
930,Percy Williams Bridgman works in the field of [MASK] .,physics,synth_Specialization/TREx/P101.jsonl
932,Gerolamo Cardano works in the field of [MASK] .,mathematics,synth_Specialization/TREx/P101.jsonl
936,John Chadwick works in the field of [MASK] .,linguist,synth_Specialization/TREx/P101.jsonl
941,Michael Faraday works in the field of [MASK] .,Chemistry,synth_Specialization/TREx/P101.jsonl
948,ornithology works in the field of [MASK] .,bird,synth_Specialization/TREx/P101.jsonl
1107,Eric Harold Neville works in the field of [MASK] .,mathematics,synth_Specialization/TREx/P101.jsonl
1108,Bonaventura Cavalieri works in the field of [MASK] .,mathematics,synth_Specialization/TREx/P101.jsonl
1111,Galileo Galilei works in the field of [MASK] .,mathematics,synth_Specialization/TREx/P101.jsonl
1117,Hypatia works in the field of [MASK] .,mathematics,synth_Specialization/TREx/P101.jsonl
1135,Amos Tversky works in the field of [MASK] .,Psychology,synth_Specialization/TREx/P101.jsonl
1143,Michael Servetus works in the field of [MASK] .,theologian,synth_Specialization/TREx/P101.jsonl
1153,Sergei Diaghilev works in the field of [MASK] .,ballet,synth_Specialization/TREx/P101.jsonl
1199,James Mellaart works in the field of [MASK] .,archaeologist,synth_Specialization/TREx/P101.jsonl
1203,Reinhold Niebuhr works in the field of [MASK] .,theologian,synth_Specialization/TREx/P101.jsonl
1218,Laurentius Roberg works in the field of [MASK] .,medicine,synth_Specialization/TREx/P101.jsonl
1219,Johan Vilhelm Snellman works in the field of [MASK] .,Finnish,synth_Specialization/TREx/P101.jsonl
1233,Edwin Hubble works in the field of [MASK] .,astronomy,synth_Specialization/TREx/P101.jsonl
1234,Otto Struve works in the field of [MASK] .,astronomy,synth_Specialization/TREx/P101.jsonl
1236,Leonard Peikoff works in the field of [MASK] .,philosopher,synth_Specialization/TREx/P101.jsonl
1238,"John Lubbock, 1st Baron Avebury works in the field of [MASK] .",archaeologist,synth_Specialization/TREx/P101.jsonl
1243,Paul Vixie works in the field of [MASK] .,Unix,synth_Specialization/TREx/P101.jsonl
1265,Ilya Prigogine works in the field of [MASK] .,physics,synth_Specialization/TREx/P101.jsonl
1269,Norman Hackerman works in the field of [MASK] .,Chemistry,synth_Specialization/TREx/P101.jsonl
1271,Franz Boas works in the field of [MASK] .,anthropology,synth_Specialization/TREx/P101.jsonl
1302,Roman Jakobson works in the field of [MASK] .,linguist,synth_Specialization/TREx/P101.jsonl
1320,Sapir-Whorf hypothesis works in the field of [MASK] .,linguistics,synth_Specialization/TREx/P101.jsonl
1326,scientific method works in the field of [MASK] .,science,synth_Specialization/TREx/P101.jsonl
1340,William Crookes works in the field of [MASK] .,Chemistry,synth_Specialization/TREx/P101.jsonl
1342,Stephen Jay Gould works in the field of [MASK] .,evolution,synth_Specialization/TREx/P101.jsonl
1363,Steve Biko works in the field of [MASK] .,apartheid,synth_Specialization/TREx/P101.jsonl
1368,Solomon Schechter works in the field of [MASK] .,Hebrew,synth_Specialization/TREx/P101.jsonl
1373,Matt Groening works in the field of [MASK] .,cartoonist,synth_Specialization/TREx/P101.jsonl
1382,Johann Benedict Listing works in the field of [MASK] .,topology,synth_Specialization/TREx/P101.jsonl
1408,Tycho Brahe works in the field of [MASK] .,astronomy,synth_Specialization/TREx/P101.jsonl
1419,John Stuart Mill works in the field of [MASK] .,philosophy,synth_Specialization/TREx/P101.jsonl
1435,William Somerset Maugham works in the field of [MASK] .,playwright,synth_Specialization/TREx/P101.jsonl
1453,Alexandre Darracq works in the field of [MASK] .,automobile,synth_Specialization/TREx/P101.jsonl
1456,Enrico Fermi works in the field of [MASK] .,physics,synth_Specialization/TREx/P101.jsonl
1466,gross profit works in the field of [MASK] .,accounting,synth_Specialization/TREx/P101.jsonl
1469,Giovanni Domenico Cassini works in the field of [MASK] .,astronomy,synth_Specialization/TREx/P101.jsonl
1474,Roger Penrose works in the field of [MASK] .,physics,synth_Specialization/TREx/P101.jsonl
1478,Karol Borsuk works in the field of [MASK] .,topology,synth_Specialization/TREx/P101.jsonl
1483,Deane Montgomery works in the field of [MASK] .,topology,synth_Specialization/TREx/P101.jsonl
1489,Patrick Moore works in the field of [MASK] .,astronomy,synth_Specialization/TREx/P101.jsonl
1496,British School at Athens works in the field of [MASK] .,archaeological,synth_Specialization/TREx/P101.jsonl
1510,Mark Mazower works in the field of [MASK] .,Balkans,synth_Specialization/TREx/P101.jsonl
1513,Paul Radin works in the field of [MASK] .,anthropology,synth_Specialization/TREx/P101.jsonl
1518,Paracelsus works in the field of [MASK] .,medicine,synth_Specialization/TREx/P101.jsonl
1522,Georg Ernst Stahl works in the field of [MASK] .,Chemistry,synth_Specialization/TREx/P101.jsonl
1523,John Coltrane works in the field of [MASK] .,jazz,synth_Specialization/TREx/P101.jsonl
1662,Willem Piso works in the field of [MASK] .,physician,synth_Specialization/TREx/P101.jsonl
1667,Hermann von Helmholtz works in the field of [MASK] .,physics,synth_Specialization/TREx/P101.jsonl
1671,air traffic control works in the field of [MASK] .,aviation,synth_Specialization/TREx/P101.jsonl
1694,grammatical category works in the field of [MASK] .,linguistics,synth_Specialization/TREx/P101.jsonl
1710,Akira Toriyama works in the field of [MASK] .,manga,synth_Specialization/TREx/P101.jsonl
1766,Robert Koldewey works in the field of [MASK] .,archaeological,synth_Specialization/TREx/P101.jsonl
1772,bariatric surgery works in the field of [MASK] .,stomach,synth_Specialization/TREx/P101.jsonl
1780,Abraham Maslow works in the field of [MASK] .,psychology,synth_Specialization/TREx/P101.jsonl
1794,Ephraim George Squier works in the field of [MASK] .,archaeology,synth_Specialization/TREx/P101.jsonl
1800,Henri Victor Regnault works in the field of [MASK] .,chemistry,synth_Specialization/TREx/P101.jsonl
1802,Edward Frankland works in the field of [MASK] .,Chemistry,synth_Specialization/TREx/P101.jsonl
1810,Louis Pasteur works in the field of [MASK] .,chemistry,synth_Specialization/TREx/P101.jsonl
1813,Max Joseph von Pettenkofer works in the field of [MASK] .,chemistry,synth_Specialization/TREx/P101.jsonl
1814,Henry Cavendish works in the field of [MASK] .,Physics,synth_Specialization/TREx/P101.jsonl
1822,Laurent Schwartz works in the field of [MASK] .,mathematics,synth_Specialization/TREx/P101.jsonl
1824,Edward Thorndike works in the field of [MASK] .,psychology,synth_Specialization/TREx/P101.jsonl
1832,art school works in the field of [MASK] .,art,synth_Specialization/TREx/P101.jsonl
1875,Peter von Uslar works in the field of [MASK] .,linguistics,synth_Specialization/TREx/P101.jsonl
1877,Michel Kervaire works in the field of [MASK] .,topology,synth_Specialization/TREx/P101.jsonl
1880,John Milnor works in the field of [MASK] .,topology,synth_Specialization/TREx/P101.jsonl
1897,Ulf von Euler works in the field of [MASK] .,physiology,synth_Specialization/TREx/P101.jsonl
1906,Alexander Cunningham works in the field of [MASK] .,archaeologist,synth_Specialization/TREx/P101.jsonl
1932,Granius Licinianus works in the field of [MASK] .,historical,synth_Specialization/TREx/P101.jsonl
1934,Pomponius Mela works in the field of [MASK] .,geography,synth_Specialization/TREx/P101.jsonl
1939,Leopold Vietoris works in the field of [MASK] .,topology,synth_Specialization/TREx/P101.jsonl
1940,Christiaan Huygens works in the field of [MASK] .,mathematics,synth_Specialization/TREx/P101.jsonl
1947,Abram Ioffe works in the field of [MASK] .,Physics,synth_Specialization/TREx/P101.jsonl
1949,United States Fish and Wildlife Service works in the field of [MASK] .,habitat,synth_Specialization/TREx/P101.jsonl
1956,Nagarjuna works in the field of [MASK] .,Buddhist,synth_Specialization/TREx/P101.jsonl
1959,Sergey Chaplygin works in the field of [MASK] .,Physics,synth_Specialization/TREx/P101.jsonl
1962,Henry Thomas Colebrooke works in the field of [MASK] .,Sanskrit,synth_Specialization/TREx/P101.jsonl
1971,William Rowan Hamilton works in the field of [MASK] .,mathematics,synth_Specialization/TREx/P101.jsonl
1973,Yefim Karskiy works in the field of [MASK] .,linguistics,synth_Specialization/TREx/P101.jsonl
1979,Ernest Rutherford works in the field of [MASK] .,physics,synth_Specialization/TREx/P101.jsonl
1987,Courant Institute of Mathematical Sciences works in the field of [MASK] .,mathematics,synth_Specialization/TREx/P101.jsonl
2011,Nikolai Bogolyubov works in the field of [MASK] .,Mathematics,synth_Specialization/TREx/P101.jsonl
2041,Zahi Hawass works in the field of [MASK] .,archaeological,synth_Specialization/TREx/P101.jsonl
2046,Ernest Jones works in the field of [MASK] .,psychology,synth_Specialization/TREx/P101.jsonl
2047,Halford Mackinder works in the field of [MASK] .,geography,synth_Specialization/TREx/P101.jsonl
2049,Chen Shou works in the field of [MASK] .,historical,synth_Specialization/TREx/P101.jsonl
2058,Hermann Minkowski works in the field of [MASK] .,geometry,synth_Specialization/TREx/P101.jsonl
2060,Johann Weyer works in the field of [MASK] .,physician,synth_Specialization/TREx/P101.jsonl
2077,Julian Schwinger works in the field of [MASK] .,physics,synth_Specialization/TREx/P101.jsonl
2085,AKhRR works in the field of [MASK] .,art,synth_Specialization/TREx/P101.jsonl
2096,Frederick Ashton works in the field of [MASK] .,ballet,synth_Specialization/TREx/P101.jsonl
2138,Adriaan de Groot works in the field of [MASK] .,psychology,synth_Specialization/TREx/P101.jsonl
2140,Liutprand of Cremona works in the field of [MASK] .,diplomat,synth_Specialization/TREx/P101.jsonl
2141,Andrew Casson works in the field of [MASK] .,topology,synth_Specialization/TREx/P101.jsonl
2148,William Thurston works in the field of [MASK] .,topology,synth_Specialization/TREx/P101.jsonl
2151,millennialism works in the field of [MASK] .,theology,synth_Specialization/TREx/P101.jsonl
2155,Johannes Goropius Becanus works in the field of [MASK] .,physician,synth_Specialization/TREx/P101.jsonl
2158,woodburytype works in the field of [MASK] .,photography,synth_Specialization/TREx/P101.jsonl
2159,pharmacy school works in the field of [MASK] .,Pharmacy,synth_Specialization/TREx/P101.jsonl
2210,Abba Arika works in the field of [MASK] .,Talmud,synth_Specialization/TREx/P101.jsonl
2229,overdrafting works in the field of [MASK] .,groundwater,synth_Specialization/TREx/P101.jsonl
2232,Georg Ludwig Hartig works in the field of [MASK] .,forestry,synth_Specialization/TREx/P101.jsonl
2233,Michael Langone works in the field of [MASK] .,psychology,synth_Specialization/TREx/P101.jsonl
2234,Lev Vygotsky works in the field of [MASK] .,psychology,synth_Specialization/TREx/P101.jsonl
2257,Wilhelm Ackermann works in the field of [MASK] .,mathematics,synth_Specialization/TREx/P101.jsonl
2260,Friedrich Bessel works in the field of [MASK] .,mathematics,synth_Specialization/TREx/P101.jsonl
2263,G. Stanley Hall works in the field of [MASK] .,psychology,synth_Specialization/TREx/P101.jsonl
2268,Herbert A. Hauptman works in the field of [MASK] .,mathematics,synth_Specialization/TREx/P101.jsonl
2269,Bernd Sturmfels works in the field of [MASK] .,Mathematics,synth_Specialization/TREx/P101.jsonl
2272,Govert Bidloo works in the field of [MASK] .,physician,synth_Specialization/TREx/P101.jsonl
2277,Ernest Burgess works in the field of [MASK] .,sociology,synth_Specialization/TREx/P101.jsonl
2280,Abdullah ibn Salam works in the field of [MASK] .,Jewish,synth_Specialization/TREx/P101.jsonl
2285,Edward Gibbon works in the field of [MASK] .,historical,synth_Specialization/TREx/P101.jsonl
2286,Wolfgang Haken works in the field of [MASK] .,topology,synth_Specialization/TREx/P101.jsonl
2292,Joseph Diez Gergonne works in the field of [MASK] .,geometry,synth_Specialization/TREx/P101.jsonl
2307,Yuna Kagesaki works in the field of [MASK] .,manga,synth_Specialization/TREx/P101.jsonl
2315,Alexander William Williamson works in the field of [MASK] .,chemistry,synth_Specialization/TREx/P101.jsonl
2316,Struga Poetry Evenings works in the field of [MASK] .,poet,synth_Specialization/TREx/P101.jsonl
2317,Johann Georg Gmelin works in the field of [MASK] .,chemistry,synth_Specialization/TREx/P101.jsonl
2318,Ernst Herzfeld works in the field of [MASK] .,archaeological,synth_Specialization/TREx/P101.jsonl
2320,Harold Scott MacDonald Coxeter works in the field of [MASK] .,geometry,synth_Specialization/TREx/P101.jsonl
2324,Giuseppe Farinelli works in the field of [MASK] .,opera,synth_Specialization/TREx/P101.jsonl
2329,John Archibald Wheeler works in the field of [MASK] .,physics,synth_Specialization/TREx/P101.jsonl
2331,Alfred Weber works in the field of [MASK] .,sociology,synth_Specialization/TREx/P101.jsonl
2335,Anita Borg works in the field of [MASK] .,mathematics,synth_Specialization/TREx/P101.jsonl
2336,Leonhard Euler works in the field of [MASK] .,physics,synth_Specialization/TREx/P101.jsonl
2340,Al-Kindi works in the field of [MASK] .,mathematics,synth_Specialization/TREx/P101.jsonl
2343,Joseph von Gerlach works in the field of [MASK] .,anatomy,synth_Specialization/TREx/P101.jsonl
2346,John Henry Poynting works in the field of [MASK] .,Physics,synth_Specialization/TREx/P101.jsonl
2356,Hermann Ebbinghaus works in the field of [MASK] .,psychology,synth_Specialization/TREx/P101.jsonl
2359,James George Frazer works in the field of [MASK] .,folklore,synth_Specialization/TREx/P101.jsonl
2361,Thomas Bartholin works in the field of [MASK] .,medicine,synth_Specialization/TREx/P101.jsonl
2363,Kazimierz Kuratowski works in the field of [MASK] .,topology,synth_Specialization/TREx/P101.jsonl
2364,Manolis Andronikos works in the field of [MASK] .,archaeologist,synth_Specialization/TREx/P101.jsonl
2372,Michael D. Coe works in the field of [MASK] .,archaeological,synth_Specialization/TREx/P101.jsonl
2373,Raoul Bott works in the field of [MASK] .,geometry,synth_Specialization/TREx/P101.jsonl
2375,Jon Postel works in the field of [MASK] .,Internet,synth_Specialization/TREx/P101.jsonl
2378,Samuel Linde works in the field of [MASK] .,linguist,synth_Specialization/TREx/P101.jsonl
2382,Alfred L. Kroeber works in the field of [MASK] .,anthropology,synth_Specialization/TREx/P101.jsonl
2393,Karl Christian Friedrich Krause works in the field of [MASK] .,philosophy,synth_Specialization/TREx/P101.jsonl
2395,Felix Bloch works in the field of [MASK] .,physics,synth_Specialization/TREx/P101.jsonl
2400,Frederic Bartlett works in the field of [MASK] .,Psychology,synth_Specialization/TREx/P101.jsonl
2401,Theodor Lipps works in the field of [MASK] .,philosopher,synth_Specialization/TREx/P101.jsonl
2413,Pierre Janet works in the field of [MASK] .,psychology,synth_Specialization/TREx/P101.jsonl
2416,Ann Dunham works in the field of [MASK] .,Anthropology,synth_Specialization/TREx/P101.jsonl
2419,Harrie Massey works in the field of [MASK] .,physics,synth_Specialization/TREx/P101.jsonl
2421,Akaki Shanidze works in the field of [MASK] .,linguist,synth_Specialization/TREx/P101.jsonl
2424,Pictures of the Year International works in the field of [MASK] .,photography,synth_Specialization/TREx/P101.jsonl
2430,R. H. Bing works in the field of [MASK] .,topology,synth_Specialization/TREx/P101.jsonl
2440,Anders Celsius works in the field of [MASK] .,astronomy,synth_Specialization/TREx/P101.jsonl
2443,John Polkinghorne works in the field of [MASK] .,theology,synth_Specialization/TREx/P101.jsonl
2446,David Crystal works in the field of [MASK] .,English,synth_Specialization/TREx/P101.jsonl
2453,Viktor Zhirmunsky works in the field of [MASK] .,linguist,synth_Specialization/TREx/P101.jsonl
2461,Nello Santi works in the field of [MASK] .,opera,synth_Specialization/TREx/P101.jsonl
2462,Marston Morse works in the field of [MASK] .,topology,synth_Specialization/TREx/P101.jsonl
2463,Michio Kaku works in the field of [MASK] .,Physics,synth_Specialization/TREx/P101.jsonl
2476,Joseph von Fraunhofer works in the field of [MASK] .,physics,synth_Specialization/TREx/P101.jsonl
2477,Sin-Itiro Tomonaga works in the field of [MASK] .,physics,synth_Specialization/TREx/P101.jsonl
2478,Jan Baudouin de Courtenay works in the field of [MASK] .,linguist,synth_Specialization/TREx/P101.jsonl
2486,Horace Lamb works in the field of [MASK] .,Mathematics,synth_Specialization/TREx/P101.jsonl
2488,Aeronautical Information Service works in the field of [MASK] .,aviation,synth_Specialization/TREx/P101.jsonl
2490,Jean-Martin Charcot works in the field of [MASK] .,medicine,synth_Specialization/TREx/P101.jsonl
2494,Sydney Brenner works in the field of [MASK] .,biology,synth_Specialization/TREx/P101.jsonl
2495,Hermann Schwarz works in the field of [MASK] .,mathematics,synth_Specialization/TREx/P101.jsonl
2505,Johannes de Sacrobosco works in the field of [MASK] .,mathematics,synth_Specialization/TREx/P101.jsonl
2506,Erasmus Darwin works in the field of [MASK] .,medicine,synth_Specialization/TREx/P101.jsonl
2507,Jean Le Rond d'Alembert works in the field of [MASK] .,Mathematics,synth_Specialization/TREx/P101.jsonl
2508,Mick Aston works in the field of [MASK] .,archaeologist,synth_Specialization/TREx/P101.jsonl
2514,Franciscus Sylvius works in the field of [MASK] .,medicine,synth_Specialization/TREx/P101.jsonl
2519,Luca Pacioli works in the field of [MASK] .,mathematics,synth_Specialization/TREx/P101.jsonl
2522,straight photography works in the field of [MASK] .,photography,synth_Specialization/TREx/P101.jsonl
2528,Stephen Hales works in the field of [MASK] .,physiology,synth_Specialization/TREx/P101.jsonl
2532,Vitaly Ginzburg works in the field of [MASK] .,physics,synth_Specialization/TREx/P101.jsonl
2533,Arthur Leonard Schawlow works in the field of [MASK] .,physicist,synth_Specialization/TREx/P101.jsonl
2535,Carey Price works in the field of [MASK] .,goaltender,synth_Specialization/TREx/P101.jsonl
2540,Sima Qian works in the field of [MASK] .,historical,synth_Specialization/TREx/P101.jsonl
2546,hunting dog works in the field of [MASK] .,hunting,synth_Specialization/TREx/P101.jsonl
2547,Campegius Vitringa works in the field of [MASK] .,theologian,synth_Specialization/TREx/P101.jsonl
2552,Arnold Hermann Ludwig Heeren works in the field of [MASK] .,historical,synth_Specialization/TREx/P101.jsonl
2553,Paul Ariste works in the field of [MASK] .,linguist,synth_Specialization/TREx/P101.jsonl
2558,Ulisse Dini works in the field of [MASK] .,mathematics,synth_Specialization/TREx/P101.jsonl
2559,Marcel Mauss works in the field of [MASK] .,sociology,synth_Specialization/TREx/P101.jsonl
2571,Kiiti Morita works in the field of [MASK] .,topology,synth_Specialization/TREx/P101.jsonl
2573,Christoph Wilhelm Hufeland works in the field of [MASK] .,medicine,synth_Specialization/TREx/P101.jsonl
2574,Ptolemy works in the field of [MASK] .,mathematician,synth_Specialization/TREx/P101.jsonl
2580,Anselme Payen works in the field of [MASK] .,chemistry,synth_Specialization/TREx/P101.jsonl
2581,Isaac Barrow works in the field of [MASK] .,mathematics,synth_Specialization/TREx/P101.jsonl
2582,Sean M. Carroll works in the field of [MASK] .,physics,synth_Specialization/TREx/P101.jsonl
2583,Jean Piaget works in the field of [MASK] .,psychology,synth_Specialization/TREx/P101.jsonl
2591,Jacques de Morgan works in the field of [MASK] .,archaeologist,synth_Specialization/TREx/P101.jsonl
2600,Shinobu Kaitani works in the field of [MASK] .,manga,synth_Specialization/TREx/P101.jsonl
2605,European Physical Society works in the field of [MASK] .,physics,synth_Specialization/TREx/P101.jsonl
2609,Stefan Banach works in the field of [MASK] .,mathematics,synth_Specialization/TREx/P101.jsonl
2615,Marshall Harvey Stone works in the field of [MASK] .,mathematics,synth_Specialization/TREx/P101.jsonl
2616,Henry Corbin works in the field of [MASK] .,philosophy,synth_Specialization/TREx/P101.jsonl
2617,Jernej Kopitar works in the field of [MASK] .,linguist,synth_Specialization/TREx/P101.jsonl
2620,Thomas J. Watson works in the field of [MASK] .,IBM,synth_Specialization/TREx/P101.jsonl
2622,George Murdock works in the field of [MASK] .,anthropology,synth_Specialization/TREx/P101.jsonl
2623,Grammy Award for Best Female Country Vocal Performance works in the field of [MASK] .,Vocals,synth_Specialization/TREx/P101.jsonl
2627,Joseph Priestley works in the field of [MASK] .,philosophy,synth_Specialization/TREx/P101.jsonl
2632,Nikolaus Joseph von Jacquin works in the field of [MASK] .,chemistry,synth_Specialization/TREx/P101.jsonl
2639,Julius Lothar Meyer works in the field of [MASK] .,Chemistry,synth_Specialization/TREx/P101.jsonl
2640,Kurt Lewin works in the field of [MASK] .,psychology,synth_Specialization/TREx/P101.jsonl
2645,Arnold Chikobava works in the field of [MASK] .,linguist,synth_Specialization/TREx/P101.jsonl
2651,Mathias Lerch works in the field of [MASK] .,mathematics,synth_Specialization/TREx/P101.jsonl
2652,James Clerk Maxwell works in the field of [MASK] .,physics,synth_Specialization/TREx/P101.jsonl
2682,Giorgi Melikishvili works in the field of [MASK] .,historical,synth_Specialization/TREx/P101.jsonl
2683,Herman Boerhaave works in the field of [MASK] .,medicine,synth_Specialization/TREx/P101.jsonl
2685,Jean-Nicolas Corvisart works in the field of [MASK] .,medicine,synth_Specialization/TREx/P101.jsonl
2687,ICTP Ramanujan Prize works in the field of [MASK] .,mathematics,synth_Specialization/TREx/P101.jsonl
2691,Akimi Yoshida works in the field of [MASK] .,manga,synth_Specialization/TREx/P101.jsonl
2697,Elias James Corey works in the field of [MASK] .,chemistry,synth_Specialization/TREx/P101.jsonl
2710,Brian Bowditch works in the field of [MASK] .,topology,synth_Specialization/TREx/P101.jsonl
2712,Nathaniel Bowditch works in the field of [MASK] .,Mathematics,synth_Specialization/TREx/P101.jsonl
2713,Nicolaus Copernicus works in the field of [MASK] .,astronomy,synth_Specialization/TREx/P101.jsonl
2718,Eric Maskin works in the field of [MASK] .,economist,synth_Specialization/TREx/P101.jsonl
2719,Mikio Sato works in the field of [MASK] .,mathematics,synth_Specialization/TREx/P101.jsonl
2720,Helen E. Fisher works in the field of [MASK] .,anthropology,synth_Specialization/TREx/P101.jsonl
2721,Jared Diamond works in the field of [MASK] .,ecology,synth_Specialization/TREx/P101.jsonl
2722,Karl Menger works in the field of [MASK] .,mathematics,synth_Specialization/TREx/P101.jsonl
2723,Jeremiah Horrocks works in the field of [MASK] .,astronomy,synth_Specialization/TREx/P101.jsonl
2725,William Crabtree works in the field of [MASK] .,astronomy,synth_Specialization/TREx/P101.jsonl
2727,Heymann Steinthal works in the field of [MASK] .,linguist,synth_Specialization/TREx/P101.jsonl
2728,Andrey Kolmogorov works in the field of [MASK] .,geometry,synth_Specialization/TREx/P101.jsonl
2729,Claude Louis Berthollet works in the field of [MASK] .,chemistry,synth_Specialization/TREx/P101.jsonl
2731,Joseph Louis Gay-Lussac works in the field of [MASK] .,chemistry,synth_Specialization/TREx/P101.jsonl
2733,Vilhelm Bjerknes works in the field of [MASK] .,physics,synth_Specialization/TREx/P101.jsonl
2734,Heinrich Roth works in the field of [MASK] .,Sanskrit,synth_Specialization/TREx/P101.jsonl
2736,Walther Meissner works in the field of [MASK] .,physics,synth_Specialization/TREx/P101.jsonl
2738,octane works in the field of [MASK] .,chemistry,synth_Specialization/TREx/P101.jsonl
2739,Spacewatch works in the field of [MASK] .,asteroid,synth_Specialization/TREx/P101.jsonl
2748,Vorderasiatisches Museum Berlin works in the field of [MASK] .,archaeological,synth_Specialization/TREx/P101.jsonl
2750,Daniel Bernoulli works in the field of [MASK] .,physics,synth_Specialization/TREx/P101.jsonl
2751,Clark Kimberling works in the field of [MASK] .,geometry,synth_Specialization/TREx/P101.jsonl
2752,Uspekhi Fizicheskikh Nauk works in the field of [MASK] .,physics,synth_Specialization/TREx/P101.jsonl
2766,Julian Huxley works in the field of [MASK] .,biology,synth_Specialization/TREx/P101.jsonl
2770,Edward B. Titchener works in the field of [MASK] .,Psychology,synth_Specialization/TREx/P101.jsonl
2792,Johannes Fabricius works in the field of [MASK] .,astronomy,synth_Specialization/TREx/P101.jsonl
2795,Matthias Jakob Schleiden works in the field of [MASK] .,biology,synth_Specialization/TREx/P101.jsonl
2797,integument works in the field of [MASK] .,biology,synth_Specialization/TREx/P101.jsonl
2799,Stephen Wolfram works in the field of [MASK] .,mathematics,synth_Specialization/TREx/P101.jsonl
2801,Johann Christian Reil works in the field of [MASK] .,medicine,synth_Specialization/TREx/P101.jsonl
2805,Irving Langmuir Award works in the field of [MASK] .,Physics,synth_Specialization/TREx/P101.jsonl
2807,Humphry Davy works in the field of [MASK] .,Chemistry,synth_Specialization/TREx/P101.jsonl
2808,Doro Levi works in the field of [MASK] .,archaeologist,synth_Specialization/TREx/P101.jsonl
2810,Al-Masudi works in the field of [MASK] .,historical,synth_Specialization/TREx/P101.jsonl
2811,Henri Moissan works in the field of [MASK] .,chemistry,synth_Specialization/TREx/P101.jsonl
2812,Heinz Hopf works in the field of [MASK] .,topology,synth_Specialization/TREx/P101.jsonl
2819,Pierre Curie works in the field of [MASK] .,physics,synth_Specialization/TREx/P101.jsonl
2820,Log Cabin Republicans works in the field of [MASK] .,LGBT,synth_Specialization/TREx/P101.jsonl
2824,Martin Haspelmath works in the field of [MASK] .,linguist,synth_Specialization/TREx/P101.jsonl
2826,Geometry Festival works in the field of [MASK] .,mathematics,synth_Specialization/TREx/P101.jsonl
2828,Gustav Kirchhoff works in the field of [MASK] .,Physics,synth_Specialization/TREx/P101.jsonl
2838,Norbert Wiener works in the field of [MASK] .,Mathematics,synth_Specialization/TREx/P101.jsonl
2850,Steven Weinberg works in the field of [MASK] .,physics,synth_Specialization/TREx/P101.jsonl
2851,Hrachia Adjarian works in the field of [MASK] .,linguist,synth_Specialization/TREx/P101.jsonl
2854,Petrus Camper works in the field of [MASK] .,anatomy,synth_Specialization/TREx/P101.jsonl
2860,Carl Ritter works in the field of [MASK] .,geography,synth_Specialization/TREx/P101.jsonl
2863,Urbain Le Verrier works in the field of [MASK] .,astronomy,synth_Specialization/TREx/P101.jsonl
2864,Frank Morley works in the field of [MASK] .,geometry,synth_Specialization/TREx/P101.jsonl
2867,Ian Hodder works in the field of [MASK] .,archaeologist,synth_Specialization/TREx/P101.jsonl
2872,Johan Huizinga works in the field of [MASK] .,historical,synth_Specialization/TREx/P101.jsonl
2873,Johannes Eugenius Bülow Warming works in the field of [MASK] .,biology,synth_Specialization/TREx/P101.jsonl
2874,Alexey Okladnikov works in the field of [MASK] .,archaeologist,synth_Specialization/TREx/P101.jsonl
2877,Marcos Moshinsky works in the field of [MASK] .,Physics,synth_Specialization/TREx/P101.jsonl
2878,Calyampudi Radhakrishna Rao works in the field of [MASK] .,Mathematics,synth_Specialization/TREx/P101.jsonl
2882,Jens Andreas Friis works in the field of [MASK] .,linguist,synth_Specialization/TREx/P101.jsonl
2884,Science works in the field of [MASK] .,science,synth_Specialization/TREx/P101.jsonl
2885,anatomical location works in the field of [MASK] .,anatomy,synth_Specialization/TREx/P101.jsonl
2894,Christoph Gerber works in the field of [MASK] .,Physics,synth_Specialization/TREx/P101.jsonl
2898,Leo Wiener works in the field of [MASK] .,linguist,synth_Specialization/TREx/P101.jsonl
2900,Natalia Shvedova works in the field of [MASK] .,linguistics,synth_Specialization/TREx/P101.jsonl
2901,Nicholas Metropolis works in the field of [MASK] .,Physics,synth_Specialization/TREx/P101.jsonl
2902,Edward Teller works in the field of [MASK] .,Physics,synth_Specialization/TREx/P101.jsonl
2907,Asclepiades of Bithynia works in the field of [MASK] .,medicine,synth_Specialization/TREx/P101.jsonl
2908,John Davies Evans works in the field of [MASK] .,archaeologist,synth_Specialization/TREx/P101.jsonl
2910,Andrey Tikhonov works in the field of [MASK] .,topology,synth_Specialization/TREx/P101.jsonl
2912,Abraham bar Hiyya works in the field of [MASK] .,astronomer,synth_Specialization/TREx/P101.jsonl
2915,Stefan Mazurkiewicz works in the field of [MASK] .,topology,synth_Specialization/TREx/P101.jsonl
2921,Yana Toboso works in the field of [MASK] .,manga,synth_Specialization/TREx/P101.jsonl
2926,Dyfed Archaeological Trust works in the field of [MASK] .,archaeology,synth_Specialization/TREx/P101.jsonl
2928,Christian Wilhelm Blomstrand works in the field of [MASK] .,chemistry,synth_Specialization/TREx/P101.jsonl
2932,Thomas Gilovich works in the field of [MASK] .,Psychology,synth_Specialization/TREx/P101.jsonl
2933,Urania works in the field of [MASK] .,astronomy,synth_Specialization/TREx/P101.jsonl
2952,William Cheselden works in the field of [MASK] .,medicine,synth_Specialization/TREx/P101.jsonl
2957,Regiomontanus works in the field of [MASK] .,mathematics,synth_Specialization/TREx/P101.jsonl
2959,Eugene Odum works in the field of [MASK] .,ecology,synth_Specialization/TREx/P101.jsonl
2960,Lisbon Geographic Society works in the field of [MASK] .,geography,synth_Specialization/TREx/P101.jsonl
2963,Ernest Lawrence works in the field of [MASK] .,physics,synth_Specialization/TREx/P101.jsonl
2965,Marie Curie works in the field of [MASK] .,chemistry,synth_Specialization/TREx/P101.jsonl
2966,August Heinrich Petermann works in the field of [MASK] .,geography,synth_Specialization/TREx/P101.jsonl
2968,John Anthony Walker works in the field of [MASK] .,spy,synth_Specialization/TREx/P101.jsonl
2969,John Napier works in the field of [MASK] .,mathematics,synth_Specialization/TREx/P101.jsonl
2970,Augustus Pitt Rivers works in the field of [MASK] .,anthropology,synth_Specialization/TREx/P101.jsonl
2973,Enrico Betti works in the field of [MASK] .,topology,synth_Specialization/TREx/P101.jsonl
2977,Francesco Maurolico works in the field of [MASK] .,mathematics,synth_Specialization/TREx/P101.jsonl
2978,Willebrord Snellius works in the field of [MASK] .,mathematics,synth_Specialization/TREx/P101.jsonl
2979,Herbert Robbins works in the field of [MASK] .,Mathematics,synth_Specialization/TREx/P101.jsonl
2982,Johann Peter Frank works in the field of [MASK] .,medicine,synth_Specialization/TREx/P101.jsonl
2983,European Physical Journal works in the field of [MASK] .,physics,synth_Specialization/TREx/P101.jsonl
2994,Lille University of Health and Law works in the field of [MASK] .,Pharmacy,synth_Specialization/TREx/P101.jsonl
2995,John Garstang works in the field of [MASK] .,archaeologist,synth_Specialization/TREx/P101.jsonl
2999,William Oughtred works in the field of [MASK] .,mathematics,synth_Specialization/TREx/P101.jsonl
3000,George Metallinos works in the field of [MASK] .,theologian,synth_Specialization/TREx/P101.jsonl
3002,Larry Sanger works in the field of [MASK] .,philosophy,synth_Specialization/TREx/P101.jsonl
3003,Philipp Lenard works in the field of [MASK] .,physics,synth_Specialization/TREx/P101.jsonl
3005,Robert Bigelow works in the field of [MASK] .,hotel,synth_Specialization/TREx/P101.jsonl
3011,George Kingsley Zipf works in the field of [MASK] .,linguist,synth_Specialization/TREx/P101.jsonl
3013,Nikolaj Frederik Severin Grundtvig works in the field of [MASK] .,philosophy,synth_Specialization/TREx/P101.jsonl
3016,Otto E. Neugebauer works in the field of [MASK] .,mathematics,synth_Specialization/TREx/P101.jsonl
3018,Fritjof Capra works in the field of [MASK] .,Physics,synth_Specialization/TREx/P101.jsonl
3021,PhilPapers works in the field of [MASK] .,philosophy,synth_Specialization/TREx/P101.jsonl
3024,Mikhail Mikhaylovich Gerasimov works in the field of [MASK] .,anthropologist,synth_Specialization/TREx/P101.jsonl
3032,Frederik Kaiser works in the field of [MASK] .,astronomy,synth_Specialization/TREx/P101.jsonl
3035,Zhou Youguang works in the field of [MASK] .,linguist,synth_Specialization/TREx/P101.jsonl
3037,Alfred Kinsey works in the field of [MASK] .,Biology,synth_Specialization/TREx/P101.jsonl
3038,Mesrop Mashtots works in the field of [MASK] .,linguist,synth_Specialization/TREx/P101.jsonl
3041,Kazimierz Ajdukiewicz works in the field of [MASK] .,logic,synth_Specialization/TREx/P101.jsonl
3047,James Franck works in the field of [MASK] .,physics,synth_Specialization/TREx/P101.jsonl
3049,Walter Isard works in the field of [MASK] .,geography,synth_Specialization/TREx/P101.jsonl
3050,David Harvey works in the field of [MASK] .,geography,synth_Specialization/TREx/P101.jsonl
3051,Adolphe Quetelet works in the field of [MASK] .,mathematics,synth_Specialization/TREx/P101.jsonl
3052,Hantaro Nagaoka works in the field of [MASK] .,physics,synth_Specialization/TREx/P101.jsonl
3054,Johann Christian Polycarp Erxleben works in the field of [MASK] .,physics,synth_Specialization/TREx/P101.jsonl
3056,Giacomo F. Maraldi works in the field of [MASK] .,mathematics,synth_Specialization/TREx/P101.jsonl
3058,Christopher Zeeman works in the field of [MASK] .,topology,synth_Specialization/TREx/P101.jsonl
3063,Barry Commoner works in the field of [MASK] .,Biology,synth_Specialization/TREx/P101.jsonl
3064,SASTRA Ramanujan Prize works in the field of [MASK] .,mathematics,synth_Specialization/TREx/P101.jsonl
3066,Ernest Archdeacon works in the field of [MASK] .,aviation,synth_Specialization/TREx/P101.jsonl
3070,Elinor Ostrom works in the field of [MASK] .,economist,synth_Specialization/TREx/P101.jsonl
3074,Arthur Moritz Schoenflies works in the field of [MASK] .,mathematics,synth_Specialization/TREx/P101.jsonl
3075,Torbern Bergman works in the field of [MASK] .,chemist,synth_Specialization/TREx/P101.jsonl
3077,Australian Mathematical Society works in the field of [MASK] .,Mathematics,synth_Specialization/TREx/P101.jsonl
3081,Josias Simmler works in the field of [MASK] .,theology,synth_Specialization/TREx/P101.jsonl
3084,Finnish Literature Society works in the field of [MASK] .,Finnish,synth_Specialization/TREx/P101.jsonl
3092,Wallace Carothers works in the field of [MASK] .,chemistry,synth_Specialization/TREx/P101.jsonl
3093,Edward Victor Appleton works in the field of [MASK] .,physics,synth_Specialization/TREx/P101.jsonl
3094,Anton Zeilinger works in the field of [MASK] .,Physics,synth_Specialization/TREx/P101.jsonl
3098,Macedonio Melloni works in the field of [MASK] .,physics,synth_Specialization/TREx/P101.jsonl
3100,William Camden works in the field of [MASK] .,archaeological,synth_Specialization/TREx/P101.jsonl
3104,John Dalton works in the field of [MASK] .,chemistry,synth_Specialization/TREx/P101.jsonl
3108,Nicolaus Steno works in the field of [MASK] .,anatomy,synth_Specialization/TREx/P101.jsonl
3116,Actaeon works in the field of [MASK] .,hunting,synth_Specialization/TREx/P101.jsonl
3117,Alfred Tarski works in the field of [MASK] .,logic,synth_Specialization/TREx/P101.jsonl
3118,Lev Shcherba works in the field of [MASK] .,linguist,synth_Specialization/TREx/P101.jsonl
3119,Georges Reeb works in the field of [MASK] .,mathematics,synth_Specialization/TREx/P101.jsonl
3122,Georgios Babiniotis works in the field of [MASK] .,linguistics,synth_Specialization/TREx/P101.jsonl
3134,Dimitri Mendeleyev works in the field of [MASK] .,chemistry,synth_Specialization/TREx/P101.jsonl
3138,Herman Auerbach works in the field of [MASK] .,mathematics,synth_Specialization/TREx/P101.jsonl
3147,Giovanni Battista Amici works in the field of [MASK] .,astronomy,synth_Specialization/TREx/P101.jsonl
3148,Robert Caldwell works in the field of [MASK] .,linguist,synth_Specialization/TREx/P101.jsonl
3151,George Volkoff works in the field of [MASK] .,physics,synth_Specialization/TREx/P101.jsonl
3156,Jonathan Haidt works in the field of [MASK] .,psychology,synth_Specialization/TREx/P101.jsonl
3157,James Morris Blaut works in the field of [MASK] .,geography,synth_Specialization/TREx/P101.jsonl
3159,Charles Babbage works in the field of [MASK] .,Mathematics,synth_Specialization/TREx/P101.jsonl
3161,Vladimir Voevodsky works in the field of [MASK] .,topology,synth_Specialization/TREx/P101.jsonl
3162,Women on Waves works in the field of [MASK] .,abortion,synth_Specialization/TREx/P101.jsonl
3166,James Ivory works in the field of [MASK] .,mathematics,synth_Specialization/TREx/P101.jsonl
3168,Marian Rejewski works in the field of [MASK] .,mathematics,synth_Specialization/TREx/P101.jsonl
3178,Khaled Hosseini works in the field of [MASK] .,Afghan,synth_Specialization/TREx/P101.jsonl
3179,Clyde Tombaugh works in the field of [MASK] .,astronomer,synth_Specialization/TREx/P101.jsonl
3182,Boris Rybakov works in the field of [MASK] .,archaeologist,synth_Specialization/TREx/P101.jsonl
3183,Willis Lamb works in the field of [MASK] .,physics,synth_Specialization/TREx/P101.jsonl
3184,John Wallis works in the field of [MASK] .,mathematics,synth_Specialization/TREx/P101.jsonl
3185,Arcisse de Caumont works in the field of [MASK] .,archaeologist,synth_Specialization/TREx/P101.jsonl
3187,Archimedes works in the field of [MASK] .,geometry,synth_Specialization/TREx/P101.jsonl
3189,Lipman Bers works in the field of [MASK] .,mathematics,synth_Specialization/TREx/P101.jsonl
3191,Ibn Hisham works in the field of [MASK] .,historical,synth_Specialization/TREx/P101.jsonl
3195,Georgi Kitov works in the field of [MASK] .,archaeologist,synth_Specialization/TREx/P101.jsonl
3199,Julius Pokorny works in the field of [MASK] .,linguist,synth_Specialization/TREx/P101.jsonl
3202,Leo Klejn works in the field of [MASK] .,archaeologist,synth_Specialization/TREx/P101.jsonl
3204,Antoine Augustin Cournot works in the field of [MASK] .,mathematics,synth_Specialization/TREx/P101.jsonl
3205,Clarence Zener works in the field of [MASK] .,physics,synth_Specialization/TREx/P101.jsonl
3206,Mikhail Leonidovich Gromov works in the field of [MASK] .,geometry,synth_Specialization/TREx/P101.jsonl
3208,Gilbert Blane works in the field of [MASK] .,medicine,synth_Specialization/TREx/P101.jsonl
3209,Julian Steward works in the field of [MASK] .,anthropology,synth_Specialization/TREx/P101.jsonl
3211,Q Center works in the field of [MASK] .,LGBT,synth_Specialization/TREx/P101.jsonl
3215,Ian Agol works in the field of [MASK] .,topology,synth_Specialization/TREx/P101.jsonl
3217,Jan Baptist Van Helmont works in the field of [MASK] .,chemistry,synth_Specialization/TREx/P101.jsonl
3220,Laurent Lafforgue works in the field of [MASK] .,mathematics,synth_Specialization/TREx/P101.jsonl
3222,David Bohm works in the field of [MASK] .,physics,synth_Specialization/TREx/P101.jsonl
3224,Hertha Ayrton works in the field of [MASK] .,mathematics,synth_Specialization/TREx/P101.jsonl
3225,Homi Jehangir Bhabha works in the field of [MASK] .,Physics,synth_Specialization/TREx/P101.jsonl
3230,Palestine Exploration Fund works in the field of [MASK] .,archaeological,synth_Specialization/TREx/P101.jsonl
3231,Friedrich Hirzebruch works in the field of [MASK] .,mathematics,synth_Specialization/TREx/P101.jsonl
3237,Arnaud Denjoy works in the field of [MASK] .,mathematics,synth_Specialization/TREx/P101.jsonl
3241,Friedrich Spanheim works in the field of [MASK] .,theologian,synth_Specialization/TREx/P101.jsonl
3249,Adonis works in the field of [MASK] .,hunting,synth_Specialization/TREx/P101.jsonl
3250,Robert A. Millikan works in the field of [MASK] .,physics,synth_Specialization/TREx/P101.jsonl
3253,Anatomical terminology works in the field of [MASK] .,anatomy,synth_Specialization/TREx/P101.jsonl
3255,Mildred Dresselhaus works in the field of [MASK] .,physics,synth_Specialization/TREx/P101.jsonl
3257,George Bernard Dantzig works in the field of [MASK] .,mathematics,synth_Specialization/TREx/P101.jsonl
3258,Max Dehn works in the field of [MASK] .,topology,synth_Specialization/TREx/P101.jsonl
3259,Gerardus Mercator works in the field of [MASK] .,geography,synth_Specialization/TREx/P101.jsonl
3260,Jean-Baptiste Boussingault works in the field of [MASK] .,chemistry,synth_Specialization/TREx/P101.jsonl
3261,Carl Linnaeus works in the field of [MASK] .,medicine,synth_Specialization/TREx/P101.jsonl
3264,Boris Delaunay works in the field of [MASK] .,geometry,synth_Specialization/TREx/P101.jsonl
3275,Tim Ingold works in the field of [MASK] .,anthropologist,synth_Specialization/TREx/P101.jsonl
3276,Frank Wilczek works in the field of [MASK] .,physics,synth_Specialization/TREx/P101.jsonl
3279,Herbert Seifert works in the field of [MASK] .,topology,synth_Specialization/TREx/P101.jsonl
3280,Jan Mikulicz-Radecki works in the field of [MASK] .,surgeon,synth_Specialization/TREx/P101.jsonl
3282,Kamil Zvelebil works in the field of [MASK] .,Tamil,synth_Specialization/TREx/P101.jsonl
3286,Jonas Jablonskis works in the field of [MASK] .,linguist,synth_Specialization/TREx/P101.jsonl
3291,Germaine Greer works in the field of [MASK] .,feminist,synth_Specialization/TREx/P101.jsonl
3293,Hellmuth Kneser works in the field of [MASK] .,topology,synth_Specialization/TREx/P101.jsonl
3297,Johann Heinrich Lambert works in the field of [MASK] .,physics,synth_Specialization/TREx/P101.jsonl
3301,Nicole-Reine Lepaute works in the field of [MASK] .,astronomy,synth_Specialization/TREx/P101.jsonl
3302,Kees Versteegh works in the field of [MASK] .,linguist,synth_Specialization/TREx/P101.jsonl
3304,Alexander Bogdanov works in the field of [MASK] .,medicine,synth_Specialization/TREx/P101.jsonl
3306,Brahmagupta works in the field of [MASK] .,mathematics,synth_Specialization/TREx/P101.jsonl
3307,Nicolas Chuquet works in the field of [MASK] .,mathematics,synth_Specialization/TREx/P101.jsonl
3310,Ludwig Klages works in the field of [MASK] .,psychology,synth_Specialization/TREx/P101.jsonl
3311,Wilhelm Wien works in the field of [MASK] .,Physics,synth_Specialization/TREx/P101.jsonl
3315,August Kundt works in the field of [MASK] .,Physics,synth_Specialization/TREx/P101.jsonl
3316,Tanya Reinhart works in the field of [MASK] .,linguist,synth_Specialization/TREx/P101.jsonl
3318,Regnier de Graaf works in the field of [MASK] .,physician,synth_Specialization/TREx/P101.jsonl
3321,Louis Cappel works in the field of [MASK] .,Hebrew,synth_Specialization/TREx/P101.jsonl
3323,Ali-Akbar Dehkhoda works in the field of [MASK] .,linguist,synth_Specialization/TREx/P101.jsonl
3324,Edinburgh Mathematical Society works in the field of [MASK] .,mathematics,synth_Specialization/TREx/P101.jsonl
3325,Religious Tract Society works in the field of [MASK] .,publisher,synth_Specialization/TREx/P101.jsonl
3328,Hjalmar Mellin works in the field of [MASK] .,mathematics,synth_Specialization/TREx/P101.jsonl
3332,Cesare Emiliani works in the field of [MASK] .,geologist,synth_Specialization/TREx/P101.jsonl
3334,NOTAM works in the field of [MASK] .,aviation,synth_Specialization/TREx/P101.jsonl
3340,Paul Cameron works in the field of [MASK] .,psychology,synth_Specialization/TREx/P101.jsonl
3341,Theodor von Oppolzer works in the field of [MASK] .,astronomy,synth_Specialization/TREx/P101.jsonl
3342,Adrianne Wadewitz works in the field of [MASK] .,Wikipedia,synth_Specialization/TREx/P101.jsonl
3344,Nan Hoover works in the field of [MASK] .,photography,synth_Specialization/TREx/P101.jsonl
3348,Joke Smit works in the field of [MASK] .,feminist,synth_Specialization/TREx/P101.jsonl
3350,Georg Mohr works in the field of [MASK] .,mathematics,synth_Specialization/TREx/P101.jsonl
3351,chemical test works in the field of [MASK] .,chemistry,synth_Specialization/TREx/P101.jsonl
3355,Ahmad Kasravi works in the field of [MASK] .,linguist,synth_Specialization/TREx/P101.jsonl
3358,William Lipscomb works in the field of [MASK] .,Chemistry,synth_Specialization/TREx/P101.jsonl
3360,Sofia Kovalevskaya works in the field of [MASK] .,Mathematics,synth_Specialization/TREx/P101.jsonl
3361,Felix Plater works in the field of [MASK] .,medicine,synth_Specialization/TREx/P101.jsonl
3367,Giordano Bruno works in the field of [MASK] .,philosophy,synth_Specialization/TREx/P101.jsonl
3369,Stanislav Grof works in the field of [MASK] .,Psychology,synth_Specialization/TREx/P101.jsonl
3370,Polymath project works in the field of [MASK] .,mathematics,synth_Specialization/TREx/P101.jsonl
3371,George Huntington works in the field of [MASK] .,medicine,synth_Specialization/TREx/P101.jsonl
3373,Callippus works in the field of [MASK] .,astronomy,synth_Specialization/TREx/P101.jsonl
3374,Napoleon Chagnon works in the field of [MASK] .,anthropology,synth_Specialization/TREx/P101.jsonl
3375,Vilhelm Thomsen works in the field of [MASK] .,linguist,synth_Specialization/TREx/P101.jsonl
3376,Edward Condon works in the field of [MASK] .,physics,synth_Specialization/TREx/P101.jsonl
3384,Henri Becquerel works in the field of [MASK] .,physics,synth_Specialization/TREx/P101.jsonl
3385,Onufri works in the field of [MASK] .,icon,synth_Specialization/TREx/P101.jsonl
3387,A Thousand Plateaus works in the field of [MASK] .,philosophy,synth_Specialization/TREx/P101.jsonl
3397,Francis Bitter works in the field of [MASK] .,physics,synth_Specialization/TREx/P101.jsonl
3398,John Pendlebury works in the field of [MASK] .,archaeologist,synth_Specialization/TREx/P101.jsonl
3401,Andreas Floer works in the field of [MASK] .,topology,synth_Specialization/TREx/P101.jsonl
3407,Lazarus Geiger works in the field of [MASK] .,linguistics,synth_Specialization/TREx/P101.jsonl
3408,Robert Moberly works in the field of [MASK] .,theologian,synth_Specialization/TREx/P101.jsonl
3410,Yi-Fu Tuan works in the field of [MASK] .,geography,synth_Specialization/TREx/P101.jsonl
3412,Nilakantha Somayaji works in the field of [MASK] .,astronomy,synth_Specialization/TREx/P101.jsonl
3413,Mario Pieri works in the field of [MASK] .,geometry,synth_Specialization/TREx/P101.jsonl
3417,Jean Baptiste Julien d'Omalius d'Halloy works in the field of [MASK] .,geologist,synth_Specialization/TREx/P101.jsonl
3418,Kip S. Thorne works in the field of [MASK] .,physics,synth_Specialization/TREx/P101.jsonl
3419,John Preskill works in the field of [MASK] .,physics,synth_Specialization/TREx/P101.jsonl
3420,Aleksey Krylov works in the field of [MASK] .,mathematics,synth_Specialization/TREx/P101.jsonl
3421,Alexis Bouvard works in the field of [MASK] .,astronomy,synth_Specialization/TREx/P101.jsonl
3426,Carl Djerassi works in the field of [MASK] .,Chemistry,synth_Specialization/TREx/P101.jsonl
3436,Lee Alvin DuBridge works in the field of [MASK] .,Physics,synth_Specialization/TREx/P101.jsonl
3438,Stuart Parkin works in the field of [MASK] .,Physics,synth_Specialization/TREx/P101.jsonl
3442,Carl Hovland works in the field of [MASK] .,psychology,synth_Specialization/TREx/P101.jsonl
3443,Anti-Oedipus works in the field of [MASK] .,philosophy,synth_Specialization/TREx/P101.jsonl
3444,Ibn Abi Usaibia works in the field of [MASK] .,medicine,synth_Specialization/TREx/P101.jsonl
3447,Mstislav Keldysh works in the field of [MASK] .,Mathematics,synth_Specialization/TREx/P101.jsonl
3448,Edoardo Amaldi works in the field of [MASK] .,physics,synth_Specialization/TREx/P101.jsonl
3449,history journal works in the field of [MASK] .,historical,synth_Specialization/TREx/P101.jsonl
3454,Ranuccio Bianchi Bandinelli works in the field of [MASK] .,archaeologist,synth_Specialization/TREx/P101.jsonl
3456,Massimo Pallottino works in the field of [MASK] .,archaeologist,synth_Specialization/TREx/P101.jsonl
3458,Giovanni Battista Riccioli works in the field of [MASK] .,astronomy,synth_Specialization/TREx/P101.jsonl
3462,James Hillman works in the field of [MASK] .,psychology,synth_Specialization/TREx/P101.jsonl
3464,Paul Langevin works in the field of [MASK] .,physics,synth_Specialization/TREx/P101.jsonl
3465,Ekrem Akurgal works in the field of [MASK] .,archaeologist,synth_Specialization/TREx/P101.jsonl
3467,Robert John Braidwood works in the field of [MASK] .,archaeologist,synth_Specialization/TREx/P101.jsonl
3473,Henricus Regius works in the field of [MASK] .,physician,synth_Specialization/TREx/P101.jsonl
3475,Johannes Hevelius works in the field of [MASK] .,astronomy,synth_Specialization/TREx/P101.jsonl
3476,Raymond Louis Wilder works in the field of [MASK] .,topology,synth_Specialization/TREx/P101.jsonl
3478,Mathematical folklore works in the field of [MASK] .,mathematics,synth_Specialization/TREx/P101.jsonl
3480,John Cockcroft works in the field of [MASK] .,physics,synth_Specialization/TREx/P101.jsonl
3482,Moritz Pasch works in the field of [MASK] .,geometry,synth_Specialization/TREx/P101.jsonl
3486,Otto Brunfels works in the field of [MASK] .,theologian,synth_Specialization/TREx/P101.jsonl
3490,Domingo de Soto works in the field of [MASK] .,theologian,synth_Specialization/TREx/P101.jsonl
3492,Tamaz Gamkrelidze works in the field of [MASK] .,linguist,synth_Specialization/TREx/P101.jsonl
3494,Louis Lucien Bonaparte works in the field of [MASK] .,linguist,synth_Specialization/TREx/P101.jsonl
3496,Pyotr Lebedev works in the field of [MASK] .,physics,synth_Specialization/TREx/P101.jsonl
3497,Svante August Arrhenius works in the field of [MASK] .,chemistry,synth_Specialization/TREx/P101.jsonl
3498,rococo works in the field of [MASK] .,architect,synth_Specialization/TREx/P101.jsonl
3499,Werner Fenchel works in the field of [MASK] .,geometry,synth_Specialization/TREx/P101.jsonl
3501,Macarius of Corinth works in the field of [MASK] .,priest,synth_Specialization/TREx/P101.jsonl
3502,Eberhard Hopf works in the field of [MASK] .,topology,synth_Specialization/TREx/P101.jsonl
3503,Aleksei N. Leontiev works in the field of [MASK] .,Psychology,synth_Specialization/TREx/P101.jsonl
