,sent,gold,filename
0,The Rousters was originally aired on [MASK] .,NBC,synth_TV Network/TREx/P449.jsonl
2,The Paradise Club was originally aired on [MASK] .,BBC,synth_TV Network/TREx/P449.jsonl
3,The Tonight Show with Conan O'Brien was originally aired on [MASK] .,NBC,synth_TV Network/TREx/P449.jsonl
46,Drake & Josh was originally aired on [MASK] .,Nickelodeon,synth_TV Network/TREx/P449.jsonl
74,Salute Your Shorts was originally aired on [MASK] .,Nickelodeon,synth_TV Network/TREx/P449.jsonl
83,DinoSquad was originally aired on [MASK] .,CBS,synth_TV Network/TREx/P449.jsonl
85,The Famous Teddy Z was originally aired on [MASK] .,CBS,synth_TV Network/TREx/P449.jsonl
87,FNMTV was originally aired on [MASK] .,MTV,synth_TV Network/TREx/P449.jsonl
95,This Is Your Life was originally aired on [MASK] .,NBC,synth_TV Network/TREx/P449.jsonl
103,Million Dollar Password was originally aired on [MASK] .,CBS,synth_TV Network/TREx/P449.jsonl
105,Yo Momma was originally aired on [MASK] .,MTV,synth_TV Network/TREx/P449.jsonl
112,GE True was originally aired on [MASK] .,CBS,synth_TV Network/TREx/P449.jsonl
115,Knight Rider was originally aired on [MASK] .,NBC,synth_TV Network/TREx/P449.jsonl
119,Wonder Pets was originally aired on [MASK] .,Nickelodeon,synth_TV Network/TREx/P449.jsonl
121,Presidio Med was originally aired on [MASK] .,CBS,synth_TV Network/TREx/P449.jsonl
123,NBC Nightside was originally aired on [MASK] .,NBC,synth_TV Network/TREx/P449.jsonl
126,Just Deal was originally aired on [MASK] .,NBC,synth_TV Network/TREx/P449.jsonl
133,The DuPont Show with June Allyson was originally aired on [MASK] .,CBS,synth_TV Network/TREx/P449.jsonl
136,Jim Henson's Muppet Babies was originally aired on [MASK] .,CBS,synth_TV Network/TREx/P449.jsonl
141,Yancy Derringer was originally aired on [MASK] .,CBS,synth_TV Network/TREx/P449.jsonl
145,Every Witch Way was originally aired on [MASK] .,Nickelodeon,synth_TV Network/TREx/P449.jsonl
154,The Law & Harry McGraw was originally aired on [MASK] .,CBS,synth_TV Network/TREx/P449.jsonl
156,Epitafios was originally aired on [MASK] .,HBO,synth_TV Network/TREx/P449.jsonl
163,Downtown was originally aired on [MASK] .,MTV,synth_TV Network/TREx/P449.jsonl
165,Sparkhouse was originally aired on [MASK] .,BBC,synth_TV Network/TREx/P449.jsonl
167,This Old House was originally aired on [MASK] .,PBS,synth_TV Network/TREx/P449.jsonl
178,Alternative Nation was originally aired on [MASK] .,MTV,synth_TV Network/TREx/P449.jsonl
181,WWE Tough Enough was originally aired on [MASK] .,MTV,synth_TV Network/TREx/P449.jsonl
187,Romeo! was originally aired on [MASK] .,Nickelodeon,synth_TV Network/TREx/P449.jsonl
192,Bright Promise was originally aired on [MASK] .,NBC,synth_TV Network/TREx/P449.jsonl
195,Hey Arnold! was originally aired on [MASK] .,Nickelodeon,synth_TV Network/TREx/P449.jsonl
206,Barnaby Jones was originally aired on [MASK] .,CBS,synth_TV Network/TREx/P449.jsonl
213,The Bold and the Beautiful was originally aired on [MASK] .,CBS,synth_TV Network/TREx/P449.jsonl
218,Wednesday Night Baseball was originally aired on [MASK] .,ESPN,synth_TV Network/TREx/P449.jsonl
226,The Bill Cosby Show was originally aired on [MASK] .,NBC,synth_TV Network/TREx/P449.jsonl
228,Wild & Crazy Kids was originally aired on [MASK] .,Nickelodeon,synth_TV Network/TREx/P449.jsonl
231,The Gisele MacKenzie Show was originally aired on [MASK] .,NBC,synth_TV Network/TREx/P449.jsonl
249,The Michael Richards Show was originally aired on [MASK] .,NBC,synth_TV Network/TREx/P449.jsonl
253,Liquid Television was originally aired on [MASK] .,MTV,synth_TV Network/TREx/P449.jsonl
277,Brooklyn South was originally aired on [MASK] .,CBS,synth_TV Network/TREx/P449.jsonl
281,SportsCentury was originally aired on [MASK] .,ESPN,synth_TV Network/TREx/P449.jsonl
285,The Morey Amsterdam Show was originally aired on [MASK] .,CBS,synth_TV Network/TREx/P449.jsonl
288,The Polly Bergen Show was originally aired on [MASK] .,NBC,synth_TV Network/TREx/P449.jsonl
292,The Return of Captain Nemo was originally aired on [MASK] .,CBS,synth_TV Network/TREx/P449.jsonl
295,Bonanza was originally aired on [MASK] .,NBC,synth_TV Network/TREx/P449.jsonl
336,We Got It Made was originally aired on [MASK] .,NBC,synth_TV Network/TREx/P449.jsonl
338,Armstrong Circle Theatre was originally aired on [MASK] .,NBC,synth_TV Network/TREx/P449.jsonl
340,How to Make It in America was originally aired on [MASK] .,HBO,synth_TV Network/TREx/P449.jsonl
350,Outside the Lines was originally aired on [MASK] .,ESPN,synth_TV Network/TREx/P449.jsonl
353,Bob the Builder was originally aired on [MASK] .,BBC,synth_TV Network/TREx/P449.jsonl
354,Unsolved Mysteries was originally aired on [MASK] .,NBC,synth_TV Network/TREx/P449.jsonl
360,Ark II was originally aired on [MASK] .,CBS,synth_TV Network/TREx/P449.jsonl
362,"Hello, Larry was originally aired on [MASK] .",NBC,synth_TV Network/TREx/P449.jsonl
365,St. Elsewhere was originally aired on [MASK] .,NBC,synth_TV Network/TREx/P449.jsonl
367,Mann & Machine was originally aired on [MASK] .,NBC,synth_TV Network/TREx/P449.jsonl
369,The Danny Thomas Hour was originally aired on [MASK] .,NBC,synth_TV Network/TREx/P449.jsonl
372,Carol & Company was originally aired on [MASK] .,NBC,synth_TV Network/TREx/P449.jsonl
382,Punky Brewster was originally aired on [MASK] .,NBC,synth_TV Network/TREx/P449.jsonl
385,Singled Out was originally aired on [MASK] .,MTV,synth_TV Network/TREx/P449.jsonl
390,The Electric Company was originally aired on [MASK] .,PBS,synth_TV Network/TREx/P449.jsonl
402,Tattletales was originally aired on [MASK] .,CBS,synth_TV Network/TREx/P449.jsonl
403,The Lucy Show was originally aired on [MASK] .,CBS,synth_TV Network/TREx/P449.jsonl
412,Green Acres was originally aired on [MASK] .,CBS,synth_TV Network/TREx/P449.jsonl
433,227 was originally aired on [MASK] .,NBC,synth_TV Network/TREx/P449.jsonl
434,Bully Beatdown was originally aired on [MASK] .,MTV,synth_TV Network/TREx/P449.jsonl
440,Ford Star Jubilee was originally aired on [MASK] .,CBS,synth_TV Network/TREx/P449.jsonl
445,"Ni Hao, Kai-Lan was originally aired on [MASK] .",Nickelodeon,synth_TV Network/TREx/P449.jsonl
446,True Blood was originally aired on [MASK] .,HBO,synth_TV Network/TREx/P449.jsonl
552,Daddio was originally aired on [MASK] .,NBC,synth_TV Network/TREx/P449.jsonl
554,The Jean Arthur Show was originally aired on [MASK] .,CBS,synth_TV Network/TREx/P449.jsonl
556,The Pee-wee Herman Show was originally aired on [MASK] .,HBO,synth_TV Network/TREx/P449.jsonl
560,Real Time with Bill Maher was originally aired on [MASK] .,HBO,synth_TV Network/TREx/P449.jsonl
563,Date My Mom was originally aired on [MASK] .,MTV,synth_TV Network/TREx/P449.jsonl
566,Atom Ant was originally aired on [MASK] .,NBC,synth_TV Network/TREx/P449.jsonl
567,The Black Donnellys was originally aired on [MASK] .,NBC,synth_TV Network/TREx/P449.jsonl
571,A.U.S.A. was originally aired on [MASK] .,NBC,synth_TV Network/TREx/P449.jsonl
572,The Waverly Wonders was originally aired on [MASK] .,NBC,synth_TV Network/TREx/P449.jsonl
574,Dream Job was originally aired on [MASK] .,ESPN,synth_TV Network/TREx/P449.jsonl
585,The Shari Lewis Show was originally aired on [MASK] .,NBC,synth_TV Network/TREx/P449.jsonl
587,The Puzzle Place was originally aired on [MASK] .,PBS,synth_TV Network/TREx/P449.jsonl
588,My Friend Tony was originally aired on [MASK] .,NBC,synth_TV Network/TREx/P449.jsonl
590,The Law Firm was originally aired on [MASK] .,NBC,synth_TV Network/TREx/P449.jsonl
592,I'm Telling! was originally aired on [MASK] .,NBC,synth_TV Network/TREx/P449.jsonl
594,CBS Evening News was originally aired on [MASK] .,CBS,synth_TV Network/TREx/P449.jsonl
615,The Comeback was originally aired on [MASK] .,HBO,synth_TV Network/TREx/P449.jsonl
623,ESPN Major League Soccer was originally aired on [MASK] .,ESPN,synth_TV Network/TREx/P449.jsonl
627,My Living Doll was originally aired on [MASK] .,CBS,synth_TV Network/TREx/P449.jsonl
633,Action League Now! was originally aired on [MASK] .,Nickelodeon,synth_TV Network/TREx/P449.jsonl
635,Nova ScienceNow was originally aired on [MASK] .,PBS,synth_TV Network/TREx/P449.jsonl
644,CNN Presents was originally aired on [MASK] .,CNN,synth_TV Network/TREx/P449.jsonl
647,The Sopranos was originally aired on [MASK] .,HBO,synth_TV Network/TREx/P449.jsonl
853,The Edsel Show was originally aired on [MASK] .,CBS,synth_TV Network/TREx/P449.jsonl
855,I.R.S. Records Presents The Cutting Edge was originally aired on [MASK] .,MTV,synth_TV Network/TREx/P449.jsonl
859,CBS Storybreak was originally aired on [MASK] .,CBS,synth_TV Network/TREx/P449.jsonl
862,Kojak was originally aired on [MASK] .,CBS,synth_TV Network/TREx/P449.jsonl
868,The Kwicky Koala Show was originally aired on [MASK] .,CBS,synth_TV Network/TREx/P449.jsonl
874,Zach Stone Is Gonna Be Famous was originally aired on [MASK] .,MTV,synth_TV Network/TREx/P449.jsonl
878,Storybook Squares was originally aired on [MASK] .,NBC,synth_TV Network/TREx/P449.jsonl
880,The New Mike Hammer was originally aired on [MASK] .,CBS,synth_TV Network/TREx/P449.jsonl
882,"Murder, She Wrote was originally aired on [MASK] .",CBS,synth_TV Network/TREx/P449.jsonl
889,Little Britain USA was originally aired on [MASK] .,HBO,synth_TV Network/TREx/P449.jsonl
891,Road Rules was originally aired on [MASK] .,MTV,synth_TV Network/TREx/P449.jsonl
927,Boardwalk Empire was originally aired on [MASK] .,HBO,synth_TV Network/TREx/P449.jsonl
1024,"Yes, Dear was originally aired on [MASK] .",CBS,synth_TV Network/TREx/P449.jsonl
1031,Fireside Theater was originally aired on [MASK] .,NBC,synth_TV Network/TREx/P449.jsonl
1037,Juliet Bravo was originally aired on [MASK] .,BBC,synth_TV Network/TREx/P449.jsonl
1044,Clear History was originally aired on [MASK] .,HBO,synth_TV Network/TREx/P449.jsonl
1046,Password Plus and Super Password was originally aired on [MASK] .,NBC,synth_TV Network/TREx/P449.jsonl
1049,Big Blue Marble was originally aired on [MASK] .,PBS,synth_TV Network/TREx/P449.jsonl
1052,As the World Turns was originally aired on [MASK] .,CBS,synth_TV Network/TREx/P449.jsonl
1054,Something Is Out There was originally aired on [MASK] .,NBC,synth_TV Network/TREx/P449.jsonl
1056,Quarterlife was originally aired on [MASK] .,NBC,synth_TV Network/TREx/P449.jsonl
1060,I Dream of Jeannie was originally aired on [MASK] .,NBC,synth_TV Network/TREx/P449.jsonl
1071,Kate & Allie was originally aired on [MASK] .,CBS,synth_TV Network/TREx/P449.jsonl
1073,The Many Loves of Dobie Gillis was originally aired on [MASK] .,CBS,synth_TV Network/TREx/P449.jsonl
1086,The New Andy Griffith Show was originally aired on [MASK] .,CBS,synth_TV Network/TREx/P449.jsonl
1089,The Alcoa Hour was originally aired on [MASK] .,NBC,synth_TV Network/TREx/P449.jsonl
1092,Father Murphy was originally aired on [MASK] .,NBC,synth_TV Network/TREx/P449.jsonl
1097,60 Minutes was originally aired on [MASK] .,CBS,synth_TV Network/TREx/P449.jsonl
1180,Saturday Night Live was originally aired on [MASK] .,NBC,synth_TV Network/TREx/P449.jsonl
1200,The Ruff & Reddy Show was originally aired on [MASK] .,NBC,synth_TV Network/TREx/P449.jsonl
1205,Miss Susan was originally aired on [MASK] .,NBC,synth_TV Network/TREx/P449.jsonl
1208,From These Roots was originally aired on [MASK] .,NBC,synth_TV Network/TREx/P449.jsonl
1209,See It Now was originally aired on [MASK] .,CBS,synth_TV Network/TREx/P449.jsonl
1213,Petticoat Junction was originally aired on [MASK] .,CBS,synth_TV Network/TREx/P449.jsonl
1233,Dinky Dog was originally aired on [MASK] .,CBS,synth_TV Network/TREx/P449.jsonl
1235,SNICK was originally aired on [MASK] .,Nickelodeon,synth_TV Network/TREx/P449.jsonl
1250,The Man from U.N.C.L.E. was originally aired on [MASK] .,NBC,synth_TV Network/TREx/P449.jsonl
1251,Together We Stand was originally aired on [MASK] .,CBS,synth_TV Network/TREx/P449.jsonl
1254,Max & Shred was originally aired on [MASK] .,Nickelodeon,synth_TV Network/TREx/P449.jsonl
1256,NYC 22 was originally aired on [MASK] .,CBS,synth_TV Network/TREx/P449.jsonl
1258,Gullah Gullah Island was originally aired on [MASK] .,Nickelodeon,synth_TV Network/TREx/P449.jsonl
1262,Got Talent was originally aired on [MASK] .,NBC,synth_TV Network/TREx/P449.jsonl
1321,My Two Dads was originally aired on [MASK] .,NBC,synth_TV Network/TREx/P449.jsonl
1326,The Andy Williams Show was originally aired on [MASK] .,NBC,synth_TV Network/TREx/P449.jsonl
1338,Springwatch was originally aired on [MASK] .,BBC,synth_TV Network/TREx/P449.jsonl
1355,Ballers was originally aired on [MASK] .,HBO,synth_TV Network/TREx/P449.jsonl
1360,"John King, USA was originally aired on [MASK] .",CNN,synth_TV Network/TREx/P449.jsonl
1365,Thursday Night Showcase was originally aired on [MASK] .,ESPN,synth_TV Network/TREx/P449.jsonl
1368,The Doris Day Show was originally aired on [MASK] .,CBS,synth_TV Network/TREx/P449.jsonl
1376,Growing Up Fisher was originally aired on [MASK] .,NBC,synth_TV Network/TREx/P449.jsonl
1382,Pardon the Interruption was originally aired on [MASK] .,ESPN,synth_TV Network/TREx/P449.jsonl
1384,Noah Knows Best was originally aired on [MASK] .,Nickelodeon,synth_TV Network/TREx/P449.jsonl
1386,Curb Your Enthusiasm was originally aired on [MASK] .,HBO,synth_TV Network/TREx/P449.jsonl
1415,Your Hit Parade was originally aired on [MASK] .,NBC,synth_TV Network/TREx/P449.jsonl
1422,Westinghouse Desilu Playhouse was originally aired on [MASK] .,CBS,synth_TV Network/TREx/P449.jsonl
1423,The Brothers Grunt was originally aired on [MASK] .,MTV,synth_TV Network/TREx/P449.jsonl
1426,Jeopardy! was originally aired on [MASK] .,NBC,synth_TV Network/TREx/P449.jsonl
1431,Wild 'n Out was originally aired on [MASK] .,MTV,synth_TV Network/TREx/P449.jsonl
1435,"Magnum, P.I. was originally aired on [MASK] .",CBS,synth_TV Network/TREx/P449.jsonl
1439,The Yellow Rose was originally aired on [MASK] .,NBC,synth_TV Network/TREx/P449.jsonl
1440,"Inch High, Private Eye was originally aired on [MASK] .",NBC,synth_TV Network/TREx/P449.jsonl
1443,The Lead with Jake Tapper was originally aired on [MASK] .,CNN,synth_TV Network/TREx/P449.jsonl
1445,The Sophisticated Gents was originally aired on [MASK] .,NBC,synth_TV Network/TREx/P449.jsonl
1447,NFL Matchup was originally aired on [MASK] .,ESPN,synth_TV Network/TREx/P449.jsonl
1448,One Big Happy (sitcom) was originally aired on [MASK] .,NBC,synth_TV Network/TREx/P449.jsonl
1459,The Jeffersons was originally aired on [MASK] .,CBS,synth_TV Network/TREx/P449.jsonl
1476,Leg Work was originally aired on [MASK] .,CBS,synth_TV Network/TREx/P449.jsonl
1478,Underdog was originally aired on [MASK] .,NBC,synth_TV Network/TREx/P449.jsonl
1481,CBS Playhouse was originally aired on [MASK] .,CBS,synth_TV Network/TREx/P449.jsonl
1483,Simon & Simon was originally aired on [MASK] .,CBS,synth_TV Network/TREx/P449.jsonl
1488,The Cosby Show was originally aired on [MASK] .,NBC,synth_TV Network/TREx/P449.jsonl
1515,WIRED Science was originally aired on [MASK] .,PBS,synth_TV Network/TREx/P449.jsonl
1517,Elizabeth R was originally aired on [MASK] .,BBC,synth_TV Network/TREx/P449.jsonl
1524,Criminal Minds was originally aired on [MASK] .,CBS,synth_TV Network/TREx/P449.jsonl
1577,Hello Ladies was originally aired on [MASK] .,HBO,synth_TV Network/TREx/P449.jsonl
1582,2 Broke Girls was originally aired on [MASK] .,CBS,synth_TV Network/TREx/P449.jsonl
1594,Top Cops was originally aired on [MASK] .,CBS,synth_TV Network/TREx/P449.jsonl
1597,Dogg After Dark was originally aired on [MASK] .,MTV,synth_TV Network/TREx/P449.jsonl
1599,Wallykazam! was originally aired on [MASK] .,Nickelodeon,synth_TV Network/TREx/P449.jsonl
1600,Space Academy was originally aired on [MASK] .,CBS,synth_TV Network/TREx/P449.jsonl
1603,Emergency! was originally aired on [MASK] .,NBC,synth_TV Network/TREx/P449.jsonl
1610,Project Greenlight was originally aired on [MASK] .,HBO,synth_TV Network/TREx/P449.jsonl
1621,Welcome Freshmen was originally aired on [MASK] .,Nickelodeon,synth_TV Network/TREx/P449.jsonl
1627,Redigo was originally aired on [MASK] .,NBC,synth_TV Network/TREx/P449.jsonl
1630,Cheers was originally aired on [MASK] .,NBC,synth_TV Network/TREx/P449.jsonl
1651,Himalaya with Michael Palin was originally aired on [MASK] .,BBC,synth_TV Network/TREx/P449.jsonl
1655,Bret Maverick was originally aired on [MASK] .,NBC,synth_TV Network/TREx/P449.jsonl
1656,Sushi Pack was originally aired on [MASK] .,CBS,synth_TV Network/TREx/P449.jsonl
1659,Sanford Arms was originally aired on [MASK] .,NBC,synth_TV Network/TREx/P449.jsonl
1661,Making the Band was originally aired on [MASK] .,MTV,synth_TV Network/TREx/P449.jsonl
1662,The New Show was originally aired on [MASK] .,NBC,synth_TV Network/TREx/P449.jsonl
1664,The Aquanauts was originally aired on [MASK] .,CBS,synth_TV Network/TREx/P449.jsonl
1667,Lilyhammer was originally aired on [MASK] .,Netflix,synth_TV Network/TREx/P449.jsonl
1676,Amy Prentiss was originally aired on [MASK] .,NBC,synth_TV Network/TREx/P449.jsonl
1678,The Judy Garland Show was originally aired on [MASK] .,CBS,synth_TV Network/TREx/P449.jsonl
1682,Blowin' Up was originally aired on [MASK] .,MTV,synth_TV Network/TREx/P449.jsonl
1684,Baseball Tonight was originally aired on [MASK] .,ESPN,synth_TV Network/TREx/P449.jsonl
1707,The Roman Holidays was originally aired on [MASK] .,NBC,synth_TV Network/TREx/P449.jsonl
1710,Dora the Explorer was originally aired on [MASK] .,Nickelodeon,synth_TV Network/TREx/P449.jsonl
1711,The Gong Show was originally aired on [MASK] .,NBC,synth_TV Network/TREx/P449.jsonl
1714,Skag was originally aired on [MASK] .,NBC,synth_TV Network/TREx/P449.jsonl
1716,The Pink Panther Show was originally aired on [MASK] .,NBC,synth_TV Network/TREx/P449.jsonl
1720,Finding Carter was originally aired on [MASK] .,MTV,synth_TV Network/TREx/P449.jsonl
1728,American Odyssey was originally aired on [MASK] .,NBC,synth_TV Network/TREx/P449.jsonl
1730,Zoey 101 was originally aired on [MASK] .,Nickelodeon,synth_TV Network/TREx/P449.jsonl
1759,My Big Fat Greek Life was originally aired on [MASK] .,CBS,synth_TV Network/TREx/P449.jsonl
1761,Q was originally aired on [MASK] .,BBC,synth_TV Network/TREx/P449.jsonl
1764,True Detective was originally aired on [MASK] .,HBO,synth_TV Network/TREx/P449.jsonl
1784,The Robonic Stooges was originally aired on [MASK] .,CBS,synth_TV Network/TREx/P449.jsonl
1819,Wolf Lake was originally aired on [MASK] .,CBS,synth_TV Network/TREx/P449.jsonl
1822,The Nanny was originally aired on [MASK] .,CBS,synth_TV Network/TREx/P449.jsonl
1829,Frontline was originally aired on [MASK] .,PBS,synth_TV Network/TREx/P449.jsonl
1832,The Dinah Shore Show was originally aired on [MASK] .,NBC,synth_TV Network/TREx/P449.jsonl
1834,A Different World was originally aired on [MASK] .,NBC,synth_TV Network/TREx/P449.jsonl
1847,Videomatch was originally aired on [MASK] .,Argentine,synth_TV Network/TREx/P449.jsonl
1852,Sam & Cat was originally aired on [MASK] .,Nickelodeon,synth_TV Network/TREx/P449.jsonl
1871,The Andy Griffith Show was originally aired on [MASK] .,CBS,synth_TV Network/TREx/P449.jsonl
1935,Time Warp Trio was originally aired on [MASK] .,NBC,synth_TV Network/TREx/P449.jsonl
1939,Winter Is Coming was originally aired on [MASK] .,HBO,synth_TV Network/TREx/P449.jsonl
1941,CNN Heroes was originally aired on [MASK] .,CNN,synth_TV Network/TREx/P449.jsonl
1945,Las Vegas was originally aired on [MASK] .,NBC,synth_TV Network/TREx/P449.jsonl
1947,Hotel Malibu was originally aired on [MASK] .,CBS,synth_TV Network/TREx/P449.jsonl
1949,The Beverly Hillbillies was originally aired on [MASK] .,CBS,synth_TV Network/TREx/P449.jsonl
1973,The Tonight Show Starring Jimmy Fallon was originally aired on [MASK] .,NBC,synth_TV Network/TREx/P449.jsonl
1981,Silk Stalkings was originally aired on [MASK] .,CBS,synth_TV Network/TREx/P449.jsonl
1985,Unfabulous was originally aired on [MASK] .,Nickelodeon,synth_TV Network/TREx/P449.jsonl
2000,Trailer Park Boys was originally aired on [MASK] .,Netflix,synth_TV Network/TREx/P449.jsonl
2002,Concentration was originally aired on [MASK] .,NBC,synth_TV Network/TREx/P449.jsonl
2004,The Crazy Ones was originally aired on [MASK] .,CBS,synth_TV Network/TREx/P449.jsonl
2006,The New Phil Silvers Show was originally aired on [MASK] .,CBS,synth_TV Network/TREx/P449.jsonl
2012,The John Larroquette Show was originally aired on [MASK] .,NBC,synth_TV Network/TREx/P449.jsonl
2016,The Banana Splits was originally aired on [MASK] .,NBC,synth_TV Network/TREx/P449.jsonl
2017,MTV Cribs was originally aired on [MASK] .,MTV,synth_TV Network/TREx/P449.jsonl
2021,Arliss was originally aired on [MASK] .,HBO,synth_TV Network/TREx/P449.jsonl
2026,You Gotta See This was originally aired on [MASK] .,Nickelodeon,synth_TV Network/TREx/P449.jsonl
2033,An Early Frost was originally aired on [MASK] .,NBC,synth_TV Network/TREx/P449.jsonl
2034,Columbo was originally aired on [MASK] .,NBC,synth_TV Network/TREx/P449.jsonl
2035,The Home Court was originally aired on [MASK] .,NBC,synth_TV Network/TREx/P449.jsonl
2037,Circus Boy was originally aired on [MASK] .,NBC,synth_TV Network/TREx/P449.jsonl
2039,Power Rangers Dino Charge was originally aired on [MASK] .,Nickelodeon,synth_TV Network/TREx/P449.jsonl
2041,The Golden Palace was originally aired on [MASK] .,CBS,synth_TV Network/TREx/P449.jsonl
2045,Accidental Family was originally aired on [MASK] .,NBC,synth_TV Network/TREx/P449.jsonl
2056,The Rerun Show was originally aired on [MASK] .,NBC,synth_TV Network/TREx/P449.jsonl
2064,New York News was originally aired on [MASK] .,CBS,synth_TV Network/TREx/P449.jsonl
2067,Short Circuitz was originally aired on [MASK] .,MTV,synth_TV Network/TREx/P449.jsonl
2072,Fat Albert and the Cosby Kids was originally aired on [MASK] .,CBS,synth_TV Network/TREx/P449.jsonl
2074,Larry King Live was originally aired on [MASK] .,CNN,synth_TV Network/TREx/P449.jsonl
2108,Hec Ramsey was originally aired on [MASK] .,NBC,synth_TV Network/TREx/P449.jsonl
2110,Passions was originally aired on [MASK] .,NBC,synth_TV Network/TREx/P449.jsonl
2169,Frontier was originally aired on [MASK] .,NBC,synth_TV Network/TREx/P449.jsonl
2172,SEC on CBS was originally aired on [MASK] .,CBS,synth_TV Network/TREx/P449.jsonl
2176,The Phil Silvers Show was originally aired on [MASK] .,CBS,synth_TV Network/TREx/P449.jsonl
2180,Sanford and Son was originally aired on [MASK] .,NBC,synth_TV Network/TREx/P449.jsonl
2181,"SpongeBob SquarePants, season 6 was originally aired on [MASK] .",Nickelodeon,synth_TV Network/TREx/P449.jsonl
2183,Ceefax was originally aired on [MASK] .,BBC,synth_TV Network/TREx/P449.jsonl
2191,Baa Baa Black Sheep was originally aired on [MASK] .,NBC,synth_TV Network/TREx/P449.jsonl
2193,Then Came Bronson was originally aired on [MASK] .,NBC,synth_TV Network/TREx/P449.jsonl
2196,Jefferson Drum was originally aired on [MASK] .,NBC,synth_TV Network/TREx/P449.jsonl
2199,Letter to Loretta was originally aired on [MASK] .,NBC,synth_TV Network/TREx/P449.jsonl
2210,All Grown Up! was originally aired on [MASK] .,Nickelodeon,synth_TV Network/TREx/P449.jsonl
2218,Snorks was originally aired on [MASK] .,NBC,synth_TV Network/TREx/P449.jsonl
2220,Hell Town was originally aired on [MASK] .,NBC,synth_TV Network/TREx/P449.jsonl
2222,The Contender 3 was originally aired on [MASK] .,ESPN,synth_TV Network/TREx/P449.jsonl
2225,The Flintstones' New Neighbors was originally aired on [MASK] .,NBC,synth_TV Network/TREx/P449.jsonl
2227,Adam-12 was originally aired on [MASK] .,NBC,synth_TV Network/TREx/P449.jsonl
2230,Jim Rome Is Burning was originally aired on [MASK] .,ESPN,synth_TV Network/TREx/P449.jsonl
2235,The High Chaparral was originally aired on [MASK] .,NBC,synth_TV Network/TREx/P449.jsonl
2245,Miss Match was originally aired on [MASK] .,NBC,synth_TV Network/TREx/P449.jsonl
2246,The Chris Rock Show was originally aired on [MASK] .,HBO,synth_TV Network/TREx/P449.jsonl
2248,Numbers was originally aired on [MASK] .,CBS,synth_TV Network/TREx/P449.jsonl
2280,Raw Toonage was originally aired on [MASK] .,CBS,synth_TV Network/TREx/P449.jsonl
2284,Fareed Zakaria GPS was originally aired on [MASK] .,CNN,synth_TV Network/TREx/P449.jsonl
2286,The Bronx Is Burning was originally aired on [MASK] .,ESPN,synth_TV Network/TREx/P449.jsonl
2288,My Dad Is Better Than Your Dad was originally aired on [MASK] .,NBC,synth_TV Network/TREx/P449.jsonl
2290,Forever Knight was originally aired on [MASK] .,CBS,synth_TV Network/TREx/P449.jsonl
2293,Dateline NBC was originally aired on [MASK] .,NBC,synth_TV Network/TREx/P449.jsonl
2327,Peter Gunn was originally aired on [MASK] .,NBC,synth_TV Network/TREx/P449.jsonl
2332,Lucas Tanner was originally aired on [MASK] .,NBC,synth_TV Network/TREx/P449.jsonl
2334,True Women was originally aired on [MASK] .,CBS,synth_TV Network/TREx/P449.jsonl
2337,The Sports Reporters was originally aired on [MASK] .,ESPN,synth_TV Network/TREx/P449.jsonl
2342,Family Affair was originally aired on [MASK] .,CBS,synth_TV Network/TREx/P449.jsonl
2347,Late Night with Jimmy Fallon was originally aired on [MASK] .,NBC,synth_TV Network/TREx/P449.jsonl
2371,The Face Is Familiar was originally aired on [MASK] .,CBS,synth_TV Network/TREx/P449.jsonl
2373,Ding Dong School was originally aired on [MASK] .,NBC,synth_TV Network/TREx/P449.jsonl
2376,The Experiment was originally aired on [MASK] .,BBC,synth_TV Network/TREx/P449.jsonl
2381,Clarissa Explains It All was originally aired on [MASK] .,Nickelodeon,synth_TV Network/TREx/P449.jsonl
2392,Second Verdict was originally aired on [MASK] .,BBC,synth_TV Network/TREx/P449.jsonl
2396,The Event was originally aired on [MASK] .,NBC,synth_TV Network/TREx/P449.jsonl
2405,"Ace Crawford, Private Eye was originally aired on [MASK] .",CBS,synth_TV Network/TREx/P449.jsonl
2407,Baywatch was originally aired on [MASK] .,NBC,synth_TV Network/TREx/P449.jsonl
2408,The Wuzzles was originally aired on [MASK] .,CBS,synth_TV Network/TREx/P449.jsonl
2411,Most Outrageous Moments was originally aired on [MASK] .,NBC,synth_TV Network/TREx/P449.jsonl
2418,SportsCenter was originally aired on [MASK] .,ESPN,synth_TV Network/TREx/P449.jsonl
2565,Speed Buggy was originally aired on [MASK] .,CBS,synth_TV Network/TREx/P449.jsonl
2568,The Pat Sajak Show was originally aired on [MASK] .,CBS,synth_TV Network/TREx/P449.jsonl
2571,2000 Malibu Road was originally aired on [MASK] .,CBS,synth_TV Network/TREx/P449.jsonl
2573,The Celebrity Apprentice was originally aired on [MASK] .,NBC,synth_TV Network/TREx/P449.jsonl
2576,The Ren & Stimpy Show was originally aired on [MASK] .,Nickelodeon,synth_TV Network/TREx/P449.jsonl
2589,Shredderman Rules was originally aired on [MASK] .,Nickelodeon,synth_TV Network/TREx/P449.jsonl
2593,SpeedWeek was originally aired on [MASK] .,ESPN,synth_TV Network/TREx/P449.jsonl
2595,Jennifer Slept Here was originally aired on [MASK] .,NBC,synth_TV Network/TREx/P449.jsonl
2597,The Joseph Cotten Show was originally aired on [MASK] .,NBC,synth_TV Network/TREx/P449.jsonl
2598,Comedy Playhouse was originally aired on [MASK] .,BBC,synth_TV Network/TREx/P449.jsonl
2610,The Betty Hutton Show was originally aired on [MASK] .,CBS,synth_TV Network/TREx/P449.jsonl
2614,Daria was originally aired on [MASK] .,MTV,synth_TV Network/TREx/P449.jsonl
2634,My Favorite Martian was originally aired on [MASK] .,CBS,synth_TV Network/TREx/P449.jsonl
2640,Matinee Theater was originally aired on [MASK] .,NBC,synth_TV Network/TREx/P449.jsonl
2644,Space Sentinels was originally aired on [MASK] .,NBC,synth_TV Network/TREx/P449.jsonl
2649,NFL Insiders was originally aired on [MASK] .,ESPN,synth_TV Network/TREx/P449.jsonl
2650,Crossing Lines was originally aired on [MASK] .,NBC,synth_TV Network/TREx/P449.jsonl
2652,Lost in Space was originally aired on [MASK] .,CBS,synth_TV Network/TREx/P449.jsonl
2653,Pigeon Street was originally aired on [MASK] .,BBC,synth_TV Network/TREx/P449.jsonl
2655,The Pretender was originally aired on [MASK] .,NBC,synth_TV Network/TREx/P449.jsonl
2658,Fabulous Funnies was originally aired on [MASK] .,NBC,synth_TV Network/TREx/P449.jsonl
2660,Nash Bridges was originally aired on [MASK] .,CBS,synth_TV Network/TREx/P449.jsonl
2664,Victorious was originally aired on [MASK] .,Nickelodeon,synth_TV Network/TREx/P449.jsonl
2694,Nickelodeon Guts was originally aired on [MASK] .,Nickelodeon,synth_TV Network/TREx/P449.jsonl
2700,The Imogene Coca Show was originally aired on [MASK] .,NBC,synth_TV Network/TREx/P449.jsonl
2702,Merry Madagascar was originally aired on [MASK] .,NBC,synth_TV Network/TREx/P449.jsonl
2706,The Edge of Night was originally aired on [MASK] .,CBS,synth_TV Network/TREx/P449.jsonl
2707,Playmakers was originally aired on [MASK] .,ESPN,synth_TV Network/TREx/P449.jsonl
2714,Sam Benedict was originally aired on [MASK] .,NBC,synth_TV Network/TREx/P449.jsonl
2721,The Mary Tyler Moore Show was originally aired on [MASK] .,CBS,synth_TV Network/TREx/P449.jsonl
2731,Yo Gabba Gabba! was originally aired on [MASK] .,Nickelodeon,synth_TV Network/TREx/P449.jsonl
2740,The New Dick Van Dyke Show was originally aired on [MASK] .,CBS,synth_TV Network/TREx/P449.jsonl
2744,Last Comic Standing was originally aired on [MASK] .,NBC,synth_TV Network/TREx/P449.jsonl
2780,The Equalizer was originally aired on [MASK] .,CBS,synth_TV Network/TREx/P449.jsonl
2783,The Late Late Show with Craig Ferguson was originally aired on [MASK] .,CBS,synth_TV Network/TREx/P449.jsonl
2808,The Sing-Off was originally aired on [MASK] .,NBC,synth_TV Network/TREx/P449.jsonl
2836,Garfield and Friends was originally aired on [MASK] .,CBS,synth_TV Network/TREx/P449.jsonl
2837,The George Burns Show was originally aired on [MASK] .,NBC,synth_TV Network/TREx/P449.jsonl
2839,"Hawkins Falls, Population 6200 was originally aired on [MASK] .",NBC,synth_TV Network/TREx/P449.jsonl
2846,Law & Order was originally aired on [MASK] .,NBC,synth_TV Network/TREx/P449.jsonl
3018,The Gale Storm Show was originally aired on [MASK] .,CBS,synth_TV Network/TREx/P449.jsonl
3020,Danny Phantom was originally aired on [MASK] .,Nickelodeon,synth_TV Network/TREx/P449.jsonl
3035,Wichita Town was originally aired on [MASK] .,NBC,synth_TV Network/TREx/P449.jsonl
3039,The Amazing Race was originally aired on [MASK] .,CBS,synth_TV Network/TREx/P449.jsonl
3058,The Dinah Shore Chevy Show was originally aired on [MASK] .,NBC,synth_TV Network/TREx/P449.jsonl
3067,Ghost Whisperer was originally aired on [MASK] .,CBS,synth_TV Network/TREx/P449.jsonl
3089,Hearts Are Wild was originally aired on [MASK] .,CBS,synth_TV Network/TREx/P449.jsonl
3091,"Gunpowder, Treason & Plot was originally aired on [MASK] .",BBC,synth_TV Network/TREx/P449.jsonl
3093,Rob & Big was originally aired on [MASK] .,MTV,synth_TV Network/TREx/P449.jsonl
3096,Mama Malone was originally aired on [MASK] .,CBS,synth_TV Network/TREx/P449.jsonl
3098,Gary Unmarried was originally aired on [MASK] .,CBS,synth_TV Network/TREx/P449.jsonl
3105,My Name Is Earl was originally aired on [MASK] .,NBC,synth_TV Network/TREx/P449.jsonl
3117,December Bride was originally aired on [MASK] .,CBS,synth_TV Network/TREx/P449.jsonl
3132,The Blacklist was originally aired on [MASK] .,NBC,synth_TV Network/TREx/P449.jsonl
3152,Eurovision Song Contest 1960 was originally aired on [MASK] .,BBC,synth_TV Network/TREx/P449.jsonl
3153,Picket Fences was originally aired on [MASK] .,CBS,synth_TV Network/TREx/P449.jsonl
3189,Square Pegs was originally aired on [MASK] .,CBS,synth_TV Network/TREx/P449.jsonl
3193,Reliable Sources was originally aired on [MASK] .,CNN,synth_TV Network/TREx/P449.jsonl
3207,Miami Medical was originally aired on [MASK] .,CBS,synth_TV Network/TREx/P449.jsonl
3209,Rowan & Martin's Laugh-In was originally aired on [MASK] .,NBC,synth_TV Network/TREx/P449.jsonl
3220,Unscripted was originally aired on [MASK] .,HBO,synth_TV Network/TREx/P449.jsonl
3223,The Wild Wild West was originally aired on [MASK] .,CBS,synth_TV Network/TREx/P449.jsonl
3227,McMillan & Wife was originally aired on [MASK] .,NBC,synth_TV Network/TREx/P449.jsonl
3230,The Fairly OddParents was originally aired on [MASK] .,Nickelodeon,synth_TV Network/TREx/P449.jsonl
3255,Alfred Hitchcock Presents was originally aired on [MASK] .,NBC,synth_TV Network/TREx/P449.jsonl
3257,NBA on NBC was originally aired on [MASK] .,NBC,synth_TV Network/TREx/P449.jsonl
3258,Love Monkey was originally aired on [MASK] .,CBS,synth_TV Network/TREx/P449.jsonl
3259,A Man Called Sloane was originally aired on [MASK] .,NBC,synth_TV Network/TREx/P449.jsonl
3261,"Merry Christmas, Drake & Josh was originally aired on [MASK] .",Nickelodeon,synth_TV Network/TREx/P449.jsonl
3264,The Ex List was originally aired on [MASK] .,CBS,synth_TV Network/TREx/P449.jsonl
3267,Celebrity Cooking Showdown was originally aired on [MASK] .,NBC,synth_TV Network/TREx/P449.jsonl
3269,American Morning was originally aired on [MASK] .,CNN,synth_TV Network/TREx/P449.jsonl
3285,Tourgasm was originally aired on [MASK] .,HBO,synth_TV Network/TREx/P449.jsonl
3288,Nikki & Sara Live was originally aired on [MASK] .,MTV,synth_TV Network/TREx/P449.jsonl
3290,Def Comedy Jam was originally aired on [MASK] .,HBO,synth_TV Network/TREx/P449.jsonl
3303,The Tab Hunter Show was originally aired on [MASK] .,NBC,synth_TV Network/TREx/P449.jsonl
3307,City Guys was originally aired on [MASK] .,NBC,synth_TV Network/TREx/P449.jsonl
3313,Kenan & Kel was originally aired on [MASK] .,Nickelodeon,synth_TV Network/TREx/P449.jsonl
3328,Fraternity Life was originally aired on [MASK] .,MTV,synth_TV Network/TREx/P449.jsonl
3330,Gentle Ben was originally aired on [MASK] .,CBS,synth_TV Network/TREx/P449.jsonl
3332,WWE Heat was originally aired on [MASK] .,MTV,synth_TV Network/TREx/P449.jsonl
3333,Wildboyz was originally aired on [MASK] .,MTV,synth_TV Network/TREx/P449.jsonl
3338,American Dreams was originally aired on [MASK] .,NBC,synth_TV Network/TREx/P449.jsonl
3355,Revolution was originally aired on [MASK] .,NBC,synth_TV Network/TREx/P449.jsonl
3361,California Dreams was originally aired on [MASK] .,NBC,synth_TV Network/TREx/P449.jsonl
3367,Tracey Takes On... was originally aired on [MASK] .,HBO,synth_TV Network/TREx/P449.jsonl
3374,Starting Point was originally aired on [MASK] .,CNN,synth_TV Network/TREx/P449.jsonl
3380,Palace Guard was originally aired on [MASK] .,CBS,synth_TV Network/TREx/P449.jsonl
3384,Quarterback Princess was originally aired on [MASK] .,CBS,synth_TV Network/TREx/P449.jsonl
3385,"Philip Marlowe, Private Eye was originally aired on [MASK] .",HBO,synth_TV Network/TREx/P449.jsonl
3388,Last Week Tonight with John Oliver was originally aired on [MASK] .,HBO,synth_TV Network/TREx/P449.jsonl
3402,The Restless Gun was originally aired on [MASK] .,NBC,synth_TV Network/TREx/P449.jsonl
3409,Rugrats Pre-School Daze was originally aired on [MASK] .,Nickelodeon,synth_TV Network/TREx/P449.jsonl
3411,ChalkZone was originally aired on [MASK] .,Nickelodeon,synth_TV Network/TREx/P449.jsonl
3419,Good Times was originally aired on [MASK] .,CBS,synth_TV Network/TREx/P449.jsonl
3440,I Bet You Will was originally aired on [MASK] .,MTV,synth_TV Network/TREx/P449.jsonl
3443,All My Children was originally aired on [MASK] .,iTunes,synth_TV Network/TREx/P449.jsonl
3448,Sense8 was originally aired on [MASK] .,Netflix,synth_TV Network/TREx/P449.jsonl
3454,The NFL Today was originally aired on [MASK] .,CBS,synth_TV Network/TREx/P449.jsonl
3457,When I Was 17 was originally aired on [MASK] .,MTV,synth_TV Network/TREx/P449.jsonl
3459,Michael Shayne was originally aired on [MASK] .,NBC,synth_TV Network/TREx/P449.jsonl
3460,Club MTV was originally aired on [MASK] .,MTV,synth_TV Network/TREx/P449.jsonl
3469,Bad Judge was originally aired on [MASK] .,NBC,synth_TV Network/TREx/P449.jsonl
3470,Down You Go was originally aired on [MASK] .,CBS,synth_TV Network/TREx/P449.jsonl
3475,The Roosevelts was originally aired on [MASK] .,PBS,synth_TV Network/TREx/P449.jsonl
3477,Navy Log was originally aired on [MASK] .,CBS,synth_TV Network/TREx/P449.jsonl
3480,120 Minutes was originally aired on [MASK] .,MTV,synth_TV Network/TREx/P449.jsonl
3524,Hidden Faces was originally aired on [MASK] .,NBC,synth_TV Network/TREx/P449.jsonl
3526,Late Night with David Letterman was originally aired on [MASK] .,NBC,synth_TV Network/TREx/P449.jsonl
3552,The Chinese Detective was originally aired on [MASK] .,BBC,synth_TV Network/TREx/P449.jsonl
3556,The Jimmy Durante Show was originally aired on [MASK] .,NBC,synth_TV Network/TREx/P449.jsonl
3557,Birdman and the Galaxy Trio was originally aired on [MASK] .,NBC,synth_TV Network/TREx/P449.jsonl
3569,Name That Tune was originally aired on [MASK] .,NBC,synth_TV Network/TREx/P449.jsonl
3576,The Skatebirds was originally aired on [MASK] .,CBS,synth_TV Network/TREx/P449.jsonl
3581,Guiding Light was originally aired on [MASK] .,CBS,synth_TV Network/TREx/P449.jsonl
3660,Viva La Bam was originally aired on [MASK] .,MTV,synth_TV Network/TREx/P449.jsonl
3672,The Nutt House was originally aired on [MASK] .,NBC,synth_TV Network/TREx/P449.jsonl
3674,The Lawless Years was originally aired on [MASK] .,NBC,synth_TV Network/TREx/P449.jsonl
3678,Pranked was originally aired on [MASK] .,MTV,synth_TV Network/TREx/P449.jsonl
3684,Scared Shrekless was originally aired on [MASK] .,NBC,synth_TV Network/TREx/P449.jsonl
3689,The Johnny Carson Show was originally aired on [MASK] .,CBS,synth_TV Network/TREx/P449.jsonl
3693,The Benny Hill Show was originally aired on [MASK] .,BBC,synth_TV Network/TREx/P449.jsonl
3695,The John Forsythe Show was originally aired on [MASK] .,NBC,synth_TV Network/TREx/P449.jsonl
3697,The Dukes of Hazzard was originally aired on [MASK] .,CBS,synth_TV Network/TREx/P449.jsonl
3700,1600 Penn was originally aired on [MASK] .,NBC,synth_TV Network/TREx/P449.jsonl
3702,The Fresh Beat Band was originally aired on [MASK] .,Nickelodeon,synth_TV Network/TREx/P449.jsonl
3705,Captain Nice was originally aired on [MASK] .,NBC,synth_TV Network/TREx/P449.jsonl
3708,The Biskitts was originally aired on [MASK] .,CBS,synth_TV Network/TREx/P449.jsonl
3712,Space Cats was originally aired on [MASK] .,NBC,synth_TV Network/TREx/P449.jsonl
3714,The Tracy Morgan Show was originally aired on [MASK] .,NBC,synth_TV Network/TREx/P449.jsonl
3718,Rocket Power was originally aired on [MASK] .,Nickelodeon,synth_TV Network/TREx/P449.jsonl
3731,The Kate Smith Show was originally aired on [MASK] .,CBS,synth_TV Network/TREx/P449.jsonl
3736,Samson & Goliath was originally aired on [MASK] .,NBC,synth_TV Network/TREx/P449.jsonl
3741,Great Performances was originally aired on [MASK] .,PBS,synth_TV Network/TREx/P449.jsonl
3802,The Rockford Files was originally aired on [MASK] .,NBC,synth_TV Network/TREx/P449.jsonl
3817,Just Shoot Me! was originally aired on [MASK] .,NBC,synth_TV Network/TREx/P449.jsonl
3822,Telephone Time was originally aired on [MASK] .,CBS,synth_TV Network/TREx/P449.jsonl
3825,The Big Bang Theory was originally aired on [MASK] .,CBS,synth_TV Network/TREx/P449.jsonl
3865,Walking with Dinosaurs was originally aired on [MASK] .,BBC,synth_TV Network/TREx/P449.jsonl
3866,Al TV was originally aired on [MASK] .,MTV,synth_TV Network/TREx/P449.jsonl
3867,The Josephine Baker Story was originally aired on [MASK] .,HBO,synth_TV Network/TREx/P449.jsonl
3870,Todd McFarlane's Spawn was originally aired on [MASK] .,HBO,synth_TV Network/TREx/P449.jsonl
3879,The Magic Clown was originally aired on [MASK] .,NBC,synth_TV Network/TREx/P449.jsonl
3881,Poker After Dark was originally aired on [MASK] .,NBC,synth_TV Network/TREx/P449.jsonl
3891,Bill Moyers Journal was originally aired on [MASK] .,PBS,synth_TV Network/TREx/P449.jsonl
3901,Meet the Press was originally aired on [MASK] .,NBC,synth_TV Network/TREx/P449.jsonl
3905,General Electric Theater was originally aired on [MASK] .,CBS,synth_TV Network/TREx/P449.jsonl
3913,Da Ali G Show was originally aired on [MASK] .,HBO,synth_TV Network/TREx/P449.jsonl
3914,Manimal was originally aired on [MASK] .,NBC,synth_TV Network/TREx/P449.jsonl
3916,Video Village was originally aired on [MASK] .,CBS,synth_TV Network/TREx/P449.jsonl
3920,Early Start was originally aired on [MASK] .,CNN,synth_TV Network/TREx/P449.jsonl
3926,The Jon Stewart Show was originally aired on [MASK] .,MTV,synth_TV Network/TREx/P449.jsonl
3931,Hearts Afire was originally aired on [MASK] .,CBS,synth_TV Network/TREx/P449.jsonl
3934,The Single Guy was originally aired on [MASK] .,NBC,synth_TV Network/TREx/P449.jsonl
3938,Flo was originally aired on [MASK] .,CBS,synth_TV Network/TREx/P449.jsonl
3941,Diff'rent Strokes was originally aired on [MASK] .,NBC,synth_TV Network/TREx/P449.jsonl
3948,Scooby Doo was originally aired on [MASK] .,CBS,synth_TV Network/TREx/P449.jsonl
3954,Doomsday Gun was originally aired on [MASK] .,HBO,synth_TV Network/TREx/P449.jsonl
3956,Sorority Life was originally aired on [MASK] .,MTV,synth_TV Network/TREx/P449.jsonl
3959,Family Ties was originally aired on [MASK] .,NBC,synth_TV Network/TREx/P449.jsonl
3975,3-2-1 Contact was originally aired on [MASK] .,PBS,synth_TV Network/TREx/P449.jsonl
3979,Information Please was originally aired on [MASK] .,NBC,synth_TV Network/TREx/P449.jsonl
3982,Kay O'Brien was originally aired on [MASK] .,CBS,synth_TV Network/TREx/P449.jsonl
3986,"Oddville, MTV was originally aired on [MASK] .",MTV,synth_TV Network/TREx/P449.jsonl
3987,Hidden Hills was originally aired on [MASK] .,NBC,synth_TV Network/TREx/P449.jsonl
3989,Chicago Story was originally aired on [MASK] .,NBC,synth_TV Network/TREx/P449.jsonl
3991,Piers Morgan Tonight was originally aired on [MASK] .,CNN,synth_TV Network/TREx/P449.jsonl
4001,Arrested Development was originally aired on [MASK] .,Netflix,synth_TV Network/TREx/P449.jsonl
4016,Seinfeld was originally aired on [MASK] .,NBC,synth_TV Network/TREx/P449.jsonl
4146,H.R. Pufnstuf was originally aired on [MASK] .,NBC,synth_TV Network/TREx/P449.jsonl
4147,Monday Night Countdown was originally aired on [MASK] .,ESPN,synth_TV Network/TREx/P449.jsonl
4161,The Jack Benny Program was originally aired on [MASK] .,CBS,synth_TV Network/TREx/P449.jsonl
4168,The New Shmoo was originally aired on [MASK] .,NBC,synth_TV Network/TREx/P449.jsonl
4171,Strange Days at Blake Holsey High was originally aired on [MASK] .,NBC,synth_TV Network/TREx/P449.jsonl
4173,Figure It Out was originally aired on [MASK] .,Nickelodeon,synth_TV Network/TREx/P449.jsonl
4184,George Shrinks was originally aired on [MASK] .,PBS,synth_TV Network/TREx/P449.jsonl
4185,"SpongeBob SquarePants, season 2 was originally aired on [MASK] .",Nickelodeon,synth_TV Network/TREx/P449.jsonl
4186,True Life was originally aired on [MASK] .,MTV,synth_TV Network/TREx/P449.jsonl
4210,NBC Mystery Movie was originally aired on [MASK] .,NBC,synth_TV Network/TREx/P449.jsonl
4220,The Hoober-Bloob Highway was originally aired on [MASK] .,CBS,synth_TV Network/TREx/P449.jsonl
4221,Four Kings was originally aired on [MASK] .,NBC,synth_TV Network/TREx/P449.jsonl
4228,The Garry Moore Show was originally aired on [MASK] .,CBS,synth_TV Network/TREx/P449.jsonl
4231,The Dennis Day Show was originally aired on [MASK] .,NBC,synth_TV Network/TREx/P449.jsonl
4234,Newhart was originally aired on [MASK] .,CBS,synth_TV Network/TREx/P449.jsonl
4248,My Super Sweet 16 was originally aired on [MASK] .,MTV,synth_TV Network/TREx/P449.jsonl
4260,MTV Sports was originally aired on [MASK] .,MTV,synth_TV Network/TREx/P449.jsonl
4264,Undateable was originally aired on [MASK] .,NBC,synth_TV Network/TREx/P449.jsonl
4274,Spicy City was originally aired on [MASK] .,HBO,synth_TV Network/TREx/P449.jsonl
4278,Real Sex was originally aired on [MASK] .,HBO,synth_TV Network/TREx/P449.jsonl
4287,Island Son was originally aired on [MASK] .,CBS,synth_TV Network/TREx/P449.jsonl
4289,Nightly Business Report was originally aired on [MASK] .,PBS,synth_TV Network/TREx/P449.jsonl
4297,Alvin and the Chipmunks was originally aired on [MASK] .,NBC,synth_TV Network/TREx/P449.jsonl
4301,The Barbara Stanwyck Show was originally aired on [MASK] .,NBC,synth_TV Network/TREx/P449.jsonl
4305,Total Request Live was originally aired on [MASK] .,MTV,synth_TV Network/TREx/P449.jsonl
4395,The Lloyd Bridges Show was originally aired on [MASK] .,CBS,synth_TV Network/TREx/P449.jsonl
4404,Banacek was originally aired on [MASK] .,NBC,synth_TV Network/TREx/P449.jsonl
4414,Undressed was originally aired on [MASK] .,MTV,synth_TV Network/TREx/P449.jsonl
4428,A Charlie Brown Christmas was originally aired on [MASK] .,CBS,synth_TV Network/TREx/P449.jsonl
4431,Murphy Brown was originally aired on [MASK] .,CBS,synth_TV Network/TREx/P449.jsonl
4440,The Long Bright Dark was originally aired on [MASK] .,HBO,synth_TV Network/TREx/P449.jsonl
4444,Camera Three was originally aired on [MASK] .,CBS,synth_TV Network/TREx/P449.jsonl
4446,NewsRadio was originally aired on [MASK] .,NBC,synth_TV Network/TREx/P449.jsonl
4454,The Good Wife was originally aired on [MASK] .,CBS,synth_TV Network/TREx/P449.jsonl
4479,CBS Morning News was originally aired on [MASK] .,CBS,synth_TV Network/TREx/P449.jsonl
4487,Celebrity Rap Superstar was originally aired on [MASK] .,MTV,synth_TV Network/TREx/P449.jsonl
4491,Co-Ed Fever was originally aired on [MASK] .,CBS,synth_TV Network/TREx/P449.jsonl
4506,Four Star Playhouse was originally aired on [MASK] .,CBS,synth_TV Network/TREx/P449.jsonl
4508,Howdy Doody was originally aired on [MASK] .,NBC,synth_TV Network/TREx/P449.jsonl
4515,Father Knows Best was originally aired on [MASK] .,CBS,synth_TV Network/TREx/P449.jsonl
4521,The Secret Storm was originally aired on [MASK] .,CBS,synth_TV Network/TREx/P449.jsonl
4532,How I Met Your Mother was originally aired on [MASK] .,CBS,synth_TV Network/TREx/P449.jsonl
4678,TV Nation was originally aired on [MASK] .,NBC,synth_TV Network/TREx/P449.jsonl
4682,The Danny Kaye Show was originally aired on [MASK] .,CBS,synth_TV Network/TREx/P449.jsonl
4684,Hee Haw was originally aired on [MASK] .,CBS,synth_TV Network/TREx/P449.jsonl
4690,Empty Nest was originally aired on [MASK] .,NBC,synth_TV Network/TREx/P449.jsonl
4699,Last Call with Carson Daly was originally aired on [MASK] .,NBC,synth_TV Network/TREx/P449.jsonl
4719,Snowbeast was originally aired on [MASK] .,NBC,synth_TV Network/TREx/P449.jsonl
4721,The David Letterman Show was originally aired on [MASK] .,NBC,synth_TV Network/TREx/P449.jsonl
4727,"Hey, Landlord was originally aired on [MASK] .",NBC,synth_TV Network/TREx/P449.jsonl
4729,The Andros Targets was originally aired on [MASK] .,CBS,synth_TV Network/TREx/P449.jsonl
4730,The Krofft Superstar Hour was originally aired on [MASK] .,NBC,synth_TV Network/TREx/P449.jsonl
4732,A Fairly Odd Christmas was originally aired on [MASK] .,Nickelodeon,synth_TV Network/TREx/P449.jsonl
4733,60 Minutes II was originally aired on [MASK] .,CBS,synth_TV Network/TREx/P449.jsonl
4741,The Brian Keith Show was originally aired on [MASK] .,NBC,synth_TV Network/TREx/P449.jsonl
4745,The Munsters was originally aired on [MASK] .,CBS,synth_TV Network/TREx/P449.jsonl
4762,Room Raiders was originally aired on [MASK] .,MTV,synth_TV Network/TREx/P449.jsonl
4766,The Thin Blue Line was originally aired on [MASK] .,BBC,synth_TV Network/TREx/P449.jsonl
4776,In the Arena was originally aired on [MASK] .,CNN,synth_TV Network/TREx/P449.jsonl
4779,Silver Spoons was originally aired on [MASK] .,NBC,synth_TV Network/TREx/P449.jsonl
4785,Hull High was originally aired on [MASK] .,NBC,synth_TV Network/TREx/P449.jsonl
4789,The Manhunter was originally aired on [MASK] .,CBS,synth_TV Network/TREx/P449.jsonl
4791,The Gene Autry Show was originally aired on [MASK] .,CBS,synth_TV Network/TREx/P449.jsonl
4792,Def Poetry was originally aired on [MASK] .,HBO,synth_TV Network/TREx/P449.jsonl
4813,Designing Women was originally aired on [MASK] .,CBS,synth_TV Network/TREx/P449.jsonl
4834,Boiling Points was originally aired on [MASK] .,MTV,synth_TV Network/TREx/P449.jsonl
4836,Storefront Lawyers was originally aired on [MASK] .,CBS,synth_TV Network/TREx/P449.jsonl
4838,Trippin' was originally aired on [MASK] .,MTV,synth_TV Network/TREx/P449.jsonl
4839,Worst Week was originally aired on [MASK] .,CBS,synth_TV Network/TREx/P449.jsonl
4844,ESPN Major League Baseball was originally aired on [MASK] .,ESPN,synth_TV Network/TREx/P449.jsonl
4848,"Trapper John, M.D. was originally aired on [MASK] .",CBS,synth_TV Network/TREx/P449.jsonl
4851,Moonbase 3 was originally aired on [MASK] .,BBC,synth_TV Network/TREx/P449.jsonl
4852,Airwolf was originally aired on [MASK] .,CBS,synth_TV Network/TREx/P449.jsonl
4858,How to Rock was originally aired on [MASK] .,Nickelodeon,synth_TV Network/TREx/P449.jsonl
4859,Freaks and Geeks was originally aired on [MASK] .,NBC,synth_TV Network/TREx/P449.jsonl
4861,Hey Dude was originally aired on [MASK] .,Nickelodeon,synth_TV Network/TREx/P449.jsonl
4869,Mister Sterling was originally aired on [MASK] .,NBC,synth_TV Network/TREx/P449.jsonl
4871,Broadway Open House was originally aired on [MASK] .,NBC,synth_TV Network/TREx/P449.jsonl
4874,Butt-Ugly Martians was originally aired on [MASK] .,Nickelodeon,synth_TV Network/TREx/P449.jsonl
4876,Popzilla was originally aired on [MASK] .,MTV,synth_TV Network/TREx/P449.jsonl
4879,Doug was originally aired on [MASK] .,Nickelodeon,synth_TV Network/TREx/P449.jsonl
4896,The Larry Sanders Show was originally aired on [MASK] .,HBO,synth_TV Network/TREx/P449.jsonl
4910,Big Time Movie was originally aired on [MASK] .,Nickelodeon,synth_TV Network/TREx/P449.jsonl
4915,Cousin Skeeter was originally aired on [MASK] .,Nickelodeon,synth_TV Network/TREx/P449.jsonl
4929,Crossfire was originally aired on [MASK] .,CNN,synth_TV Network/TREx/P449.jsonl
4930,The Millers was originally aired on [MASK] .,CBS,synth_TV Network/TREx/P449.jsonl
4935,Making the Video was originally aired on [MASK] .,MTV,synth_TV Network/TREx/P449.jsonl
4937,The Amanda Show was originally aired on [MASK] .,Nickelodeon,synth_TV Network/TREx/P449.jsonl
4948,Lonelygirl15 was originally aired on [MASK] .,YouTube,synth_TV Network/TREx/P449.jsonl
4950,Skeleton Warriors was originally aired on [MASK] .,CBS,synth_TV Network/TREx/P449.jsonl
4957,CBS Summer Playhouse was originally aired on [MASK] .,CBS,synth_TV Network/TREx/P449.jsonl
4960,Lou Dobbs Tonight was originally aired on [MASK] .,CNN,synth_TV Network/TREx/P449.jsonl
4976,Sunday Night Baseball was originally aired on [MASK] .,ESPN,synth_TV Network/TREx/P449.jsonl
4988,A Gifted Man was originally aired on [MASK] .,CBS,synth_TV Network/TREx/P449.jsonl
5010,Stars Earn Stripes was originally aired on [MASK] .,NBC,synth_TV Network/TREx/P449.jsonl
5013,EZ Streets was originally aired on [MASK] .,CBS,synth_TV Network/TREx/P449.jsonl
5014,The Merv Griffin Show was originally aired on [MASK] .,NBC,synth_TV Network/TREx/P449.jsonl
5015,"Go, Diego, Go! was originally aired on [MASK] .",Nickelodeon,synth_TV Network/TREx/P449.jsonl
5018,Major Dad was originally aired on [MASK] .,CBS,synth_TV Network/TREx/P449.jsonl
5023,Dear Phoebe was originally aired on [MASK] .,NBC,synth_TV Network/TREx/P449.jsonl
5025,The Road West was originally aired on [MASK] .,NBC,synth_TV Network/TREx/P449.jsonl
5031,Reading Rainbow was originally aired on [MASK] .,PBS,synth_TV Network/TREx/P449.jsonl
5039,The Angry Beavers was originally aired on [MASK] .,Nickelodeon,synth_TV Network/TREx/P449.jsonl
5044,Inside Politics was originally aired on [MASK] .,CNN,synth_TV Network/TREx/P449.jsonl
5051,"Kukla, Fran and Ollie was originally aired on [MASK] .",NBC,synth_TV Network/TREx/P449.jsonl
5053,The Wide Country was originally aired on [MASK] .,NBC,synth_TV Network/TREx/P449.jsonl
5056,Treasure Hunters was originally aired on [MASK] .,NBC,synth_TV Network/TREx/P449.jsonl
5061,Kid Nation was originally aired on [MASK] .,CBS,synth_TV Network/TREx/P449.jsonl
5066,Nova was originally aired on [MASK] .,PBS,synth_TV Network/TREx/P449.jsonl
5067,Supertrain was originally aired on [MASK] .,NBC,synth_TV Network/TREx/P449.jsonl
5071,"Nicky, Ricky, Dicky & Dawn was originally aired on [MASK] .",Nickelodeon,synth_TV Network/TREx/P449.jsonl
5075,Hero High was originally aired on [MASK] .,NBC,synth_TV Network/TREx/P449.jsonl
5077,Time Express was originally aired on [MASK] .,CBS,synth_TV Network/TREx/P449.jsonl
5080,The New Normal was originally aired on [MASK] .,NBC,synth_TV Network/TREx/P449.jsonl
5088,Goodyear Theatre was originally aired on [MASK] .,NBC,synth_TV Network/TREx/P449.jsonl
5090,Sonny Spoon was originally aired on [MASK] .,NBC,synth_TV Network/TREx/P449.jsonl
5093,Gimme a Break! was originally aired on [MASK] .,NBC,synth_TV Network/TREx/P449.jsonl
5094,Barney & Friends was originally aired on [MASK] .,PBS,synth_TV Network/TREx/P449.jsonl
5095,The Troop was originally aired on [MASK] .,Nickelodeon,synth_TV Network/TREx/P449.jsonl
5104,He & She was originally aired on [MASK] .,CBS,synth_TV Network/TREx/P449.jsonl
5109,Kate Brasher was originally aired on [MASK] .,CBS,synth_TV Network/TREx/P449.jsonl
5111,The Carol Burnett Show was originally aired on [MASK] .,CBS,synth_TV Network/TREx/P449.jsonl
5118,Cameo Theatre was originally aired on [MASK] .,NBC,synth_TV Network/TREx/P449.jsonl
5121,Two-A-Days was originally aired on [MASK] .,MTV,synth_TV Network/TREx/P449.jsonl
5127,Sealab 2020 was originally aired on [MASK] .,NBC,synth_TV Network/TREx/P449.jsonl
5130,3-2-1 Penguins! was originally aired on [MASK] .,NBC,synth_TV Network/TREx/P449.jsonl
5133,ESPN Sunday Night Football was originally aired on [MASK] .,ESPN,synth_TV Network/TREx/P449.jsonl
5137,The Wild Thornberrys was originally aired on [MASK] .,Nickelodeon,synth_TV Network/TREx/P449.jsonl
5144,Third Watch was originally aired on [MASK] .,NBC,synth_TV Network/TREx/P449.jsonl
5169,Dirty Sally was originally aired on [MASK] .,CBS,synth_TV Network/TREx/P449.jsonl
5171,Teen Mom was originally aired on [MASK] .,MTV,synth_TV Network/TREx/P449.jsonl
5179,The Sandy Duncan Show was originally aired on [MASK] .,CBS,synth_TV Network/TREx/P449.jsonl
5184,The Fantastic Journey was originally aired on [MASK] .,NBC,synth_TV Network/TREx/P449.jsonl
5188,Cartoon Sushi was originally aired on [MASK] .,MTV,synth_TV Network/TREx/P449.jsonl
5214,Spyder Games was originally aired on [MASK] .,MTV,synth_TV Network/TREx/P449.jsonl
5221,Galaxy High was originally aired on [MASK] .,CBS,synth_TV Network/TREx/P449.jsonl
5223,The Early Show was originally aired on [MASK] .,CBS,synth_TV Network/TREx/P449.jsonl
5283,Good Sports was originally aired on [MASK] .,CBS,synth_TV Network/TREx/P449.jsonl
5286,Grace and Frankie was originally aired on [MASK] .,Netflix,synth_TV Network/TREx/P449.jsonl
5287,Call Me Fitz was originally aired on [MASK] .,HBO,synth_TV Network/TREx/P449.jsonl
5288,The Chevrolet Tele-Theatre was originally aired on [MASK] .,NBC,synth_TV Network/TREx/P449.jsonl
5290,The Hitchhiker was originally aired on [MASK] .,HBO,synth_TV Network/TREx/P449.jsonl
5295,Big Love was originally aired on [MASK] .,HBO,synth_TV Network/TREx/P449.jsonl
5336,Rhoda was originally aired on [MASK] .,CBS,synth_TV Network/TREx/P449.jsonl
5345,Braingames was originally aired on [MASK] .,HBO,synth_TV Network/TREx/P449.jsonl
5349,The Bold Ones was originally aired on [MASK] .,NBC,synth_TV Network/TREx/P449.jsonl
5354,Miami Vice was originally aired on [MASK] .,NBC,synth_TV Network/TREx/P449.jsonl
5359,The Space Kidettes was originally aired on [MASK] .,NBC,synth_TV Network/TREx/P449.jsonl
5365,America's Best Dance Crew was originally aired on [MASK] .,MTV,synth_TV Network/TREx/P449.jsonl
5367,Medical Investigation was originally aired on [MASK] .,NBC,synth_TV Network/TREx/P449.jsonl
5369,Catscratch was originally aired on [MASK] .,Nickelodeon,synth_TV Network/TREx/P449.jsonl
5372,PAW Patrol was originally aired on [MASK] .,Nickelodeon,synth_TV Network/TREx/P449.jsonl
5383,The Little Lulu Show was originally aired on [MASK] .,HBO,synth_TV Network/TREx/P449.jsonl
5384,3 lbs was originally aired on [MASK] .,CBS,synth_TV Network/TREx/P449.jsonl
5387,Invader Zim was originally aired on [MASK] .,Nickelodeon,synth_TV Network/TREx/P449.jsonl
5401,Men into Space was originally aired on [MASK] .,CBS,synth_TV Network/TREx/P449.jsonl
5403,Maui Fever was originally aired on [MASK] .,MTV,synth_TV Network/TREx/P449.jsonl
5410,"Hey, Jeannie! was originally aired on [MASK] .",CBS,synth_TV Network/TREx/P449.jsonl
5411,Taking Chance was originally aired on [MASK] .,HBO,synth_TV Network/TREx/P449.jsonl
5414,The Young and the Restless was originally aired on [MASK] .,CBS,synth_TV Network/TREx/P449.jsonl
5420,Kraft Suspense Theatre was originally aired on [MASK] .,NBC,synth_TV Network/TREx/P449.jsonl
5430,Screen Directors Playhouse was originally aired on [MASK] .,NBC,synth_TV Network/TREx/P449.jsonl
5435,"Biff Baker, U.S.A. was originally aired on [MASK] .",CBS,synth_TV Network/TREx/P449.jsonl
5436,School Pride was originally aired on [MASK] .,NBC,synth_TV Network/TREx/P449.jsonl
5438,Austin City Limits was originally aired on [MASK] .,PBS,synth_TV Network/TREx/P449.jsonl
5470,Evening Shade was originally aired on [MASK] .,CBS,synth_TV Network/TREx/P449.jsonl
5473,The Dean Martin Show was originally aired on [MASK] .,NBC,synth_TV Network/TREx/P449.jsonl
5477,Orange Is the New Black was originally aired on [MASK] .,Netflix,synth_TV Network/TREx/P449.jsonl
5478,The Ellen Show was originally aired on [MASK] .,CBS,synth_TV Network/TREx/P449.jsonl
5483,The Tonight Show with Jay Leno was originally aired on [MASK] .,NBC,synth_TV Network/TREx/P449.jsonl
5485,Mike & Molly was originally aired on [MASK] .,CBS,synth_TV Network/TREx/P449.jsonl
5503,50 Grand Slam was originally aired on [MASK] .,NBC,synth_TV Network/TREx/P449.jsonl
5509,The Thundermans was originally aired on [MASK] .,Nickelodeon,synth_TV Network/TREx/P449.jsonl
5519,I Used to Be Fat was originally aired on [MASK] .,MTV,synth_TV Network/TREx/P449.jsonl
5523,The Corner was originally aired on [MASK] .,HBO,synth_TV Network/TREx/P449.jsonl
5535,Lovers and Friends was originally aired on [MASK] .,NBC,synth_TV Network/TREx/P449.jsonl
5537,My Super Psycho Sweet 16 was originally aired on [MASK] .,MTV,synth_TV Network/TREx/P449.jsonl
5544,"Eerie, Indiana was originally aired on [MASK] .",NBC,synth_TV Network/TREx/P449.jsonl
5549,Sherlock Holmes was originally aired on [MASK] .,BBC,synth_TV Network/TREx/P449.jsonl
5553,Disappearing Acts was originally aired on [MASK] .,HBO,synth_TV Network/TREx/P449.jsonl
5555,Caesars Challenge was originally aired on [MASK] .,NBC,synth_TV Network/TREx/P449.jsonl
5560,Name Your Adventure was originally aired on [MASK] .,NBC,synth_TV Network/TREx/P449.jsonl
5562,Jackpot Bowling was originally aired on [MASK] .,NBC,synth_TV Network/TREx/P449.jsonl
5568,Hotel Room was originally aired on [MASK] .,HBO,synth_TV Network/TREx/P449.jsonl
5570,National Heads-Up Poker Championship was originally aired on [MASK] .,NBC,synth_TV Network/TREx/P449.jsonl
5583,Gambit was originally aired on [MASK] .,NBC,synth_TV Network/TREx/P449.jsonl
5587,Costas Now was originally aired on [MASK] .,HBO,synth_TV Network/TREx/P449.jsonl
5591,Late Night with Conan O'Brien was originally aired on [MASK] .,NBC,synth_TV Network/TREx/P449.jsonl
5615,Big Monday was originally aired on [MASK] .,ESPN,synth_TV Network/TREx/P449.jsonl
5620,All Hail King Julien was originally aired on [MASK] .,Netflix,synth_TV Network/TREx/P449.jsonl
5622,Live from Lincoln Center was originally aired on [MASK] .,PBS,synth_TV Network/TREx/P449.jsonl
5624,Father Dowling Mysteries was originally aired on [MASK] .,NBC,synth_TV Network/TREx/P449.jsonl
5625,Average Joe was originally aired on [MASK] .,NBC,synth_TV Network/TREx/P449.jsonl
5637,Maggie Winters was originally aired on [MASK] .,CBS,synth_TV Network/TREx/P449.jsonl
5639,Smothers Brothers was originally aired on [MASK] .,CBS,synth_TV Network/TREx/P449.jsonl
5650,NewsNight with Aaron Brown was originally aired on [MASK] .,CNN,synth_TV Network/TREx/P449.jsonl
5663,Microsoap was originally aired on [MASK] .,BBC,synth_TV Network/TREx/P449.jsonl
5665,NBC Sunday Showcase was originally aired on [MASK] .,NBC,synth_TV Network/TREx/P449.jsonl
5668,Midnight Caller was originally aired on [MASK] .,NBC,synth_TV Network/TREx/P449.jsonl
5673,Rugrats was originally aired on [MASK] .,Nickelodeon,synth_TV Network/TREx/P449.jsonl
5714,iCarly was originally aired on [MASK] .,Nickelodeon,synth_TV Network/TREx/P449.jsonl
5760,Hennesey was originally aired on [MASK] .,CBS,synth_TV Network/TREx/P449.jsonl
5767,The A-Team was originally aired on [MASK] .,NBC,synth_TV Network/TREx/P449.jsonl
5782,The Real Wedding Crashers was originally aired on [MASK] .,NBC,synth_TV Network/TREx/P449.jsonl
5785,Northern Exposure was originally aired on [MASK] .,CBS,synth_TV Network/TREx/P449.jsonl
5796,The Golden Girls was originally aired on [MASK] .,NBC,synth_TV Network/TREx/P449.jsonl
5820,High Rollers was originally aired on [MASK] .,NBC,synth_TV Network/TREx/P449.jsonl
5825,The Leftovers was originally aired on [MASK] .,HBO,synth_TV Network/TREx/P449.jsonl
5843,Rob Dyrdek's Fantasy Factory was originally aired on [MASK] .,MTV,synth_TV Network/TREx/P449.jsonl
5855,Harvey Beaks was originally aired on [MASK] .,Nickelodeon,synth_TV Network/TREx/P449.jsonl
5858,Twenty One was originally aired on [MASK] .,CBS,synth_TV Network/TREx/P449.jsonl
5863,The Wire was originally aired on [MASK] .,HBO,synth_TV Network/TREx/P449.jsonl
6093,U-Pick Live was originally aired on [MASK] .,Nickelodeon,synth_TV Network/TREx/P449.jsonl
6098,Suddenly Susan was originally aired on [MASK] .,NBC,synth_TV Network/TREx/P449.jsonl
6103,Dough Re Mi was originally aired on [MASK] .,NBC,synth_TV Network/TREx/P449.jsonl
6105,Cold Case was originally aired on [MASK] .,CBS,synth_TV Network/TREx/P449.jsonl
6127,8th & Ocean was originally aired on [MASK] .,MTV,synth_TV Network/TREx/P449.jsonl
6133,Space Stars was originally aired on [MASK] .,NBC,synth_TV Network/TREx/P449.jsonl
6135,The Young Turks was originally aired on [MASK] .,YouTube,synth_TV Network/TREx/P449.jsonl
6143,The Hat Squad was originally aired on [MASK] .,CBS,synth_TV Network/TREx/P449.jsonl
6146,The Jim Henson Hour was originally aired on [MASK] .,NBC,synth_TV Network/TREx/P449.jsonl
6149,The Big Surprise was originally aired on [MASK] .,NBC,synth_TV Network/TREx/P449.jsonl
6151,Sunday NFL Countdown was originally aired on [MASK] .,ESPN,synth_TV Network/TREx/P449.jsonl
6169,The Dick Van Dyke Show was originally aired on [MASK] .,CBS,synth_TV Network/TREx/P449.jsonl
6175,Eye Guess was originally aired on [MASK] .,NBC,synth_TV Network/TREx/P449.jsonl
6177,Greatest American Dog was originally aired on [MASK] .,CBS,synth_TV Network/TREx/P449.jsonl
6180,Disaster Date was originally aired on [MASK] .,MTV,synth_TV Network/TREx/P449.jsonl
6182,Ensign O'Toole was originally aired on [MASK] .,NBC,synth_TV Network/TREx/P449.jsonl
6186,Tennessee Tuxedo and His Tales was originally aired on [MASK] .,CBS,synth_TV Network/TREx/P449.jsonl
6190,The Dennis O'Keefe Show was originally aired on [MASK] .,CBS,synth_TV Network/TREx/P449.jsonl
6193,Dennis Miller Live was originally aired on [MASK] .,HBO,synth_TV Network/TREx/P449.jsonl
6198,The Last Precinct was originally aired on [MASK] .,NBC,synth_TV Network/TREx/P449.jsonl
6201,Courting Alex was originally aired on [MASK] .,CBS,synth_TV Network/TREx/P449.jsonl
6204,Rock the Cradle was originally aired on [MASK] .,MTV,synth_TV Network/TREx/P449.jsonl
6206,The Honeymooners was originally aired on [MASK] .,CBS,synth_TV Network/TREx/P449.jsonl
6213,Real People was originally aired on [MASK] .,NBC,synth_TV Network/TREx/P449.jsonl
6223,My Drunk Kitchen was originally aired on [MASK] .,YouTube,synth_TV Network/TREx/P449.jsonl
6226,CBS Television Quiz was originally aired on [MASK] .,CBS,synth_TV Network/TREx/P449.jsonl
6230,Dotto was originally aired on [MASK] .,CBS,synth_TV Network/TREx/P449.jsonl
6234,Capital Gang was originally aired on [MASK] .,CNN,synth_TV Network/TREx/P449.jsonl
6246,A Very Brady Christmas was originally aired on [MASK] .,CBS,synth_TV Network/TREx/P449.jsonl
6248,Baby Bob was originally aired on [MASK] .,CBS,synth_TV Network/TREx/P449.jsonl
6250,Night Gallery was originally aired on [MASK] .,NBC,synth_TV Network/TREx/P449.jsonl
6252,Valemont was originally aired on [MASK] .,MTV,synth_TV Network/TREx/P449.jsonl
6254,The Martha Raye Show was originally aired on [MASK] .,NBC,synth_TV Network/TREx/P449.jsonl
6256,College Football Live was originally aired on [MASK] .,ESPN,synth_TV Network/TREx/P449.jsonl
6268,The Gregory Hines Show was originally aired on [MASK] .,CBS,synth_TV Network/TREx/P449.jsonl
6270,The NBC Monday Movie was originally aired on [MASK] .,NBC,synth_TV Network/TREx/P449.jsonl
6273,Life was originally aired on [MASK] .,NBC,synth_TV Network/TREx/P449.jsonl
6274,Beggar My Neighbour was originally aired on [MASK] .,BBC,synth_TV Network/TREx/P449.jsonl
6275,Planet Forward was originally aired on [MASK] .,PBS,synth_TV Network/TREx/P449.jsonl
6279,CHiPs was originally aired on [MASK] .,NBC,synth_TV Network/TREx/P449.jsonl
6280,The Second Civil War was originally aired on [MASK] .,HBO,synth_TV Network/TREx/P449.jsonl
6285,Trollkins was originally aired on [MASK] .,CBS,synth_TV Network/TREx/P449.jsonl
6287,Hollywood Game Night was originally aired on [MASK] .,NBC,synth_TV Network/TREx/P449.jsonl
6290,Club Oasis was originally aired on [MASK] .,NBC,synth_TV Network/TREx/P449.jsonl
6295,The Gangster Chronicles was originally aired on [MASK] .,NBC,synth_TV Network/TREx/P449.jsonl
6298,The Smurfs was originally aired on [MASK] .,NBC,synth_TV Network/TREx/P449.jsonl
6308,My Sister Sam was originally aired on [MASK] .,CBS,synth_TV Network/TREx/P449.jsonl
6311,The Octonauts was originally aired on [MASK] .,BBC,synth_TV Network/TREx/P449.jsonl
6324,Weekend Today was originally aired on [MASK] .,NBC,synth_TV Network/TREx/P449.jsonl
6338,Bagpuss was originally aired on [MASK] .,BBC,synth_TV Network/TREx/P449.jsonl
6344,Something Wilder was originally aired on [MASK] .,NBC,synth_TV Network/TREx/P449.jsonl
6346,Valiant Lady was originally aired on [MASK] .,CBS,synth_TV Network/TREx/P449.jsonl
6349,30 Rock was originally aired on [MASK] .,NBC,synth_TV Network/TREx/P449.jsonl
6441,She Spies was originally aired on [MASK] .,NBC,synth_TV Network/TREx/P449.jsonl
6442,Bubble Guppies was originally aired on [MASK] .,Nickelodeon,synth_TV Network/TREx/P449.jsonl
6444,The Mentalist was originally aired on [MASK] .,CBS,synth_TV Network/TREx/P449.jsonl
6479,Reasonable Doubts was originally aired on [MASK] .,NBC,synth_TV Network/TREx/P449.jsonl
6483,Nick Arcade was originally aired on [MASK] .,Nickelodeon,synth_TV Network/TREx/P449.jsonl
6486,Shazzan was originally aired on [MASK] .,CBS,synth_TV Network/TREx/P449.jsonl
6488,Signing Time! was originally aired on [MASK] .,PBS,synth_TV Network/TREx/P449.jsonl
6489,Square One Television was originally aired on [MASK] .,PBS,synth_TV Network/TREx/P449.jsonl
6492,Washington Week was originally aired on [MASK] .,PBS,synth_TV Network/TREx/P449.jsonl
6512,Big Time Rush was originally aired on [MASK] .,Nickelodeon,synth_TV Network/TREx/P449.jsonl
6551,Girl Code was originally aired on [MASK] .,MTV,synth_TV Network/TREx/P449.jsonl
6563,The CollegeHumor Show was originally aired on [MASK] .,MTV,synth_TV Network/TREx/P449.jsonl
6569,The Glen Campbell Goodtime Hour was originally aired on [MASK] .,CBS,synth_TV Network/TREx/P449.jsonl
6573,The First Easter Rabbit was originally aired on [MASK] .,NBC,synth_TV Network/TREx/P449.jsonl
6575,Roll Out was originally aired on [MASK] .,CBS,synth_TV Network/TREx/P449.jsonl
6577,History Detectives was originally aired on [MASK] .,PBS,synth_TV Network/TREx/P449.jsonl
6596,Go Go Gophers was originally aired on [MASK] .,CBS,synth_TV Network/TREx/P449.jsonl
6599,Bare Essence was originally aired on [MASK] .,NBC,synth_TV Network/TREx/P449.jsonl
6604,Turbo FAST was originally aired on [MASK] .,Netflix,synth_TV Network/TREx/P449.jsonl
6606,Wish Kid was originally aired on [MASK] .,NBC,synth_TV Network/TREx/P449.jsonl
6609,Shirley Temple's Storybook was originally aired on [MASK] .,NBC,synth_TV Network/TREx/P449.jsonl
6611,Around the Horn was originally aired on [MASK] .,ESPN,synth_TV Network/TREx/P449.jsonl
6618,The Osbournes was originally aired on [MASK] .,MTV,synth_TV Network/TREx/P449.jsonl
6622,Press Your Luck was originally aired on [MASK] .,CBS,synth_TV Network/TREx/P449.jsonl
6630,Twenty Good Years was originally aired on [MASK] .,NBC,synth_TV Network/TREx/P449.jsonl
6632,Adam Adamant Lives! was originally aired on [MASK] .,BBC,synth_TV Network/TREx/P449.jsonl
6635,The Loner was originally aired on [MASK] .,CBS,synth_TV Network/TREx/P449.jsonl
6637,Silicon Valley was originally aired on [MASK] .,HBO,synth_TV Network/TREx/P449.jsonl
6638,Power Rangers Megaforce was originally aired on [MASK] .,Nickelodeon,synth_TV Network/TREx/P449.jsonl
6639,ProStars was originally aired on [MASK] .,NBC,synth_TV Network/TREx/P449.jsonl
6641,The Andy Milonakis Show was originally aired on [MASK] .,MTV,synth_TV Network/TREx/P449.jsonl
6646,The Million Second Quiz was originally aired on [MASK] .,NBC,synth_TV Network/TREx/P449.jsonl
6652,Taxicab Confessions was originally aired on [MASK] .,HBO,synth_TV Network/TREx/P449.jsonl
6657,Crime & Punishment was originally aired on [MASK] .,NBC,synth_TV Network/TREx/P449.jsonl
6659,Secret Squirrel was originally aired on [MASK] .,NBC,synth_TV Network/TREx/P449.jsonl
6664,CBS Schoolbreak Special was originally aired on [MASK] .,CBS,synth_TV Network/TREx/P449.jsonl
6668,Whew! was originally aired on [MASK] .,CBS,synth_TV Network/TREx/P449.jsonl
6670,Brave Eagle was originally aired on [MASK] .,CBS,synth_TV Network/TREx/P449.jsonl
6676,CBS This Morning was originally aired on [MASK] .,CBS,synth_TV Network/TREx/P449.jsonl
6694,M Squad was originally aired on [MASK] .,NBC,synth_TV Network/TREx/P449.jsonl
6699,Hill Street Blues was originally aired on [MASK] .,NBC,synth_TV Network/TREx/P449.jsonl
6713,Six-Five Special was originally aired on [MASK] .,BBC,synth_TV Network/TREx/P449.jsonl
6716,Fashion Star was originally aired on [MASK] .,NBC,synth_TV Network/TREx/P449.jsonl
6734,CBS Sports Spectacular was originally aired on [MASK] .,CBS,synth_TV Network/TREx/P449.jsonl
6737,NBA Shootaround was originally aired on [MASK] .,ESPN,synth_TV Network/TREx/P449.jsonl
6743,The Bob Newhart Show was originally aired on [MASK] .,CBS,synth_TV Network/TREx/P449.jsonl
6750,True Jackson was originally aired on [MASK] .,Nickelodeon,synth_TV Network/TREx/P449.jsonl
6765,MMA Live was originally aired on [MASK] .,ESPN,synth_TV Network/TREx/P449.jsonl
6768,Power Rangers Samurai was originally aired on [MASK] .,Nickelodeon,synth_TV Network/TREx/P449.jsonl
6772,The Range Rider was originally aired on [MASK] .,CBS,synth_TV Network/TREx/P449.jsonl
6774,3 South was originally aired on [MASK] .,MTV,synth_TV Network/TREx/P449.jsonl
6777,"Beg, Borrow & Deal was originally aired on [MASK] .",ESPN,synth_TV Network/TREx/P449.jsonl
6779,Headbangers Ball was originally aired on [MASK] .,MTV,synth_TV Network/TREx/P449.jsonl
6810,Friday Night Videos was originally aired on [MASK] .,NBC,synth_TV Network/TREx/P449.jsonl
6827,Finding Your Roots was originally aired on [MASK] .,PBS,synth_TV Network/TREx/P449.jsonl
6834,Celebrity Deathmatch was originally aired on [MASK] .,MTV,synth_TV Network/TREx/P449.jsonl
6842,Show Me a Hero was originally aired on [MASK] .,HBO,synth_TV Network/TREx/P449.jsonl
6843,The Tonight Show Starring Johnny Carson was originally aired on [MASK] .,NBC,synth_TV Network/TREx/P449.jsonl
6857,Teen Mom 2 was originally aired on [MASK] .,MTV,synth_TV Network/TREx/P449.jsonl
6862,College Football Scoreboard was originally aired on [MASK] .,ESPN,synth_TV Network/TREx/P449.jsonl
6864,The Flintstone Comedy Hour was originally aired on [MASK] .,CBS,synth_TV Network/TREx/P449.jsonl
6868,Gogs was originally aired on [MASK] .,BBC,synth_TV Network/TREx/P449.jsonl
6871,Tales of Wells Fargo was originally aired on [MASK] .,NBC,synth_TV Network/TREx/P449.jsonl
6872,100 Questions was originally aired on [MASK] .,NBC,synth_TV Network/TREx/P449.jsonl
6875,16 and Pregnant was originally aired on [MASK] .,MTV,synth_TV Network/TREx/P449.jsonl
6876,Supah Ninjas was originally aired on [MASK] .,Nickelodeon,synth_TV Network/TREx/P449.jsonl
6878,Pirate Master was originally aired on [MASK] .,CBS,synth_TV Network/TREx/P449.jsonl
6883,NCIS: Los Angeles was originally aired on [MASK] .,CBS,synth_TV Network/TREx/P449.jsonl
6885,The Mommies was originally aired on [MASK] .,NBC,synth_TV Network/TREx/P449.jsonl
6887,Zoo Quest was originally aired on [MASK] .,BBC,synth_TV Network/TREx/P449.jsonl
6890,The Nightmare Man was originally aired on [MASK] .,BBC,synth_TV Network/TREx/P449.jsonl
6895,SeaQuest DSV was originally aired on [MASK] .,NBC,synth_TV Network/TREx/P449.jsonl
6903,Just Jordan was originally aired on [MASK] .,Nickelodeon,synth_TV Network/TREx/P449.jsonl
6912,KaBlam! was originally aired on [MASK] .,Nickelodeon,synth_TV Network/TREx/P449.jsonl
6920,Daktari was originally aired on [MASK] .,CBS,synth_TV Network/TREx/P449.jsonl
6925,Alcoa Theatre was originally aired on [MASK] .,NBC,synth_TV Network/TREx/P449.jsonl
6926,2 Minute Drill was originally aired on [MASK] .,ESPN,synth_TV Network/TREx/P449.jsonl
6929,The Ray Bradbury Theater was originally aired on [MASK] .,HBO,synth_TV Network/TREx/P449.jsonl
6932,The Muppets Celebrate Jim Henson was originally aired on [MASK] .,CBS,synth_TV Network/TREx/P449.jsonl
6938,The Really Wild Show was originally aired on [MASK] .,BBC,synth_TV Network/TREx/P449.jsonl
6942,Queens Supreme was originally aired on [MASK] .,CBS,synth_TV Network/TREx/P449.jsonl
6944,The Playboy Club was originally aired on [MASK] .,NBC,synth_TV Network/TREx/P449.jsonl
6949,Henry Danger was originally aired on [MASK] .,Nickelodeon,synth_TV Network/TREx/P449.jsonl
6954,The 20th Century Fox Hour was originally aired on [MASK] .,CBS,synth_TV Network/TREx/P449.jsonl
6958,House of Anubis was originally aired on [MASK] .,Nickelodeon,synth_TV Network/TREx/P449.jsonl
6959,CatDog was originally aired on [MASK] .,Nickelodeon,synth_TV Network/TREx/P449.jsonl
6968,Wrestling Society X was originally aired on [MASK] .,MTV,synth_TV Network/TREx/P449.jsonl
6979,Yes Minister was originally aired on [MASK] .,BBC,synth_TV Network/TREx/P449.jsonl
