,sent,gold,filename
2,Johan Santana plays in [MASK] position .,pitcher,synth_Football Position/TREx/P413.jsonl
3,Markus Halsti plays in [MASK] position .,midfielder,synth_Football Position/TREx/P413.jsonl
5,Selim Benachour plays in [MASK] position .,midfielder,synth_Football Position/TREx/P413.jsonl
8,Boof Bonser plays in [MASK] position .,pitcher,synth_Football Position/TREx/P413.jsonl
10,Luca Danilo Fusi plays in [MASK] position .,midfielder,synth_Football Position/TREx/P413.jsonl
12,Mike Teel plays in [MASK] position .,quarterback,synth_Football Position/TREx/P413.jsonl
17,Daniel Royer plays in [MASK] position .,winger,synth_Football Position/TREx/P413.jsonl
19,Doug Buffone plays in [MASK] position .,linebacker,synth_Football Position/TREx/P413.jsonl
20,Wesley Sneijder plays in [MASK] position .,midfielder,synth_Football Position/TREx/P413.jsonl
21,Bob Essensa plays in [MASK] position .,goaltender,synth_Football Position/TREx/P413.jsonl
22,Vern Law plays in [MASK] position .,pitcher,synth_Football Position/TREx/P413.jsonl
23,Dick Wood plays in [MASK] position .,quarterback,synth_Football Position/TREx/P413.jsonl
26,Vegard Skogheim plays in [MASK] position .,midfielder,synth_Football Position/TREx/P413.jsonl
28,Pat Swilling plays in [MASK] position .,linebacker,synth_Football Position/TREx/P413.jsonl
29,Rudy Carpenter plays in [MASK] position .,quarterback,synth_Football Position/TREx/P413.jsonl
31,Tiago Mendes plays in [MASK] position .,midfielder,synth_Football Position/TREx/P413.jsonl
46,Drake Britton plays in [MASK] position .,pitcher,synth_Football Position/TREx/P413.jsonl
48,Collette McCallum plays in [MASK] position .,midfielder,synth_Football Position/TREx/P413.jsonl
50,Davide Biondini plays in [MASK] position .,midfielder,synth_Football Position/TREx/P413.jsonl
52,Angelo Orlando plays in [MASK] position .,midfielder,synth_Football Position/TREx/P413.jsonl
54,Eddie Giacomin plays in [MASK] position .,goaltender,synth_Football Position/TREx/P413.jsonl
55,Todd Marinovich plays in [MASK] position .,quarterback,synth_Football Position/TREx/P413.jsonl
58,Oscar Albuquerque plays in [MASK] position .,midfielder,synth_Football Position/TREx/P413.jsonl
60,Jim Hardy plays in [MASK] position .,quarterback,synth_Football Position/TREx/P413.jsonl
62,Johnny Unitas plays in [MASK] position .,quarterback,synth_Football Position/TREx/P413.jsonl
79,Kevin Siegrist plays in [MASK] position .,pitcher,synth_Football Position/TREx/P413.jsonl
80,Trevor Kidd plays in [MASK] position .,goaltender,synth_Football Position/TREx/P413.jsonl
82,Libor Sionko plays in [MASK] position .,midfielder,synth_Football Position/TREx/P413.jsonl
84,Jeff Francis plays in [MASK] position .,pitcher,synth_Football Position/TREx/P413.jsonl
85,Fred Lynn plays in [MASK] position .,outfielder,synth_Football Position/TREx/P413.jsonl
87,Andrew Luck plays in [MASK] position .,quarterback,synth_Football Position/TREx/P413.jsonl
102,Bryan Hughes plays in [MASK] position .,midfielder,synth_Football Position/TREx/P413.jsonl
108,Rory Delap plays in [MASK] position .,midfielder,synth_Football Position/TREx/P413.jsonl
109,Marat Izmailov plays in [MASK] position .,midfielder,synth_Football Position/TREx/P413.jsonl
110,Mike Hampton plays in [MASK] position .,pitcher,synth_Football Position/TREx/P413.jsonl
112,Quentin Groves plays in [MASK] position .,linebacker,synth_Football Position/TREx/P413.jsonl
114,Kingsley Coman plays in [MASK] position .,winger,synth_Football Position/TREx/P413.jsonl
117,Fabian Ernst plays in [MASK] position .,midfielder,synth_Football Position/TREx/P413.jsonl
121,Curtis McElhinney plays in [MASK] position .,goaltender,synth_Football Position/TREx/P413.jsonl
123,Romuald Boco plays in [MASK] position .,midfielder,synth_Football Position/TREx/P413.jsonl
125,Daunte Culpepper plays in [MASK] position .,quarterback,synth_Football Position/TREx/P413.jsonl
132,Daniel Caligiuri plays in [MASK] position .,midfielder,synth_Football Position/TREx/P413.jsonl
134,Nate Robertson plays in [MASK] position .,pitcher,synth_Football Position/TREx/P413.jsonl
135,Milton Blanco plays in [MASK] position .,midfielder,synth_Football Position/TREx/P413.jsonl
136,Yogi Berra plays in [MASK] position .,catcher,synth_Football Position/TREx/P413.jsonl
146,Mark Malone plays in [MASK] position .,quarterback,synth_Football Position/TREx/P413.jsonl
149,Frederik Andersen plays in [MASK] position .,goaltender,synth_Football Position/TREx/P413.jsonl
152,Beniamino Vignola plays in [MASK] position .,midfielder,synth_Football Position/TREx/P413.jsonl
154,Jonathan Quinn plays in [MASK] position .,quarterback,synth_Football Position/TREx/P413.jsonl
155,John Stofa plays in [MASK] position .,quarterback,synth_Football Position/TREx/P413.jsonl
156,Giovanni Stroppa plays in [MASK] position .,midfielder,synth_Football Position/TREx/P413.jsonl
158,Shawn Crable plays in [MASK] position .,linebacker,synth_Football Position/TREx/P413.jsonl
160,Joe Kapp plays in [MASK] position .,quarterback,synth_Football Position/TREx/P413.jsonl
165,Tommy John plays in [MASK] position .,pitcher,synth_Football Position/TREx/P413.jsonl
174,Tommy Harper plays in [MASK] position .,outfielder,synth_Football Position/TREx/P413.jsonl
177,Lars Ricken plays in [MASK] position .,midfielder,synth_Football Position/TREx/P413.jsonl
179,David Rocastle plays in [MASK] position .,midfielder,synth_Football Position/TREx/P413.jsonl
180,Francisco Lima plays in [MASK] position .,midfielder,synth_Football Position/TREx/P413.jsonl
181,Darren Fletcher plays in [MASK] position .,midfielder,synth_Football Position/TREx/P413.jsonl
182,Tommy Nobis plays in [MASK] position .,linebacker,synth_Football Position/TREx/P413.jsonl
185,Bob Mason plays in [MASK] position .,goaltender,synth_Football Position/TREx/P413.jsonl
186,Martin Coleman plays in [MASK] position .,goalkeeper,synth_Football Position/TREx/P413.jsonl
189,John Smoltz plays in [MASK] position .,pitcher,synth_Football Position/TREx/P413.jsonl
190,Jamie Winborn plays in [MASK] position .,linebacker,synth_Football Position/TREx/P413.jsonl
202,Diniyar Bilyaletdinov plays in [MASK] position .,midfielder,synth_Football Position/TREx/P413.jsonl
203,Jocelyn Thibault plays in [MASK] position .,goaltender,synth_Football Position/TREx/P413.jsonl
207,DeWayne Wise plays in [MASK] position .,outfielder,synth_Football Position/TREx/P413.jsonl
209,Troy Aikman plays in [MASK] position .,quarterback,synth_Football Position/TREx/P413.jsonl
224,Taylor Heinicke plays in [MASK] position .,quarterback,synth_Football Position/TREx/P413.jsonl
227,Vesa Toskala plays in [MASK] position .,goaltender,synth_Football Position/TREx/P413.jsonl
228,Jacob Mellis plays in [MASK] position .,midfielder,synth_Football Position/TREx/P413.jsonl
230,Dan LeFevour plays in [MASK] position .,quarterback,synth_Football Position/TREx/P413.jsonl
233,Charlie Gardiner plays in [MASK] position .,goaltender,synth_Football Position/TREx/P413.jsonl
241,Gianluigi Lentini plays in [MASK] position .,winger,synth_Football Position/TREx/P413.jsonl
243,Dennis Shaw plays in [MASK] position .,quarterback,synth_Football Position/TREx/P413.jsonl
244,Robert Griffin III plays in [MASK] position .,quarterback,synth_Football Position/TREx/P413.jsonl
255,Heath Shuler plays in [MASK] position .,quarterback,synth_Football Position/TREx/P413.jsonl
258,Corky Miller plays in [MASK] position .,catcher,synth_Football Position/TREx/P413.jsonl
259,Steve Valiquette plays in [MASK] position .,goaltender,synth_Football Position/TREx/P413.jsonl
264,Jason Trusnik plays in [MASK] position .,linebacker,synth_Football Position/TREx/P413.jsonl
266,Marcus Mariota plays in [MASK] position .,quarterback,synth_Football Position/TREx/P413.jsonl
273,Kevin Thomson plays in [MASK] position .,midfielder,synth_Football Position/TREx/P413.jsonl
276,Paolo Sammarco plays in [MASK] position .,midfielder,synth_Football Position/TREx/P413.jsonl
278,Cullen Finnerty plays in [MASK] position .,quarterback,synth_Football Position/TREx/P413.jsonl
280,"Jim Bagby, Sr. plays in [MASK] position .",pitcher,synth_Football Position/TREx/P413.jsonl
281,Otis Wilson plays in [MASK] position .,linebacker,synth_Football Position/TREx/P413.jsonl
282,Miguel Jones plays in [MASK] position .,midfielder,synth_Football Position/TREx/P413.jsonl
284,Sylvain Legwinski plays in [MASK] position .,midfielder,synth_Football Position/TREx/P413.jsonl
286,Ken Gunn plays in [MASK] position .,midfielder,synth_Football Position/TREx/P413.jsonl
288,Von Miller plays in [MASK] position .,linebacker,synth_Football Position/TREx/P413.jsonl
297,Brian Hayward plays in [MASK] position .,goaltender,synth_Football Position/TREx/P413.jsonl
304,Andrew Walter plays in [MASK] position .,quarterback,synth_Football Position/TREx/P413.jsonl
305,Jonathan Greening plays in [MASK] position .,midfielder,synth_Football Position/TREx/P413.jsonl
308,Carey Price plays in [MASK] position .,goaltender,synth_Football Position/TREx/P413.jsonl
315,Yutaka Enatsu plays in [MASK] position .,pitcher,synth_Football Position/TREx/P413.jsonl
320,Luke Chadwick plays in [MASK] position .,winger,synth_Football Position/TREx/P413.jsonl
321,Jeff Deslauriers plays in [MASK] position .,goaltender,synth_Football Position/TREx/P413.jsonl
323,Kevin Kolb plays in [MASK] position .,quarterback,synth_Football Position/TREx/P413.jsonl
329,Tuukka Rask plays in [MASK] position .,goaltender,synth_Football Position/TREx/P413.jsonl
330,Peter Tom Willis plays in [MASK] position .,quarterback,synth_Football Position/TREx/P413.jsonl
332,Kerlon Moura Souza plays in [MASK] position .,midfielder,synth_Football Position/TREx/P413.jsonl
338,Chase Clement plays in [MASK] position .,quarterback,synth_Football Position/TREx/P413.jsonl
350,Mark Walters plays in [MASK] position .,midfielder,synth_Football Position/TREx/P413.jsonl
354,Brian Cushing plays in [MASK] position .,linebacker,synth_Football Position/TREx/P413.jsonl
359,Joe Nuxhall plays in [MASK] position .,pitcher,synth_Football Position/TREx/P413.jsonl
367,O'Brien Schofield plays in [MASK] position .,linebacker,synth_Football Position/TREx/P413.jsonl
369,Hong-Chih Kuo plays in [MASK] position .,pitcher,synth_Football Position/TREx/P413.jsonl
377,Erik Ersberg plays in [MASK] position .,goaltender,synth_Football Position/TREx/P413.jsonl
379,Anthony Obodai plays in [MASK] position .,midfielder,synth_Football Position/TREx/P413.jsonl
381,Karl Mecklenburg plays in [MASK] position .,linebacker,synth_Football Position/TREx/P413.jsonl
383,Mule Haas plays in [MASK] position .,outfielder,synth_Football Position/TREx/P413.jsonl
395,Reinhard Divis plays in [MASK] position .,goaltender,synth_Football Position/TREx/P413.jsonl
397,Gary Beban plays in [MASK] position .,quarterback,synth_Football Position/TREx/P413.jsonl
401,Dave Ragone plays in [MASK] position .,quarterback,synth_Football Position/TREx/P413.jsonl
402,Robert Esche plays in [MASK] position .,goaltender,synth_Football Position/TREx/P413.jsonl
403,Anders Ågnes Konradsen plays in [MASK] position .,midfielder,synth_Football Position/TREx/P413.jsonl
405,Antti Raanta plays in [MASK] position .,goaltender,synth_Football Position/TREx/P413.jsonl
407,Archie Manning plays in [MASK] position .,quarterback,synth_Football Position/TREx/P413.jsonl
425,Stephone Anthony plays in [MASK] position .,linebacker,synth_Football Position/TREx/P413.jsonl
428,Earl Morrall plays in [MASK] position .,quarterback,synth_Football Position/TREx/P413.jsonl
432,Woodrow Dantzler plays in [MASK] position .,quarterback,synth_Football Position/TREx/P413.jsonl
436,Derek Lowe plays in [MASK] position .,pitcher,synth_Football Position/TREx/P413.jsonl
437,Jay Cutler plays in [MASK] position .,quarterback,synth_Football Position/TREx/P413.jsonl
442,Shane Greene plays in [MASK] position .,pitcher,synth_Football Position/TREx/P413.jsonl
446,Marc Cheverie plays in [MASK] position .,goaltender,synth_Football Position/TREx/P413.jsonl
448,Alessio Cerci plays in [MASK] position .,winger,synth_Football Position/TREx/P413.jsonl
450,John Grabow plays in [MASK] position .,pitcher,synth_Football Position/TREx/P413.jsonl
451,Todd Blackledge plays in [MASK] position .,quarterback,synth_Football Position/TREx/P413.jsonl
454,Angelo Di Livio plays in [MASK] position .,midfielder,synth_Football Position/TREx/P413.jsonl
456,Roy Halladay plays in [MASK] position .,pitcher,synth_Football Position/TREx/P413.jsonl
461,Gilles Meloche plays in [MASK] position .,goaltender,synth_Football Position/TREx/P413.jsonl
462,Ryan Mallett plays in [MASK] position .,quarterback,synth_Football Position/TREx/P413.jsonl
465,Ernie Whitt plays in [MASK] position .,catcher,synth_Football Position/TREx/P413.jsonl
466,Pekka Rinne plays in [MASK] position .,goaltender,synth_Football Position/TREx/P413.jsonl
469,Lee Bell plays in [MASK] position .,midfielder,synth_Football Position/TREx/P413.jsonl
472,Kevin Weekes plays in [MASK] position .,goaltender,synth_Football Position/TREx/P413.jsonl
476,Rene Tosoni plays in [MASK] position .,outfielder,synth_Football Position/TREx/P413.jsonl
477,Alex Smith plays in [MASK] position .,quarterback,synth_Football Position/TREx/P413.jsonl
483,"Greg Lloyd, Sr. plays in [MASK] position .",linebacker,synth_Football Position/TREx/P413.jsonl
484,Walter Johnson plays in [MASK] position .,pitcher,synth_Football Position/TREx/P413.jsonl
499,Sam LoPresti plays in [MASK] position .,goaltender,synth_Football Position/TREx/P413.jsonl
500,Teddy Bridgewater plays in [MASK] position .,quarterback,synth_Football Position/TREx/P413.jsonl
502,Greg Stefan plays in [MASK] position .,goaltender,synth_Football Position/TREx/P413.jsonl
503,Matt Flynn plays in [MASK] position .,quarterback,synth_Football Position/TREx/P413.jsonl
509,Jason Puncheon plays in [MASK] position .,midfielder,synth_Football Position/TREx/P413.jsonl
511,Kevin Craft plays in [MASK] position .,quarterback,synth_Football Position/TREx/P413.jsonl
516,Edmondo Fabbri plays in [MASK] position .,winger,synth_Football Position/TREx/P413.jsonl
518,Alex Stalock plays in [MASK] position .,goaltender,synth_Football Position/TREx/P413.jsonl
521,Mike Holmgren plays in [MASK] position .,quarterback,synth_Football Position/TREx/P413.jsonl
522,Mark Bresciano plays in [MASK] position .,midfielder,synth_Football Position/TREx/P413.jsonl
523,Cody Pickett plays in [MASK] position .,quarterback,synth_Football Position/TREx/P413.jsonl
524,Craig Breslow plays in [MASK] position .,pitcher,synth_Football Position/TREx/P413.jsonl
525,Chan Ho Park plays in [MASK] position .,pitcher,synth_Football Position/TREx/P413.jsonl
529,Sean Glennon plays in [MASK] position .,quarterback,synth_Football Position/TREx/P413.jsonl
535,Josh Beckett plays in [MASK] position .,pitcher,synth_Football Position/TREx/P413.jsonl
536,Pirri plays in [MASK] position .,midfielder,synth_Football Position/TREx/P413.jsonl
540,Rufus Alexander plays in [MASK] position .,linebacker,synth_Football Position/TREx/P413.jsonl
542,Nigel de Jong plays in [MASK] position .,winger,synth_Football Position/TREx/P413.jsonl
544,Shamweel Qasim plays in [MASK] position .,midfielder,synth_Football Position/TREx/P413.jsonl
547,Ricky Stanzi plays in [MASK] position .,quarterback,synth_Football Position/TREx/P413.jsonl
550,Chad Hutchinson plays in [MASK] position .,quarterback,synth_Football Position/TREx/P413.jsonl
551,Ronnie Ekelund plays in [MASK] position .,midfielder,synth_Football Position/TREx/P413.jsonl
558,Darrin Fletcher plays in [MASK] position .,catcher,synth_Football Position/TREx/P413.jsonl
559,Nolan Ryan plays in [MASK] position .,pitcher,synth_Football Position/TREx/P413.jsonl
566,Ben Bennett plays in [MASK] position .,quarterback,synth_Football Position/TREx/P413.jsonl
570,John Elway plays in [MASK] position .,quarterback,synth_Football Position/TREx/P413.jsonl
605,Kyle Boller plays in [MASK] position .,quarterback,synth_Football Position/TREx/P413.jsonl
606,Robert Prytz plays in [MASK] position .,midfielder,synth_Football Position/TREx/P413.jsonl
608,Marc Lamothe plays in [MASK] position .,goaltender,synth_Football Position/TREx/P413.jsonl
610,Don Larsen plays in [MASK] position .,pitcher,synth_Football Position/TREx/P413.jsonl
614,Pat Corrales plays in [MASK] position .,catcher,synth_Football Position/TREx/P413.jsonl
617,Bong Jung-keun plays in [MASK] position .,pitcher,synth_Football Position/TREx/P413.jsonl
618,Bryan Holaday plays in [MASK] position .,catcher,synth_Football Position/TREx/P413.jsonl
620,Jiloan Hamad plays in [MASK] position .,winger,synth_Football Position/TREx/P413.jsonl
622,Faysal Shayesteh plays in [MASK] position .,midfielder,synth_Football Position/TREx/P413.jsonl
624,Jean Luciano plays in [MASK] position .,midfielder,synth_Football Position/TREx/P413.jsonl
626,Nolan Schaefer plays in [MASK] position .,goaltender,synth_Football Position/TREx/P413.jsonl
628,Don Cardwell plays in [MASK] position .,pitcher,synth_Football Position/TREx/P413.jsonl
630,Wolfram Wuttke plays in [MASK] position .,midfielder,synth_Football Position/TREx/P413.jsonl
632,Rick Mirer plays in [MASK] position .,quarterback,synth_Football Position/TREx/P413.jsonl
638,Dan McGwire plays in [MASK] position .,quarterback,synth_Football Position/TREx/P413.jsonl
640,Sean Payton plays in [MASK] position .,quarterback,synth_Football Position/TREx/P413.jsonl
643,Andrea Pirlo plays in [MASK] position .,midfielder,synth_Football Position/TREx/P413.jsonl
646,Zac Robinson plays in [MASK] position .,quarterback,synth_Football Position/TREx/P413.jsonl
647,Wade Dubielewicz plays in [MASK] position .,goaltender,synth_Football Position/TREx/P413.jsonl
648,Lonnie Smith plays in [MASK] position .,outfielder,synth_Football Position/TREx/P413.jsonl
651,Dennis Franklin plays in [MASK] position .,quarterback,synth_Football Position/TREx/P413.jsonl
656,Lerin Duarte plays in [MASK] position .,midfielder,synth_Football Position/TREx/P413.jsonl
660,Dan Conners plays in [MASK] position .,linebacker,synth_Football Position/TREx/P413.jsonl
662,Bobby Layne plays in [MASK] position .,quarterback,synth_Football Position/TREx/P413.jsonl
680,Nordin Amrabat plays in [MASK] position .,winger,synth_Football Position/TREx/P413.jsonl
682,Hugh Millen plays in [MASK] position .,quarterback,synth_Football Position/TREx/P413.jsonl
683,Diego Maradona plays in [MASK] position .,midfielder,synth_Football Position/TREx/P413.jsonl
687,Braden Holtby plays in [MASK] position .,goaltender,synth_Football Position/TREx/P413.jsonl
691,Martin Kuhl plays in [MASK] position .,midfielder,synth_Football Position/TREx/P413.jsonl
693,Bob Griese plays in [MASK] position .,quarterback,synth_Football Position/TREx/P413.jsonl
706,Darren Daulton plays in [MASK] position .,catcher,synth_Football Position/TREx/P413.jsonl
708,Dean Furman plays in [MASK] position .,midfielder,synth_Football Position/TREx/P413.jsonl
710,Erin Henderson plays in [MASK] position .,linebacker,synth_Football Position/TREx/P413.jsonl
712,James Laurinaitis plays in [MASK] position .,linebacker,synth_Football Position/TREx/P413.jsonl
713,Arnie Herber plays in [MASK] position .,quarterback,synth_Football Position/TREx/P413.jsonl
718,Curt Flood plays in [MASK] position .,outfielder,synth_Football Position/TREx/P413.jsonl
722,Jesse Marsch plays in [MASK] position .,midfielder,synth_Football Position/TREx/P413.jsonl
724,Kerry Zavagnin plays in [MASK] position .,midfielder,synth_Football Position/TREx/P413.jsonl
729,Lee Cattermole plays in [MASK] position .,midfielder,synth_Football Position/TREx/P413.jsonl
733,Gaizka Garitano Aguirre plays in [MASK] position .,midfielder,synth_Football Position/TREx/P413.jsonl
735,Pietro Maiellaro plays in [MASK] position .,midfielder,synth_Football Position/TREx/P413.jsonl
737,Joanna Lohman plays in [MASK] position .,midfielder,synth_Football Position/TREx/P413.jsonl
739,Michael Laudrup plays in [MASK] position .,midfielder,synth_Football Position/TREx/P413.jsonl
740,Michael Conforto plays in [MASK] position .,outfielder,synth_Football Position/TREx/P413.jsonl
741,Jeff Rutledge plays in [MASK] position .,quarterback,synth_Football Position/TREx/P413.jsonl
742,Gus Poyet plays in [MASK] position .,midfielder,synth_Football Position/TREx/P413.jsonl
744,Lyndon Andrews plays in [MASK] position .,midfielder,synth_Football Position/TREx/P413.jsonl
746,Alfie Moore plays in [MASK] position .,goaltender,synth_Football Position/TREx/P413.jsonl
756,Ray Houghton plays in [MASK] position .,winger,synth_Football Position/TREx/P413.jsonl
758,Brian Boucher plays in [MASK] position .,goaltender,synth_Football Position/TREx/P413.jsonl
759,Luca Vigiani plays in [MASK] position .,midfielder,synth_Football Position/TREx/P413.jsonl
761,Massimo Ficcadenti plays in [MASK] position .,midfielder,synth_Football Position/TREx/P413.jsonl
765,Martin Brodeur plays in [MASK] position .,goaltender,synth_Football Position/TREx/P413.jsonl
783,Hughie Lehman plays in [MASK] position .,goaltender,synth_Football Position/TREx/P413.jsonl
784,Ron Jaworski plays in [MASK] position .,quarterback,synth_Football Position/TREx/P413.jsonl
792,Nelson Cruz plays in [MASK] position .,outfielder,synth_Football Position/TREx/P413.jsonl
793,Flemming Nielsen plays in [MASK] position .,midfielder,synth_Football Position/TREx/P413.jsonl
795,Juan Rodrigo Rojas plays in [MASK] position .,winger,synth_Football Position/TREx/P413.jsonl
799,Jock Stein plays in [MASK] position .,winger,synth_Football Position/TREx/P413.jsonl
800,Selim Bouadla plays in [MASK] position .,midfielder,synth_Football Position/TREx/P413.jsonl
802,Jeff Kemp plays in [MASK] position .,quarterback,synth_Football Position/TREx/P413.jsonl
804,Jim Kelly plays in [MASK] position .,quarterback,synth_Football Position/TREx/P413.jsonl
815,Rinku Singh plays in [MASK] position .,pitcher,synth_Football Position/TREx/P413.jsonl
817,Rickey Jackson plays in [MASK] position .,linebacker,synth_Football Position/TREx/P413.jsonl
820,Nick Greisen plays in [MASK] position .,linebacker,synth_Football Position/TREx/P413.jsonl
821,Florin Cernat plays in [MASK] position .,midfielder,synth_Football Position/TREx/P413.jsonl
823,Mika Noronen plays in [MASK] position .,goaltender,synth_Football Position/TREx/P413.jsonl
825,Mike Trout plays in [MASK] position .,outfielder,synth_Football Position/TREx/P413.jsonl
826,Craig Erickson plays in [MASK] position .,quarterback,synth_Football Position/TREx/P413.jsonl
828,Mark Fitzpatrick plays in [MASK] position .,goaltender,synth_Football Position/TREx/P413.jsonl
830,Tyler Moss plays in [MASK] position .,goaltender,synth_Football Position/TREx/P413.jsonl
832,Juan Pablo Galavis plays in [MASK] position .,midfielder,synth_Football Position/TREx/P413.jsonl
834,Mike Piazza plays in [MASK] position .,catcher,synth_Football Position/TREx/P413.jsonl
844,Patrick Roy plays in [MASK] position .,goaltender,synth_Football Position/TREx/P413.jsonl
855,Glenn Hall plays in [MASK] position .,goaltender,synth_Football Position/TREx/P413.jsonl
859,Kailee Wong plays in [MASK] position .,linebacker,synth_Football Position/TREx/P413.jsonl
861,Henry Burris plays in [MASK] position .,quarterback,synth_Football Position/TREx/P413.jsonl
863,Gianluca Gaudino plays in [MASK] position .,midfielder,synth_Football Position/TREx/P413.jsonl
865,Johan Hedberg plays in [MASK] position .,goaltender,synth_Football Position/TREx/P413.jsonl
866,Robbie Earle plays in [MASK] position .,winger,synth_Football Position/TREx/P413.jsonl
868,Brad Wilkerson plays in [MASK] position .,outfielder,synth_Football Position/TREx/P413.jsonl
869,Thomas Pinault plays in [MASK] position .,midfielder,synth_Football Position/TREx/P413.jsonl
871,Eusebio Di Francesco plays in [MASK] position .,midfielder,synth_Football Position/TREx/P413.jsonl
874,Sinuhe Wallinheimo plays in [MASK] position .,goaltender,synth_Football Position/TREx/P413.jsonl
876,Manti Te'o plays in [MASK] position .,linebacker,synth_Football Position/TREx/P413.jsonl
877,Antonio Valencia plays in [MASK] position .,winger,synth_Football Position/TREx/P413.jsonl
881,Zito plays in [MASK] position .,midfielder,synth_Football Position/TREx/P413.jsonl
884,David Beckham plays in [MASK] position .,midfielder,synth_Football Position/TREx/P413.jsonl
887,Vernon Wells plays in [MASK] position .,outfielder,synth_Football Position/TREx/P413.jsonl
889,Isaac Cuenca plays in [MASK] position .,winger,synth_Football Position/TREx/P413.jsonl
891,Cho Hyung-ik plays in [MASK] position .,winger,synth_Football Position/TREx/P413.jsonl
895,Carlos Lee plays in [MASK] position .,outfielder,synth_Football Position/TREx/P413.jsonl
896,Mikhail Shtalenkov plays in [MASK] position .,goaltender,synth_Football Position/TREx/P413.jsonl
897,Les Horvath plays in [MASK] position .,quarterback,synth_Football Position/TREx/P413.jsonl
899,Darcy Kuemper plays in [MASK] position .,goaltender,synth_Football Position/TREx/P413.jsonl
902,Gilles Villemure plays in [MASK] position .,goaltender,synth_Football Position/TREx/P413.jsonl
906,Ryan Leaf plays in [MASK] position .,quarterback,synth_Football Position/TREx/P413.jsonl
912,Bruce Gradkowski plays in [MASK] position .,quarterback,synth_Football Position/TREx/P413.jsonl
913,Mathieu Flamini plays in [MASK] position .,midfielder,synth_Football Position/TREx/P413.jsonl
916,Devan Dubnyk plays in [MASK] position .,goaltender,synth_Football Position/TREx/P413.jsonl
920,Scot Brantley plays in [MASK] position .,linebacker,synth_Football Position/TREx/P413.jsonl
921,Jacques Cloutier plays in [MASK] position .,goaltender,synth_Football Position/TREx/P413.jsonl
925,Enrico Cucchi plays in [MASK] position .,midfielder,synth_Football Position/TREx/P413.jsonl
932,Eugene Lockhart plays in [MASK] position .,linebacker,synth_Football Position/TREx/P413.jsonl
933,Tobias Grahn plays in [MASK] position .,midfielder,synth_Football Position/TREx/P413.jsonl
935,Vadis Odjidja-Ofoe plays in [MASK] position .,midfielder,synth_Football Position/TREx/P413.jsonl
937,Moise Fokou plays in [MASK] position .,linebacker,synth_Football Position/TREx/P413.jsonl
939,Kirk Rueter plays in [MASK] position .,pitcher,synth_Football Position/TREx/P413.jsonl
940,Thomas McCollum plays in [MASK] position .,goaltender,synth_Football Position/TREx/P413.jsonl
943,Matt Holland plays in [MASK] position .,midfielder,synth_Football Position/TREx/P413.jsonl
944,Alexi Ogando plays in [MASK] position .,pitcher,synth_Football Position/TREx/P413.jsonl
948,Zico plays in [MASK] position .,midfielder,synth_Football Position/TREx/P413.jsonl
950,Andy Moog plays in [MASK] position .,goaltender,synth_Football Position/TREx/P413.jsonl
959,Gareth Barry plays in [MASK] position .,midfielder,synth_Football Position/TREx/P413.jsonl
961,Tommie Frazier plays in [MASK] position .,quarterback,synth_Football Position/TREx/P413.jsonl
962,David Degen plays in [MASK] position .,midfielder,synth_Football Position/TREx/P413.jsonl
964,Frank Brimsek plays in [MASK] position .,goaltender,synth_Football Position/TREx/P413.jsonl
966,Corey Patterson plays in [MASK] position .,outfielder,synth_Football Position/TREx/P413.jsonl
968,Barry Bannan plays in [MASK] position .,midfielder,synth_Football Position/TREx/P413.jsonl
971,Don Majkowski plays in [MASK] position .,quarterback,synth_Football Position/TREx/P413.jsonl
975,Jonathan Quick plays in [MASK] position .,goaltender,synth_Football Position/TREx/P413.jsonl
978,Pud Galvin plays in [MASK] position .,pitcher,synth_Football Position/TREx/P413.jsonl
981,Eusebio Castigliano plays in [MASK] position .,midfielder,synth_Football Position/TREx/P413.jsonl
984,Michel Plasse plays in [MASK] position .,goaltender,synth_Football Position/TREx/P413.jsonl
986,Manny Mota plays in [MASK] position .,outfielder,synth_Football Position/TREx/P413.jsonl
989,Scott Darling plays in [MASK] position .,goaltender,synth_Football Position/TREx/P413.jsonl
992,Jim Magilton plays in [MASK] position .,midfielder,synth_Football Position/TREx/P413.jsonl
994,Ricardo Villa plays in [MASK] position .,midfielder,synth_Football Position/TREx/P413.jsonl
999,Seth Maness plays in [MASK] position .,pitcher,synth_Football Position/TREx/P413.jsonl
1005,Mike Garcia plays in [MASK] position .,pitcher,synth_Football Position/TREx/P413.jsonl
1006,Mike Richter plays in [MASK] position .,goaltender,synth_Football Position/TREx/P413.jsonl
1010,Clint Benedict plays in [MASK] position .,goaltender,synth_Football Position/TREx/P413.jsonl
1011,Candy Cummings plays in [MASK] position .,pitcher,synth_Football Position/TREx/P413.jsonl
1012,Seth Smith plays in [MASK] position .,outfielder,synth_Football Position/TREx/P413.jsonl
1014,Angelo Colombo plays in [MASK] position .,midfielder,synth_Football Position/TREx/P413.jsonl
1016,Michael Garnett plays in [MASK] position .,goaltender,synth_Football Position/TREx/P413.jsonl
1019,Chip Banks plays in [MASK] position .,linebacker,synth_Football Position/TREx/P413.jsonl
1022,Caleb TerBush plays in [MASK] position .,quarterback,synth_Football Position/TREx/P413.jsonl
1025,Jelani Jenkins plays in [MASK] position .,linebacker,synth_Football Position/TREx/P413.jsonl
1026,Landon Johnson plays in [MASK] position .,linebacker,synth_Football Position/TREx/P413.jsonl
1027,John Harkes plays in [MASK] position .,midfielder,synth_Football Position/TREx/P413.jsonl
1030,Vincenzo Italiano plays in [MASK] position .,midfielder,synth_Football Position/TREx/P413.jsonl
1032,Drew Storen plays in [MASK] position .,pitcher,synth_Football Position/TREx/P413.jsonl
1033,Brad Van Pelt plays in [MASK] position .,linebacker,synth_Football Position/TREx/P413.jsonl
1035,Gary Hogeboom plays in [MASK] position .,quarterback,synth_Football Position/TREx/P413.jsonl
1037,Yasmani Grandal plays in [MASK] position .,catcher,synth_Football Position/TREx/P413.jsonl
1039,Henk ten Cate plays in [MASK] position .,midfielder,synth_Football Position/TREx/P413.jsonl
1043,Derrick Thomas plays in [MASK] position .,linebacker,synth_Football Position/TREx/P413.jsonl
1050,Jim Sorgi plays in [MASK] position .,quarterback,synth_Football Position/TREx/P413.jsonl
1052,Glenn Foley plays in [MASK] position .,quarterback,synth_Football Position/TREx/P413.jsonl
1054,Francesco Parravicini plays in [MASK] position .,midfielder,synth_Football Position/TREx/P413.jsonl
1056,LaMarr Woodley plays in [MASK] position .,linebacker,synth_Football Position/TREx/P413.jsonl
1057,Dallas Keuchel plays in [MASK] position .,pitcher,synth_Football Position/TREx/P413.jsonl
1059,Jonathan Osorio plays in [MASK] position .,midfielder,synth_Football Position/TREx/P413.jsonl
1061,Scott Allan plays in [MASK] position .,midfielder,synth_Football Position/TREx/P413.jsonl
1067,Kelly Hrudey plays in [MASK] position .,goaltender,synth_Football Position/TREx/P413.jsonl
1073,Brian Bogusevic plays in [MASK] position .,outfielder,synth_Football Position/TREx/P413.jsonl
1075,Paulo Bento plays in [MASK] position .,midfielder,synth_Football Position/TREx/P413.jsonl
1076,Raffaele Palladino plays in [MASK] position .,winger,synth_Football Position/TREx/P413.jsonl
1078,Jeffrey Monakana plays in [MASK] position .,midfielder,synth_Football Position/TREx/P413.jsonl
1080,Lee Sharpe plays in [MASK] position .,winger,synth_Football Position/TREx/P413.jsonl
1083,Drew Brees plays in [MASK] position .,quarterback,synth_Football Position/TREx/P413.jsonl
1106,Kiko Alonso plays in [MASK] position .,linebacker,synth_Football Position/TREx/P413.jsonl
1107,Tyler Palko plays in [MASK] position .,quarterback,synth_Football Position/TREx/P413.jsonl
1109,Jake Rudock plays in [MASK] position .,quarterback,synth_Football Position/TREx/P413.jsonl
1110,Luis Tiant plays in [MASK] position .,pitcher,synth_Football Position/TREx/P413.jsonl
1111,Rasmus Lindgren plays in [MASK] position .,midfielder,synth_Football Position/TREx/P413.jsonl
1112,Elrio van Heerden plays in [MASK] position .,midfielder,synth_Football Position/TREx/P413.jsonl
1114,Jordan Norberto plays in [MASK] position .,pitcher,synth_Football Position/TREx/P413.jsonl
1116,Scott Sinclair plays in [MASK] position .,winger,synth_Football Position/TREx/P413.jsonl
1117,Ryan Lindley plays in [MASK] position .,quarterback,synth_Football Position/TREx/P413.jsonl
1120,Matt Herges plays in [MASK] position .,pitcher,synth_Football Position/TREx/P413.jsonl
1123,Joel Zumaya plays in [MASK] position .,pitcher,synth_Football Position/TREx/P413.jsonl
1125,Don McPherson plays in [MASK] position .,quarterback,synth_Football Position/TREx/P413.jsonl
1126,Jim Druckenmiller plays in [MASK] position .,quarterback,synth_Football Position/TREx/P413.jsonl
1127,Johan Gastien plays in [MASK] position .,midfielder,synth_Football Position/TREx/P413.jsonl
1129,Joe Paterno plays in [MASK] position .,quarterback,synth_Football Position/TREx/P413.jsonl
1131,Gaetano D'Agostino plays in [MASK] position .,midfielder,synth_Football Position/TREx/P413.jsonl
1133,Matt Hasselbeck plays in [MASK] position .,quarterback,synth_Football Position/TREx/P413.jsonl
1137,Ty Detmer plays in [MASK] position .,quarterback,synth_Football Position/TREx/P413.jsonl
1141,Ralph Guglielmi plays in [MASK] position .,quarterback,synth_Football Position/TREx/P413.jsonl
1142,Colby Cameron plays in [MASK] position .,quarterback,synth_Football Position/TREx/P413.jsonl
1144,Jeff Reese plays in [MASK] position .,goaltender,synth_Football Position/TREx/P413.jsonl
1149,Jonathan Urretaviscaya plays in [MASK] position .,winger,synth_Football Position/TREx/P413.jsonl
1151,Brent Johnson plays in [MASK] position .,goaltender,synth_Football Position/TREx/P413.jsonl
1161,Barry Zito plays in [MASK] position .,pitcher,synth_Football Position/TREx/P413.jsonl
1166,Roger Clemens plays in [MASK] position .,pitcher,synth_Football Position/TREx/P413.jsonl
1182,Daniele Franceschini plays in [MASK] position .,midfielder,synth_Football Position/TREx/P413.jsonl
1184,Kevin Lalande plays in [MASK] position .,goaltender,synth_Football Position/TREx/P413.jsonl
1187,Al Dekdebrun plays in [MASK] position .,quarterback,synth_Football Position/TREx/P413.jsonl
1188,Mark McKeever plays in [MASK] position .,winger,synth_Football Position/TREx/P413.jsonl
1189,George Best plays in [MASK] position .,winger,synth_Football Position/TREx/P413.jsonl
1196,Jone Samuelsen plays in [MASK] position .,midfielder,synth_Football Position/TREx/P413.jsonl
1199,Thomas Greiss plays in [MASK] position .,goaltender,synth_Football Position/TREx/P413.jsonl
1201,Philip Rivers plays in [MASK] position .,quarterback,synth_Football Position/TREx/P413.jsonl
1204,Nilton Fernandes plays in [MASK] position .,midfielder,synth_Football Position/TREx/P413.jsonl
1207,Tom Ramsey plays in [MASK] position .,quarterback,synth_Football Position/TREx/P413.jsonl
1211,Tim Hasselbeck plays in [MASK] position .,quarterback,synth_Football Position/TREx/P413.jsonl
1214,Massimiliano Cappioli plays in [MASK] position .,midfielder,synth_Football Position/TREx/P413.jsonl
1218,Jean-Paul Kalala plays in [MASK] position .,midfielder,synth_Football Position/TREx/P413.jsonl
1221,Marc Overmars plays in [MASK] position .,midfielder,synth_Football Position/TREx/P413.jsonl
1222,Rick Monday plays in [MASK] position .,outfielder,synth_Football Position/TREx/P413.jsonl
1223,Mason Foster plays in [MASK] position .,linebacker,synth_Football Position/TREx/P413.jsonl
1225,Lorenzo Crisetig plays in [MASK] position .,midfielder,synth_Football Position/TREx/P413.jsonl
1227,Jaroslav Janus plays in [MASK] position .,goaltender,synth_Football Position/TREx/P413.jsonl
1229,Jonathan Santana plays in [MASK] position .,midfielder,synth_Football Position/TREx/P413.jsonl
1231,Scott Milanovich plays in [MASK] position .,quarterback,synth_Football Position/TREx/P413.jsonl
1234,Randall Azofeifa plays in [MASK] position .,midfielder,synth_Football Position/TREx/P413.jsonl
1236,Pia Wunderlich plays in [MASK] position .,midfielder,synth_Football Position/TREx/P413.jsonl
1238,Atlee Hammaker plays in [MASK] position .,pitcher,synth_Football Position/TREx/P413.jsonl
1240,Terna Nande plays in [MASK] position .,linebacker,synth_Football Position/TREx/P413.jsonl
1242,Norm Maracle plays in [MASK] position .,goaltender,synth_Football Position/TREx/P413.jsonl
1244,Jamie Storr plays in [MASK] position .,goaltender,synth_Football Position/TREx/P413.jsonl
1246,Ernesto Lazzatti plays in [MASK] position .,midfielder,synth_Football Position/TREx/P413.jsonl
1248,Ahmad Brooks plays in [MASK] position .,linebacker,synth_Football Position/TREx/P413.jsonl
1249,Marques Tuiasosopo plays in [MASK] position .,quarterback,synth_Football Position/TREx/P413.jsonl
1252,Tommy Docherty plays in [MASK] position .,winger,synth_Football Position/TREx/P413.jsonl
1254,Antonio Comi plays in [MASK] position .,midfielder,synth_Football Position/TREx/P413.jsonl
1256,Luis del Sol plays in [MASK] position .,midfielder,synth_Football Position/TREx/P413.jsonl
1258,Gary Cuozzo plays in [MASK] position .,quarterback,synth_Football Position/TREx/P413.jsonl
1263,Paul Harsley plays in [MASK] position .,midfielder,synth_Football Position/TREx/P413.jsonl
1266,Ben Mauk plays in [MASK] position .,quarterback,synth_Football Position/TREx/P413.jsonl
1271,Juan Cuadrado plays in [MASK] position .,winger,synth_Football Position/TREx/P413.jsonl
1273,Elvis Grbac plays in [MASK] position .,quarterback,synth_Football Position/TREx/P413.jsonl
1276,Johan Arneng plays in [MASK] position .,midfielder,synth_Football Position/TREx/P413.jsonl
1278,Kenny Demens plays in [MASK] position .,linebacker,synth_Football Position/TREx/P413.jsonl
1280,Mike Veisor plays in [MASK] position .,goaltender,synth_Football Position/TREx/P413.jsonl
1281,Junior Stanislas plays in [MASK] position .,winger,synth_Football Position/TREx/P413.jsonl
1284,Wilber Marshall plays in [MASK] position .,linebacker,synth_Football Position/TREx/P413.jsonl
1286,Mesut Bakkal plays in [MASK] position .,midfielder,synth_Football Position/TREx/P413.jsonl
1292,Kelly Stouffer plays in [MASK] position .,quarterback,synth_Football Position/TREx/P413.jsonl
1293,Tom De Mul plays in [MASK] position .,winger,synth_Football Position/TREx/P413.jsonl
1296,Jerod Mayo plays in [MASK] position .,linebacker,synth_Football Position/TREx/P413.jsonl
1299,Vladislav Tretiak plays in [MASK] position .,goaltender,synth_Football Position/TREx/P413.jsonl
1305,Connor Cook plays in [MASK] position .,quarterback,synth_Football Position/TREx/P413.jsonl
1309,Evan Dimas Darmono plays in [MASK] position .,midfielder,synth_Football Position/TREx/P413.jsonl
1311,Grant Fuhr plays in [MASK] position .,goaltender,synth_Football Position/TREx/P413.jsonl
1315,Jonathan Goff plays in [MASK] position .,linebacker,synth_Football Position/TREx/P413.jsonl
1317,Buck Martinez plays in [MASK] position .,catcher,synth_Football Position/TREx/P413.jsonl
1318,Francisco Liriano plays in [MASK] position .,pitcher,synth_Football Position/TREx/P413.jsonl
1321,CC Sabathia plays in [MASK] position .,pitcher,synth_Football Position/TREx/P413.jsonl
1322,Paulo Almeida plays in [MASK] position .,midfielder,synth_Football Position/TREx/P413.jsonl
1324,D'Qwell Jackson plays in [MASK] position .,linebacker,synth_Football Position/TREx/P413.jsonl
1327,Ryan Miller plays in [MASK] position .,goaltender,synth_Football Position/TREx/P413.jsonl
1334,Trent Green plays in [MASK] position .,quarterback,synth_Football Position/TREx/P413.jsonl
1345,Trey DePriest plays in [MASK] position .,linebacker,synth_Football Position/TREx/P413.jsonl
1347,Ryan Harley plays in [MASK] position .,midfielder,synth_Football Position/TREx/P413.jsonl
1349,Sean Burke plays in [MASK] position .,goaltender,synth_Football Position/TREx/P413.jsonl
1354,Stephen McGee plays in [MASK] position .,quarterback,synth_Football Position/TREx/P413.jsonl
1356,Josh McCown plays in [MASK] position .,quarterback,synth_Football Position/TREx/P413.jsonl
1360,Browning Nagle plays in [MASK] position .,quarterback,synth_Football Position/TREx/P413.jsonl
1364,Karim Abdul Razak plays in [MASK] position .,midfielder,synth_Football Position/TREx/P413.jsonl
1366,Mike Tomczak plays in [MASK] position .,quarterback,synth_Football Position/TREx/P413.jsonl
1371,Dany N'Guessan plays in [MASK] position .,midfielder,synth_Football Position/TREx/P413.jsonl
1372,Saleem Rasheed plays in [MASK] position .,linebacker,synth_Football Position/TREx/P413.jsonl
1374,Pascal Feindouno plays in [MASK] position .,winger,synth_Football Position/TREx/P413.jsonl
1377,Brent Krahn plays in [MASK] position .,goaltender,synth_Football Position/TREx/P413.jsonl
1381,Darren Murphy plays in [MASK] position .,midfielder,synth_Football Position/TREx/P413.jsonl
1383,Jon-Paul McGovern plays in [MASK] position .,midfielder,synth_Football Position/TREx/P413.jsonl
1385,Gary Kubiak plays in [MASK] position .,quarterback,synth_Football Position/TREx/P413.jsonl
1387,Joe Pisarcik plays in [MASK] position .,quarterback,synth_Football Position/TREx/P413.jsonl
1389,Archie Gemmill plays in [MASK] position .,midfielder,synth_Football Position/TREx/P413.jsonl
1390,Yannick Bapupa plays in [MASK] position .,midfielder,synth_Football Position/TREx/P413.jsonl
1392,John Reaves plays in [MASK] position .,quarterback,synth_Football Position/TREx/P413.jsonl
1393,Russell Bromage plays in [MASK] position .,midfielder,synth_Football Position/TREx/P413.jsonl
1395,Damon Allen plays in [MASK] position .,quarterback,synth_Football Position/TREx/P413.jsonl
1405,Logan Verrett plays in [MASK] position .,pitcher,synth_Football Position/TREx/P413.jsonl
1407,Matt Chatham plays in [MASK] position .,linebacker,synth_Football Position/TREx/P413.jsonl
1409,Giacomo Tedesco plays in [MASK] position .,midfielder,synth_Football Position/TREx/P413.jsonl
1411,Kevin Eakin plays in [MASK] position .,quarterback,synth_Football Position/TREx/P413.jsonl
1413,Yannick Carter plays in [MASK] position .,linebacker,synth_Football Position/TREx/P413.jsonl
1415,Conan Byrne plays in [MASK] position .,winger,synth_Football Position/TREx/P413.jsonl
1418,Steve DeOssie plays in [MASK] position .,linebacker,synth_Football Position/TREx/P413.jsonl
1420,Rich Ingold plays in [MASK] position .,quarterback,synth_Football Position/TREx/P413.jsonl
1421,Conor Thomas plays in [MASK] position .,midfielder,synth_Football Position/TREx/P413.jsonl
1428,Dick Radatz plays in [MASK] position .,pitcher,synth_Football Position/TREx/P413.jsonl
1429,Schellas Hyndman plays in [MASK] position .,midfielder,synth_Football Position/TREx/P413.jsonl
1430,Dan Fouts plays in [MASK] position .,quarterback,synth_Football Position/TREx/P413.jsonl
1445,Tim Tebow plays in [MASK] position .,quarterback,synth_Football Position/TREx/P413.jsonl
1455,Nenad Bjelica plays in [MASK] position .,midfielder,synth_Football Position/TREx/P413.jsonl
1457,Serhiy Kovalets plays in [MASK] position .,midfielder,synth_Football Position/TREx/P413.jsonl
1458,Kurt Warner plays in [MASK] position .,quarterback,synth_Football Position/TREx/P413.jsonl
1469,David Carabott plays in [MASK] position .,midfielder,synth_Football Position/TREx/P413.jsonl
1474,Marcelo Nascimento da Costa plays in [MASK] position .,midfielder,synth_Football Position/TREx/P413.jsonl
1476,Ricardo Faty plays in [MASK] position .,midfielder,synth_Football Position/TREx/P413.jsonl
1478,Clete Thomas plays in [MASK] position .,outfielder,synth_Football Position/TREx/P413.jsonl
1480,Kieran Millan plays in [MASK] position .,goaltender,synth_Football Position/TREx/P413.jsonl
1482,Joel Lindpere plays in [MASK] position .,midfielder,synth_Football Position/TREx/P413.jsonl
1497,Michel Larocque plays in [MASK] position .,goaltender,synth_Football Position/TREx/P413.jsonl
1498,Ulrich Le Pen plays in [MASK] position .,midfielder,synth_Football Position/TREx/P413.jsonl
1502,Jorge Luis Campos plays in [MASK] position .,midfielder,synth_Football Position/TREx/P413.jsonl
1508,Anthony Maggiacomo plays in [MASK] position .,linebacker,synth_Football Position/TREx/P413.jsonl
1510,Martin Ericsson plays in [MASK] position .,midfielder,synth_Football Position/TREx/P413.jsonl
1512,Joel Stave plays in [MASK] position .,quarterback,synth_Football Position/TREx/P413.jsonl
1516,Philip Hellquist plays in [MASK] position .,midfielder,synth_Football Position/TREx/P413.jsonl
1518,Sam Crawford plays in [MASK] position .,outfielder,synth_Football Position/TREx/P413.jsonl
1521,Michael Leighton plays in [MASK] position .,goaltender,synth_Football Position/TREx/P413.jsonl
1524,Massimiliano Esposito plays in [MASK] position .,midfielder,synth_Football Position/TREx/P413.jsonl
1526,Daniel Gygax plays in [MASK] position .,midfielder,synth_Football Position/TREx/P413.jsonl
1528,Blaine Lacher plays in [MASK] position .,goaltender,synth_Football Position/TREx/P413.jsonl
1530,Gary Danielson plays in [MASK] position .,quarterback,synth_Football Position/TREx/P413.jsonl
1531,Ivan Gudelj plays in [MASK] position .,midfielder,synth_Football Position/TREx/P413.jsonl
1537,Frankie Albert plays in [MASK] position .,quarterback,synth_Football Position/TREx/P413.jsonl
1542,Rick Ankiel plays in [MASK] position .,pitcher,synth_Football Position/TREx/P413.jsonl
1545,Brandon Jenkins (football player) plays in [MASK] position .,linebacker,synth_Football Position/TREx/P413.jsonl
1547,Karl Goehring plays in [MASK] position .,goaltender,synth_Football Position/TREx/P413.jsonl
1554,Jean-Pierre Roy plays in [MASK] position .,pitcher,synth_Football Position/TREx/P413.jsonl
1556,Cory Wade plays in [MASK] position .,pitcher,synth_Football Position/TREx/P413.jsonl
1561,Abou Diaby plays in [MASK] position .,midfielder,synth_Football Position/TREx/P413.jsonl
1562,Masaichi Kaneda plays in [MASK] position .,pitcher,synth_Football Position/TREx/P413.jsonl
1565,Jim Bouton plays in [MASK] position .,pitcher,synth_Football Position/TREx/P413.jsonl
1572,Esteban Vigo plays in [MASK] position .,midfielder,synth_Football Position/TREx/P413.jsonl
1576,Scott Hatteberg plays in [MASK] position .,catcher,synth_Football Position/TREx/P413.jsonl
1577,Rickey Foggie plays in [MASK] position .,quarterback,synth_Football Position/TREx/P413.jsonl
1579,Jim Zorn plays in [MASK] position .,quarterback,synth_Football Position/TREx/P413.jsonl
1582,Craig Monroe plays in [MASK] position .,outfielder,synth_Football Position/TREx/P413.jsonl
1590,Abner Dalrymple plays in [MASK] position .,outfielder,synth_Football Position/TREx/P413.jsonl
1591,Bill Ranford plays in [MASK] position .,goaltender,synth_Football Position/TREx/P413.jsonl
1594,Joe Montana plays in [MASK] position .,quarterback,synth_Football Position/TREx/P413.jsonl
1624,Angelo Bertelli plays in [MASK] position .,quarterback,synth_Football Position/TREx/P413.jsonl
1625,Blaine Gabbert plays in [MASK] position .,quarterback,synth_Football Position/TREx/P413.jsonl
1627,Mark Visentin plays in [MASK] position .,goaltender,synth_Football Position/TREx/P413.jsonl
1629,Murray Bannerman plays in [MASK] position .,goaltender,synth_Football Position/TREx/P413.jsonl
1632,Junior Seau plays in [MASK] position .,linebacker,synth_Football Position/TREx/P413.jsonl
1637,Mohd Amirul Hadi Zainal plays in [MASK] position .,midfielder,synth_Football Position/TREx/P413.jsonl
1639,Agostino Di Bartolomei plays in [MASK] position .,midfielder,synth_Football Position/TREx/P413.jsonl
1641,Tsuyoshi Shinjo plays in [MASK] position .,outfielder,synth_Football Position/TREx/P413.jsonl
1643,Dont'a Hightower plays in [MASK] position .,linebacker,synth_Football Position/TREx/P413.jsonl
1645,Zeke Bratkowski plays in [MASK] position .,quarterback,synth_Football Position/TREx/P413.jsonl
1648,Giuseppe Dossena plays in [MASK] position .,midfielder,synth_Football Position/TREx/P413.jsonl
1650,Ilsinho plays in [MASK] position .,midfielder,synth_Football Position/TREx/P413.jsonl
1654,Renato Buso plays in [MASK] position .,midfielder,synth_Football Position/TREx/P413.jsonl
1656,Josh Gibson plays in [MASK] position .,catcher,synth_Football Position/TREx/P413.jsonl
1660,Fabian Frei plays in [MASK] position .,midfielder,synth_Football Position/TREx/P413.jsonl
1663,Thurman Munson plays in [MASK] position .,catcher,synth_Football Position/TREx/P413.jsonl
1668,John Brantley plays in [MASK] position .,quarterback,synth_Football Position/TREx/P413.jsonl
1674,Miralem Sulejmani plays in [MASK] position .,winger,synth_Football Position/TREx/P413.jsonl
1676,Erik Komatsu plays in [MASK] position .,outfielder,synth_Football Position/TREx/P413.jsonl
1678,Daniele Dessena plays in [MASK] position .,midfielder,synth_Football Position/TREx/P413.jsonl
1682,Mark Kinsella plays in [MASK] position .,midfielder,synth_Football Position/TREx/P413.jsonl
1683,Gustavo Barros Schelotto plays in [MASK] position .,midfielder,synth_Football Position/TREx/P413.jsonl
1685,Anderson Luís de Abreu Oliveira plays in [MASK] position .,midfielder,synth_Football Position/TREx/P413.jsonl
1687,Francesco Bolzoni plays in [MASK] position .,midfielder,synth_Football Position/TREx/P413.jsonl
1689,Don Horn plays in [MASK] position .,quarterback,synth_Football Position/TREx/P413.jsonl
1690,Shane Matthews plays in [MASK] position .,quarterback,synth_Football Position/TREx/P413.jsonl
1694,Lou Saban plays in [MASK] position .,linebacker,synth_Football Position/TREx/P413.jsonl
1697,Ken O'Brien plays in [MASK] position .,quarterback,synth_Football Position/TREx/P413.jsonl
1701,Eric Kresser plays in [MASK] position .,quarterback,synth_Football Position/TREx/P413.jsonl
1703,Darren Currie plays in [MASK] position .,midfielder,synth_Football Position/TREx/P413.jsonl
1708,Mohd Noor Ali plays in [MASK] position .,midfielder,synth_Football Position/TREx/P413.jsonl
1712,Nils Liedholm plays in [MASK] position .,midfielder,synth_Football Position/TREx/P413.jsonl
1714,Shane Ray plays in [MASK] position .,linebacker,synth_Football Position/TREx/P413.jsonl
1730,Pelle Lindbergh plays in [MASK] position .,goaltender,synth_Football Position/TREx/P413.jsonl
1732,Danny Trevathan plays in [MASK] position .,linebacker,synth_Football Position/TREx/P413.jsonl
1734,Joey Gathright plays in [MASK] position .,outfielder,synth_Football Position/TREx/P413.jsonl
1735,Chuck Howley plays in [MASK] position .,linebacker,synth_Football Position/TREx/P413.jsonl
1745,Pontus Wernbloom plays in [MASK] position .,midfielder,synth_Football Position/TREx/P413.jsonl
1746,Joel Obi plays in [MASK] position .,midfielder,synth_Football Position/TREx/P413.jsonl
1748,Cory Schneider plays in [MASK] position .,goaltender,synth_Football Position/TREx/P413.jsonl
1751,Antonio Candreva plays in [MASK] position .,midfielder,synth_Football Position/TREx/P413.jsonl
1755,Jim Hart plays in [MASK] position .,quarterback,synth_Football Position/TREx/P413.jsonl
1758,Xavier Margairaz plays in [MASK] position .,midfielder,synth_Football Position/TREx/P413.jsonl
1762,Rusney Castillo plays in [MASK] position .,outfielder,synth_Football Position/TREx/P413.jsonl
1763,Dave Winfield plays in [MASK] position .,outfielder,synth_Football Position/TREx/P413.jsonl
1764,Bryan Robson plays in [MASK] position .,midfielder,synth_Football Position/TREx/P413.jsonl
1765,Altin Lala plays in [MASK] position .,midfielder,synth_Football Position/TREx/P413.jsonl
1767,Bert Jones plays in [MASK] position .,quarterback,synth_Football Position/TREx/P413.jsonl
1778,Jussi Markkanen plays in [MASK] position .,goaltender,synth_Football Position/TREx/P413.jsonl
1781,Andrico Hines plays in [MASK] position .,quarterback,synth_Football Position/TREx/P413.jsonl
1783,Steve McNair plays in [MASK] position .,quarterback,synth_Football Position/TREx/P413.jsonl
1788,Reto Berra plays in [MASK] position .,goaltender,synth_Football Position/TREx/P413.jsonl
1792,Kerry Collins plays in [MASK] position .,quarterback,synth_Football Position/TREx/P413.jsonl
1795,Marty Schottenheimer plays in [MASK] position .,linebacker,synth_Football Position/TREx/P413.jsonl
1796,Luke Kuechly plays in [MASK] position .,linebacker,synth_Football Position/TREx/P413.jsonl
1797,Keith Peacock plays in [MASK] position .,midfielder,synth_Football Position/TREx/P413.jsonl
1801,Roger Staubach plays in [MASK] position .,quarterback,synth_Football Position/TREx/P413.jsonl
1819,Casey Matthews plays in [MASK] position .,linebacker,synth_Football Position/TREx/P413.jsonl
1823,Odise Roshi plays in [MASK] position .,midfielder,synth_Football Position/TREx/P413.jsonl
1828,Tedy Bruschi plays in [MASK] position .,linebacker,synth_Football Position/TREx/P413.jsonl
1829,Mike Pawlawski plays in [MASK] position .,quarterback,synth_Football Position/TREx/P413.jsonl
1833,Kyle Orton plays in [MASK] position .,quarterback,synth_Football Position/TREx/P413.jsonl
1840,Marvin Mitchell plays in [MASK] position .,linebacker,synth_Football Position/TREx/P413.jsonl
1842,Aaron Rodgers plays in [MASK] position .,quarterback,synth_Football Position/TREx/P413.jsonl
1868,Curtis Sanford plays in [MASK] position .,goaltender,synth_Football Position/TREx/P413.jsonl
1870,Hatem Ben Arfa plays in [MASK] position .,winger,synth_Football Position/TREx/P413.jsonl
1874,Kyle Farnsworth plays in [MASK] position .,pitcher,synth_Football Position/TREx/P413.jsonl
1875,Tim Hiller plays in [MASK] position .,quarterback,synth_Football Position/TREx/P413.jsonl
1877,Garrett Gilbert plays in [MASK] position .,quarterback,synth_Football Position/TREx/P413.jsonl
1879,Francisco Cervelli plays in [MASK] position .,catcher,synth_Football Position/TREx/P413.jsonl
1881,Matt Szczur plays in [MASK] position .,outfielder,synth_Football Position/TREx/P413.jsonl
1883,John Huarte plays in [MASK] position .,quarterback,synth_Football Position/TREx/P413.jsonl
1886,Martina Voss-Tecklenburg plays in [MASK] position .,midfielder,synth_Football Position/TREx/P413.jsonl
1889,Drew Henson plays in [MASK] position .,quarterback,synth_Football Position/TREx/P413.jsonl
1892,Akin Ayodele plays in [MASK] position .,linebacker,synth_Football Position/TREx/P413.jsonl
1894,Mehdi Abeid plays in [MASK] position .,midfielder,synth_Football Position/TREx/P413.jsonl
1896,Mario Lessard plays in [MASK] position .,goaltender,synth_Football Position/TREx/P413.jsonl
1898,Henrik Lundqvist plays in [MASK] position .,goaltender,synth_Football Position/TREx/P413.jsonl
1904,Lavonte David plays in [MASK] position .,linebacker,synth_Football Position/TREx/P413.jsonl
1907,Steve Passmore plays in [MASK] position .,goaltender,synth_Football Position/TREx/P413.jsonl
1909,Dan Morgan plays in [MASK] position .,linebacker,synth_Football Position/TREx/P413.jsonl
1911,Sean Salisbury plays in [MASK] position .,quarterback,synth_Football Position/TREx/P413.jsonl
1913,Juan Joseph plays in [MASK] position .,quarterback,synth_Football Position/TREx/P413.jsonl
1917,Quinn Gray plays in [MASK] position .,quarterback,synth_Football Position/TREx/P413.jsonl
1918,Melanie Behringer plays in [MASK] position .,midfielder,synth_Football Position/TREx/P413.jsonl
1920,Ray Emery plays in [MASK] position .,goaltender,synth_Football Position/TREx/P413.jsonl
1927,Graeme Souness plays in [MASK] position .,midfielder,synth_Football Position/TREx/P413.jsonl
1931,Stan Gelbaugh plays in [MASK] position .,quarterback,synth_Football Position/TREx/P413.jsonl
1934,Otto Graham plays in [MASK] position .,quarterback,synth_Football Position/TREx/P413.jsonl
1959,Mike Stratton plays in [MASK] position .,linebacker,synth_Football Position/TREx/P413.jsonl
1961,Gary Stills plays in [MASK] position .,linebacker,synth_Football Position/TREx/P413.jsonl
1963,Ryan Shazier plays in [MASK] position .,linebacker,synth_Football Position/TREx/P413.jsonl
1966,JD Closser plays in [MASK] position .,catcher,synth_Football Position/TREx/P413.jsonl
1968,Jordon Dizon plays in [MASK] position .,linebacker,synth_Football Position/TREx/P413.jsonl
1970,Allan Bester plays in [MASK] position .,goaltender,synth_Football Position/TREx/P413.jsonl
1972,Shane Boyd plays in [MASK] position .,quarterback,synth_Football Position/TREx/P413.jsonl
1974,Jonathan Lucroy plays in [MASK] position .,catcher,synth_Football Position/TREx/P413.jsonl
1979,Ali Karimi plays in [MASK] position .,midfielder,synth_Football Position/TREx/P413.jsonl
1983,Florent Cuvelier plays in [MASK] position .,midfielder,synth_Football Position/TREx/P413.jsonl
1985,Don Meredith plays in [MASK] position .,quarterback,synth_Football Position/TREx/P413.jsonl
1988,Johan Holmqvist plays in [MASK] position .,goaltender,synth_Football Position/TREx/P413.jsonl
1991,Angelo Palombo plays in [MASK] position .,midfielder,synth_Football Position/TREx/P413.jsonl
1993,Jonas Mouton plays in [MASK] position .,linebacker,synth_Football Position/TREx/P413.jsonl
1996,Connor Halliday plays in [MASK] position .,quarterback,synth_Football Position/TREx/P413.jsonl
2000,Antonino D'Agostino plays in [MASK] position .,midfielder,synth_Football Position/TREx/P413.jsonl
2002,Ioan Lupescu plays in [MASK] position .,midfielder,synth_Football Position/TREx/P413.jsonl
2007,Chandler Harnish plays in [MASK] position .,quarterback,synth_Football Position/TREx/P413.jsonl
2009,Simone Barone plays in [MASK] position .,midfielder,synth_Football Position/TREx/P413.jsonl
2011,"Thomas ""Hollywood"" Henderson plays in [MASK] position .",linebacker,synth_Football Position/TREx/P413.jsonl
2015,Duncan Edwards plays in [MASK] position .,winger,synth_Football Position/TREx/P413.jsonl
2016,Dontrelle Willis plays in [MASK] position .,pitcher,synth_Football Position/TREx/P413.jsonl
2017,Travis Blackley plays in [MASK] position .,pitcher,synth_Football Position/TREx/P413.jsonl
2023,Angelo Crowell plays in [MASK] position .,linebacker,synth_Football Position/TREx/P413.jsonl
2024,Andrew Jacobson plays in [MASK] position .,midfielder,synth_Football Position/TREx/P413.jsonl
2026,Jay Bruce plays in [MASK] position .,outfielder,synth_Football Position/TREx/P413.jsonl
2027,Tom Flores plays in [MASK] position .,quarterback,synth_Football Position/TREx/P413.jsonl
2029,Lee Roy Jordan plays in [MASK] position .,linebacker,synth_Football Position/TREx/P413.jsonl
2032,Bill Kenney plays in [MASK] position .,quarterback,synth_Football Position/TREx/P413.jsonl
2037,Bob Lemon plays in [MASK] position .,pitcher,synth_Football Position/TREx/P413.jsonl
2038,Vince Young plays in [MASK] position .,quarterback,synth_Football Position/TREx/P413.jsonl
2056,Charlie Conerly plays in [MASK] position .,quarterback,synth_Football Position/TREx/P413.jsonl
2059,Virgil Carter plays in [MASK] position .,quarterback,synth_Football Position/TREx/P413.jsonl
2062,Jean Prouff plays in [MASK] position .,midfielder,synth_Football Position/TREx/P413.jsonl
2068,Manny Ramirez plays in [MASK] position .,outfielder,synth_Football Position/TREx/P413.jsonl
2069,Michael Boley plays in [MASK] position .,linebacker,synth_Football Position/TREx/P413.jsonl
2070,Victor Sikora plays in [MASK] position .,midfielder,synth_Football Position/TREx/P413.jsonl
2073,Bruno Conti plays in [MASK] position .,winger,synth_Football Position/TREx/P413.jsonl
2075,David Aebischer plays in [MASK] position .,goaltender,synth_Football Position/TREx/P413.jsonl
2077,Kari Lehtonen plays in [MASK] position .,goaltender,synth_Football Position/TREx/P413.jsonl
2081,Enos Slaughter plays in [MASK] position .,outfielder,synth_Football Position/TREx/P413.jsonl
2083,Marco Etcheverry plays in [MASK] position .,midfielder,synth_Football Position/TREx/P413.jsonl
2084,Bettina Wiegmann plays in [MASK] position .,midfielder,synth_Football Position/TREx/P413.jsonl
2086,Frank Pietrangelo plays in [MASK] position .,goaltender,synth_Football Position/TREx/P413.jsonl
2089,Carlos Valderrama plays in [MASK] position .,midfielder,synth_Football Position/TREx/P413.jsonl
2090,Matt Keetley plays in [MASK] position .,goaltender,synth_Football Position/TREx/P413.jsonl
2092,David Mendes da Silva plays in [MASK] position .,winger,synth_Football Position/TREx/P413.jsonl
2093,Ted McMinn plays in [MASK] position .,midfielder,synth_Football Position/TREx/P413.jsonl
2095,Pascal Leclaire plays in [MASK] position .,goaltender,synth_Football Position/TREx/P413.jsonl
2096,Johnny Vander Meer plays in [MASK] position .,pitcher,synth_Football Position/TREx/P413.jsonl
2101,Milt Plum plays in [MASK] position .,quarterback,synth_Football Position/TREx/P413.jsonl
2104,Carlos Rodon plays in [MASK] position .,pitcher,synth_Football Position/TREx/P413.jsonl
2105,Willie McFaul plays in [MASK] position .,goalkeeper,synth_Football Position/TREx/P413.jsonl
2106,Jon Casey plays in [MASK] position .,goaltender,synth_Football Position/TREx/P413.jsonl
2107,Erik Kramer plays in [MASK] position .,quarterback,synth_Football Position/TREx/P413.jsonl
2110,Ichiro Suzuki plays in [MASK] position .,outfielder,synth_Football Position/TREx/P413.jsonl
2114,Johnny Baldwin plays in [MASK] position .,linebacker,synth_Football Position/TREx/P413.jsonl
2118,Jesper Olsen plays in [MASK] position .,winger,synth_Football Position/TREx/P413.jsonl
2121,Jim Plunkett plays in [MASK] position .,quarterback,synth_Football Position/TREx/P413.jsonl
2127,Anders Limpar plays in [MASK] position .,winger,synth_Football Position/TREx/P413.jsonl
2129,Bobby Hebert plays in [MASK] position .,quarterback,synth_Football Position/TREx/P413.jsonl
2130,Victor Wanyama plays in [MASK] position .,midfielder,synth_Football Position/TREx/P413.jsonl
2131,Joe Ferguson plays in [MASK] position .,quarterback,synth_Football Position/TREx/P413.jsonl
2139,Yannick Cahuzac plays in [MASK] position .,midfielder,synth_Football Position/TREx/P413.jsonl
2140,Glenn Hoddle plays in [MASK] position .,midfielder,synth_Football Position/TREx/P413.jsonl
2144,Drew Stanton plays in [MASK] position .,quarterback,synth_Football Position/TREx/P413.jsonl
2145,Rich Gannon plays in [MASK] position .,quarterback,synth_Football Position/TREx/P413.jsonl
2151,Carson Coffman plays in [MASK] position .,quarterback,synth_Football Position/TREx/P413.jsonl
2153,Teddy Lehman plays in [MASK] position .,linebacker,synth_Football Position/TREx/P413.jsonl
2155,Hank Bassen plays in [MASK] position .,goaltender,synth_Football Position/TREx/P413.jsonl
2158,Isaiah Osbourne plays in [MASK] position .,midfielder,synth_Football Position/TREx/P413.jsonl
2159,Viktor Fasth plays in [MASK] position .,goaltender,synth_Football Position/TREx/P413.jsonl
2162,Joe Magrane plays in [MASK] position .,pitcher,synth_Football Position/TREx/P413.jsonl
2166,Mike Liut plays in [MASK] position .,goaltender,synth_Football Position/TREx/P413.jsonl
2167,Vince Coleman plays in [MASK] position .,outfielder,synth_Football Position/TREx/P413.jsonl
2169,Braden Looper plays in [MASK] position .,pitcher,synth_Football Position/TREx/P413.jsonl
2171,Steven Nzonzi plays in [MASK] position .,winger,synth_Football Position/TREx/P413.jsonl
2172,Mike Scioscia plays in [MASK] position .,catcher,synth_Football Position/TREx/P413.jsonl
2174,Dewey Selmon plays in [MASK] position .,linebacker,synth_Football Position/TREx/P413.jsonl
2175,Garrincha plays in [MASK] position .,winger,synth_Football Position/TREx/P413.jsonl
2183,Éric Djemba-Djemba plays in [MASK] position .,winger,synth_Football Position/TREx/P413.jsonl
2184,Adam Weber plays in [MASK] position .,quarterback,synth_Football Position/TREx/P413.jsonl
2186,Christy Mathewson plays in [MASK] position .,pitcher,synth_Football Position/TREx/P413.jsonl
2195,Steve Grogan plays in [MASK] position .,quarterback,synth_Football Position/TREx/P413.jsonl
2200,John Navarre plays in [MASK] position .,quarterback,synth_Football Position/TREx/P413.jsonl
2201,Todd Helton plays in [MASK] position .,quarterback,synth_Football Position/TREx/P413.jsonl
2204,Mikel Alonso plays in [MASK] position .,midfielder,synth_Football Position/TREx/P413.jsonl
2210,Randy Gradishar plays in [MASK] position .,linebacker,synth_Football Position/TREx/P413.jsonl
2211,Robert Marve plays in [MASK] position .,quarterback,synth_Football Position/TREx/P413.jsonl
2212,Luke Vercollone plays in [MASK] position .,midfielder,synth_Football Position/TREx/P413.jsonl
2213,Pedro Beato plays in [MASK] position .,pitcher,synth_Football Position/TREx/P413.jsonl
2215,Khaseem Greene plays in [MASK] position .,linebacker,synth_Football Position/TREx/P413.jsonl
2217,David Whitehurst plays in [MASK] position .,quarterback,synth_Football Position/TREx/P413.jsonl
2221,Ahmad Hatifi plays in [MASK] position .,midfielder,synth_Football Position/TREx/P413.jsonl
2225,Chin-hui Tsao plays in [MASK] position .,pitcher,synth_Football Position/TREx/P413.jsonl
2227,Jessie Tuggle plays in [MASK] position .,linebacker,synth_Football Position/TREx/P413.jsonl
2228,Bob Allison plays in [MASK] position .,outfielder,synth_Football Position/TREx/P413.jsonl
2234,Gale Gilbert plays in [MASK] position .,quarterback,synth_Football Position/TREx/P413.jsonl
2235,Mike Vernon plays in [MASK] position .,goaltender,synth_Football Position/TREx/P413.jsonl
2241,Keith Rivers plays in [MASK] position .,linebacker,synth_Football Position/TREx/P413.jsonl
2245,Wil Nieves plays in [MASK] position .,catcher,synth_Football Position/TREx/P413.jsonl
2246,Charlie Robertson plays in [MASK] position .,pitcher,synth_Football Position/TREx/P413.jsonl
2249,Jason Jennings plays in [MASK] position .,pitcher,synth_Football Position/TREx/P413.jsonl
2266,Ray Nitschke plays in [MASK] position .,linebacker,synth_Football Position/TREx/P413.jsonl
2276,Miguel Batista plays in [MASK] position .,pitcher,synth_Football Position/TREx/P413.jsonl
2277,Iosif Rotariu plays in [MASK] position .,midfielder,synth_Football Position/TREx/P413.jsonl
2279,Dan LaCosta plays in [MASK] position .,goaltender,synth_Football Position/TREx/P413.jsonl
2283,Jeff George plays in [MASK] position .,quarterback,synth_Football Position/TREx/P413.jsonl
2284,Diego Fuser plays in [MASK] position .,midfielder,synth_Football Position/TREx/P413.jsonl
2286,Mo Lewis plays in [MASK] position .,linebacker,synth_Football Position/TREx/P413.jsonl
2287,Leon Day plays in [MASK] position .,pitcher,synth_Football Position/TREx/P413.jsonl
2289,Steve Barber plays in [MASK] position .,pitcher,synth_Football Position/TREx/P413.jsonl
2292,Fabio Pecchia plays in [MASK] position .,midfielder,synth_Football Position/TREx/P413.jsonl
2297,Gilles Mayer plays in [MASK] position .,goaltender,synth_Football Position/TREx/P413.jsonl
2298,Marcus Marek plays in [MASK] position .,linebacker,synth_Football Position/TREx/P413.jsonl
2300,Sebastian Rode plays in [MASK] position .,midfielder,synth_Football Position/TREx/P413.jsonl
2302,Jessica Vetter plays in [MASK] position .,goaltender,synth_Football Position/TREx/P413.jsonl
2303,Kris Griffin plays in [MASK] position .,linebacker,synth_Football Position/TREx/P413.jsonl
2304,Zach Mettenberger plays in [MASK] position .,quarterback,synth_Football Position/TREx/P413.jsonl
2308,John Parker Wilson plays in [MASK] position .,quarterback,synth_Football Position/TREx/P413.jsonl
2310,Manuel Ruiz Sosa plays in [MASK] position .,midfielder,synth_Football Position/TREx/P413.jsonl
2313,Brad Thiessen plays in [MASK] position .,goaltender,synth_Football Position/TREx/P413.jsonl
2316,Corey Hirsch plays in [MASK] position .,goaltender,synth_Football Position/TREx/P413.jsonl
2321,Youssouf Mulumbu plays in [MASK] position .,midfielder,synth_Football Position/TREx/P413.jsonl
2323,Marquis Cooper plays in [MASK] position .,linebacker,synth_Football Position/TREx/P413.jsonl
2325,Christian Noboa plays in [MASK] position .,midfielder,synth_Football Position/TREx/P413.jsonl
2327,Scott Dreisbach plays in [MASK] position .,quarterback,synth_Football Position/TREx/P413.jsonl
2330,Eli Whiteside plays in [MASK] position .,catcher,synth_Football Position/TREx/P413.jsonl
2339,Albin Ekdal plays in [MASK] position .,midfielder,synth_Football Position/TREx/P413.jsonl
2341,Jacques Plante plays in [MASK] position .,goaltender,synth_Football Position/TREx/P413.jsonl
2360,Joe Theismann plays in [MASK] position .,quarterback,synth_Football Position/TREx/P413.jsonl
2363,Adnan Januzaj plays in [MASK] position .,winger,synth_Football Position/TREx/P413.jsonl
2365,Wayne Corden plays in [MASK] position .,midfielder,synth_Football Position/TREx/P413.jsonl
2368,Rodney Strasser plays in [MASK] position .,midfielder,synth_Football Position/TREx/P413.jsonl
2370,Pablo Cepellini plays in [MASK] position .,midfielder,synth_Football Position/TREx/P413.jsonl
2372,Luke French plays in [MASK] position .,pitcher,synth_Football Position/TREx/P413.jsonl
2374,EJ Manuel plays in [MASK] position .,quarterback,synth_Football Position/TREx/P413.jsonl
2375,Greg Maddux plays in [MASK] position .,pitcher,synth_Football Position/TREx/P413.jsonl
2389,Garba Lawal plays in [MASK] position .,midfielder,synth_Football Position/TREx/P413.jsonl
2393,Byron Dafoe plays in [MASK] position .,goaltender,synth_Football Position/TREx/P413.jsonl
2398,Travis Lulay plays in [MASK] position .,quarterback,synth_Football Position/TREx/P413.jsonl
2401,Jeff Ulbrich plays in [MASK] position .,linebacker,synth_Football Position/TREx/P413.jsonl
2403,Marco Tardelli plays in [MASK] position .,midfielder,synth_Football Position/TREx/P413.jsonl
2409,Tony Conigliaro plays in [MASK] position .,outfielder,synth_Football Position/TREx/P413.jsonl
2410,Lang Campbell plays in [MASK] position .,quarterback,synth_Football Position/TREx/P413.jsonl
2413,Corey Moore plays in [MASK] position .,linebacker,synth_Football Position/TREx/P413.jsonl
2421,Alex Auld plays in [MASK] position .,goaltender,synth_Football Position/TREx/P413.jsonl
2422,Claudio Marchisio plays in [MASK] position .,midfielder,synth_Football Position/TREx/P413.jsonl
2425,Bill Bergey plays in [MASK] position .,linebacker,synth_Football Position/TREx/P413.jsonl
2430,Oliver Makor plays in [MASK] position .,midfielder,synth_Football Position/TREx/P413.jsonl
2432,Kim Vilfort plays in [MASK] position .,midfielder,synth_Football Position/TREx/P413.jsonl
2434,Johnny Lujack plays in [MASK] position .,quarterback,synth_Football Position/TREx/P413.jsonl
2435,Runar Berg plays in [MASK] position .,midfielder,synth_Football Position/TREx/P413.jsonl
2439,Chico Resch plays in [MASK] position .,goaltender,synth_Football Position/TREx/P413.jsonl
2440,Jocelyn Gourvennec plays in [MASK] position .,midfielder,synth_Football Position/TREx/P413.jsonl
2441,Tim Raines plays in [MASK] position .,outfielder,synth_Football Position/TREx/P413.jsonl
2443,Bobby Garrett plays in [MASK] position .,quarterback,synth_Football Position/TREx/P413.jsonl
2444,Marcus Randall plays in [MASK] position .,quarterback,synth_Football Position/TREx/P413.jsonl
2445,Cornell Brown plays in [MASK] position .,linebacker,synth_Football Position/TREx/P413.jsonl
2449,Kevin Kampl plays in [MASK] position .,midfielder,synth_Football Position/TREx/P413.jsonl
2453,Aaron Murray plays in [MASK] position .,quarterback,synth_Football Position/TREx/P413.jsonl
2458,Rodney Sneijder plays in [MASK] position .,midfielder,synth_Football Position/TREx/P413.jsonl
2460,Joe Torre plays in [MASK] position .,catcher,synth_Football Position/TREx/P413.jsonl
