,sent,gold,filename
0,Shreela Ghosh is a [MASK] by profession .,actress,synth_Occupation/TREx/P106.jsonl
2,Naomi Shihab Nye is a [MASK] by profession .,poet,synth_Occupation/TREx/P106.jsonl
11,Biagio Marini is a [MASK] by profession .,composer,synth_Occupation/TREx/P106.jsonl
13,Melinda Kinnaman is a [MASK] by profession .,actress,synth_Occupation/TREx/P106.jsonl
16,Henri Dutrochet is a [MASK] by profession .,physician,synth_Occupation/TREx/P106.jsonl
18,Mino Guerrini is a [MASK] by profession .,screenwriter,synth_Occupation/TREx/P106.jsonl
20,Hiroshi Hase is a [MASK] by profession .,politician,synth_Occupation/TREx/P106.jsonl
22,Quentin Blake is a [MASK] by profession .,illustrator,synth_Occupation/TREx/P106.jsonl
23,Humphrey Cobb is a [MASK] by profession .,screenwriter,synth_Occupation/TREx/P106.jsonl
25,Stefano Vagnini is a [MASK] by profession .,poet,synth_Occupation/TREx/P106.jsonl
27,Gregory Chamitoff is a [MASK] by profession .,astronaut,synth_Occupation/TREx/P106.jsonl
28,Carla Camurati is a [MASK] by profession .,actress,synth_Occupation/TREx/P106.jsonl
30,Ernst Jaakson is a [MASK] by profession .,diplomat,synth_Occupation/TREx/P106.jsonl
32,Dianne Kay is a [MASK] by profession .,actress,synth_Occupation/TREx/P106.jsonl
34,Giacinto Andrea Cicognini is a [MASK] by profession .,poet,synth_Occupation/TREx/P106.jsonl
36,Chandan Mitra is a [MASK] by profession .,journalist,synth_Occupation/TREx/P106.jsonl
38,Harshika Poonacha is a [MASK] by profession .,actress,synth_Occupation/TREx/P106.jsonl
40,Vauro Senesi is a [MASK] by profession .,journalist,synth_Occupation/TREx/P106.jsonl
42,Karl Taylor Compton is a [MASK] by profession .,physicist,synth_Occupation/TREx/P106.jsonl
45,Elaine Yiu is a [MASK] by profession .,actress,synth_Occupation/TREx/P106.jsonl
47,Genki Sudo is a [MASK] by profession .,actor,synth_Occupation/TREx/P106.jsonl
49,Carlo Allioni is a [MASK] by profession .,physician,synth_Occupation/TREx/P106.jsonl
51,Michel Corrette is a [MASK] by profession .,composer,synth_Occupation/TREx/P106.jsonl
54,Charles Dennis is a [MASK] by profession .,screenwriter,synth_Occupation/TREx/P106.jsonl
56,Kim Kye-gwan is a [MASK] by profession .,diplomat,synth_Occupation/TREx/P106.jsonl
58,Guy Doleman is a [MASK] by profession .,actor,synth_Occupation/TREx/P106.jsonl
63,Huo Guang is a [MASK] by profession .,politician,synth_Occupation/TREx/P106.jsonl
65,Paruyr Sevak is a [MASK] by profession .,poet,synth_Occupation/TREx/P106.jsonl
68,Lark Voorhies is a [MASK] by profession .,actress,synth_Occupation/TREx/P106.jsonl
70,Robin Padilla is a [MASK] by profession .,actor,synth_Occupation/TREx/P106.jsonl
77,Wilhelm Marx is a [MASK] by profession .,politician,synth_Occupation/TREx/P106.jsonl
80,Georges Altman is a [MASK] by profession .,journalist,synth_Occupation/TREx/P106.jsonl
82,Colleen Zenk Pinter is a [MASK] by profession .,actress,synth_Occupation/TREx/P106.jsonl
85,Nicolle Dickson is a [MASK] by profession .,actress,synth_Occupation/TREx/P106.jsonl
87,Johan Herman Wessel is a [MASK] by profession .,poet,synth_Occupation/TREx/P106.jsonl
92,Andrew Ross Sorkin is a [MASK] by profession .,journalist,synth_Occupation/TREx/P106.jsonl
94,Arturo Jauretche is a [MASK] by profession .,politician,synth_Occupation/TREx/P106.jsonl
96,Konrad Ekhof is a [MASK] by profession .,actor,synth_Occupation/TREx/P106.jsonl
98,"George Pitt, 1st Baron Rivers is a [MASK] by profession .",diplomat,synth_Occupation/TREx/P106.jsonl
101,Arun Nehru is a [MASK] by profession .,politician,synth_Occupation/TREx/P106.jsonl
103,Claude Louis Hector de Villars is a [MASK] by profession .,diplomat,synth_Occupation/TREx/P106.jsonl
105,Christopher Guest is a [MASK] by profession .,comedian,synth_Occupation/TREx/P106.jsonl
109,David Yost is a [MASK] by profession .,actor,synth_Occupation/TREx/P106.jsonl
110,Lee Hyori is a [MASK] by profession .,actor,synth_Occupation/TREx/P106.jsonl
120,Randall Wallace is a [MASK] by profession .,screenwriter,synth_Occupation/TREx/P106.jsonl
123,Nick Lashley is a [MASK] by profession .,songwriter,synth_Occupation/TREx/P106.jsonl
125,Muhammad Iqbal is a [MASK] by profession .,poet,synth_Occupation/TREx/P106.jsonl
153,Kathleen Nolan is a [MASK] by profession .,actress,synth_Occupation/TREx/P106.jsonl
156,Trevor Dunn is a [MASK] by profession .,composer,synth_Occupation/TREx/P106.jsonl
158,Matthew Sharpe is a [MASK] by profession .,novelist,synth_Occupation/TREx/P106.jsonl
160,Clancy Cooper is a [MASK] by profession .,actor,synth_Occupation/TREx/P106.jsonl
162,Hauk Aabel is a [MASK] by profession .,actor,synth_Occupation/TREx/P106.jsonl
163,John Vivyan is a [MASK] by profession .,actor,synth_Occupation/TREx/P106.jsonl
165,Edward Dodsley Barrow is a [MASK] by profession .,politician,synth_Occupation/TREx/P106.jsonl
167,Bob Dorough is a [MASK] by profession .,songwriter,synth_Occupation/TREx/P106.jsonl
169,Luana Walters is a [MASK] by profession .,actress,synth_Occupation/TREx/P106.jsonl
171,Bombay Jayashri is a [MASK] by profession .,composer,synth_Occupation/TREx/P106.jsonl
173,Gargi Roychowdhury is a [MASK] by profession .,actress,synth_Occupation/TREx/P106.jsonl
175,Ysanne Churchman is a [MASK] by profession .,actress,synth_Occupation/TREx/P106.jsonl
177,John Clayton Allen is a [MASK] by profession .,politician,synth_Occupation/TREx/P106.jsonl
179,Lewis Porter is a [MASK] by profession .,pianist,synth_Occupation/TREx/P106.jsonl
181,Gedeon Burkhard is a [MASK] by profession .,actor,synth_Occupation/TREx/P106.jsonl
183,Ernest Armstrong is a [MASK] by profession .,politician,synth_Occupation/TREx/P106.jsonl
185,Kazimierz Kuratowski is a [MASK] by profession .,mathematician,synth_Occupation/TREx/P106.jsonl
187,Jessie Hill is a [MASK] by profession .,songwriter,synth_Occupation/TREx/P106.jsonl
192,Leila Schneps is a [MASK] by profession .,mathematician,synth_Occupation/TREx/P106.jsonl
194,Morris McGregor is a [MASK] by profession .,politician,synth_Occupation/TREx/P106.jsonl
196,James Whitney Dunn is a [MASK] by profession .,politician,synth_Occupation/TREx/P106.jsonl
199,BoA is a [MASK] by profession .,songwriter,synth_Occupation/TREx/P106.jsonl
202,John Rentoul is a [MASK] by profession .,journalist,synth_Occupation/TREx/P106.jsonl
206,Edmond Leung is a [MASK] by profession .,actor,synth_Occupation/TREx/P106.jsonl
208,Arnaud Desplechin is a [MASK] by profession .,screenwriter,synth_Occupation/TREx/P106.jsonl
210,Margherita Missoni is a [MASK] by profession .,actress,synth_Occupation/TREx/P106.jsonl
212,Anne Simpson is a [MASK] by profession .,novelist,synth_Occupation/TREx/P106.jsonl
214,Stafford Cripps is a [MASK] by profession .,politician,synth_Occupation/TREx/P106.jsonl
219,Emad Hamdy is a [MASK] by profession .,actor,synth_Occupation/TREx/P106.jsonl
221,Ivy Ho is a [MASK] by profession .,screenwriter,synth_Occupation/TREx/P106.jsonl
223,Aldo Fiorelli is a [MASK] by profession .,actor,synth_Occupation/TREx/P106.jsonl
225,Martin Burrell is a [MASK] by profession .,politician,synth_Occupation/TREx/P106.jsonl
227,Raj Kapoor is a [MASK] by profession .,actor,synth_Occupation/TREx/P106.jsonl
239,Joseph Kalichstein is a [MASK] by profession .,pianist,synth_Occupation/TREx/P106.jsonl
243,Annie Lennox is a [MASK] by profession .,songwriter,synth_Occupation/TREx/P106.jsonl
247,John Adams Whipple is a [MASK] by profession .,photographer,synth_Occupation/TREx/P106.jsonl
249,Boethius is a [MASK] by profession .,philosopher,synth_Occupation/TREx/P106.jsonl
258,Nicholas John Hannen is a [MASK] by profession .,diplomat,synth_Occupation/TREx/P106.jsonl
260,Bobby Andrews is a [MASK] by profession .,actor,synth_Occupation/TREx/P106.jsonl
262,Murli Deora is a [MASK] by profession .,politician,synth_Occupation/TREx/P106.jsonl
264,Paul Abraham is a [MASK] by profession .,composer,synth_Occupation/TREx/P106.jsonl
268,Lisa Nicole Carson is a [MASK] by profession .,actress,synth_Occupation/TREx/P106.jsonl
270,David Crockett is a [MASK] by profession .,politician,synth_Occupation/TREx/P106.jsonl
277,Habakkuk is a [MASK] by profession .,prophet,synth_Occupation/TREx/P106.jsonl
279,Jean-Joseph Rabéarivelo is a [MASK] by profession .,poet,synth_Occupation/TREx/P106.jsonl
283,Hans Driesch is a [MASK] by profession .,philosopher,synth_Occupation/TREx/P106.jsonl
285,Vanessa Ray is a [MASK] by profession .,actor,synth_Occupation/TREx/P106.jsonl
288,Isabel Bassett is a [MASK] by profession .,politician,synth_Occupation/TREx/P106.jsonl
290,Dov Ber of Mezeritch is a [MASK] by profession .,rabbi,synth_Occupation/TREx/P106.jsonl
291,Michael McKell is a [MASK] by profession .,actor,synth_Occupation/TREx/P106.jsonl
296,Erin Murphy is a [MASK] by profession .,actress,synth_Occupation/TREx/P106.jsonl
299,Michelangelo is a [MASK] by profession .,poet,synth_Occupation/TREx/P106.jsonl
307,Viktor Uspaskich is a [MASK] by profession .,politician,synth_Occupation/TREx/P106.jsonl
309,Kurt Furgler is a [MASK] by profession .,politician,synth_Occupation/TREx/P106.jsonl
311,Oswald Ottendorfer is a [MASK] by profession .,journalist,synth_Occupation/TREx/P106.jsonl
313,Patricia Haines is a [MASK] by profession .,actress,synth_Occupation/TREx/P106.jsonl
315,Reginald Cooray is a [MASK] by profession .,politician,synth_Occupation/TREx/P106.jsonl
317,Laurent Lafforgue is a [MASK] by profession .,mathematician,synth_Occupation/TREx/P106.jsonl
319,Herbert Leon is a [MASK] by profession .,politician,synth_Occupation/TREx/P106.jsonl
322,Drew Droege is a [MASK] by profession .,actor,synth_Occupation/TREx/P106.jsonl
324,Susanna Haavisto is a [MASK] by profession .,actress,synth_Occupation/TREx/P106.jsonl
326,Don Durant is a [MASK] by profession .,actor,synth_Occupation/TREx/P106.jsonl
328,June Diane Raphael is a [MASK] by profession .,screenwriter,synth_Occupation/TREx/P106.jsonl
330,Lee Aaron is a [MASK] by profession .,songwriter,synth_Occupation/TREx/P106.jsonl
331,Marian Hemar is a [MASK] by profession .,playwright,synth_Occupation/TREx/P106.jsonl
333,Rosie Malek-Yonan is a [MASK] by profession .,actress,synth_Occupation/TREx/P106.jsonl
336,Yitzhak Levy is a [MASK] by profession .,rabbi,synth_Occupation/TREx/P106.jsonl
340,Kazys Lozoraitis is a [MASK] by profession .,diplomat,synth_Occupation/TREx/P106.jsonl
342,Rob Owen is a [MASK] by profession .,journalist,synth_Occupation/TREx/P106.jsonl
344,Hilaire Belloc is a [MASK] by profession .,journalist,synth_Occupation/TREx/P106.jsonl
345,Giovanni Battista Guarini is a [MASK] by profession .,poet,synth_Occupation/TREx/P106.jsonl
348,Roberto Gerhard is a [MASK] by profession .,composer,synth_Occupation/TREx/P106.jsonl
351,Yoo So-young is a [MASK] by profession .,actress,synth_Occupation/TREx/P106.jsonl
352,James Broughton is a [MASK] by profession .,poet,synth_Occupation/TREx/P106.jsonl
355,Ervin Marton is a [MASK] by profession .,photographer,synth_Occupation/TREx/P106.jsonl
357,Alleppey Vincent is a [MASK] by profession .,actor,synth_Occupation/TREx/P106.jsonl
362,Tariq Saleh is a [MASK] by profession .,journalist,synth_Occupation/TREx/P106.jsonl
364,Montserrat Lombard is a [MASK] by profession .,actress,synth_Occupation/TREx/P106.jsonl
366,Charles Kaiser is a [MASK] by profession .,journalist,synth_Occupation/TREx/P106.jsonl
369,George Antheil is a [MASK] by profession .,pianist,synth_Occupation/TREx/P106.jsonl
371,Polina Gagarina is a [MASK] by profession .,actress,synth_Occupation/TREx/P106.jsonl
372,Pat Crowley is a [MASK] by profession .,actress,synth_Occupation/TREx/P106.jsonl
374,Cheryl Tiegs is a [MASK] by profession .,actress,synth_Occupation/TREx/P106.jsonl
375,Philoxenus of Cythera is a [MASK] by profession .,poet,synth_Occupation/TREx/P106.jsonl
376,Alberto Prebisch is a [MASK] by profession .,architect,synth_Occupation/TREx/P106.jsonl
379,Jawaharlal Nehru is a [MASK] by profession .,barrister,synth_Occupation/TREx/P106.jsonl
382,Beata Tyszkiewicz is a [MASK] by profession .,actress,synth_Occupation/TREx/P106.jsonl
387,Michael Denis is a [MASK] by profession .,poet,synth_Occupation/TREx/P106.jsonl
389,Mircea Florian is a [MASK] by profession .,philosopher,synth_Occupation/TREx/P106.jsonl
391,Eric Etebari is a [MASK] by profession .,actor,synth_Occupation/TREx/P106.jsonl
393,Taku Iwasaki is a [MASK] by profession .,composer,synth_Occupation/TREx/P106.jsonl
395,Jack Buetel is a [MASK] by profession .,actor,synth_Occupation/TREx/P106.jsonl
397,Thomas Hailes Lacy is a [MASK] by profession .,actor,synth_Occupation/TREx/P106.jsonl
400,Karl-Theodor zu Guttenberg is a [MASK] by profession .,politician,synth_Occupation/TREx/P106.jsonl
406,Elfriede Jelinek is a [MASK] by profession .,poet,synth_Occupation/TREx/P106.jsonl
407,Willem de Sitter is a [MASK] by profession .,physicist,synth_Occupation/TREx/P106.jsonl
412,John Cotton Dana is a [MASK] by profession .,librarian,synth_Occupation/TREx/P106.jsonl
415,Bruno Lawrence is a [MASK] by profession .,actor,synth_Occupation/TREx/P106.jsonl
418,David Gascoyne is a [MASK] by profession .,poet,synth_Occupation/TREx/P106.jsonl
423,Thunder is a [MASK] by profession .,actor,synth_Occupation/TREx/P106.jsonl
425,Wang Lequan is a [MASK] by profession .,politician,synth_Occupation/TREx/P106.jsonl
435,Eva Longoria is a [MASK] by profession .,actress,synth_Occupation/TREx/P106.jsonl
438,Dipankar Bhattacharya is a [MASK] by profession .,politician,synth_Occupation/TREx/P106.jsonl
440,Adelaide Crapsey is a [MASK] by profession .,poet,synth_Occupation/TREx/P106.jsonl
444,Jude Wanniski is a [MASK] by profession .,journalist,synth_Occupation/TREx/P106.jsonl
446,Ashley Gorley is a [MASK] by profession .,songwriter,synth_Occupation/TREx/P106.jsonl
448,Yaël Abecassis is a [MASK] by profession .,actress,synth_Occupation/TREx/P106.jsonl
451,Candace Kita is a [MASK] by profession .,actress,synth_Occupation/TREx/P106.jsonl
453,Billy Roche is a [MASK] by profession .,actor,synth_Occupation/TREx/P106.jsonl
455,Ledisi is a [MASK] by profession .,actress,synth_Occupation/TREx/P106.jsonl
459,Augustin-Jean Fresnel is a [MASK] by profession .,physicist,synth_Occupation/TREx/P106.jsonl
469,Ellen Dubin is a [MASK] by profession .,actress,synth_Occupation/TREx/P106.jsonl
471,Saskia Mulder is a [MASK] by profession .,actress,synth_Occupation/TREx/P106.jsonl
473,Jan Tennant is a [MASK] by profession .,journalist,synth_Occupation/TREx/P106.jsonl
475,Anthony Cannella is a [MASK] by profession .,politician,synth_Occupation/TREx/P106.jsonl
477,Sumanth is a [MASK] by profession .,actor,synth_Occupation/TREx/P106.jsonl
480,David McIlwraith is a [MASK] by profession .,actor,synth_Occupation/TREx/P106.jsonl
482,Ian Khama is a [MASK] by profession .,politician,synth_Occupation/TREx/P106.jsonl
484,Carmelita Geraghty is a [MASK] by profession .,actress,synth_Occupation/TREx/P106.jsonl
486,Amy Grant is a [MASK] by profession .,songwriter,synth_Occupation/TREx/P106.jsonl
487,Fred Astaire is a [MASK] by profession .,screenwriter,synth_Occupation/TREx/P106.jsonl
493,Pallavi Kulkarni is a [MASK] by profession .,actress,synth_Occupation/TREx/P106.jsonl
495,Varsha Bhosle is a [MASK] by profession .,journalist,synth_Occupation/TREx/P106.jsonl
497,Pierfrancesco Favino is a [MASK] by profession .,actor,synth_Occupation/TREx/P106.jsonl
501,Joseph Shivers is a [MASK] by profession .,chemist,synth_Occupation/TREx/P106.jsonl
502,Jim Griffiths is a [MASK] by profession .,politician,synth_Occupation/TREx/P106.jsonl
507,Lisa Ryder is a [MASK] by profession .,actress,synth_Occupation/TREx/P106.jsonl
509,"Cledwyn Hughes, Baron Cledwyn of Penrhos is a [MASK] by profession .",politician,synth_Occupation/TREx/P106.jsonl
513,Bernard Vonnegut is a [MASK] by profession .,chemist,synth_Occupation/TREx/P106.jsonl
514,Adrian Lewis Morgan is a [MASK] by profession .,actor,synth_Occupation/TREx/P106.jsonl
516,Li Yining is a [MASK] by profession .,economist,synth_Occupation/TREx/P106.jsonl
518,Henry Pottinger Stephens is a [MASK] by profession .,journalist,synth_Occupation/TREx/P106.jsonl
521,J. B. Priestley is a [MASK] by profession .,novelist,synth_Occupation/TREx/P106.jsonl
523,Amy Stoch is a [MASK] by profession .,actress,synth_Occupation/TREx/P106.jsonl
526,Chris Barrie is a [MASK] by profession .,comedian,synth_Occupation/TREx/P106.jsonl
528,Peter Sheridan is a [MASK] by profession .,screenwriter,synth_Occupation/TREx/P106.jsonl
531,Diablo Cody is a [MASK] by profession .,journalist,synth_Occupation/TREx/P106.jsonl
533,Johann Moriaen is a [MASK] by profession .,chemist,synth_Occupation/TREx/P106.jsonl
535,David Wagoner is a [MASK] by profession .,poet,synth_Occupation/TREx/P106.jsonl
536,Andrew Lau is a [MASK] by profession .,cinematographer,synth_Occupation/TREx/P106.jsonl
542,Tom Terriss is a [MASK] by profession .,actor,synth_Occupation/TREx/P106.jsonl
545,Nuri as-Said is a [MASK] by profession .,politician,synth_Occupation/TREx/P106.jsonl
547,Douglas Fowley is a [MASK] by profession .,actor,synth_Occupation/TREx/P106.jsonl
549,Ryu Hyeon-kyeong is a [MASK] by profession .,actress,synth_Occupation/TREx/P106.jsonl
551,Jack Huston is a [MASK] by profession .,actor,synth_Occupation/TREx/P106.jsonl
558,Lynne Carol is a [MASK] by profession .,actress,synth_Occupation/TREx/P106.jsonl
564,Don Hannah is a [MASK] by profession .,novelist,synth_Occupation/TREx/P106.jsonl
567,George Washington Julian is a [MASK] by profession .,politician,synth_Occupation/TREx/P106.jsonl
569,Steven Mercurio is a [MASK] by profession .,composer,synth_Occupation/TREx/P106.jsonl
572,Werner Heisenberg is a [MASK] by profession .,physicist,synth_Occupation/TREx/P106.jsonl
579,A. Edward Sutherland is a [MASK] by profession .,actor,synth_Occupation/TREx/P106.jsonl
582,Anwan Glover is a [MASK] by profession .,actor,synth_Occupation/TREx/P106.jsonl
584,Leyla Saz is a [MASK] by profession .,poet,synth_Occupation/TREx/P106.jsonl
587,Gustave Le Gray is a [MASK] by profession .,photographer,synth_Occupation/TREx/P106.jsonl
589,Guy Babylon is a [MASK] by profession .,composer,synth_Occupation/TREx/P106.jsonl
591,David Weigel is a [MASK] by profession .,reporter,synth_Occupation/TREx/P106.jsonl
592,Beth Ostrosky Stern is a [MASK] by profession .,actress,synth_Occupation/TREx/P106.jsonl
594,Carl Barron is a [MASK] by profession .,comedian,synth_Occupation/TREx/P106.jsonl
597,Nick Nolte is a [MASK] by profession .,actor,synth_Occupation/TREx/P106.jsonl
602,Hugh Bonneville is a [MASK] by profession .,actress,synth_Occupation/TREx/P106.jsonl
605,Beatrice Hutton is a [MASK] by profession .,architect,synth_Occupation/TREx/P106.jsonl
609,Giovanni Francesco Sagredo is a [MASK] by profession .,mathematician,synth_Occupation/TREx/P106.jsonl
613,Helen Lederer is a [MASK] by profession .,comedian,synth_Occupation/TREx/P106.jsonl
616,David Mamet is a [MASK] by profession .,playwright,synth_Occupation/TREx/P106.jsonl
628,Ennio Girolami is a [MASK] by profession .,actor,synth_Occupation/TREx/P106.jsonl
632,Sean Nelson is a [MASK] by profession .,journalist,synth_Occupation/TREx/P106.jsonl
634,Anders Fogh Rasmussen is a [MASK] by profession .,politician,synth_Occupation/TREx/P106.jsonl
638,Charmaine Sheh is a [MASK] by profession .,actress,synth_Occupation/TREx/P106.jsonl
641,Yuvraj Hans is a [MASK] by profession .,actor,synth_Occupation/TREx/P106.jsonl
643,Ken Murray is a [MASK] by profession .,actor,synth_Occupation/TREx/P106.jsonl
645,Lewis Trondheim is a [MASK] by profession .,cartoonist,synth_Occupation/TREx/P106.jsonl
659,Andrea Byrne is a [MASK] by profession .,journalist,synth_Occupation/TREx/P106.jsonl
661,Ib Melchior is a [MASK] by profession .,screenwriter,synth_Occupation/TREx/P106.jsonl
662,"John Ashburnham, 1st Baron Ashburnham is a [MASK] by profession .",politician,synth_Occupation/TREx/P106.jsonl
664,Jaideep Sahni is a [MASK] by profession .,screenwriter,synth_Occupation/TREx/P106.jsonl
666,Robin Phillips is a [MASK] by profession .,actor,synth_Occupation/TREx/P106.jsonl
668,Torey Hayden is a [MASK] by profession .,psychologist,synth_Occupation/TREx/P106.jsonl
669,Bob Uecker is a [MASK] by profession .,actor,synth_Occupation/TREx/P106.jsonl
670,Sahir Ali Bagga is a [MASK] by profession .,composer,synth_Occupation/TREx/P106.jsonl
672,Harry Ham is a [MASK] by profession .,actor,synth_Occupation/TREx/P106.jsonl
674,Ruggero Settimo is a [MASK] by profession .,politician,synth_Occupation/TREx/P106.jsonl
676,Herb Greene is a [MASK] by profession .,photographer,synth_Occupation/TREx/P106.jsonl
678,Constantin Negruzzi is a [MASK] by profession .,playwright,synth_Occupation/TREx/P106.jsonl
680,Five Star Krishna is a [MASK] by profession .,actor,synth_Occupation/TREx/P106.jsonl
682,Maxine Miller is a [MASK] by profession .,actress,synth_Occupation/TREx/P106.jsonl
684,Enrique Granados is a [MASK] by profession .,composer,synth_Occupation/TREx/P106.jsonl
691,Jonathan Kwitny is a [MASK] by profession .,reporter,synth_Occupation/TREx/P106.jsonl
692,Abdel Rahman El Bacha is a [MASK] by profession .,pianist,synth_Occupation/TREx/P106.jsonl
694,Eddie Heywood is a [MASK] by profession .,pianist,synth_Occupation/TREx/P106.jsonl
695,Marcello Fondato is a [MASK] by profession .,screenwriter,synth_Occupation/TREx/P106.jsonl
697,John Mainwaring is a [MASK] by profession .,composer,synth_Occupation/TREx/P106.jsonl
699,Jeff Beal is a [MASK] by profession .,composer,synth_Occupation/TREx/P106.jsonl
701,Elmore Leonard is a [MASK] by profession .,novelist,synth_Occupation/TREx/P106.jsonl
706,William Jennings Bryan is a [MASK] by profession .,politician,synth_Occupation/TREx/P106.jsonl
726,Peer Guldbrandsen is a [MASK] by profession .,screenwriter,synth_Occupation/TREx/P106.jsonl
728,Paul Baxendale-Walker is a [MASK] by profession .,actress,synth_Occupation/TREx/P106.jsonl
729,Christiane Noll is a [MASK] by profession .,actress,synth_Occupation/TREx/P106.jsonl
731,Jung Ryeo-won is a [MASK] by profession .,actress,synth_Occupation/TREx/P106.jsonl
735,Dean Silvers is a [MASK] by profession .,screenwriter,synth_Occupation/TREx/P106.jsonl
737,Steve Edge is a [MASK] by profession .,actor,synth_Occupation/TREx/P106.jsonl
741,Alston G. Dayton is a [MASK] by profession .,politician,synth_Occupation/TREx/P106.jsonl
743,Diana Krall is a [MASK] by profession .,pianist,synth_Occupation/TREx/P106.jsonl
764,Evan Bayh is a [MASK] by profession .,politician,synth_Occupation/TREx/P106.jsonl
765,Reza Baraheni is a [MASK] by profession .,novelist,synth_Occupation/TREx/P106.jsonl
767,Bec Hewitt is a [MASK] by profession .,actress,synth_Occupation/TREx/P106.jsonl
771,Sarah Vandenbergh is a [MASK] by profession .,actress,synth_Occupation/TREx/P106.jsonl
774,Kevin Norton is a [MASK] by profession .,composer,synth_Occupation/TREx/P106.jsonl
778,Cyril Wong is a [MASK] by profession .,poet,synth_Occupation/TREx/P106.jsonl
785,Jinpachi Nezu is a [MASK] by profession .,actor,synth_Occupation/TREx/P106.jsonl
789,Stanley Jordan is a [MASK] by profession .,pianist,synth_Occupation/TREx/P106.jsonl
791,"Desi Arnaz, Jr. is a [MASK] by profession .",actress,synth_Occupation/TREx/P106.jsonl
796,Robert Lepage is a [MASK] by profession .,actor,synth_Occupation/TREx/P106.jsonl
799,Adam Carolla is a [MASK] by profession .,reporter,synth_Occupation/TREx/P106.jsonl
800,John Gawsworth is a [MASK] by profession .,poet,synth_Occupation/TREx/P106.jsonl
802,Anya Lahiri is a [MASK] by profession .,actress,synth_Occupation/TREx/P106.jsonl
804,Walter Dinsdale is a [MASK] by profession .,politician,synth_Occupation/TREx/P106.jsonl
806,Jean Henri van Swinden is a [MASK] by profession .,mathematician,synth_Occupation/TREx/P106.jsonl
808,Davey Lee is a [MASK] by profession .,actor,synth_Occupation/TREx/P106.jsonl
810,Renato Ruggiero is a [MASK] by profession .,diplomat,synth_Occupation/TREx/P106.jsonl
811,"Sir William Hart Dyke, 7th Baronet is a [MASK] by profession .",politician,synth_Occupation/TREx/P106.jsonl
813,Nida Blanca is a [MASK] by profession .,actress,synth_Occupation/TREx/P106.jsonl
816,Wang Yaping is a [MASK] by profession .,astronaut,synth_Occupation/TREx/P106.jsonl
819,Toby Emmerich is a [MASK] by profession .,screenwriter,synth_Occupation/TREx/P106.jsonl
821,Takuya Ōnishi is a [MASK] by profession .,astronaut,synth_Occupation/TREx/P106.jsonl
823,Lucius Coelius Antipater is a [MASK] by profession .,jurist,synth_Occupation/TREx/P106.jsonl
825,Thomas W. Knox is a [MASK] by profession .,journalist,synth_Occupation/TREx/P106.jsonl
827,Arthur Drews is a [MASK] by profession .,philosopher,synth_Occupation/TREx/P106.jsonl
829,Santiago Segura is a [MASK] by profession .,actor,synth_Occupation/TREx/P106.jsonl
835,Ferenc Erkel is a [MASK] by profession .,pianist,synth_Occupation/TREx/P106.jsonl
837,Suzanne Crouch is a [MASK] by profession .,politician,synth_Occupation/TREx/P106.jsonl
839,Rudolf Maister is a [MASK] by profession .,poet,synth_Occupation/TREx/P106.jsonl
841,Dhananjay Singh is a [MASK] by profession .,actor,synth_Occupation/TREx/P106.jsonl
843,James Elroy Flecker is a [MASK] by profession .,poet,synth_Occupation/TREx/P106.jsonl
845,Dave Darling is a [MASK] by profession .,composer,synth_Occupation/TREx/P106.jsonl
846,Robert I. Soare is a [MASK] by profession .,mathematician,synth_Occupation/TREx/P106.jsonl
848,Julius Katchen is a [MASK] by profession .,pianist,synth_Occupation/TREx/P106.jsonl
852,Hamdeen Sabahi is a [MASK] by profession .,politician,synth_Occupation/TREx/P106.jsonl
854,Rico Yan is a [MASK] by profession .,actor,synth_Occupation/TREx/P106.jsonl
856,Martin Klebba is a [MASK] by profession .,actor,synth_Occupation/TREx/P106.jsonl
858,Caradog Roberts is a [MASK] by profession .,composer,synth_Occupation/TREx/P106.jsonl
860,Ann Cusack is a [MASK] by profession .,actress,synth_Occupation/TREx/P106.jsonl
862,Miltos Sachtouris is a [MASK] by profession .,poet,synth_Occupation/TREx/P106.jsonl
865,Constand Viljoen is a [MASK] by profession .,politician,synth_Occupation/TREx/P106.jsonl
867,Gahan Wilson is a [MASK] by profession .,cartoonist,synth_Occupation/TREx/P106.jsonl
875,Mary Carlisle is a [MASK] by profession .,actress,synth_Occupation/TREx/P106.jsonl
877,Frederick Volpe is a [MASK] by profession .,actor,synth_Occupation/TREx/P106.jsonl
879,George Ward Hunt is a [MASK] by profession .,politician,synth_Occupation/TREx/P106.jsonl
883,Kate Garven is a [MASK] by profession .,actress,synth_Occupation/TREx/P106.jsonl
886,Karen Gillan is a [MASK] by profession .,actress,synth_Occupation/TREx/P106.jsonl
887,Mayuko Fukuda is a [MASK] by profession .,actress,synth_Occupation/TREx/P106.jsonl
890,Jorge Luis Borges is a [MASK] by profession .,librarian,synth_Occupation/TREx/P106.jsonl
892,Horatio Nelson Lay is a [MASK] by profession .,diplomat,synth_Occupation/TREx/P106.jsonl
895,Peter Arnett is a [MASK] by profession .,journalist,synth_Occupation/TREx/P106.jsonl
901,George Santayana is a [MASK] by profession .,novelist,synth_Occupation/TREx/P106.jsonl
904,Mircea Diaconu is a [MASK] by profession .,actor,synth_Occupation/TREx/P106.jsonl
906,Edward Summer is a [MASK] by profession .,screenwriter,synth_Occupation/TREx/P106.jsonl
908,Maynard Sonntag is a [MASK] by profession .,politician,synth_Occupation/TREx/P106.jsonl
910,Peter McCardle is a [MASK] by profession .,politician,synth_Occupation/TREx/P106.jsonl
912,Peret is a [MASK] by profession .,composer,synth_Occupation/TREx/P106.jsonl
914,Micachu is a [MASK] by profession .,composer,synth_Occupation/TREx/P106.jsonl
918,Alexander Wittek is a [MASK] by profession .,architect,synth_Occupation/TREx/P106.jsonl
920,Gianfranco Terenzi is a [MASK] by profession .,politician,synth_Occupation/TREx/P106.jsonl
923,Kim Sun-a is a [MASK] by profession .,actress,synth_Occupation/TREx/P106.jsonl
925,Richard Brauer is a [MASK] by profession .,mathematician,synth_Occupation/TREx/P106.jsonl
929,Lim Chin Siong is a [MASK] by profession .,politician,synth_Occupation/TREx/P106.jsonl
931,Alfonso Fontanelli is a [MASK] by profession .,diplomat,synth_Occupation/TREx/P106.jsonl
933,Nikolaj Frederik Severin Grundtvig is a [MASK] by profession .,poet,synth_Occupation/TREx/P106.jsonl
938,Jacques Audiard is a [MASK] by profession .,screenwriter,synth_Occupation/TREx/P106.jsonl
942,Linda Kaye Henning is a [MASK] by profession .,actress,synth_Occupation/TREx/P106.jsonl
944,Linda Ulvaeus is a [MASK] by profession .,actress,synth_Occupation/TREx/P106.jsonl
946,Haim Corfu is a [MASK] by profession .,politician,synth_Occupation/TREx/P106.jsonl
948,Nan Wood Honeyman is a [MASK] by profession .,politician,synth_Occupation/TREx/P106.jsonl
950,Ted Atkinson is a [MASK] by profession .,jockey,synth_Occupation/TREx/P106.jsonl
957,Samuel Hill-Wood is a [MASK] by profession .,politician,synth_Occupation/TREx/P106.jsonl
959,Oxana Yablonskaya is a [MASK] by profession .,pianist,synth_Occupation/TREx/P106.jsonl
962,Frank Comerford Walker is a [MASK] by profession .,politician,synth_Occupation/TREx/P106.jsonl
964,Warren Beatty is a [MASK] by profession .,screenwriter,synth_Occupation/TREx/P106.jsonl
969,Michelan Sisti is a [MASK] by profession .,actor,synth_Occupation/TREx/P106.jsonl
971,Johann Wolfgang von Goethe is a [MASK] by profession .,statesman,synth_Occupation/TREx/P106.jsonl
975,Cal Lampley is a [MASK] by profession .,composer,synth_Occupation/TREx/P106.jsonl
977,Gary Panter is a [MASK] by profession .,cartoonist,synth_Occupation/TREx/P106.jsonl
980,James E. Ferguson is a [MASK] by profession .,politician,synth_Occupation/TREx/P106.jsonl
982,Rashida Jones is a [MASK] by profession .,actress,synth_Occupation/TREx/P106.jsonl
986,Mark Boal is a [MASK] by profession .,screenwriter,synth_Occupation/TREx/P106.jsonl
989,Trevor Sargent is a [MASK] by profession .,politician,synth_Occupation/TREx/P106.jsonl
991,Gerald Kyd is a [MASK] by profession .,actor,synth_Occupation/TREx/P106.jsonl
993,Marion Post Wolcott is a [MASK] by profession .,photographer,synth_Occupation/TREx/P106.jsonl
996,Subair is a [MASK] by profession .,actor,synth_Occupation/TREx/P106.jsonl
998,Tony Pua is a [MASK] by profession .,politician,synth_Occupation/TREx/P106.jsonl
1000,George Thalben-Ball is a [MASK] by profession .,composer,synth_Occupation/TREx/P106.jsonl
1001,Paul Hellyer is a [MASK] by profession .,politician,synth_Occupation/TREx/P106.jsonl
1006,Emmanuelle Devos is a [MASK] by profession .,actress,synth_Occupation/TREx/P106.jsonl
1008,Perrin Beatty is a [MASK] by profession .,politician,synth_Occupation/TREx/P106.jsonl
1010,Edward Gregson is a [MASK] by profession .,composer,synth_Occupation/TREx/P106.jsonl
1012,Scott Devours is a [MASK] by profession .,songwriter,synth_Occupation/TREx/P106.jsonl
1014,R. H. Bruce Lockhart is a [MASK] by profession .,journalist,synth_Occupation/TREx/P106.jsonl
1017,Georg Joseph Kamel is a [MASK] by profession .,missionary,synth_Occupation/TREx/P106.jsonl
1018,Giovanni Maria Nanino is a [MASK] by profession .,composer,synth_Occupation/TREx/P106.jsonl
1022,Madeleine Peyroux is a [MASK] by profession .,composer,synth_Occupation/TREx/P106.jsonl
1023,Joe Malloori is a [MASK] by profession .,actor,synth_Occupation/TREx/P106.jsonl
1025,Butch Taylor is a [MASK] by profession .,keyboardist,synth_Occupation/TREx/P106.jsonl
1030,Jeffrey Carlson is a [MASK] by profession .,actor,synth_Occupation/TREx/P106.jsonl
1032,Ciara is a [MASK] by profession .,actress,synth_Occupation/TREx/P106.jsonl
1039,Joan Leslie is a [MASK] by profession .,actress,synth_Occupation/TREx/P106.jsonl
1041,Malcolm MacDonald is a [MASK] by profession .,politician,synth_Occupation/TREx/P106.jsonl
1044,Bruce Mahler is a [MASK] by profession .,actor,synth_Occupation/TREx/P106.jsonl
1046,Daniel Abineri is a [MASK] by profession .,actor,synth_Occupation/TREx/P106.jsonl
1048,Giannina Braschi is a [MASK] by profession .,poet,synth_Occupation/TREx/P106.jsonl
1049,Jason Paige is a [MASK] by profession .,actor,synth_Occupation/TREx/P106.jsonl
1051,Earl Zindars is a [MASK] by profession .,composer,synth_Occupation/TREx/P106.jsonl
1053,Josefina Pla is a [MASK] by profession .,journalist,synth_Occupation/TREx/P106.jsonl
1055,Ari Telch is a [MASK] by profession .,actor,synth_Occupation/TREx/P106.jsonl
1057,Ron Rash is a [MASK] by profession .,poet,synth_Occupation/TREx/P106.jsonl
1059,Dhanush is a [MASK] by profession .,actor,synth_Occupation/TREx/P106.jsonl
1070,Fritzi Brunette is a [MASK] by profession .,actress,synth_Occupation/TREx/P106.jsonl
1075,Lori Singer is a [MASK] by profession .,actress,synth_Occupation/TREx/P106.jsonl
1077,Ron Grainer is a [MASK] by profession .,composer,synth_Occupation/TREx/P106.jsonl
1084,John Munch is a [MASK] by profession .,detective,synth_Occupation/TREx/P106.jsonl
1091,Bryant Butler Brooks is a [MASK] by profession .,politician,synth_Occupation/TREx/P106.jsonl
1095,Juliet Aubrey is a [MASK] by profession .,actress,synth_Occupation/TREx/P106.jsonl
1097,Ctesias is a [MASK] by profession .,physician,synth_Occupation/TREx/P106.jsonl
1104,Jeff Bova is a [MASK] by profession .,composer,synth_Occupation/TREx/P106.jsonl
1106,William Pember Reeves is a [MASK] by profession .,politician,synth_Occupation/TREx/P106.jsonl
1111,Philip Warren Anderson is a [MASK] by profession .,physicist,synth_Occupation/TREx/P106.jsonl
1113,Luis Miguel is a [MASK] by profession .,songwriter,synth_Occupation/TREx/P106.jsonl
1116,Howard Sounes is a [MASK] by profession .,journalist,synth_Occupation/TREx/P106.jsonl
1124,Juan Rulfo is a [MASK] by profession .,novelist,synth_Occupation/TREx/P106.jsonl
1125,Leopold Gratz is a [MASK] by profession .,politician,synth_Occupation/TREx/P106.jsonl
1127,Trevor Wright is a [MASK] by profession .,actor,synth_Occupation/TREx/P106.jsonl
1128,Johnny Yune is a [MASK] by profession .,comedian,synth_Occupation/TREx/P106.jsonl
1130,Ron Shelton is a [MASK] by profession .,screenwriter,synth_Occupation/TREx/P106.jsonl
1132,Moses ben Joshua is a [MASK] by profession .,philosopher,synth_Occupation/TREx/P106.jsonl
1134,Amber Gurung is a [MASK] by profession .,composer,synth_Occupation/TREx/P106.jsonl
1137,Nolan Gerard Funk is a [MASK] by profession .,actor,synth_Occupation/TREx/P106.jsonl
1139,Kether Donohue is a [MASK] by profession .,actress,synth_Occupation/TREx/P106.jsonl
1141,Daeg Faerch is a [MASK] by profession .,actor,synth_Occupation/TREx/P106.jsonl
1143,Lupita Tovar is a [MASK] by profession .,actress,synth_Occupation/TREx/P106.jsonl
1145,Thomas Troelsen is a [MASK] by profession .,composer,synth_Occupation/TREx/P106.jsonl
1146,Krister Henriksson is a [MASK] by profession .,actor,synth_Occupation/TREx/P106.jsonl
1147,Rita Bahuguna is a [MASK] by profession .,politician,synth_Occupation/TREx/P106.jsonl
1150,Pip Carter is a [MASK] by profession .,actor,synth_Occupation/TREx/P106.jsonl
1152,Geraldine McNulty is a [MASK] by profession .,actress,synth_Occupation/TREx/P106.jsonl
1156,Abrar Alvi is a [MASK] by profession .,actor,synth_Occupation/TREx/P106.jsonl
1158,Giorgio Tuinfort is a [MASK] by profession .,composer,synth_Occupation/TREx/P106.jsonl
1160,Nathaniel Bright Emerson is a [MASK] by profession .,physician,synth_Occupation/TREx/P106.jsonl
1162,Kenneth Koch is a [MASK] by profession .,poet,synth_Occupation/TREx/P106.jsonl
1168,Susannah Harker is a [MASK] by profession .,actress,synth_Occupation/TREx/P106.jsonl
1174,Josephine Mitchell is a [MASK] by profession .,actress,synth_Occupation/TREx/P106.jsonl
1177,Nils Strindberg is a [MASK] by profession .,photographer,synth_Occupation/TREx/P106.jsonl
1179,Lancelot Speed is a [MASK] by profession .,illustrator,synth_Occupation/TREx/P106.jsonl
1181,Adam Rapacki is a [MASK] by profession .,diplomat,synth_Occupation/TREx/P106.jsonl
1183,Zvika Hadar is a [MASK] by profession .,actor,synth_Occupation/TREx/P106.jsonl
1185,Anna Louisa Karsch is a [MASK] by profession .,poet,synth_Occupation/TREx/P106.jsonl
1187,Junsang Bahk is a [MASK] by profession .,composer,synth_Occupation/TREx/P106.jsonl
1189,Rob Gifford is a [MASK] by profession .,journalist,synth_Occupation/TREx/P106.jsonl
1191,Egon Brunswik is a [MASK] by profession .,psychologist,synth_Occupation/TREx/P106.jsonl
1193,Edward Burtynsky is a [MASK] by profession .,photographer,synth_Occupation/TREx/P106.jsonl
1196,Philip Ahn is a [MASK] by profession .,actor,synth_Occupation/TREx/P106.jsonl
1199,Sabahattin Ali is a [MASK] by profession .,novelist,synth_Occupation/TREx/P106.jsonl
1202,Sadhu Kokila is a [MASK] by profession .,actor,synth_Occupation/TREx/P106.jsonl
1206,Marti Emerald is a [MASK] by profession .,journalist,synth_Occupation/TREx/P106.jsonl
1209,Hugo Eberlein is a [MASK] by profession .,politician,synth_Occupation/TREx/P106.jsonl
1211,Emmanuel Chabrier is a [MASK] by profession .,composer,synth_Occupation/TREx/P106.jsonl
1224,Menachem Mendel Schneerson is a [MASK] by profession .,rabbi,synth_Occupation/TREx/P106.jsonl
1237,Louis Laurent Gabriel de Mortillet is a [MASK] by profession .,anthropologist,synth_Occupation/TREx/P106.jsonl
1238,Roger Smalley is a [MASK] by profession .,pianist,synth_Occupation/TREx/P106.jsonl
1240,Rayner Taylor is a [MASK] by profession .,composer,synth_Occupation/TREx/P106.jsonl
1242,Mary-Kate Olsen is a [MASK] by profession .,actress,synth_Occupation/TREx/P106.jsonl
1247,Felix Salmon is a [MASK] by profession .,journalist,synth_Occupation/TREx/P106.jsonl
1249,Cristina Peri Rossi is a [MASK] by profession .,novelist,synth_Occupation/TREx/P106.jsonl
1252,Chris Brochu is a [MASK] by profession .,actor,synth_Occupation/TREx/P106.jsonl
1254,Shlomo Hillel is a [MASK] by profession .,diplomat,synth_Occupation/TREx/P106.jsonl
1256,Charles Gwathmey is a [MASK] by profession .,architect,synth_Occupation/TREx/P106.jsonl
1261,Spencer Treat Clark is a [MASK] by profession .,actor,synth_Occupation/TREx/P106.jsonl
1263,Paul Mercurio is a [MASK] by profession .,actor,synth_Occupation/TREx/P106.jsonl
1264,Yang Wanli is a [MASK] by profession .,poet,synth_Occupation/TREx/P106.jsonl
1265,Lucha Villa is a [MASK] by profession .,actress,synth_Occupation/TREx/P106.jsonl
1267,Thomas de Waal is a [MASK] by profession .,journalist,synth_Occupation/TREx/P106.jsonl
1268,Peter Early is a [MASK] by profession .,politician,synth_Occupation/TREx/P106.jsonl
1270,Paolo Soleri is a [MASK] by profession .,architect,synth_Occupation/TREx/P106.jsonl
1275,Benjamin Fondane is a [MASK] by profession .,philosopher,synth_Occupation/TREx/P106.jsonl
1278,Giovanni Poleni is a [MASK] by profession .,mathematician,synth_Occupation/TREx/P106.jsonl
1280,Edmond Panariti is a [MASK] by profession .,politician,synth_Occupation/TREx/P106.jsonl
1282,Robert C. Frasure is a [MASK] by profession .,diplomat,synth_Occupation/TREx/P106.jsonl
1284,Cristina Ortiz is a [MASK] by profession .,pianist,synth_Occupation/TREx/P106.jsonl
1287,Tracey Ross is a [MASK] by profession .,actress,synth_Occupation/TREx/P106.jsonl
1289,Leo Fong is a [MASK] by profession .,actor,synth_Occupation/TREx/P106.jsonl
1291,Michael Healy-Rae is a [MASK] by profession .,politician,synth_Occupation/TREx/P106.jsonl
1292,Noriyuki Higashiyama is a [MASK] by profession .,actor,synth_Occupation/TREx/P106.jsonl
1294,Ranjitha is a [MASK] by profession .,actor,synth_Occupation/TREx/P106.jsonl
1298,Bertold Hummel is a [MASK] by profession .,composer,synth_Occupation/TREx/P106.jsonl
1300,George Bennard is a [MASK] by profession .,composer,synth_Occupation/TREx/P106.jsonl
1302,Barry Sobel is a [MASK] by profession .,actor,synth_Occupation/TREx/P106.jsonl
1304,Sophia Elisabet Brenner is a [MASK] by profession .,poet,synth_Occupation/TREx/P106.jsonl
1307,Mia Freedman is a [MASK] by profession .,journalist,synth_Occupation/TREx/P106.jsonl
1309,Craig Charles is a [MASK] by profession .,comedian,synth_Occupation/TREx/P106.jsonl
1312,Louis Alter is a [MASK] by profession .,pianist,synth_Occupation/TREx/P106.jsonl
1314,Debra Jo Rupp is a [MASK] by profession .,actress,synth_Occupation/TREx/P106.jsonl
1317,Subagio Sastrowardoyo is a [MASK] by profession .,poet,synth_Occupation/TREx/P106.jsonl
1319,Stanley Lebowsky is a [MASK] by profession .,composer,synth_Occupation/TREx/P106.jsonl
1321,Choi Myeong-gil is a [MASK] by profession .,actress,synth_Occupation/TREx/P106.jsonl
1323,Robert d'Escourt Atkinson is a [MASK] by profession .,astronomer,synth_Occupation/TREx/P106.jsonl
1326,Margarete Schlegel is a [MASK] by profession .,actress,synth_Occupation/TREx/P106.jsonl
1328,Tom Verica is a [MASK] by profession .,actor,synth_Occupation/TREx/P106.jsonl
1331,Michel Mossessian is a [MASK] by profession .,architect,synth_Occupation/TREx/P106.jsonl
1333,Marquis de Sade is a [MASK] by profession .,playwright,synth_Occupation/TREx/P106.jsonl
1335,Guruprasad is a [MASK] by profession .,actor,synth_Occupation/TREx/P106.jsonl
1337,Kurt Kreuger is a [MASK] by profession .,actor,synth_Occupation/TREx/P106.jsonl
1339,Sairam Shankar is a [MASK] by profession .,actor,synth_Occupation/TREx/P106.jsonl
1342,Niyi Osundare is a [MASK] by profession .,poet,synth_Occupation/TREx/P106.jsonl
1344,Yun Chi-ho is a [MASK] by profession .,politician,synth_Occupation/TREx/P106.jsonl
1346,Gordon Mills is a [MASK] by profession .,songwriter,synth_Occupation/TREx/P106.jsonl
1348,Moammar Rana is a [MASK] by profession .,actor,synth_Occupation/TREx/P106.jsonl
1350,Fiona Russell Powell is a [MASK] by profession .,journalist,synth_Occupation/TREx/P106.jsonl
1355,Harald Gram is a [MASK] by profession .,politician,synth_Occupation/TREx/P106.jsonl
1357,Jean Gabriel Marchand is a [MASK] by profession .,attorney,synth_Occupation/TREx/P106.jsonl
1360,Johnny Costa is a [MASK] by profession .,pianist,synth_Occupation/TREx/P106.jsonl
1362,Eido Tai Shimano is a [MASK] by profession .,abbot,synth_Occupation/TREx/P106.jsonl
1364,Bonnie Pointer is a [MASK] by profession .,songwriter,synth_Occupation/TREx/P106.jsonl
1366,Fifi D'Orsay is a [MASK] by profession .,actress,synth_Occupation/TREx/P106.jsonl
1368,Rowland Hill is a [MASK] by profession .,statesman,synth_Occupation/TREx/P106.jsonl
1371,James Reese Europe is a [MASK] by profession .,composer,synth_Occupation/TREx/P106.jsonl
1373,Noon Meem Rashid is a [MASK] by profession .,poet,synth_Occupation/TREx/P106.jsonl
1374,Millard Lampell is a [MASK] by profession .,screenwriter,synth_Occupation/TREx/P106.jsonl
1376,Lawrence Hargrave is a [MASK] by profession .,astronomer,synth_Occupation/TREx/P106.jsonl
1378,Claude Antoine Dacosta is a [MASK] by profession .,politician,synth_Occupation/TREx/P106.jsonl
1380,Hans Magnus Enzensberger is a [MASK] by profession .,poet,synth_Occupation/TREx/P106.jsonl
1383,Alfred Francis Russell is a [MASK] by profession .,politician,synth_Occupation/TREx/P106.jsonl
1385,William Hardy Wilson is a [MASK] by profession .,architect,synth_Occupation/TREx/P106.jsonl
1388,Sabina Spielrein is a [MASK] by profession .,psychologist,synth_Occupation/TREx/P106.jsonl
1389,Henry Brassey is a [MASK] by profession .,politician,synth_Occupation/TREx/P106.jsonl
1390,Manuel Aznar Zubigaray is a [MASK] by profession .,diplomat,synth_Occupation/TREx/P106.jsonl
1392,Crawford Williamson Long is a [MASK] by profession .,surgeon,synth_Occupation/TREx/P106.jsonl
1398,"Charles FitzGerald, 1st Baron Lecale is a [MASK] by profession .",politician,synth_Occupation/TREx/P106.jsonl
1400,George Buza is a [MASK] by profession .,actor,synth_Occupation/TREx/P106.jsonl
1402,Audrey Wise is a [MASK] by profession .,politician,synth_Occupation/TREx/P106.jsonl
1406,Femi Jacobs is a [MASK] by profession .,actor,synth_Occupation/TREx/P106.jsonl
1410,Alfred Hickman is a [MASK] by profession .,actor,synth_Occupation/TREx/P106.jsonl
1413,Hugo Stiglitz is a [MASK] by profession .,actor,synth_Occupation/TREx/P106.jsonl
1417,Madhuri Dixit is a [MASK] by profession .,actress,synth_Occupation/TREx/P106.jsonl
1432,Eja is a [MASK] by profession .,actress,synth_Occupation/TREx/P106.jsonl
1434,Gregory Scott is a [MASK] by profession .,actor,synth_Occupation/TREx/P106.jsonl
1437,Olive Blakeney is a [MASK] by profession .,actress,synth_Occupation/TREx/P106.jsonl
1439,Dino Saluzzi is a [MASK] by profession .,composer,synth_Occupation/TREx/P106.jsonl
1445,Johann von Rist is a [MASK] by profession .,poet,synth_Occupation/TREx/P106.jsonl
1449,"Henry Chaplin, 1st Viscount Chaplin is a [MASK] by profession .",politician,synth_Occupation/TREx/P106.jsonl
1451,Augusto Boal is a [MASK] by profession .,politician,synth_Occupation/TREx/P106.jsonl
1454,Anthony S. Cruz is a [MASK] by profession .,jockey,synth_Occupation/TREx/P106.jsonl
1456,John McCririck is a [MASK] by profession .,journalist,synth_Occupation/TREx/P106.jsonl
1460,Johann Peter Kellner is a [MASK] by profession .,organist,synth_Occupation/TREx/P106.jsonl
1462,Albert Dailey is a [MASK] by profession .,pianist,synth_Occupation/TREx/P106.jsonl
1464,Bernard de Marigny is a [MASK] by profession .,politician,synth_Occupation/TREx/P106.jsonl
1466,Harlan Carey Brewster is a [MASK] by profession .,politician,synth_Occupation/TREx/P106.jsonl
1468,Reginald Purdell is a [MASK] by profession .,screenwriter,synth_Occupation/TREx/P106.jsonl
1470,James Craig Annan is a [MASK] by profession .,photographer,synth_Occupation/TREx/P106.jsonl
1474,Theodor Rosetti is a [MASK] by profession .,politician,synth_Occupation/TREx/P106.jsonl
1476,Arno Allan Penzias is a [MASK] by profession .,astronomer,synth_Occupation/TREx/P106.jsonl
1479,Hilary Putnam is a [MASK] by profession .,philosopher,synth_Occupation/TREx/P106.jsonl
1483,John Farrar is a [MASK] by profession .,songwriter,synth_Occupation/TREx/P106.jsonl
1484,Michel Houellebecq is a [MASK] by profession .,poet,synth_Occupation/TREx/P106.jsonl
1486,Jenny Powers is a [MASK] by profession .,actress,synth_Occupation/TREx/P106.jsonl
1488,James Arness is a [MASK] by profession .,actor,synth_Occupation/TREx/P106.jsonl
1492,Dr. Rajasekhar is a [MASK] by profession .,actor,synth_Occupation/TREx/P106.jsonl
1495,Ruth Marshall is a [MASK] by profession .,actress,synth_Occupation/TREx/P106.jsonl
1497,Samuel Medary is a [MASK] by profession .,reporter,synth_Occupation/TREx/P106.jsonl
1498,Laurie Anderson is a [MASK] by profession .,poet,synth_Occupation/TREx/P106.jsonl
1499,Peter Macdissi is a [MASK] by profession .,actor,synth_Occupation/TREx/P106.jsonl
1501,Aristotle is a [MASK] by profession .,mathematician,synth_Occupation/TREx/P106.jsonl
1502,Lucio Fulci is a [MASK] by profession .,actor,synth_Occupation/TREx/P106.jsonl
1505,KevJumba is a [MASK] by profession .,actor,synth_Occupation/TREx/P106.jsonl
1507,Kazuo Ishiguro is a [MASK] by profession .,novelist,synth_Occupation/TREx/P106.jsonl
1510,Robert Grudin is a [MASK] by profession .,philosopher,synth_Occupation/TREx/P106.jsonl
1512,Martha Fineman is a [MASK] by profession .,jurist,synth_Occupation/TREx/P106.jsonl
1514,Ernst von Possart is a [MASK] by profession .,actor,synth_Occupation/TREx/P106.jsonl
1516,Frederick W. Seward is a [MASK] by profession .,politician,synth_Occupation/TREx/P106.jsonl
1520,Claude Corea is a [MASK] by profession .,diplomat,synth_Occupation/TREx/P106.jsonl
1523,Lou Reed is a [MASK] by profession .,photographer,synth_Occupation/TREx/P106.jsonl
1528,Ulf Lundell is a [MASK] by profession .,composer,synth_Occupation/TREx/P106.jsonl
1530,Jeremy Allen White is a [MASK] by profession .,actor,synth_Occupation/TREx/P106.jsonl
1532,Isidore de Lara is a [MASK] by profession .,composer,synth_Occupation/TREx/P106.jsonl
1535,Indila is a [MASK] by profession .,songwriter,synth_Occupation/TREx/P106.jsonl
1537,Henry Maudsley is a [MASK] by profession .,psychiatrist,synth_Occupation/TREx/P106.jsonl
1540,Conchita Montenegro is a [MASK] by profession .,actress,synth_Occupation/TREx/P106.jsonl
1542,Bibb Graves is a [MASK] by profession .,politician,synth_Occupation/TREx/P106.jsonl
1544,Troy Donahue is a [MASK] by profession .,actress,synth_Occupation/TREx/P106.jsonl
1547,Walter Hines Page is a [MASK] by profession .,journalist,synth_Occupation/TREx/P106.jsonl
1550,Masato Wada is a [MASK] by profession .,actor,synth_Occupation/TREx/P106.jsonl
1552,Peter Jason is a [MASK] by profession .,actor,synth_Occupation/TREx/P106.jsonl
1555,Akshaye Khanna is a [MASK] by profession .,actor,synth_Occupation/TREx/P106.jsonl
1560,Robert David Hall is a [MASK] by profession .,actor,synth_Occupation/TREx/P106.jsonl
1563,Jesse McCartney is a [MASK] by profession .,actor,synth_Occupation/TREx/P106.jsonl
1567,Louis Moreau Gottschalk is a [MASK] by profession .,composer,synth_Occupation/TREx/P106.jsonl
1585,William Shiels is a [MASK] by profession .,politician,synth_Occupation/TREx/P106.jsonl
1587,Charles James Mathews is a [MASK] by profession .,actor,synth_Occupation/TREx/P106.jsonl
1590,Ethan Wayne is a [MASK] by profession .,actor,synth_Occupation/TREx/P106.jsonl
1596,Shibdas Ghosh is a [MASK] by profession .,politician,synth_Occupation/TREx/P106.jsonl
1598,Michael Penn is a [MASK] by profession .,actor,synth_Occupation/TREx/P106.jsonl
1600,Heitor Dhalia is a [MASK] by profession .,screenwriter,synth_Occupation/TREx/P106.jsonl
1602,Suzanne Virdee is a [MASK] by profession .,journalist,synth_Occupation/TREx/P106.jsonl
1604,Grace Chan is a [MASK] by profession .,actress,synth_Occupation/TREx/P106.jsonl
1611,Judah Loew ben Bezalel is a [MASK] by profession .,rabbi,synth_Occupation/TREx/P106.jsonl
1622,Raoul Trujillo is a [MASK] by profession .,actor,synth_Occupation/TREx/P106.jsonl
1624,Dietrich Eckart is a [MASK] by profession .,politician,synth_Occupation/TREx/P106.jsonl
1628,Jef Gaitan is a [MASK] by profession .,actress,synth_Occupation/TREx/P106.jsonl
1630,Ermanno Wolf-Ferrari is a [MASK] by profession .,composer,synth_Occupation/TREx/P106.jsonl
1635,Hjalmar Welhaven is a [MASK] by profession .,architect,synth_Occupation/TREx/P106.jsonl
1638,Milo Manara is a [MASK] by profession .,cartoonist,synth_Occupation/TREx/P106.jsonl
1639,Bowie Lam is a [MASK] by profession .,actor,synth_Occupation/TREx/P106.jsonl
1641,Rodolfo Gambini is a [MASK] by profession .,physicist,synth_Occupation/TREx/P106.jsonl
1643,Annie Proulx is a [MASK] by profession .,novelist,synth_Occupation/TREx/P106.jsonl
1644,August Winding is a [MASK] by profession .,pianist,synth_Occupation/TREx/P106.jsonl
1646,Wes Bentley is a [MASK] by profession .,actor,synth_Occupation/TREx/P106.jsonl
1647,Tico Wells is a [MASK] by profession .,actor,synth_Occupation/TREx/P106.jsonl
1649,Joel Barlow is a [MASK] by profession .,poet,synth_Occupation/TREx/P106.jsonl
1651,Mary Collinson is a [MASK] by profession .,actress,synth_Occupation/TREx/P106.jsonl
1653,Trond Kirkvaag is a [MASK] by profession .,actor,synth_Occupation/TREx/P106.jsonl
1656,Simon Dallow is a [MASK] by profession .,reporter,synth_Occupation/TREx/P106.jsonl
1659,Barbara Britton is a [MASK] by profession .,actress,synth_Occupation/TREx/P106.jsonl
1661,Oskar Lafontaine is a [MASK] by profession .,politician,synth_Occupation/TREx/P106.jsonl
1663,Ian Hanomansing is a [MASK] by profession .,journalist,synth_Occupation/TREx/P106.jsonl
1664,Vondell Darr is a [MASK] by profession .,actress,synth_Occupation/TREx/P106.jsonl
1666,Tomomi Inada is a [MASK] by profession .,politician,synth_Occupation/TREx/P106.jsonl
1668,Jon Jerde is a [MASK] by profession .,architect,synth_Occupation/TREx/P106.jsonl
1670,Laurent Boutonnat is a [MASK] by profession .,songwriter,synth_Occupation/TREx/P106.jsonl
1671,Maurice Joly is a [MASK] by profession .,attorney,synth_Occupation/TREx/P106.jsonl
1672,Kimika Yoshino is a [MASK] by profession .,actress,synth_Occupation/TREx/P106.jsonl
1675,Klemens von Metternich is a [MASK] by profession .,diplomat,synth_Occupation/TREx/P106.jsonl
1682,Karle Warren is a [MASK] by profession .,actress,synth_Occupation/TREx/P106.jsonl
1684,"Joyce Quin, Baroness Quin is a [MASK] by profession .",politician,synth_Occupation/TREx/P106.jsonl
1686,Karl Hampton is a [MASK] by profession .,politician,synth_Occupation/TREx/P106.jsonl
1687,William Bowen Rowlands is a [MASK] by profession .,politician,synth_Occupation/TREx/P106.jsonl
1689,Mikey North is a [MASK] by profession .,actor,synth_Occupation/TREx/P106.jsonl
1690,Wilhelm Magnus is a [MASK] by profession .,mathematician,synth_Occupation/TREx/P106.jsonl
1693,Raimundo Pereira is a [MASK] by profession .,politician,synth_Occupation/TREx/P106.jsonl
1695,W. Arundel Orchard is a [MASK] by profession .,composer,synth_Occupation/TREx/P106.jsonl
1697,Justin I is a [MASK] by profession .,politician,synth_Occupation/TREx/P106.jsonl
1698,Laura Antoniou is a [MASK] by profession .,novelist,synth_Occupation/TREx/P106.jsonl
1700,Dude Harlino is a [MASK] by profession .,actor,synth_Occupation/TREx/P106.jsonl
1703,Jill Hyem is a [MASK] by profession .,actress,synth_Occupation/TREx/P106.jsonl
1705,Barbara Leigh is a [MASK] by profession .,actress,synth_Occupation/TREx/P106.jsonl
1707,Barbara Tyson is a [MASK] by profession .,actress,synth_Occupation/TREx/P106.jsonl
1709,Carl Colpaert is a [MASK] by profession .,screenwriter,synth_Occupation/TREx/P106.jsonl
1711,Rick Genest is a [MASK] by profession .,actor,synth_Occupation/TREx/P106.jsonl
1713,Mira Nair is a [MASK] by profession .,screenwriter,synth_Occupation/TREx/P106.jsonl
1715,Linda Marlowe is a [MASK] by profession .,actress,synth_Occupation/TREx/P106.jsonl
1719,David Rivett is a [MASK] by profession .,chemist,synth_Occupation/TREx/P106.jsonl
1721,Murad Velshi is a [MASK] by profession .,politician,synth_Occupation/TREx/P106.jsonl
1723,Luisella Boni is a [MASK] by profession .,actress,synth_Occupation/TREx/P106.jsonl
1725,Brian McNamara is a [MASK] by profession .,actor,synth_Occupation/TREx/P106.jsonl
1727,Juan Blanco is a [MASK] by profession .,composer,synth_Occupation/TREx/P106.jsonl
1729,Ethyl Eichelberger is a [MASK] by profession .,actor,synth_Occupation/TREx/P106.jsonl
1731,Mathira is a [MASK] by profession .,actress,synth_Occupation/TREx/P106.jsonl
1734,Lane Smith is a [MASK] by profession .,actor,synth_Occupation/TREx/P106.jsonl
1737,Heath Ledger is a [MASK] by profession .,actor,synth_Occupation/TREx/P106.jsonl
1753,Frank Knox is a [MASK] by profession .,politician,synth_Occupation/TREx/P106.jsonl
1754,Obaidullah Aleem is a [MASK] by profession .,poet,synth_Occupation/TREx/P106.jsonl
1756,Guy Pratt is a [MASK] by profession .,actor,synth_Occupation/TREx/P106.jsonl
1759,Agostinho Neto is a [MASK] by profession .,poet,synth_Occupation/TREx/P106.jsonl
1760,Sondra Gotlieb is a [MASK] by profession .,journalist,synth_Occupation/TREx/P106.jsonl
1762,Steve McEwan is a [MASK] by profession .,songwriter,synth_Occupation/TREx/P106.jsonl
1764,Edgar Allan Poe is a [MASK] by profession .,playwright,synth_Occupation/TREx/P106.jsonl
1771,Anne Watanabe is a [MASK] by profession .,actress,synth_Occupation/TREx/P106.jsonl
1773,Stewart Alexander is a [MASK] by profession .,politician,synth_Occupation/TREx/P106.jsonl
1774,Jerry Ragovoy is a [MASK] by profession .,composer,synth_Occupation/TREx/P106.jsonl
1775,Joyce Steele is a [MASK] by profession .,politician,synth_Occupation/TREx/P106.jsonl
1777,Tommy Stack is a [MASK] by profession .,jockey,synth_Occupation/TREx/P106.jsonl
1779,Billy Aaron Brown is a [MASK] by profession .,actor,synth_Occupation/TREx/P106.jsonl
1781,Francis Stuart is a [MASK] by profession .,novelist,synth_Occupation/TREx/P106.jsonl
1784,Berry Berenson is a [MASK] by profession .,actress,synth_Occupation/TREx/P106.jsonl
1785,Jean-Louis Tixier-Vignancour is a [MASK] by profession .,politician,synth_Occupation/TREx/P106.jsonl
1787,Michael Romanoff is a [MASK] by profession .,actor,synth_Occupation/TREx/P106.jsonl
1789,Michael Kimball is a [MASK] by profession .,novelist,synth_Occupation/TREx/P106.jsonl
1791,Jacques Werup is a [MASK] by profession .,screenwriter,synth_Occupation/TREx/P106.jsonl
1793,Lionel Rogg is a [MASK] by profession .,composer,synth_Occupation/TREx/P106.jsonl
1797,Marie Versini is a [MASK] by profession .,actress,synth_Occupation/TREx/P106.jsonl
1799,Mori Arinori is a [MASK] by profession .,diplomat,synth_Occupation/TREx/P106.jsonl
1801,Martha Nussbaum is a [MASK] by profession .,philosopher,synth_Occupation/TREx/P106.jsonl
1810,Aleksandr Solzhenitsyn is a [MASK] by profession .,poet,synth_Occupation/TREx/P106.jsonl
1811,Maurice Duverger is a [MASK] by profession .,politician,synth_Occupation/TREx/P106.jsonl
1816,Boris Barnet is a [MASK] by profession .,actress,synth_Occupation/TREx/P106.jsonl
1817,Noon Meem Danish is a [MASK] by profession .,poet,synth_Occupation/TREx/P106.jsonl
1819,Suzanne Roberts is a [MASK] by profession .,photographer,synth_Occupation/TREx/P106.jsonl
1821,Patricia Idlette is a [MASK] by profession .,actress,synth_Occupation/TREx/P106.jsonl
1823,Edward Braddon is a [MASK] by profession .,politician,synth_Occupation/TREx/P106.jsonl
1825,Gian-Carlo Wick is a [MASK] by profession .,physicist,synth_Occupation/TREx/P106.jsonl
1826,Anu Choudhury is a [MASK] by profession .,actress,synth_Occupation/TREx/P106.jsonl
1828,Eduardo De Filippo is a [MASK] by profession .,poet,synth_Occupation/TREx/P106.jsonl
1834,Carolyn Conwell is a [MASK] by profession .,actress,synth_Occupation/TREx/P106.jsonl
1836,Alexander Henry Green is a [MASK] by profession .,geologist,synth_Occupation/TREx/P106.jsonl
1838,David Tree is a [MASK] by profession .,actor,synth_Occupation/TREx/P106.jsonl
1841,Barbara Farrell Vucanovich is a [MASK] by profession .,politician,synth_Occupation/TREx/P106.jsonl
1843,Alonzo Bodden is a [MASK] by profession .,actor,synth_Occupation/TREx/P106.jsonl
1846,Ann Bell is a [MASK] by profession .,actress,synth_Occupation/TREx/P106.jsonl
1848,Alisa Reyes is a [MASK] by profession .,actress,synth_Occupation/TREx/P106.jsonl
1850,Michie Mee is a [MASK] by profession .,actor,synth_Occupation/TREx/P106.jsonl
1852,Ellar Coltrane is a [MASK] by profession .,actor,synth_Occupation/TREx/P106.jsonl
1855,Paul Hedqvist is a [MASK] by profession .,architect,synth_Occupation/TREx/P106.jsonl
1861,Zhong Acheng is a [MASK] by profession .,screenwriter,synth_Occupation/TREx/P106.jsonl
1864,Carl Hatch is a [MASK] by profession .,politician,synth_Occupation/TREx/P106.jsonl
1866,Akira Emoto is a [MASK] by profession .,actor,synth_Occupation/TREx/P106.jsonl
1868,Nao Takasugi is a [MASK] by profession .,politician,synth_Occupation/TREx/P106.jsonl
1870,Shelby Foote is a [MASK] by profession .,novelist,synth_Occupation/TREx/P106.jsonl
1871,Luis Russell is a [MASK] by profession .,pianist,synth_Occupation/TREx/P106.jsonl
1873,Ilia Chavchavadze is a [MASK] by profession .,poet,synth_Occupation/TREx/P106.jsonl
1876,Marcus Manilius is a [MASK] by profession .,poet,synth_Occupation/TREx/P106.jsonl
1877,Ronan Hardiman is a [MASK] by profession .,composer,synth_Occupation/TREx/P106.jsonl
1879,Carlo Rosselli is a [MASK] by profession .,journalist,synth_Occupation/TREx/P106.jsonl
1881,"Benedict Calvert, 4th Baron Baltimore is a [MASK] by profession .",politician,synth_Occupation/TREx/P106.jsonl
1884,Danielle Winits is a [MASK] by profession .,actress,synth_Occupation/TREx/P106.jsonl
1886,Henri Hauser is a [MASK] by profession .,economist,synth_Occupation/TREx/P106.jsonl
1888,Riky Rick is a [MASK] by profession .,actor,synth_Occupation/TREx/P106.jsonl
1890,Keen Johnson is a [MASK] by profession .,journalist,synth_Occupation/TREx/P106.jsonl
1892,Alison Faith Levy is a [MASK] by profession .,songwriter,synth_Occupation/TREx/P106.jsonl
1894,Marco Minnemann is a [MASK] by profession .,composer,synth_Occupation/TREx/P106.jsonl
1896,Gu Seung-hyeon is a [MASK] by profession .,actor,synth_Occupation/TREx/P106.jsonl
1898,Shruti Sharma is a [MASK] by profession .,actress,synth_Occupation/TREx/P106.jsonl
1900,Max Volmer is a [MASK] by profession .,chemist,synth_Occupation/TREx/P106.jsonl
1902,Darius McCrary is a [MASK] by profession .,actor,synth_Occupation/TREx/P106.jsonl
1903,Yanis Varoufakis is a [MASK] by profession .,economist,synth_Occupation/TREx/P106.jsonl
1905,Sy Smith is a [MASK] by profession .,actress,synth_Occupation/TREx/P106.jsonl
1906,Charles Marowitz is a [MASK] by profession .,playwright,synth_Occupation/TREx/P106.jsonl
1908,Bryshere Y. Gray is a [MASK] by profession .,actor,synth_Occupation/TREx/P106.jsonl
1911,Rebecca Pidgeon is a [MASK] by profession .,actress,synth_Occupation/TREx/P106.jsonl
1914,Malcolm Arthur Smith is a [MASK] by profession .,physician,synth_Occupation/TREx/P106.jsonl
1916,Lisa Haydon is a [MASK] by profession .,actress,synth_Occupation/TREx/P106.jsonl
1918,Marpessa Dawn is a [MASK] by profession .,actress,synth_Occupation/TREx/P106.jsonl
1921,Mick Flannery is a [MASK] by profession .,songwriter,synth_Occupation/TREx/P106.jsonl
1923,Bob Shacochis is a [MASK] by profession .,novelist,synth_Occupation/TREx/P106.jsonl
1925,Gerard Soeteman is a [MASK] by profession .,screenwriter,synth_Occupation/TREx/P106.jsonl
1927,Milt Kogan is a [MASK] by profession .,actor,synth_Occupation/TREx/P106.jsonl
1929,Dudley R. Herschbach is a [MASK] by profession .,chemist,synth_Occupation/TREx/P106.jsonl
1930,Hugh Manning is a [MASK] by profession .,actor,synth_Occupation/TREx/P106.jsonl
1932,Murray Grand is a [MASK] by profession .,songwriter,synth_Occupation/TREx/P106.jsonl
1934,Johnathon Schaech is a [MASK] by profession .,actor,synth_Occupation/TREx/P106.jsonl
1936,Maren Ade is a [MASK] by profession .,screenwriter,synth_Occupation/TREx/P106.jsonl
1938,Te Ata Fisher is a [MASK] by profession .,actress,synth_Occupation/TREx/P106.jsonl
1939,Kinuyo Tanaka is a [MASK] by profession .,actress,synth_Occupation/TREx/P106.jsonl
1944,"Francis Conyngham, 2nd Marquess Conyngham is a [MASK] by profession .",politician,synth_Occupation/TREx/P106.jsonl
1947,Charles H. Goode is a [MASK] by profession .,politician,synth_Occupation/TREx/P106.jsonl
1949,Miha Mazzini is a [MASK] by profession .,screenwriter,synth_Occupation/TREx/P106.jsonl
1951,Edmond Gondinet is a [MASK] by profession .,playwright,synth_Occupation/TREx/P106.jsonl
1953,Irving Shulman is a [MASK] by profession .,screenwriter,synth_Occupation/TREx/P106.jsonl
1958,Kamaal Khan is a [MASK] by profession .,actor,synth_Occupation/TREx/P106.jsonl
1960,Jacobo Zabludovsky is a [MASK] by profession .,journalist,synth_Occupation/TREx/P106.jsonl
1964,Esther Ralston is a [MASK] by profession .,actress,synth_Occupation/TREx/P106.jsonl
1968,Michel Peissel is a [MASK] by profession .,anthropologist,synth_Occupation/TREx/P106.jsonl
1969,Mark Andrew Green is a [MASK] by profession .,politician,synth_Occupation/TREx/P106.jsonl
1973,Jeanne Coyne is a [MASK] by profession .,actress,synth_Occupation/TREx/P106.jsonl
1975,Dimitris Horn is a [MASK] by profession .,actor,synth_Occupation/TREx/P106.jsonl
1976,Carl Herold is a [MASK] by profession .,politician,synth_Occupation/TREx/P106.jsonl
1978,Nikolai Myaskovsky is a [MASK] by profession .,composer,synth_Occupation/TREx/P106.jsonl
1980,Kikunae Ikeda is a [MASK] by profession .,chemist,synth_Occupation/TREx/P106.jsonl
1984,Raymond Radiguet is a [MASK] by profession .,novelist,synth_Occupation/TREx/P106.jsonl
1986,Mustafa Khalil is a [MASK] by profession .,politician,synth_Occupation/TREx/P106.jsonl
1988,Ashok Mitra is a [MASK] by profession .,economist,synth_Occupation/TREx/P106.jsonl
1991,Jon Rose is a [MASK] by profession .,composer,synth_Occupation/TREx/P106.jsonl
1992,Lupus of Sens is a [MASK] by profession .,priest,synth_Occupation/TREx/P106.jsonl
1993,"Philip Wharton, 4th Baron Wharton is a [MASK] by profession .",diplomat,synth_Occupation/TREx/P106.jsonl
1995,Reginald Fox is a [MASK] by profession .,actor,synth_Occupation/TREx/P106.jsonl
1997,Giovanni Battista Vitali is a [MASK] by profession .,composer,synth_Occupation/TREx/P106.jsonl
2000,Nicolai Abildgaard is a [MASK] by profession .,architect,synth_Occupation/TREx/P106.jsonl
2002,Hassan ibn Thabit is a [MASK] by profession .,poet,synth_Occupation/TREx/P106.jsonl
2004,Edy Ganem is a [MASK] by profession .,actress,synth_Occupation/TREx/P106.jsonl
2006,Andreas Embirikos is a [MASK] by profession .,poet,synth_Occupation/TREx/P106.jsonl
2009,Sekhar Menon is a [MASK] by profession .,actor,synth_Occupation/TREx/P106.jsonl
2012,Mat Fraser is a [MASK] by profession .,actor,synth_Occupation/TREx/P106.jsonl
2014,Stephen Colbert is a [MASK] by profession .,journalist,synth_Occupation/TREx/P106.jsonl
2019,Darrell Roodt is a [MASK] by profession .,screenwriter,synth_Occupation/TREx/P106.jsonl
2021,Jack Wild is a [MASK] by profession .,actor,synth_Occupation/TREx/P106.jsonl
2024,Manuel Sadosky is a [MASK] by profession .,mathematician,synth_Occupation/TREx/P106.jsonl
2027,Samuel Fessenden is a [MASK] by profession .,politician,synth_Occupation/TREx/P106.jsonl
2028,Sivaramakrishna Chandrasekhar is a [MASK] by profession .,physicist,synth_Occupation/TREx/P106.jsonl
2030,Roland Pertwee is a [MASK] by profession .,actor,synth_Occupation/TREx/P106.jsonl
2035,Michael Dorn is a [MASK] by profession .,actor,synth_Occupation/TREx/P106.jsonl
2039,Graham Linehan is a [MASK] by profession .,actor,synth_Occupation/TREx/P106.jsonl
2040,Cigoli is a [MASK] by profession .,architect,synth_Occupation/TREx/P106.jsonl
2046,Grigore Gafencu is a [MASK] by profession .,diplomat,synth_Occupation/TREx/P106.jsonl
2048,Dominic Dierkes is a [MASK] by profession .,actor,synth_Occupation/TREx/P106.jsonl
2050,Iliana Fox is a [MASK] by profession .,actress,synth_Occupation/TREx/P106.jsonl
2052,"John Crewe, 1st Baron Crewe is a [MASK] by profession .",politician,synth_Occupation/TREx/P106.jsonl
2056,John Horgan is a [MASK] by profession .,journalist,synth_Occupation/TREx/P106.jsonl
2058,Danny Dayton is a [MASK] by profession .,actor,synth_Occupation/TREx/P106.jsonl
2060,Akshay Kumar Boral is a [MASK] by profession .,poet,synth_Occupation/TREx/P106.jsonl
2062,Geoffrey Lehmann is a [MASK] by profession .,poet,synth_Occupation/TREx/P106.jsonl
2066,Julian Beck is a [MASK] by profession .,poet,synth_Occupation/TREx/P106.jsonl
2069,Adolf Dymsza is a [MASK] by profession .,actor,synth_Occupation/TREx/P106.jsonl
2071,Whitney Houston is a [MASK] by profession .,composer,synth_Occupation/TREx/P106.jsonl
2073,Claudine Clark is a [MASK] by profession .,composer,synth_Occupation/TREx/P106.jsonl
2075,Virginia Wetherell is a [MASK] by profession .,actress,synth_Occupation/TREx/P106.jsonl
2081,Jim Grimsley is a [MASK] by profession .,novelist,synth_Occupation/TREx/P106.jsonl
2083,Ben Joseph Green is a [MASK] by profession .,mathematician,synth_Occupation/TREx/P106.jsonl
2085,Jacobo Ficher is a [MASK] by profession .,composer,synth_Occupation/TREx/P106.jsonl
2087,Daniel D. Tompkins is a [MASK] by profession .,politician,synth_Occupation/TREx/P106.jsonl
2090,Lope de Vega is a [MASK] by profession .,playwright,synth_Occupation/TREx/P106.jsonl
2109,Patrick Manson is a [MASK] by profession .,physician,synth_Occupation/TREx/P106.jsonl
2111,Ross Garnaut is a [MASK] by profession .,economist,synth_Occupation/TREx/P106.jsonl
2113,Poojappura Ravi is a [MASK] by profession .,actor,synth_Occupation/TREx/P106.jsonl
2115,Paul McGann is a [MASK] by profession .,actor,synth_Occupation/TREx/P106.jsonl
2122,Dumitru Prunariu is a [MASK] by profession .,astronaut,synth_Occupation/TREx/P106.jsonl
2123,Franco Sacchetti is a [MASK] by profession .,poet,synth_Occupation/TREx/P106.jsonl
2124,John Sell Cotman is a [MASK] by profession .,illustrator,synth_Occupation/TREx/P106.jsonl
2126,George Waggner is a [MASK] by profession .,actor,synth_Occupation/TREx/P106.jsonl
2128,Aruna Irani is a [MASK] by profession .,actress,synth_Occupation/TREx/P106.jsonl
2140,Ignazio Silone is a [MASK] by profession .,politician,synth_Occupation/TREx/P106.jsonl
2142,Wolfe Morris is a [MASK] by profession .,actor,synth_Occupation/TREx/P106.jsonl
2146,Maurice Nicoll is a [MASK] by profession .,psychiatrist,synth_Occupation/TREx/P106.jsonl
2148,Mary Renault is a [MASK] by profession .,novelist,synth_Occupation/TREx/P106.jsonl
2149,John Jacob Niles is a [MASK] by profession .,composer,synth_Occupation/TREx/P106.jsonl
2152,Louis Agassiz is a [MASK] by profession .,geologist,synth_Occupation/TREx/P106.jsonl
2158,Serhiy Taruta is a [MASK] by profession .,politician,synth_Occupation/TREx/P106.jsonl
2160,Julius Shulman is a [MASK] by profession .,architect,synth_Occupation/TREx/P106.jsonl
2163,Resham Tipnis is a [MASK] by profession .,actress,synth_Occupation/TREx/P106.jsonl
2165,Li Zhaoxing is a [MASK] by profession .,diplomat,synth_Occupation/TREx/P106.jsonl
2167,Alfred Easton Poor is a [MASK] by profession .,architect,synth_Occupation/TREx/P106.jsonl
2169,Samuel Jackson Pratt is a [MASK] by profession .,novelist,synth_Occupation/TREx/P106.jsonl
2172,Esther McCracken is a [MASK] by profession .,playwright,synth_Occupation/TREx/P106.jsonl
2174,Kiersten Warren is a [MASK] by profession .,actor,synth_Occupation/TREx/P106.jsonl
2178,Carlo Lizzani is a [MASK] by profession .,actor,synth_Occupation/TREx/P106.jsonl
2179,Henry Jackman is a [MASK] by profession .,composer,synth_Occupation/TREx/P106.jsonl
2182,Maliha Lodhi is a [MASK] by profession .,diplomat,synth_Occupation/TREx/P106.jsonl
2184,Jennifer Westfeldt is a [MASK] by profession .,screenwriter,synth_Occupation/TREx/P106.jsonl
2186,Emily Barton is a [MASK] by profession .,novelist,synth_Occupation/TREx/P106.jsonl
2188,Gunnar Birkerts is a [MASK] by profession .,architect,synth_Occupation/TREx/P106.jsonl
2195,Juliet Ibrahim is a [MASK] by profession .,actress,synth_Occupation/TREx/P106.jsonl
2199,Simon Gosejohann is a [MASK] by profession .,actor,synth_Occupation/TREx/P106.jsonl
2201,Pearse Doherty is a [MASK] by profession .,politician,synth_Occupation/TREx/P106.jsonl
2203,Joseph Evans Sperry is a [MASK] by profession .,architect,synth_Occupation/TREx/P106.jsonl
2207,Jean Titelouze is a [MASK] by profession .,composer,synth_Occupation/TREx/P106.jsonl
2208,Eugeniusz Knapik is a [MASK] by profession .,pianist,synth_Occupation/TREx/P106.jsonl
2210,Gustave Kahn is a [MASK] by profession .,poet,synth_Occupation/TREx/P106.jsonl
2212,Anselmo Duarte is a [MASK] by profession .,screenwriter,synth_Occupation/TREx/P106.jsonl
2214,Gordon Kahn is a [MASK] by profession .,screenwriter,synth_Occupation/TREx/P106.jsonl
2217,Callixtus II is a [MASK] by profession .,diplomat,synth_Occupation/TREx/P106.jsonl
2218,Roger Pigaut is a [MASK] by profession .,actor,synth_Occupation/TREx/P106.jsonl
2220,George Stevens is a [MASK] by profession .,screenwriter,synth_Occupation/TREx/P106.jsonl
2222,Rudolf Lipschitz is a [MASK] by profession .,mathematician,synth_Occupation/TREx/P106.jsonl
2223,Jancee Dunn is a [MASK] by profession .,journalist,synth_Occupation/TREx/P106.jsonl
2225,Antoine Augustin Cournot is a [MASK] by profession .,mathematician,synth_Occupation/TREx/P106.jsonl
2227,Jane Leeves is a [MASK] by profession .,actress,synth_Occupation/TREx/P106.jsonl
2229,David Scarboro is a [MASK] by profession .,actor,synth_Occupation/TREx/P106.jsonl
2230,"Eoin Ryan, Jnr is a [MASK] by profession .",politician,synth_Occupation/TREx/P106.jsonl
2233,Doro Merande is a [MASK] by profession .,actress,synth_Occupation/TREx/P106.jsonl
2235,Erle Cox is a [MASK] by profession .,journalist,synth_Occupation/TREx/P106.jsonl
2237,Gregg Edelman is a [MASK] by profession .,actor,synth_Occupation/TREx/P106.jsonl
2239,Clive Granger is a [MASK] by profession .,economist,synth_Occupation/TREx/P106.jsonl
2240,Roger Bowen is a [MASK] by profession .,actor,synth_Occupation/TREx/P106.jsonl
2242,Steven Hartley is a [MASK] by profession .,actor,synth_Occupation/TREx/P106.jsonl
2244,Dorothy Hewett is a [MASK] by profession .,playwright,synth_Occupation/TREx/P106.jsonl
2246,Paul Kehoe is a [MASK] by profession .,politician,synth_Occupation/TREx/P106.jsonl
2249,Horatio Bottomley is a [MASK] by profession .,politician,synth_Occupation/TREx/P106.jsonl
2251,Leonard Wood is a [MASK] by profession .,politician,synth_Occupation/TREx/P106.jsonl
2252,Christian Darnton is a [MASK] by profession .,composer,synth_Occupation/TREx/P106.jsonl
2254,John Fortune is a [MASK] by profession .,comedian,synth_Occupation/TREx/P106.jsonl
2257,Humberto Lay is a [MASK] by profession .,politician,synth_Occupation/TREx/P106.jsonl
2259,Kim Walker-Smith is a [MASK] by profession .,songwriter,synth_Occupation/TREx/P106.jsonl
2261,Harlan Thompson is a [MASK] by profession .,screenwriter,synth_Occupation/TREx/P106.jsonl
2263,Avi Wigderson is a [MASK] by profession .,mathematician,synth_Occupation/TREx/P106.jsonl
2265,Sarah Slean is a [MASK] by profession .,pianist,synth_Occupation/TREx/P106.jsonl
2269,William Burnside is a [MASK] by profession .,mathematician,synth_Occupation/TREx/P106.jsonl
2271,Gary Waldhorn is a [MASK] by profession .,actor,synth_Occupation/TREx/P106.jsonl
2274,Mark Schwahn is a [MASK] by profession .,screenwriter,synth_Occupation/TREx/P106.jsonl
2276,Tom Leopold is a [MASK] by profession .,novelist,synth_Occupation/TREx/P106.jsonl
2278,Juan Hidalgo Codorniu is a [MASK] by profession .,composer,synth_Occupation/TREx/P106.jsonl
2279,John Danvers is a [MASK] by profession .,politician,synth_Occupation/TREx/P106.jsonl
2283,John Koethe is a [MASK] by profession .,poet,synth_Occupation/TREx/P106.jsonl
2286,Valentino Bucchi is a [MASK] by profession .,composer,synth_Occupation/TREx/P106.jsonl
2288,Mullanezhi is a [MASK] by profession .,actor,synth_Occupation/TREx/P106.jsonl
2291,Lawrence Scott is a [MASK] by profession .,novelist,synth_Occupation/TREx/P106.jsonl
2293,Grace Williams is a [MASK] by profession .,composer,synth_Occupation/TREx/P106.jsonl
2294,Mandy Rain is a [MASK] by profession .,actress,synth_Occupation/TREx/P106.jsonl
2296,Ignaz Paul Vital Troxler is a [MASK] by profession .,politician,synth_Occupation/TREx/P106.jsonl
2298,David Monrad Johansen is a [MASK] by profession .,composer,synth_Occupation/TREx/P106.jsonl
2302,Shungicu Uchida is a [MASK] by profession .,novelist,synth_Occupation/TREx/P106.jsonl
2304,Michael Masser is a [MASK] by profession .,songwriter,synth_Occupation/TREx/P106.jsonl
2305,Michael Kidd is a [MASK] by profession .,actress,synth_Occupation/TREx/P106.jsonl
2310,Antonio Negri is a [MASK] by profession .,economist,synth_Occupation/TREx/P106.jsonl
2313,Jack Boucher is a [MASK] by profession .,photographer,synth_Occupation/TREx/P106.jsonl
2316,Francis Poulenc is a [MASK] by profession .,pianist,synth_Occupation/TREx/P106.jsonl
2329,Judy Davis is a [MASK] by profession .,actress,synth_Occupation/TREx/P106.jsonl
2333,J. Anthony Lukas is a [MASK] by profession .,journalist,synth_Occupation/TREx/P106.jsonl
2336,Phil Coulter is a [MASK] by profession .,composer,synth_Occupation/TREx/P106.jsonl
2337,Yakubu Gowon is a [MASK] by profession .,politician,synth_Occupation/TREx/P106.jsonl
2339,Robert Rusler is a [MASK] by profession .,actor,synth_Occupation/TREx/P106.jsonl
2341,Liz Story is a [MASK] by profession .,pianist,synth_Occupation/TREx/P106.jsonl
2344,Nadja Tiller is a [MASK] by profession .,actress,synth_Occupation/TREx/P106.jsonl
2347,Sutton Vane is a [MASK] by profession .,playwright,synth_Occupation/TREx/P106.jsonl
2350,William John Gruffydd is a [MASK] by profession .,poet,synth_Occupation/TREx/P106.jsonl
2353,Wan Azizah Wan Ismail is a [MASK] by profession .,politician,synth_Occupation/TREx/P106.jsonl
2355,Ruben Santiago-Hudson is a [MASK] by profession .,playwright,synth_Occupation/TREx/P106.jsonl
2357,James Fenimore Cooper is a [MASK] by profession .,novelist,synth_Occupation/TREx/P106.jsonl
2363,Anton Walter is a [MASK] by profession .,composer,synth_Occupation/TREx/P106.jsonl
2364,Juan Vucetich is a [MASK] by profession .,anthropologist,synth_Occupation/TREx/P106.jsonl
2366,Louis Thiry is a [MASK] by profession .,organist,synth_Occupation/TREx/P106.jsonl
2371,Robert Stout is a [MASK] by profession .,politician,synth_Occupation/TREx/P106.jsonl
2372,Steve Hughes is a [MASK] by profession .,comedian,synth_Occupation/TREx/P106.jsonl
2373,Paolo Casati is a [MASK] by profession .,mathematician,synth_Occupation/TREx/P106.jsonl
2375,Janet Gunn is a [MASK] by profession .,actress,synth_Occupation/TREx/P106.jsonl
2377,Gordon Scott is a [MASK] by profession .,actress,synth_Occupation/TREx/P106.jsonl
2381,Allen Toussaint is a [MASK] by profession .,songwriter,synth_Occupation/TREx/P106.jsonl
2385,George Osborne is a [MASK] by profession .,politician,synth_Occupation/TREx/P106.jsonl
2388,Erika Toda is a [MASK] by profession .,actress,synth_Occupation/TREx/P106.jsonl
2391,David L. Lawrence is a [MASK] by profession .,politician,synth_Occupation/TREx/P106.jsonl
2396,Michael William Balfe is a [MASK] by profession .,composer,synth_Occupation/TREx/P106.jsonl
2402,Johannes Nucius is a [MASK] by profession .,composer,synth_Occupation/TREx/P106.jsonl
2403,Rory O'Hanlon is a [MASK] by profession .,politician,synth_Occupation/TREx/P106.jsonl
2405,Daiki Arioka is a [MASK] by profession .,actor,synth_Occupation/TREx/P106.jsonl
2407,Dolly Wells is a [MASK] by profession .,actress,synth_Occupation/TREx/P106.jsonl
2411,Georgina Leonidas is a [MASK] by profession .,actress,synth_Occupation/TREx/P106.jsonl
2413,Sue Lyon is a [MASK] by profession .,actress,synth_Occupation/TREx/P106.jsonl
2417,William S. Hart is a [MASK] by profession .,actor,synth_Occupation/TREx/P106.jsonl
2419,Andrew Oliver is a [MASK] by profession .,politician,synth_Occupation/TREx/P106.jsonl
2420,Jay Mohr is a [MASK] by profession .,actor,synth_Occupation/TREx/P106.jsonl
2422,Ludvig Holberg is a [MASK] by profession .,philosopher,synth_Occupation/TREx/P106.jsonl
2425,Vic Sotto is a [MASK] by profession .,comedian,synth_Occupation/TREx/P106.jsonl
2428,Andrew Salkey is a [MASK] by profession .,poet,synth_Occupation/TREx/P106.jsonl
2430,Rolf Thommessen is a [MASK] by profession .,politician,synth_Occupation/TREx/P106.jsonl
2433,Nureddin Pasha is a [MASK] by profession .,statesman,synth_Occupation/TREx/P106.jsonl
2434,William Averell Harriman is a [MASK] by profession .,politician,synth_Occupation/TREx/P106.jsonl
2436,Katherine Routledge is a [MASK] by profession .,anthropologist,synth_Occupation/TREx/P106.jsonl
2438,Anton Fier is a [MASK] by profession .,composer,synth_Occupation/TREx/P106.jsonl
2447,John Boyle O'Reilly is a [MASK] by profession .,poet,synth_Occupation/TREx/P106.jsonl
2449,Pierre Paradis is a [MASK] by profession .,politician,synth_Occupation/TREx/P106.jsonl
2451,Pirkka-Pekka Petelius is a [MASK] by profession .,actor,synth_Occupation/TREx/P106.jsonl
2453,Boris Tchaikovsky is a [MASK] by profession .,composer,synth_Occupation/TREx/P106.jsonl
2455,M. S. Viswanathan is a [MASK] by profession .,composer,synth_Occupation/TREx/P106.jsonl
2457,Steve Swallow is a [MASK] by profession .,composer,synth_Occupation/TREx/P106.jsonl
2468,Jessica Harper is a [MASK] by profession .,actress,synth_Occupation/TREx/P106.jsonl
2470,Sunny Hundal is a [MASK] by profession .,journalist,synth_Occupation/TREx/P106.jsonl
2472,Said Mohamed Djohar is a [MASK] by profession .,politician,synth_Occupation/TREx/P106.jsonl
2474,Didier Bourdon is a [MASK] by profession .,screenwriter,synth_Occupation/TREx/P106.jsonl
2476,Teala Dunn is a [MASK] by profession .,actress,synth_Occupation/TREx/P106.jsonl
2478,Pat Valenzuela is a [MASK] by profession .,jockey,synth_Occupation/TREx/P106.jsonl
2483,Charles Herbert Allen is a [MASK] by profession .,politician,synth_Occupation/TREx/P106.jsonl
2487,Carlo Porta is a [MASK] by profession .,poet,synth_Occupation/TREx/P106.jsonl
2490,Franco Albini is a [MASK] by profession .,architect,synth_Occupation/TREx/P106.jsonl
2492,Arthur Creech Jones is a [MASK] by profession .,politician,synth_Occupation/TREx/P106.jsonl
2497,Peter Bergman is a [MASK] by profession .,actor,synth_Occupation/TREx/P106.jsonl
2498,Peter Abelard is a [MASK] by profession .,philosopher,synth_Occupation/TREx/P106.jsonl
2500,Andrei Bely is a [MASK] by profession .,poet,synth_Occupation/TREx/P106.jsonl
2505,Hermann Hagedorn is a [MASK] by profession .,poet,synth_Occupation/TREx/P106.jsonl
2507,Malcolm Keen is a [MASK] by profession .,actor,synth_Occupation/TREx/P106.jsonl
2509,Harry Owens is a [MASK] by profession .,songwriter,synth_Occupation/TREx/P106.jsonl
2511,Abel Ferrara is a [MASK] by profession .,screenwriter,synth_Occupation/TREx/P106.jsonl
2515,Nikki Giovanni is a [MASK] by profession .,poet,synth_Occupation/TREx/P106.jsonl
2517,Georgy Lvov is a [MASK] by profession .,statesman,synth_Occupation/TREx/P106.jsonl
2519,Mark Weiss is a [MASK] by profession .,photographer,synth_Occupation/TREx/P106.jsonl
2521,Phong Bui is a [MASK] by profession .,curator,synth_Occupation/TREx/P106.jsonl
2523,Louis Racine is a [MASK] by profession .,poet,synth_Occupation/TREx/P106.jsonl
2525,John McCurry is a [MASK] by profession .,songwriter,synth_Occupation/TREx/P106.jsonl
2527,Sepala Attygalle is a [MASK] by profession .,diplomat,synth_Occupation/TREx/P106.jsonl
2529,John Cygan is a [MASK] by profession .,actor,synth_Occupation/TREx/P106.jsonl
2531,Harris Allan is a [MASK] by profession .,actor,synth_Occupation/TREx/P106.jsonl
2533,Donald McCaig is a [MASK] by profession .,poet,synth_Occupation/TREx/P106.jsonl
2535,Walter Noll is a [MASK] by profession .,mathematician,synth_Occupation/TREx/P106.jsonl
2537,Edward Frankland is a [MASK] by profession .,chemist,synth_Occupation/TREx/P106.jsonl
2542,William Conselman is a [MASK] by profession .,screenwriter,synth_Occupation/TREx/P106.jsonl
2548,Gabriel Horn is a [MASK] by profession .,biologist,synth_Occupation/TREx/P106.jsonl
2550,Agnes Miegel is a [MASK] by profession .,journalist,synth_Occupation/TREx/P106.jsonl
2552,H. P. Lovecraft is a [MASK] by profession .,reporter,synth_Occupation/TREx/P106.jsonl
2553,Georges Aperghis is a [MASK] by profession .,composer,synth_Occupation/TREx/P106.jsonl
2555,Patrick Joseph Sullivan is a [MASK] by profession .,politician,synth_Occupation/TREx/P106.jsonl
2557,J. Gwyn Griffiths is a [MASK] by profession .,poet,synth_Occupation/TREx/P106.jsonl
2560,Henny Moan is a [MASK] by profession .,actress,synth_Occupation/TREx/P106.jsonl
2562,Dolo Coker is a [MASK] by profession .,pianist,synth_Occupation/TREx/P106.jsonl
2566,Joseph Cowen is a [MASK] by profession .,politician,synth_Occupation/TREx/P106.jsonl
2568,Daniel Showalter is a [MASK] by profession .,politician,synth_Occupation/TREx/P106.jsonl
2570,Peter Florin is a [MASK] by profession .,diplomat,synth_Occupation/TREx/P106.jsonl
2572,Giuseppe Saracco is a [MASK] by profession .,politician,synth_Occupation/TREx/P106.jsonl
